text_unit_id	human_readable_id	article_id	n_tokens
ee3400f123d71f56e90b2bb95d67057bfdc34fb3ca471291d6f820ea6367f0a6f2df0570329eab0f59b177c190209122fdf8fab57ab5b982f39dd83ab9ab9951	0	00-08-11[01]	906
d4c83f161a210e1ee0a1edee5e5abd99f72a5e00bbbaaad2c4dbd396bcc44ed9aaa9b7a59d30cdb20fd4fb06d401a2c5ee5d39bb566815b9c9f1f9ae50180f73	1	00-08-11[03]	541
b460d63a17ff89f3e65014ae7133072d3bc038e61018e56681720384e6ed1c41b0410595f5ee5ed442ef7f35d3f0748fa9af8e03dd61667c01b75be4b174179c	2	00-08-12[02]	334
0e925b6991a898b51ce0561d3705b63ef393a9c66bd3e17cbba16fc2a111b159f5645707ed29060ef8b8f836e38e826148c9b584f8708e470c0086225ddd4396	3	00-08-12[03]	138
3138992c43d10ee149c37edf07470ab9e89d4c2e1579d966988b39a31c3a68edea3f602ebec9ef51a8be7e74f2cf9b039ce95bc240c3af8b940b4a38353a0895	4	00-08-12[04]	86
006ff510d403f2a14e6bf7e919efb3a345be7bbd081dd7eaaffe2205a04712969f35c16d52adf91c629355ab7c56184665501bc8331ebbb6876784346f5c93bb	5	00-08-12[05]	90
60663babb8de4e267aa587006f3a063cf62a2e8287d14d7ad28973932c2109cf6e56830a95d7daf615069e0bbdb8751bbac5f43bb7ac28596314084074b00ab1	6	00-08-12[06]	109
0716c3dcf9bf33d1a3cdf3df304c2f865081639b6476e7361592ef5a6f7005015f0a591edd730c63a0559ab293a9879b5b3986f3d6f97d9a0a2419197705662f	7	00-08-12[07]	140
95d8f7c173e968b3acc4e548248acb63bc1c174a9d20216e9e69ff51906c1b62c8a4dbb5cde1a8479d7387afdd711e08ebba10c4cfbbcfd5d81f8278f62f1907	8	00-08-12[08]	642
2c7373a1c4bfa7509498ada199fbeb99b5d0a692fb526b4071df30f2d1d764cd6fbbbf26c575977f4eb5d59d19d2d367f0ec175d97b0fada7cdbf623ac8bf8cb	9	00-08-13[01]	304
70745cbc57b212a7e2d450b1031d7dbcc640455d4f13ed03dce2511de29b3700130e4a105a1ce3a4d99c48abca8440abb07ae3b61ca4fc97f7017fb897942bfc	10	00-08-13[02]	153
cd186096b49c34bd5380fde99cc98e370b9f7c2a541c7960bfc1857df5ccf84540da5c5b122a8cbebb2394923b300ff2fc25acc941c7d9c7e6797dfc6d744148	11	00-08-14[01]	663
eb7bf37f6e3260da3c17eb276bdb8ba914165aa8844ffa9b918a36572036939a6c1d512824ec806b23b6609bee3cefd36dac7f43c911781326b349f04fdd0c47	12	00-08-14[03]	402
6d09e68bcd628dcfeda559a463982a694444032a686dbdec6953be6c23821f055e003d6031c0bbcebea4d208ea6587d01cf4428cab093a4f8ca6c74994f30407	13	00-08-14[06]	131
a575750e2e754161f23855e0d65032da5b578bbfaaab976c5c37820143eaaa7e2fec5412a21c1e154c571631d8c463993cceaf0bcda37437328535fc8c041632	14	00-08-14[07]	107
136ad911af44d00aa0d71e9a23519de57c5439ebb564ea8a704b5d03fda365f06ece3d65fdffd725746175eb4b3e4b3f62d2ba1e721c9c7a2620a6ae6f5d5dc7	15	00-08-14[08]	200
690887851b21a9f73af9787b38b222593c8a9ae44dcb62f38dff153935f2696434178357747abd417af99e1d4b63608965bbaebc68dbc6402dd08be6468d51d2	16	00-08-14[10]	82
bc94ccc215c125e17e71fc06213d728d777a6a97001a3e79b434ab97e43c681e8ee558dd822f7ab31a8ccfa5eadd92819f54a129e81c7f88e59eed1794ebd3c6	17	00-08-15[01]	341
c10308b1eb13b853b3c5e0be02782964d4d20f29b5373c233dc314ab3929805002078f513409c3f1e4243bb75a14a665d510979f79e5d21d41d8a2e0fafbe56e	18	00-08-15[02]	311
0f5f096d6fac51525c67ef9c22c653a17ed8e232cab6e1f791269edf16b1842ff3bef57df9a86f5e14ac30a2898e93149fb1c4ce4ceec10cfeb287613ba1ce0f	19	00-08-15[03]	86
0bd146e131720859db5eb779e43416f94f3675cf509c568b314bf6ee560a4410395d0adde8f906558e5282c63dec7a9e9a344be14b095cc7a3d68e8eed113d06	20	00-08-15[04]	104
ee26654924bf907e6d2bbcd807dc88f9d55e0d4528f66b31701243aa657f49fa4206ed701c571b6fe22eb294b70f33d21e7025d556935787d936afe21d9ec9b9	21	00-08-15[05]	298
2ef69435da07ebf547c268730dec6115f0ecd01f80ebf960a3d881505522f52f279b4e0941f33e09ddbc0c7ae142e95de5155ac47e058e980f6e98c117d20e57	22	00-08-15[06]	290
ea640065a66a617f451d716a3754d5122ef9bbe2fcc34a1f01ebd4864fd4ae6e665da6537eb0740630069feddc9494db19c32012bece8fbe639dcb3e0656ada4	23	00-08-16[01]	115
052fb0c707beb01fd149f845fd963962a9c011858df11b45ff199e02e75e6866f23bfcda49f886391a1717c6b5a78df7a38007d062dfdde7bf9ad3c997f00736	24	00-08-16[02]	303
cc3a8dd9bfa2727679e1df6e713ba96dec773b4ac4ac0833d2a03480c3a1f0aaf32ec8fb7a4f982b46c9c4e0259f023b07b56031b86a1b55b72c0a8dc8a3ac66	25	00-08-16[03]	92
4d5dc79734f5fada94102f32c95c62ffef0f0c76cf09d5bfd308fc89fde9a55439d265fd73090fe88f7333fe1bec1d5bb0b600fed83a798faaff9352a5195bca	26	00-08-17[02]	494
ca3f7153dcef0853cd40573a76ea52ef90a0d92831f4216d7064d7a1a649c8d7d12360ec24f2c58c6d1b4bd2defd9f5b1dc6587736910529231cbad37df24996	27	00-08-17[04]	300
ea7042517359c22a5cd31db1a7e8d5eb851e70068487040cb3327442bf411f8f7d55a4b4bd2b523868b3ddc6558b3084fba012d4d82e03bdd32d6986b6f92d01	28	00-08-17[06]	132
0881a939d96a2eb854410a5a9117090b43447fe8712251d8adcee7050f25f6fc583628412132c61fba560491922f60f9aa498fd5bc5ca6e13bbfebbb63c40dd6	29	00-08-18[01]	750
f30d5b3d490317cec70688cabf2426116653e14c096abc48f6fce2b91e0a156bcccf127f27599d8bcb0cebfd53de9794b857213bd30b25855cfea7541470e57a	30	00-08-18[02]	436
b43eb03bf343d95335b89fe54745bc34cd7f9258789d7d5fad89874b2e1a49965d76c15a3cac4274985d7f3fd5bc1945cacc4aa02912752dbb299c533e4b65b4	31	00-08-19[03]	73
4ede5e2030c21bb047a2784608a6f00788893e7aaaac2fd777efe0aab24b95c4c7007138ce660783e9f06b4dad5c898da9a1b69cf18fe5f20f5dd0491d86bc9e	32	00-08-19[06]	526
db22bdb478ca9060e103d1f50dc9589cf90c6ec5f8858c641cf7c91929a454d6ebc240e9a032ba03ef97db98bc2425ac176aaace1c5d92635508b3674b695e8d	33	00-08-19[08]	385
5434179ec54ca09511d77cae48b893c84082a3b604bf29b40ecea9dfa5e6a19be2a32cfa8bc4476377f6c24ee93fded0adee49cc16588892bc5bb70f5e318d80	34	00-08-19[10]	106
e8878b9664db9b9a561383bf297d5a075d3cd3c937c7620929513d3a50eb47243657cd13bd9d40dba82603ca2193d35a0d5a7e97f2b0e21d8b1079d068190d2c	35	00-08-20[03]	123
860dee46e732e3035e429f333445b58c900bc04b550d0ae5cc22370dc83db952b799c1447bf043e2b7c34b3f6c0ff7f5842853a74dc77164a7f700be4355c618	36	00-08-20[05]	206
34a9822c3d6ab6fec9378045c49ca49598dd19a6ca09ad5f59eb185170e2e2bf5f6a1397ba359e5012d96a29ee81a19dd115e173c58470b3b1fb848400db4ad0	37	00-08-21[02]	136
ba4caebfd1601eabf9a127ead2c9e92f9bb4d994471f9cbdb3a09063651554d5ae7962b749aab272e973d7f9e744756b1cc0e796c86901e7ecb9fd95339f27bf	38	00-08-21[03]	286
ec54081468543fc85d8c55105e77409ce754048122f2f61f8fa8f09c10a9c1f958722e3c30821b9128dd633bb3fffa4271b4d112ca4119153b47813dae102fb4	39	00-08-21[04]	131
841e66ffa585cffa7f58f4c103779e1efcc65b13abc143257aa290c038a77776af69fe80ffe37a091791e9caed3219ad01a29b8639a9ed57711e35389cf5a27b	40	00-08-21[05]	254
276d2d3c18a5b975ef5476869754dba0011119cce2a47fd42c1759f86fd7daf6567a77720a7ba4e2081bcff71589920b75ec608b532e14eaccb0f98c61bca557	41	00-08-21[06]	133
a6381060db39bf98e4aec90134660891685aa5e50ce3058dc549d4cf4de54e58a5f7ba7cae1f700d3b36bffad5ceaddc24eefcad9e56eee77946ffadc95da457	42	00-08-21[07]	114
72c30ff0e5b27a9bf2c11c47d0e24c0ac48f2ffa4dd2e8b9adab077880f1b1d8019d4e91e9ce0863e78d66b5bb36363e00776d5cae9746144c674f64514e5e72	43	00-08-21[08]	158
08c1f172fce0b90c3c203b120f3dc7c1329beea77b27930f1f17b5c46a2f17e550ed4cd16a2eefda4d34bd110c7aafc5a2361f429907ece1546908893a9d5315	44	00-08-22[01]	366
ce8d2a3a0643188738168c7ecee096ff852e3530f053f797c97a1dde23be57405ecb334fc470898c26f8151a48bab8106b780fd53f957034b45169927e5de26e	45	00-08-22[02]	74
f72394a4007eaa5a4ebf5f88510bff1bc1b5324ec48303b0c7db3aa3ef5acf1aebd85cac73cc88f47d1f2cccabe66614fa7e5fda079eddab18c1bf667cb7eae2	46	00-08-22[03]	133
12fa7c135e35c0d0bdac8d5ff32f5cc4ad5915ae0fdcca5a6114b876e6a4010dcd011079a9481aa56a8d02909a53f29f87d0fcbd7689952f96e80e4caf25d28b	47	00-08-22[04]	107
98623be29ce9a700adea0d07939a6f6ed3bba3c43cbb15896ce5c4953997137a6c27c5c510cf754ce7cf804c365b2a5ad3adc6b129bcfb816d6c3ebb81c783f5	48	00-08-22[06]	482
d5bfdc62ee01ec20f9fd76703806cc0d07bf34977eb7c452414118c786dee8e86ace89ddc3bbecfb6e2667bda8338402293c077740a6ecf94b07433cb949dd20	49	00-08-22[08]	138
92c385fdf1724104b403bdcf6b30cc4975eaeadbcde81d89283c6bfe7f6963ce66ec6592e6099e32bd8f7f5bf17865b7858e568deea322d0013bc41a10b63079	50	00-08-23[01]	518
d94e135a1cff62533254e045534862273e69bd8f60beffe4eecb0e07701b257e8ea6b0da7fa7664ecef4c9bd6807f99d899d4009f2c88fcd16f434338b08a19e	51	00-08-23[02]	137
80049371729c67436156c55205329dcc720289ebde7b0a41dc1420460b165ca8324ba22fb9b0ab5c55427b60438110905d8e3b2981dc5758f73135a37c23d714	52	00-08-24[03]	99
9353676c4bb2af22d4ae713d104ec33968d3625b437c2e0e264eab67d6df7867c32929e5896aa7d60d4b62bc71b8e6d1694e62d85d9d70c61b6acbdf658bf4ac	53	00-08-24[05]	88
12292adf62252f23566e007b55e7c2b622732d41debff83adb5761b88c6215a88297c2444e090d5c0c082bdf62724a043b7cb53d504a162ecadf4fc1b0dbd093	54	00-08-25[03]	889
bd60a9e100537b54cdb46e4010a03f1155bc1d443a962135839ef73aec22ae82e4e3b927ce2381c22555aeb3ab61ca448a3c75667e20b63f2fead73956ad529f	55	00-08-25[04]	114
b719fadbc91d33e168612674e8e460011b6d342fc58f73597aa05db5906732e3fb33f44d266b2c878b5050f87f3e5624877d4118d77a32451914f5d3a0a99b7a	56	00-08-26[02]	312
b1323b409f2e85cd3f7a631e6b6cd96dd26bad546d34a119f3cd12040e103513b0c2dc65fa01f5a3228364fa9e18d786fb23c804dd7aafcd3a93f0c29950d3fa	57	00-08-27[01]	687
cda23e8f4550b55060847ee9b1a9135cbd4c84a9702b035e7f30b404d8696fa3c6e0f23fd5a6e826b33706f25560ad86f28db53b839431543a605a127aeaaf1c	58	00-08-27[02]	309
1708b61e46f30eccda33e4c99243ed230fb758fffbd6a6a5d3ca080463d7d68e43bfd86b5cc7f11faa1d18b00214f9222fbc2ac16f810b940c0a59caaa80117b	59	00-08-27[03]	224
53ba00f0fe03adf02445d2015dabcf783819e89758112445c5bd353090a7bb7be459d86bfd5c0b65e771569a8933a30b577c75c1d827c0a539d7a6ac26d32a50	60	00-08-28[01]	273
35d911c3e47b8e0ea07b961c1bfaf4dbfd33d83485b6c37b433d27bc7e195d5bc4b90337834e49a06f0b5acdb5b1ee2cebbc3224aa005a14d3f949e818e0b663	61	00-08-28[02]	125
f1c024ef9f447236f2cbe6a4b11ede6b7c1fd6eae1b9a8f43f4e55244e1b9b676426665a60b88d08cc6ef4cfccb44ff0dafb723319bbac59ec126c7dc3b513d9	62	00-08-29[03]	304
4de8ee9305463f8bfb741223ce243cd164dd607604913d5b7d9c50e2c364f9f3df773742bc4e80ccfa12f0e12e48d9f2cf876a5e6f6cdf70726b213d63e97bf5	63	00-08-29[04]	329
5cdb7da6ee67d7860b65baaedea8fc58ae8d09e5cdca773daa6e38fd18d2769699346301520284330c50f0ff8486f3117f9031a309549997a98efb071c9fd4f1	64	00-08-30[03]	220
37421a6879f088fa00a2eb90d1776aabaecda9fdc4de0b09df75f9ff6caa2f6ad259a6460d7866934a5abe574e531f558ec75ac2b24a51c9d98500d89fa6dccb	65	00-08-30[04]	88
17cf490fdc63b2d77b0ee418e7c7edd3774ac9b29757a3621682dda20560ef648ad34ecaafde032a5faf4e5627c78ad4d4197bd9bc77d742cea9110713a55b9e	66	00-08-30[07]	134
b98c2556143f776f10eab1213ec01122ebcc6ba585d262f5412b6989c31e30e77b6dea9f7cfb204323c980d0e8a58877f4f91f77723f5602d1d57a4b5a089f6f	67	00-08-30[08]	107
9672440438f50c9dc4a808ab49bdc3ecb5472158ef34031f8ec12db23e1ca9ae24cbec3cf1bc4ac5ad538098fe5e0e84c0cad56cfb6b494291d46f4fa195b333	68	00-09-01[02]	155
b4d9f255350e7724fead450c130770cf92df31dd2a1cb49071874c332f7b063baf99debdf81e5694566941f5108f858e5d1bae950a9639027aa60bc250a5439f	69	00-09-01[03]	139
4feb41f7d7c83c0dbf70bd3b5ff413d5ff50b58d6e460b48c45a8bb48137968f24df4ad749d6fa2050b2f18468b5f264531ddf9044620e04d4a0a357ba21013f	70	00-09-02[02]	72
4ac9f76cdd580cedc43733367781e72a900acfa5259a467952792f3002067a9578704d2a69e3558c7085048e7d77e2f5dc8d48bac2d76aca64a1675566d6398e	71	00-09-02[03]	84
55ecbb664b674aeceaac77886d2536f335102503a9f3d292775f07f4dfadc2bb5324332292f1a47330b832a2b25e232face5db109fac665b53232a92348e0fb5	72	00-09-02[04]	168
205389b828f8355358ff9054535ee2a71abcee3e5fbb56b138b9eac65dbea8537fa943992b2bddc97227a0dc44b9fceffbab8baafdb961ce11cddb2071f9ed25	73	00-09-02[05]	145
df0fbbdc1b4d4fb9a498be3dbc47fefb8ebad225a1c6c7eb99237ac43be3f0d87008ecac219dee3d5326fa8b042c3ea5cf8de9ac876203ba0dcecf78f2d4c3b2	74	00-09-02[06]	165
7fc55ad2bb473a6980d24fa519a5fc9a32ef5e1abed68b6e941176bec0457a22150c0267abfce02f273b99ccdf1bf7ec49337639cfa6e2c326035c2745ec76d6	75	00-09-02[07]	54
a8698ea723754238b4c80a9f4db4e924495724ed0ff75a909ff1c40cfe443647b7d0862a78aa01f630671afca33e8333a7a6db3b58dd0386c7af2808377d7056	76	00-09-02[08]	216
e70ab7c94d8238ce880c8fbfd01e3d826e1c8a0d3ce2ad4466d28820394991242e1841a33e67c7dbce98cad8a228c0ace7344ac73f9229ff1008aa641df71ab1	77	00-09-02[09]	1200
cdeb74badbbd4ca765773eb073abfe7a621da53af566f7b503b0fffad0a22033a74e5d58158133dfbc6e40b42b0c738ee46d9b970f304d16fcc7fbebad8cf846	78	00-09-02[09]	1200
80e9de09ae9389bd895bb20289640d7ef9ddc8772a5ce21b392aa43cb8379d4a0461ce95e9af86d3501b4ad421642ba5f0db0da3d9f08e014f86e85a6cfd7a77	79	00-09-02[09]	214
0fc2837cff73d5718a25a0f21ec74f3fa422c049cfdf50bc1071183ba55bb8cc0e7f4b661bae7999aae96f67e2ed7fb49fc995bb9ee2f43bad154ef425d6c608	80	00-09-03[02]	76
ffeb176e0bd51c6794cf6b65729c36a9d6674494c48c1282b9f48fb337f5dfd05628ae61b1dac02035f4ca4b6b26681b0c854f63671a5a4a082bcf8c5dcd6866	81	00-09-03[03]	724
43bbd498fc112386d6aa0b5f152d887e9fc8d2eda074edd3687ef990f724630d6a9e4cedaf29a29f464e403de4e34f4f26c120c2826ce6017e558f7584812990	82	00-09-03[04]	105
7725feb175f8b9187dbf4506e1ac1e276e4a6a0c62915ec8d66e4351672e849eb9112595d9e32f605788f5b780f0702f960b11b8b87f0ab2548234682db5ae2c	83	00-09-03[05]	158
b7a9740461bd7022bf1250ab93630cafe012e0544ebfcbd260c838d01537fea840b2073cf7ca7418e36ae87b9029509c7077d432e439964eb93e763f1489ac37	84	00-09-03[06]	70
136cb98ae727ff401a920fbfd2d31e89c800ecbba79ab7abd0a7a6bbe389dc03b3cafefe2002647d667913b641ec5215b6bce94bc66a20023776cb8482da1df8	85	00-09-04[01]	656
3ca1614126463406d55b7e8169a92f60bad77842708f950d3aa3e3d2e61197aeca26a63a81143e3485181ecb9432a05a7edc938daaa83359982e06b260586718	86	00-09-05[03]	80
a1c8e468fb5495a59c67316bcf8e7c90ae9c7803fe0e33e6c87e63585e0c7e588722414ae12f99c1b69af1f08e52749a818762d727150022b0272e1d5aedcf36	87	00-09-05[04]	148
8b0403b959622e767a486b288f698982551e3ad730b1848c6527cc3bcc6f71388e48aa588d8bbeb3f6886182c3a6d0a4fca88ac64554efb3da34b0d9d86ddc1c	88	00-09-06[03]	113
0e3d63e8c84e17f1940b3e1601bb3ec83dbc08ccf1c4d1e5651ca928125980be9819ff9d9fd3a1d79ab84e505274769ffcb9d0782cf65e44230200a281f97625	89	00-09-06[04]	70
d5dd43c8b00e12922e982af582bd9aff62024edd8479098239483102d5896a173f283645623c481048e1646a4b19a5bdf8f9e0bb114bcaf4a71c2ae73e6f8efe	90	00-09-06[07]	165
02a16692600bff4d430b5f3e0cd04397943fee0aa78a609faf4d37a29e11ed698a91858acce5b6525ece639308357af517d31e0f664cb141eecd0959f772dfa3	91	00-09-07[02]	99
290e60e65c3e67a38fd7724f51c275b5dd28e864f435f2176354b0e35cf24b7ef8e1617e19063cd48959e68749662354f6e90311c16d998fbc51b8a2ae6d0f6e	92	00-09-07[03]	468
f8980ab9d8c74556cb19eb9aa2c2b96513a776ecf70fc392f6263e6190e5f6281d363d4a597cd57151d6b3657dcd430eacb5515b2f1537f77dc77666460627cc	93	00-09-07[04]	232
9f50029408818638f84f767755d0d750a18594366f583b68168485fbbe0c95899325bc1c79ef881c53ff82ab57cd31ecfc07cea63bab8a318ea1dc88175d8684	94	00-09-08[05]	1200
068c42d6efd25b427e45e7c540139fadc277a9caed0c7ac7c0a428f5cfa49fd5a56d6609852093c42b732a8780f2254bdbd76d172ca54b0fcde0fbc32c3affd5	95	00-09-08[05]	136
4edc7492c50457d1d0c7b5727fcd4dbcaea9b46c8a25022ad6e33d04d62efe35c3a694a16969d7fbd6fc82885f4ccb11af08fca622581988415ff88dda591082	96	00-09-08[06]	163
8a96f36e2b74d75088fb856b9e3948d2b36b1c50de7a2e8d8e2bda6a42422a985a8dded8a0e750b47b935af142f42f7f2e4cc2537f0df722a7eb24a55eaad4e9	97	00-09-09[01]	121
f7c705844cec041acba1e779b2caeb015e288b20a0e3d0c2ba7cb54408ccd0909004439fe01c2936a44b7e2bcb45abfce8c080e7a73aaa29c442a9e5267390ca	98	00-09-09[02]	58
b855891462c402506a4cf37e442734bb18b6ea03219ed80c0f2f3aac00074db6d8f19dd6a1a97df8107fba98c6e119af641973f556be134e6976aeb8882965ae	99	00-09-09[04]	138
906ba5ac4425d5031ab13673c77ec5ef4b502f9a64f57a8aed898279a9d7fbbad2e8ed28245f5797333b90cc9047162d008602a53cf8b4ef3398f3caf170a1aa	100	00-09-09[05]	52
3c1cc497c258e4fe25ba321312cdadd72c7bfe1e924973aeb064c129631af9be2510153b6c7e9336abbf96abeaeb0745d63df928d6d52fdc06685e8ef9a4e2a0	101	00-09-10[02]	78
f7ab88e4ea746b070378862afb7f923a6f460d736dbe8d72081d91de433eeb15cb27dcf0a21713609eb7551dfaa13d4d853e6ea34252d95a2cc367655483db92	102	00-09-10[03]	259
b06458795feae532efc0844204fa8e661e2be02443123ac2f8151f7cf313d6377d0b315fbe1feacb8d4606b870b4a325feb9d10af175cc1a410b5844e24f1951	103	00-09-11[02]	442
79887b868500d22f0ca5d332ffe06988fe526dadae798e9f62d9c25cc91ebd6cea4577d70d3fb645dce9ab6b0d31cb2059f82f4fb87a5c6b517d3f3cf7129f9d	104	00-09-11[05]	357
79ae1f81480b379c5595c990cc80380dd5a8ad59dc49edb5e4fb040a7da5f74cd4eaaa9036e9c783fafe75f354e21f2209d574646cf4a73f7cc3bb5ea53cccdf	105	00-09-11[06]	195
b7f793c6b47697aa20711d5ac6cac5aeeb097c9f63575c6bc6f299d219fd9dca888e2ce641ba513fae7bc7376c7f83d32e48e0f0999f1db8ff84c707d343bec3	106	00-09-11[07]	61
715c1c185b93fddc796dffdefe434a3f4632d122861afb866d9d8847464030e848b5abc215afa8474c5ca6e598bb9188eeb9ba6016c07bd3fe4e75c937ece8eb	107	00-09-12[03]	202
10d80c048331eef892fa504057fce007d4563e32d649b53620b98876c1b9e2976dde5b2bf39d008586098d193d1dd4b6528665c17f7c020a94cc1fd02f73d354	108	00-09-12[04]	46
d1b3b1e5aae96f83654353e0bfeec439f0c240408d8dbd9a17bdbb13fb05e337b5bdedd9838ee64cd8010e4b30e979e52cadfca4927c85bc833fc430ff582cc3	109	00-09-12[05]	202
ef29b968e1c52ce99bdf15ce35f0f9e1e7c65ae29a04d07885a2dea3653d60b7d012c9623cf333b2fd159f27f94a38932f6c47abedd0b91c36a6e1fe0ccc9a00	110	00-09-13[02]	152
e459bd87c4c5d61c8363748d82aaafaee8de0b2ecd453a2dc8a64522070deacbc740fd3dbf2cf5199456a3113c8cf1b5b0e4d002005d9ef275c39f5a15bbe5aa	111	00-09-13[03]	381
bbcf1318451c01b764484a63aa210836b6b852498e54bb178c2045298e9bfb6f4331e1de03f8a7b29d4d1375377d3da348bdb154a755e86a3fa82e5806283081	112	00-09-13[04]	65
6be98f745885128bc079931d55b146a0b7c40401f9c0f4be040ee74ae2871295e6b082b6df5951e15b73b77d6dbb0c2b7e28515ec5835983347751d1e52f9978	113	00-09-13[05]	248
f5bcc160463f94b35a5ace73ce371788f56af606caaaeeeb2ec0241f90a0e3c222b1bf49437ce6d8ed423d442ee91fa0eda66a26310d42e6a26fd803e2e8e1d4	114	00-09-13[06]	197
397db4d272d5c58e1645b09f3c0cfff7aa6e4d0b894e042fad7904c4e7d99239f57f69c829701f0e2771858ce5d0b2483612a918d037050fd396e1d3b1d37bba	115	00-09-14[02]	68
8ca7da0e0c70f39101723d8b4016bc5d270f3f5242448cac4c78faa0c5c5c700920467f6d2ea0bd4113381f8c92fbaed0e68e3c8484fd432e4377184dfeb972a	116	00-09-14[03]	650
2f983cf6294014d599ddaaf87a3582144f3d6e7172b4eec7d79190ce9dbd223b0d9acdab5330bfa01006368689702623efb5007654ee7323351043ccd9d7df27	117	00-09-14[05]	75
9527380c1b6a615733648b689b69788a204f05afbb479034dcd22cc39968a115557e393cb7b3ad857e5272dd17ba06a6a6be4503a2e8a7fb03b22deb9c662989	118	00-09-14[06]	100
5b62b5580d7d58cffb03b7945d27406060c8be2359ed2e3de92a1be1543f3f2ad28eda03b1da9fb8fc0c8e97059962980e635fcc9d91d38f781be683530bece8	119	00-09-15[01]	236
284d46934fdebe9bbec5cad6ec48e53177033b6858c7904c765286f5bb199be3f9db7d94a547a5ec62abbc5aa741f1f833107855c3a7f77dd60f4a3069e31803	120	00-09-15[02]	59
df3e16c25b2559d79b24c59e24f4d43e7214e1c7cfd8b88e9210368e18b553c0249e99d73d478336a4c9a20acbda53dbab7b23f7e6fc24fa657df274e8c5a75d	121	00-09-15[04]	115
b33b3e27f5de4c9766c64844fd6b5c3e4d8506ceb8fb92c493ff7f6edef8be53141d523c7d95edac5cd9fb2ff91d03815f043e8283fa3a6ad50daef2ee0ceeaf	122	00-09-15[06]	129
fd558a97da92bf9289bfa2972beda8bf9d1f924d9839a8b04e53195d697a983b5b1acd696c0b028bc37353aebfaa8c5a4d0b75ba7673a47505dac478040b7120	123	00-09-16[03]	345
e49903421c5f3a1b84aa6ff89add56d575008970dc903b03d14f178b19e521e40b8497e49123dca7fd683e2f4db70c4ce34fcf76ab3b8a77d48cc4b8add966fe	124	00-09-16[04]	147
72022f6e30abd9ac6e377f54b7b87a90114fc19eab2091cf1fa44826fc0fec2b4d3577f604fa3d7df8231e54473a1ccb97e16a7844298d165205c5f30ed3d990	125	00-09-16[05]	307
33fe2a05a52d41ac89e0f86524249c88572237f6102094122f8514e31cbf75cad8a988200384cf0c5fd12e8e321933fbd36ad7ee0096b60bb14ee3353d500a89	126	00-09-16[06]	147
06dd40c1536e7bb87a2bfeca584995a20499b31ee985c3d4952ca0fe3554a92570082c8c6ccfcd973b1aa150031280fa8118b1cc1b79de7abe968a8e18018d90	127	00-09-17[02]	74
c51bf5abed0028e44f04b4fe8a45c2d6550aa212d59c192621e682bfd3229f38b3905f73a76966cfafb9f8b0cb341a719bd60b0d61027dd9372c607d2ff4fb9e	128	00-09-17[03]	338
687f4d66dda151c068902904a4d4cf06c11a6cc0e5481f9715b19653b60c6a516add51eed049707bfb16b71589e0c88ba89d485324c0230cfdee74caed0e6300	129	00-09-18[03]	130
80ff40990c381d15fe2a6533d9921f6e29b375df27fcdf7fd394450252999ad7dc030be2c45d4a59b01d93ed9918ab09b46d297f75d8e2365637089b1d494e95	130	00-09-18[04]	167
c526f948d5a15592aa539f98b5f3b150d5bc7d0c84d78b7c7357d7473a6e16a21dce5282160d28809dbada6045f33763799e996ae9933cc0eadd3447b4ea348d	131	00-09-19[02]	89
f1f44c79ea7a4495a3873f4589c55103205ff0c3347c8f17a419222e085737a0df1e21003862c14a88fd9bfe814b49cfc2a36670b08b3d4d74e1689c0c912030	132	00-09-19[04]	127
d67413ea582ad5c4904f8376248470bf0cdfa672a8be4e69d684dde2b9b498e18f451e9f70e2d0ea067ad15f2a8366c32ad8202313c1eef53352c0a3e79fff2b	133	00-09-19[05]	145
43ac975c66572288c73edaf25e4ade2ed5974ce96289fdefa9ed88a1cd13b7531089b582b45a732df8b9e6b54649565278ae2ed7c3f3f2d3582cc527fd5e8370	134	00-09-20[02]	106
46da0e1b8a7ed86582887b379c7d31875d581431b1e33ff508df5359d096818a2d2c9327d469e09026a42235257ce03ec0762439a199ff55fbca0df84d036068	135	00-09-20[03]	140
5d8d09e6910522a73e748157ae1f7865e6deefee9a4d10b874a10f89abcddfffaa78e962b33cfc2805be7287ce14c910e91ccce79328aabdda4afdc585250186	136	00-09-21[02]	281
ddf6a8c7baa7049a89ebb500228c4e9554640b7a3d077bd7a8b6898694d59cb0977cb97bc5e2a4c9dbefb70e0f7a3c651b01f8feb20d8a94bd9ac2f8b7fd8c95	137	00-09-22[01]	586
6f8a0723b3cf4176f9cf9c40e45d58d5e0c58e03d20368319f33bf78a294debd60873e343c53ad4259bc45eb545742421a6e3c3c20f6d526343f452868739334	138	00-09-22[02]	206
9a86bddf265acf9f672649278f9850c578ededaa38efaacaaeb72a6a1f95e4c7ab7466a273c0242c344d8b9c68d6740b9d1c13718cdb59f8563abc13e133d008	139	00-09-24[01]	76
dfa328155794c8527c28a2c62714c1cae97a9caf8072ac505d50cdf8287d37ceac59a14d4822b6a584f1bd722d41ba1ea20622df3368760bf1373249bf90632a	140	00-09-24[02]	77
b81c538a6554082aa58cec7985c7220c1d3914e73f3bdf29e22da076e6409e51cec7d406ebf09671e0c7c88865e0b21027cd060b5e966df1ce0cb0e631e6ae16	141	00-09-25[01]	90
858137e19b660d9dde2aa286c0242289549504e6de45d00639f7f71857f49912a988bcd6df70541a48d2370e1e8b0fe23cce7e09abe71aa40656ec48dfadd912	142	00-09-25[02]	93
8c1e4c336015865894f8e9d502da3709dffb3bb9fdd71da88aaf1094208a7d95de4e5b3adccffe3e0a66bedd2c32799e5604c46afd24f133cecd505ddcd23b48	143	00-09-25[04]	267
57e42fa64bfb1b48f31013dadf2b8ef2b028dea8651917bd502d44d99b45239c5165d3dde368e2204f01ea31f7f24739d77bf7560f5d1de7581448d291994c69	144	00-09-25[05]	901
ba7718a215ddf6c72fddd765558499b48300099ea5f33b6db6f295651c6091e43cf93690ab42e44b3366fb91d58795a1d54407d1ed87931d2a46f64c9715fbc7	145	00-09-26[03]	272
0cd6bb21e5e2578dfbff3b5379fb6123ee149bc076f9998cdfec2a964e6c13799839b7997c3819b28444e2a2d1d231b45bc2d7cb8312f9965b6d19360f0811d8	146	00-09-26[04]	380
03641eaf289e95d899ad3b75027914aec1810e7d18954a8cc9b46d1cbc1fd8bf0f628d3ce18bffa6a22fd1940446c117d1f3af8c67468db1d714b8c8b604fed5	147	00-09-26[05]	152
be8a428b95a79e0d8a6c729e9a6bf2e58f1438710abe6ed8556b2dc2bad3b11f14abaf7c7ec33e9f5c37adef604c23d6fb5396a6d4668c48e97fb0976fe13eea	148	00-09-26[07]	130
d2a5cbd7a6dc32e1437ac65e6d1358c468c2163e3eea2998c7039e23fbc969f446dde88e53e4cf6d3f65f704368c369b0c61f287bec237b8ddcac91baad76920	149	00-09-26[08]	202
786586f4ac6ee39cdc5ee7c409e1fe463c43adca44762ac21cb6158cc0c85ba9bf641effb1f128dba9c41b494afa1c5f8eca0029ac542230c3eebd8502033da8	150	00-09-27[04]	68
5a76082a694d8c63dcdc8f40cc62f23a33ad00b9594d52180a7099d1f9b83819262c55704b056edad47f3430f5bc0f024499b9412d4991a6a03d7db476f6f8e2	151	00-09-27[05]	98
71e9236f17523af98effe20d3966eb38c1353a22047ea31e85006ee77d2177e13f030b73d00d52b331d0b814e232999e55b0ac56fddb78f737e2ba523c7d4b17	152	00-09-27[06]	1200
8b55d615ed10ca55551349a13d0a4e4d8968cfe6ef63897cf83be3f2be5dd1cad86815c466baa87d20e13b1010d31e0f09c776eff94a44c7978198397fc676b7	153	00-09-27[06]	372
e0bbe450de150d128f5b19206eca11c3dc5cdf505800bc3300d297839f64d7a80447eb3bbcf30c39250317c07d25e15c6556f6c218059071e0746f097f5b52a1	154	00-09-27[08]	687
3ce4beabcee7fc8261d38eb4fe86cb033e7f3cec2cda1e3067bb10a2dbec3432d7bfe59b5883818046430007eb52f1e6c3334e3e692b340280b1849f56efdb2e	155	00-09-28[03]	524
b7c71aa1950801b8980717c7236cd3a3df7eec40171a2fd1b52528333a31631488af70b2b4322f3621c80282f45713d920087ac7f9823200b07d652f54278fcb	156	00-09-28[04]	556
0b53eb2b3871c433a61258720069ee6c3dfdcb16bb313bbc574e7c512686529f46f806ec9a253f5fa0b154cdaf7af168d44358da35baf1690242677da6faa20f	157	00-09-29[02]	59
9788503f29aebd439918c0b56d1311ccec63ea8c2d09c853ab401f72f62278e94115001e5e1c0ee70322f64871f27f255af6a9efe44280be2dc96162f829219d	158	00-10-03[01]	1200
b02424663daf257d436677276f781efc8fdfc7110363e7f8e249850c45e252be491eb40b310523f1b417c520471a81fda50af678e6547c5238b8ab98da44db4a	159	00-10-03[01]	943
c0ee50ad475042619578fc45b8cc1edca37d101958a4e60bcca8d3f4d6449dddfa853970321f40ebfc5fd2e2b18db1f6e630e6307d0e1d6875f8949efc19bd38	160	00-10-03[02]	479
0a92f850a0c4cb6b66e05e072ac9012629b498fbc9c5a9581275a75ec1a75b729fe6dd5781d1b8146cfa3facc7d6a40985d77491182e750259d5920c99398ad6	161	00-10-03[03]	702
826513632c30c65dd8616936f4746a82ddcf14898c88f925dedd2c2fc62bcda62e83f14764aa361520537f316bcbab17daf7cbf7cb831d1e43b1aff217e1e7f1	162	00-10-04[04]	60
69d6f7cf879678c0f668fd04b2fda73c9b47e4a84d6fee206e003c11510235c4c0676c464556c7f9b61251a667b2cdc0bc46707522783fb3e51511a96516a76c	163	00-10-04[05]	193
c79bf706607459e1d4e6b502eed0e1c8a7417a30882e1355446352e33a3560a28b3a456cf0f88a76ac49b13acc6830e3a520b7e96655888647168aceb85de880	164	00-10-05[02]	288
9db4f4998138c86f7c3f2360cd18cbccfae0b8c91a5fe5ca541eb094725a2aec3cc1e687ad8bdeaee6f81ca9a3225becaca59d793850cc543f737106c1090e0a	165	00-10-06[03]	278
5c507473ca0a0af57c8bcc46b923ef60ed47ce26494491433b22b30222e7c7109074b5bebedaa0411c3260d18b9989cce2485d6b39d72d9b3948efa73c32bac9	166	00-10-06[05]	154
2b7b198b451ed918c1b82b9f25c4d5e9012b02840a3a04787e9063d3d6308ca6959a818209ba939fea077162d2dbef26046a802637964a2a21951c9a9c270c14	167	00-10-07[02]	568
595cdcb0f169bb5f455822547aae2c24d619879a992d3cfab7ebd49bf5e378d111afc2d1f404e6b8c3ce89a91934c9d30181086b8c68cd218e1b55fb4b968782	168	00-10-07[03]	52
75ab094d27222360e553af25b5c7a6044089c56b97495204adf99cd64cd863f9a348da0554020b4b29216001eb85649f7556e0e163cdf14b1e6cb882c1b4f318	169	00-10-08[03]	51
f91d5560e1ad92e74e6d24ef87203abc353596efb2d9cfbcce233c5b4e801d5495852703db936671988b8f52f8305e9017ece5e8f4cc5952079a01843f316145	170	00-10-08[04]	736
40b3b45fc35b402f005f7bb2e9f9070cf6303f6de599683bfffebe0a26b47e82d1d34b718d7347da2d781621e10f9202d32ecc9c2d4b915ca5fa9253e7419b31	171	00-10-08[05]	205
81ed67dcaa4d7211b8b07f6cbddd14ea8906329185cbfa47b6c0fc0e0192d7de264415660f17545cf47c1d19efb1cd6673b6e95999d888e62c7ebe43020dc3e5	172	00-10-09[01]	200
d1b02a71ff82937a6917ef5c5af8df17e32efe60fc7c129285402b928291a4b873a9df665467ecb7246c61dfb665ac404b54829365c0cc6c1aaa1065dd16627d	173	00-10-12[01]	208
b1f9e6b0b3e12737e4b47f1ec2ec22d08278efeafce68185eaf423e1a11777ae7e95b875586e8059c7720301bf2ccf6a39ac11621f631c610fc84d79fb66bf91	174	00-10-12[02]	360
e482121a1b802c3cbc4999eee8ab4fd35b8716f762dd75ee89187fae0d4498ce9103b7beb23abc1448dc3e0371c059f6c80148ecac7cb10d18f689fe0a03b053	175	00-10-12[03]	87
e37691782dad57656a8ebaf733d15ee839fb2561df0902e53a16d51b5fa747d21a3b61bc23f0f47d32d9b471ea626e91c7cebcb0797ffc9795ab7454f93ac62f	176	00-10-12[04]	70
121b02fb04e11228d686398b424d2b4b1b655a9760ec5fbe8452305b7f93f8844aae61b8873c4bab7309ea03a1594193ef0ab98e5b94244fc03f5c5d8f7269ba	177	00-10-13[04]	75
ea0d6e43791cc7878cb597f1418b0bee6ccff6dad694837825609eef8fba66501da8668da25a926a319cdb7c9814b281639cdb6ac9fb1dd638050831ebb0743b	178	00-10-13[05]	135
2ea5e82777815de5efbdb2223ea7c46d53e51c64e9e316662f2499ab942288b7f776acf6d38758d30d1eda33a91c8f07e3402e5a67bbf15d5a4722084647b4ec	179	00-10-13[07]	245
e3c3f7b08a29db2ea45be0e03bae0ee55ca410b87f2630acd437f68d664578c5f3bc31fefc9c29add51625a6e2196e867dbf3c3b2242e0d9400e86c2a8151b68	180	00-10-14[03]	140
a8ff33056943a65d693306673e755236396f646ac4698c0f1ba06b8dc7abd4e7b5a31e1789eb98f68a282d31c44defcc9b5e1250cf6646741b5f5e6053542ee1	181	00-10-14[04]	82
0dfbd04735275ff893921f7f2018df17e7ee191e1381277fee6b799471df9919242f4daf862a9f0d5de995e1104941c699fd21746e34436f344f4fe06698bce3	182	00-10-14[05]	86
4c0c03110fd8dbf5c51d15cdc8f143feb5cd10288fd2321dde3403afb825959b91350078ff221e1d0b5412f1022733b88961bde8b03e3ea10b5ba5b8775dbf5a	183	00-10-16[01]	301
eb0b703245128d1ce2dc0476c83377f7c4d3d380b5839decc096896bbef0aa02bee0083645932ef7e42c7ec574600f5af3d5a4f62f5a0592cd922fd70dbc0d54	184	00-10-16[02]	82
111391846d8903de8af1523a82d3ba183cdb7d393585179fbfb206e788bed414aaf7a6ee3b9784862614006137035cd2ddb31b6be2fedcca1fc757e39d609e43	185	00-10-17[03]	104
a0ad1db777b408cd982d3749cb5f9e6f4304bb1fd0c7c39aeb36c2b2644e73fdac503d91eeb8186c3b2aa7764f8256baee25a998b75778bde300b98903aa316a	186	00-10-17[06]	86
ace525035a8ccbed07ba2912fa82503a8d6bb93aad19defe38041463d7e4d88957baa377a6e17949fd33e5bb36acdebb2446bfe52bc357a23ae9e5a884b368ab	187	00-10-17[07]	493
348bed172404240f1b029baff2c51affe8ec633dd7220565d195c442f6124d20dcdcda2abc53d4022694d27b0be9f1b01f1d74c517cf76553236f134d702ee92	188	00-10-18[01]	419
c9d88ee2ed5305a48977608bce4edd82533f91c5033e33506e1a993118eca0658394cd0d1e6fdd754b940c89ecd04b955dc7091b01d1fd364ea375e025c31752	189	00-10-18[04]	56
2eea4aae37e3bc943ea7d2b0a4db688a4345fd60023eca55c7b4fde9c2ac832865b0e10eab32abf9977e6c0f5a7cd7cc54671a5399b9e1c6c408a60eb25d9502	190	00-10-19[03]	667
748c15fc0ee6846312d79d4f5eea2a88705bb9a165a0525990a6f3b513387df8f2d5c40ee1fdf5af838dfd3edc183ddcba0b2e9e644a730f35fa74459f760b57	191	00-10-19[04]	171
d0d01fa4c0410b110e789d845754a20997d9331ef3c46c8954adf0320ffd7c9b2fcbf634d5215e42d80ca459c052eb6579bffbdcb64cdb861fca2f1955f1a0b9	192	00-10-20[03]	127
d1d57759d86c150412693726708b5735fe86627de28ea999102cc989a521e5af0af7eb285b54f9060f859121d2310ba6e895b13242ab82c91162691308cbee0c	193	00-10-21[06]	159
a4d81ae1d335635380e9650d280e64f232f605cfde467addab9239bcc47ade51d49c186743ca1330a48b144fa4ba12e0ea0423208de7ac0e58eb7543479798a5	194	00-10-22[03]	227
4349c440ef3d9612c612373db5d14631764a7253da01fd91ce9b6da83ed7aed6273a2e4e7b1a4928bbecdaddecb3dd0923b980f8da7b6e88edac7387abdcd82d	195	00-10-22[04]	75
5c3aaa89b02e692e9c22c9719606fe6969aafa27578c2b3551cb9507af58177f477a7d452e6297156aaa52ce3300852b5974d6699360296df37e198675cb4f2b	196	00-10-25[04]	65
5053024da8efc723a416d51c49f8661041ef91f8472282def2e1563927088bfa7cff0588ea04e55915e50a18872ad1f5305929925ca4401eb8f18d0fed6a8ce8	197	00-10-25[06]	85
be40dc99cd5881fdf92a2ce8d1705836ec51cad2d84a1b02a463ab38c63ab96d69456adfc362e59eec4feb6e41730bf027e0f570bf2ce030de85c7e421292e83	198	00-10-27[04]	70
b086579925e33461153c181030da581bde0e39c8a4c406ca1b8bd73888f1e269de59a5a48612d10c049145b037f88040ff97eb5f77f350c730dc8db6e79c7ef5	199	00-10-27[05]	218
3d064877a3af74bf0cb5223f7728b913edc6ff6f1aef3fcaf4463acaa88d6f65d722a66490bfc941845925faba04b6781491b09e5c5856cafb23dd4358d310b6	200	00-10-27[08]	180
d277deafac284a6f2694ea44abed6fe0295eed8b78fd64076cb8273b719d35c02664b07e6287d9f762c6728a38a125d0142777fbd43f99f81b9aff29da7871c3	201	00-10-27[10]	169
c1e7ac5c4de74a202f44bfe76aa08f9f334719ebaa12472fdd93a92af9645c67ea6f12851f2c5e80c08d22f1f7831f75da84453266f20a3c524a5e4ec4ee68a3	202	00-10-28[01]	1200
4dffde13b2a7901934ae450fcbb746852ac0a6d2ae4af402f277424beb552e96a17a84a90f21d8c455bfed076cf811a0bcf8d2aeaab9cf0f39c84c63de1e8982	203	00-10-28[01]	170
81096e5e6df7fc4196f53e8523f19be2f5acbd87309b8ebbc07fdf576207ca4fdaee282c8efb1eb12ac1324de5240b7f92f2cc7dbbb81631fc594a82cd431abf	204	00-10-29[01]	367
fe8f1e347f773ed02a2a34f9619058e06cdf757b692c10ebd915115f0ddb91347c728c006bf86ab416b3012fa576f268a12cc3bb32c9df1f1701d5254db07e8a	205	00-10-30[04]	292
46a7b3a82d5bd46a3ed6d90a2850e1ecfe5e57f8f96da9b0011d414131587abdd6f1599024ab2fd2d83442f9238e464edbce0c6990593f512bd90ce3c655fa01	206	00-10-30[05]	273
608a84669cf9d0467ea03af960eda6af2ee24458c7fc4fc225f68549b0cf82164cee84d8e353148285c3bacfe16d73c1839536d93adf46a54b551c1bc92b3560	207	00-10-30[06]	104
ba4a9442e18a04f47d43979e826956e9d32c36c3412bc715d09575eb53959976fadc798ee8b79437b3a2e55af8c2c0dc034a0fd640454d3ab88f03954889492e	208	00-10-30[07]	87
5c40108b64a31fe56852baa8a74f07dc9fb37f3a1ebb863c14c0790909767dff473c16adc6af7165d36b581b07410c99cde0cb256952c246f38bb7815a623eca	209	00-10-30[08]	68
a0b991bd48fdf09cb18434cf36674215354ed7a9d90ae2fe92740a508bd49391f5930555c77513543a975e0131a4d5a85e9843e90857dc1bbc4b43217b249edc	210	00-10-30[09]	104
a3cab329309e288095b15f2cf04e8fc018ad9d0e29981357e12752b45ff917ff1ec501fbed06ffbb9789617b91747abfe08f13c893e04f5335ee6a2f20f3415b	211	00-11-01[01]	167
de5972740af832e65ea768154a89a87261bfb87ee417a0a9e76b33bbbb1e1511f3522d1a47a588ed53e33a1368c25f5d4995b74760ed021efb4249c4e7bd0953	212	00-11-01[03]	97
bc4953c3b364e67edaa3536b3c717ca608661b2efe8ae7be9be8ef5e2532566c5264ad9057cdb3652ffb632ede628757f610d5009b1c16ee75814ae6ca53312e	213	00-11-02[01]	464
417c6ebc16dc08059718e327d105fe6788a9da4104179da580ea6148bbe6e7b33e278778741788ee511250d42a9c9cfd88995852ea62606c3c707a3d0108d535	214	00-11-03[01]	342
5ae2f24a4c8acf3477bcb56b0745a6a9cd9fe00f6b65af7671bf470815e0dff6c1770d18c103562dc2961d3c1dcaaf56559572559b846434c9eddd771800f897	215	00-11-03[02]	158
0789dbb8363a757488c972c89587511eaba894e23606b909cdbf69050b3d552542e4793d939da06a6e55e0783d901fd278eeda7c5065249de6ea12269a3c81ad	216	00-11-03[03]	827
92d67532190f20c439e1e4643cfea5039945683de0d91755c0c5d54fbf62592c897a41a0de6f96932d4e16c4de1fcda46d5ad9baa4daa127fdea4f524d75c02d	217	00-11-03[04]	66
fa63417807b31595df59483753320c9b077ebadeb2edd69acb59676bdedf0ceba98a01facd7895ea8a5fffc735813939270a58d7ec39da42c4ffb69caf1ce051	218	00-11-03[05]	153
304c11014509a252d651e3e54e1cd74d71d1dab428ef0fb4db0e9e000ca6fe4a9d383fe985e80ba2194a9a9888aa971402534f301971604969e533cc2d3dec5e	219	00-11-03[06]	187
fc0b9011a98f8638303e0ee4e3b5084d44885c39448833bc361041c609db5781197dfda37daf90d679ee30ade390d092eb44577653e19ddbf356c86888c2ffa1	220	00-11-03[07]	802
30de0cba996cdceb147a426cdc5c8d6a16041ab01dd3f81420bbd6b56520630251bad00970ca52e8d8bdf2858c7c8e55008b739d76ba8eb236250fe485224fa6	221	00-11-03[08]	106
90e7a9a3209b3d4449bc7f6bd3ed45e8268dccddf9f915a10659e566d4432b97f6ee9a1b4375fe60344979f08b789c5b11717176ec9c1edc89df953762718ce3	222	00-11-03[09]	200
6d5697e1f3654090f7a4e661e7c684367f1af689fd4287b0dd6fc78c01c0a5654232024fcfb67ff3801fdf26162c90ddf48b172be2e45e4854d0d78c7d3a2471	223	00-11-03[11]	74
dfdc7a9254059eec5bf7b5e5727f4a8c07f11f32077f47d9996defc2e9f88756b1c86e0f0ff3fa5ad93e2c229b93b849c4cef6d9b1e5692b22c229493f4c0325	224	00-11-03[12]	1200
0b0a19387dea1eae31ea8f9e1c76e1a650a33c48fd82f191d0e45dc67d6fd9ea46fb6f6a8b92369967d8b7b589eb2379565b0dfde5b9ec586763f2af31f2fd67	225	00-11-03[12]	558
28c28c1144d1c5d7ba0d0743861b2b626854848aebc507cb5f6d43318332bfd573758845e9b060fa376124d2cc47b6df7cc3f21c6bfd93180203f2c742164dfc	226	00-11-04[03]	325
1cd6d64d79946a9bc5f138f8b8f56e697d31dfc412450b558a1f371c5f205bb856e837e25667c4fa9baef5b32d40843469fdbe5d9845462cb77a12e2703b54e5	227	00-11-04[06]	173
ee8efc08693c9d43db38450e21f71246935c18450c9d2c31178993fcd1f569ea62d6ff49a317f4897c6816c1d6d18be3b7c8670384b16b905a270cdc51ea520a	228	00-11-05[02]	89
51977f9bb0c962472c6bfd5e84ed917e2baec7cab3f2e1432c8fed10037d450393b5c9c63be532cf090231c8a7d7d5a6b68d9eb561d1e073f8e3d7e5795fe1f3	229	00-11-05[03]	279
6b60b4f7c97226276995c98583f006fefce1bc3eaa9c875374f4976e0afef2f5852a6f4f7347213bdece6a0ad5dab4292643ffd63f0c732816a3f72a523aeba1	230	00-11-05[04]	129
1fd5ca419709aed6de13b5ea2e7ccc7b88ad7e4f85d5aa54cc3a34bf0fba48aca7238ba49f372b58e72c76984e553eb136529faa5f97507c45f8894a7b0e34b9	231	00-11-05[05]	171
ad286b999fc2be5acaed824ecd5bb5b9b3ada54a10f28ff0033d2cad500ddc095d93807747432da561d30902c7939e0da1d3bc42e01bf0e0364f08ce32f2306e	232	00-11-06[05]	285
746538853e4a052d7c344d52b60e781232741538c4913248a722c92a8b3dc2a996a36a64845afe74299219298f367cc6b5b35be2980850eee49a41a5c7c26267	233	00-11-07[01]	53
0eb6a986dd37f4e96d9613056d1ed02dd627ce2fb5b9c9e3d701cea1c71dc97814ebd53e2ee5c85dd79cf6b0392e62bc9098588a1625952d9c5025ae2d327a3e	234	00-11-07[03]	220
a092b3936c2d79c752ebb94867e0cccd39e076eece03415935b94292b3314b578da64e6e9531504eedd5ace258bd1f1794a1f5829fdcf40dec12998f9781b930	235	00-11-07[04]	49
e3a2fbee1ad15c34280900e90b8dfb797454ecff6e139b7dcaa3b773baa549a1ef8a3fcf863320b2a50087b9f25fda16fe3f45ef45bb16a41795b1e00ab90849	236	00-11-07[05]	191
b7c2c035a3fde6636879a6b2095316e2bf23712f5694ec94192e51ba561c749bb29417ae01fa983cc9ca4c3638171e63f693ad04fbd003e8a4d63a65af5d1983	237	00-11-07[06]	365
ef4a23f353fd3119651ebb4b4543ba9832c4a1bdcaf39978b932ed6be19a0a1a87b415113e4455a01e19c2a050b490017d9f261a754a338814ebd00c4134aeb0	238	00-11-07[07]	265
c2da2e5e33c2b206b28a95d908ef41aa096ab4ab6634d1043afb5e9ddc8d6e92759c9a55a427b8a5ea3a5dd0e5bfbb413cc15c88efef6a8c2d670a438c2348ef	239	00-11-07[08]	102
0a21b0518d1895f7a5cfd41be132a51d5f30b63f0abfcc424a5a44086a3a368bb748da0e085d27e0e77d2854cfd0bb855f07764a769fb20d6102545fee7e614f	240	00-11-07[09]	1200
30439be550b4edec0da803db31abc2851c32e7af34502c3f23b8607eb46e32f0405ffbc284b4f5cd3bd5912d9bb484c76d85f7cfee15f399f780715ea0717790	241	00-11-07[09]	1200
80ddfe42a7a16704626099af1e13535df2720e524462b3d3ed772ab6f7e2e4b93c0b1108e438c89b43a961837fd483bba8a618bd97c7dfc0c146b3a78ca03f47	242	00-11-07[09]	1200
886aa6e8a8f88b20a462ee878ba0fc446a75f550c81b853c59764fffd5df93beef9a4b791a44be77aa2e343fb8e57121950d9e109cdfb76cf7845c1fc5c46db3	243	00-11-07[09]	1200
ec250b4c58f32b8aea699c22a72a3f6ab6188ee1221a861ee75e1ac4754a380a96838d092a718498b56af439c695a20efc1cefdf4f3d29d5e61e7524cc42e3b6	244	00-11-07[09]	670
3ee741774e521223b23ee928bf1d371b74ca89e9636c199f4dc61600682d99873335944a2ffe1f734b1d9122ef5a233b6eaf1367f16fdc8f199d4bad866f9f39	245	00-11-07[10]	1200
eed4414d88d125c5b1fae9183b3e419cfb1873dd66724eaf2af369ab8bd0ef03efe53b2bd9af935d8880284be818b91f288f164cc8b702fdfa14dcdab2355fa8	246	00-11-07[10]	1200
45ae9b8922e21f43a3871d227ab2f7dd6e5b8d40bef3e364d36cc32a6e8d921b7fe9378a8d7d8e81328e0a6d0a33343511a1ad79a622daad7e34fc7fedb5ff54	247	00-11-07[10]	1200
5ce5fd5c78e5c3c131560788456b842eae7b67fe0f223e7d1e3ac36b30fd40b1ddef6f63c521f58492f246e257053cf35099925149e4258ee3883f5325e55702	248	00-11-07[10]	1200
3d3840d4f3ea6e53f0bece315aa39ed624ada278078c740cad90ff3bdd1bdabb4b57a374c1bb73a3c2dad0ba4bc234a1321a10f6eb11367d8e7ad9f4fe6e2638	249	00-11-07[10]	128
55618b0413543f601c7199e67f94504462a255d3f360cef941e88d51a057c65f63b760ec3d9f6568c72e80bc8747899040867aea938df83af1af05d2b2ba1222	250	00-11-08[01]	1200
a7f5e971bf97a027e5d42f56c86d2164c283bc275feac6e9fe86c2da3b4198cad37b10aebc80472167521f6d416b838d6da15fec0c95cf6f104fea67633f0dee	251	00-11-08[01]	1200
119196d723260048992a13f3fda2663d7ad7ef759a47dc299393038d2f15dee5474e3bd747ddf085741899e45d5e8e414ef30ec32eed6a1c37550922dc8662d4	252	00-11-08[01]	381
922df49569abc2382f1ef5a7c2e4f9e88d8bef9b103003ee10cd634b9d329a9b96a65fa247f042620bc5d2c6bb648b3fd033b08cdb5c2661fdf61af18e8df6b4	253	00-11-09[01]	1200
f86656ab176b933dcb354663b50aeff38cbd3e5605387901993368e6e03bfbd8d53df095d41a5377918a7708d6408925cd1b0da88368078e4cb98d13b0112938	254	00-11-09[01]	131
1d14414bab4086807f9f20857decb3fdc55ecb4515cb72c2ede41d29d817151404a6ef42a78866d89044b52bff147443ca88f2d1e0007d9fb03917f6f1d8dfb2	255	00-11-10[03]	237
05f92599207a7d4ca77fc7ee60b485dbbb008b3d082ed9e4b37fe9b6ee015b1c4ad1b40e3ad9aafce9657567713d5a69cd7fd49b9c32d91eec80e4639c115a9e	256	00-11-11[01]	69
1401ac7c2774219f056e2503347099aac3ccf56ea7451742d5f5308c9d86288b8497bb79a2fc77957509feb3b815bb53a7c28246bd451962f210d9f14bc9c35e	257	00-11-11[02]	286
aca4325d979abbb4aada5b3e1e50630e66f19bbcdf6413fa6445cf70022183101b7ed060f4dbf9b74fd0f4627b9a4e2b124e78941302d42a09e0dfd164d6cf25	258	00-11-11[04]	292
599d17972932bd8d11843665fe0c8be93653bb7b2f22b700bb00a68c2b289137bbfb1f328fad15de12e8338162cc9afbe2090e8a519401c3eef1ca3056f70768	259	00-11-11[06]	123
96535f056243f9e04d2d5ec2b445d1a851077e310d397cf5f8f88268e94f2f4de99d044cee8ab1194ba873234e9ccc8cb86a432fa0f19ac43f93f4ec595c290e	260	00-11-11[08]	91
9d84dcd06ce96d7a37a95cce2a0b15ae779b314c8c477095c58a8870b328444b9b75cce96a74b8a3e7df02db8919410e17ed788f5059927e4318ba280bcb2cc6	261	00-11-12[03]	222
8c803158a23e4a7b18563d5aa7e1a592f2322359ff1737d8072ccd15ca89034dab74cb64a198990b55b74668826cec39cbf61466ce6cb367b2fd2ee74db8c067	262	00-11-13[01]	148
93ad947ed26f3088498379c205bbdff78a51f0e51f46b7242328a36064bbe3b129e4840d0f97e7daf1acb432569a02fa4f79cadbe2fb8bd680e82c7274719821	263	00-11-13[03]	662
9ed7b4ef43d7b3ca3669c9cf4bde4b0c6722b2cf72f78f876f653e8072f4096b8aaf3094bb7eb34e7838839132910222e6d8dd16135c5b25b3d7c8a221910c4a	264	00-11-13[04]	1012
b826bcedb024306c09bd46b5934e5dac184d22ee7fc72fdcff3e42c5b2303b09d7fdfd89986730ca0f21a0834c9ded45858a0097161e6f81900d8a712d9768ae	265	00-11-14[03]	527
413cb07c1c98789ff1c7ef43a7f65a7d33fd75320cb53602d4f7e8289b9b81e73ad93b3e249c87208f9cfcc94f1552e21824493379cfa60af2e61f1960aedf91	266	00-11-14[04]	125
f0fa3ca188f97a8b13829d25d2875daf9eb22b2a1a066134561c898b95d62029590e773e9ff6eb2765be6b58105cec98173b08077689fe3390eab5e525078fcf	267	00-11-14[06]	89
4927b66c30344306ee76d7f606f8f54d754cb77c800e9130965ed8ce198fb405820144c05682abdf38e56d7eafcef017971013a95c0a0b02e5dec81b011e54fe	268	00-11-15[04]	210
66549767aab64bb2b9324023f7e6435ad3568db17c2b9ffdd5f5b1a99078e65fe7790311ddc1abd798ec1bbcac852e48f48ddf48465fccf938a144d4feb389df	269	00-11-15[06]	145
1ab835e1dc90b080815b1f841fedf69e9483373f893481dfa8138b9dc37edf3fa36cb7900e500e3215251655b4da877bfc61cfa46052fc33b1fdd9f348ae266a	270	00-11-15[08]	227
aa7fc827493259b5a2c073c519fe41679c4ecd6ce23d6ab3d2bc59eba20ea2ed98463b5a693244d33659da4fe69bc9f37af2319bc4b36ad166f6088fe1214077	271	00-11-15[09]	135
c3e0420dba38301530d98587c75b7da2224dfdd0a10f80949cf293f8183a6e8462aab8b7435ec0163d37fa5e66acefa4f2b67f0969a55d0e1cf0ca0931c4b362	272	00-11-15[10]	56
ae655c508b9337b2a39360974106b864a024a2e3efeaf80dd943b57e8dbe9258e6c1d44456d8b1e09ba0e299f3b5b2a1751d87b5e8ae3869e219aca3c004bc83	273	00-11-15[11]	127
99ad40d7dd495fe91a90abda76e000fe70e4d998b0fe696346adb650d687a96167d3de0ae5066aa1d457075863d8921d55b9e5ff61dec213e3fb2fda07913596	274	00-11-15[12]	69
619791be9cfd3b90d7fdb4fdbb459c04ca693b7da595c00efd91bece8fb1f3bfefa26c702aec6afc5125a7a88537521ee5be92ab4ee0ebcfaf20f9276065e71e	275	00-11-16[02]	855
09c98d05e960a936738c47f6d37d9abcf7d1dd4d1177a6d52658f1acf6f4a58fe1111162f8e42ead009235a80d3550f256a63feefc867b509aa6b5712cbf4363	276	00-11-17[03]	105
9006e3888843e4f3722137538d90abe32e3e7976beceebce1ecf830f6cf454e12ccfd4256c734f5c1429b1b38514bcd12e47b285cf6a806943b360fb211ccd53	277	00-11-17[04]	158
669a297753b40e0e4b4d22f741ab39b1463e9fb5b81163cb08c1593d4d9aef72a95324e108ba17fb1385bfb02f0c5e8e39a600e20534e2f0c1177f4418b91633	278	00-11-18[03]	70
6c98baaab1ede9611f866ab451409b9b2a6fe867ac7b86e37151357dfbae6d35938b4a95de1420f8aa548da335467979e777e52786e99304988429ebfebbc8f2	279	00-11-18[04]	72
9b64a73fb561d7b2ccb43f7532949837b8f1ef2e2bed48d3222c588117dd18ecf21f8909784bc88f42f3dcad894d4c2177b7967b36eaf0f23e65b987591a772e	280	00-11-19[02]	90
d0ea6c47bffb964cb9fea82fcba31eb80d903a5d94a896e4d5ba1de9b7da9e90c1b13fde311f748fd62454cbbe97102a55cd6602f79e83fdafeac5678ccb0645	281	00-11-19[03]	436
77542ea1ffe3b6651ec781f18114e2b364ae6a6259edd87a322cf50a3edf70f6927d251edf43a2d546a4bc1048a162a77a3740c2c74dd04fad5ae507ccc5aa60	282	00-11-19[05]	187
5701b17bfb8f0165ef054fe6d82c0f47b30db9fd32f8f831918f009e000d6feea97fca9ed41a6d000173b7746eb9b24fc531adfef68923f9527dda27e857cba5	283	00-11-19[06]	171
a1facaee60c6cba551cc12cc72425caff4260559a366c0dcf8435a3921f996a1c5fd7eb7994b0ee0c86e88b82029ac6d7185e191cf4b8259ade372c680cf2063	284	00-11-19[07]	153
67d103fbe4fd817cd675cf0adae1c74aaa9d42f92cb3da1e53dded8b999047b2e9a00a326d9eb1f9dd011a5710e8f4ba9af215577c9dc6c935c5018b5dff94be	285	00-11-19[08]	174
a8ce0c53cd2cf713036ba60896e041416f667d4eb9ca92230f7048d27c8cf3b155a1a32895e0fa0ee97df0350cab0cadde3a6014f010a49523e4d8bc2c757348	286	00-11-19[10]	113
798d53a73ea2f327f6c0023e23c97eef92d825db50469655214f64aa4814cfdcd80195fc81291156e18b0da5cad304b48039ac1ca971fd4de3cb4805466398c1	287	00-11-20[02]	200
dbddb5a789b1206dc679b5a9f62f26d6f906b3c961aa3042b63f40cdb7091f5d5058027903692c2c71392c1d33d1ecb7d1af05a3927cb1da3a2118fe0b0e2e19	288	00-11-20[03]	240
6efa67d72e5e644a368444da6fe7c5e80a70e702dabcbc1930a56392f655198bfadcfe7809d9435104589ec6c94aeac769724d211c183bd0fb74088d7f694f20	289	00-11-20[04]	425
c83e2a93777bef589113d29928e68dbb8018704822889e672ffb53ed56348ec91aa4b46875022eb496c0f8e17d50304beb794c2ba302dbc09077617189a47098	290	00-11-20[05]	528
b4c52d69feac0e8929ee984ff552d1d585d4c0a72ed69855d4a3beecda07a22debd8ce00d9e104a8625ae8af4dcf1ae9f456632e654ef12c4b0c674fda4121ad	291	00-11-20[06]	55
f60cd144375a0638894fb7520c48546bf69dd48ac1f1ef3ef9d447081d392206da05c4e5db84afb3c35e8c0285adfe4e2992d94b3485a746aa87341e6d21a9af	292	00-11-21[05]	115
3775e6aa1d0cadb76f39c979c40f105ba33e2a16c7ad118c0c64414888c1ee73c5c99b80a2a4d3ac37a0c0c6ed68687c1ae398caac386663fb52f06db6b3291f	293	00-11-21[06]	212
3d8fce1973f36a6dd35a1b198fd5d6eefbc1d7f7a27e84b7c91981c89d0c45b339fee9ac0379451a64353767b966184bd7af49443a17a3866eb5354f29bcf650	294	00-11-21[07]	57
fd3e9fc66eecfe6f220ab9d6d39690a48b97f8320ba4aa332335246101f218b59e77c67d809c63803f808415f1d18aff5411a4b26d9b81c2433f992760306996	295	00-11-21[08]	1200
060d9998ca2b41f12a915374d98b36126295f3d72a25988d248bb28097dd79b5d82606a68e46228bd161496a4ebbc6ce86d2be7306ece6bacc421c55e38179c3	296	00-11-21[08]	1200
472dc81d42aac56da885bd9581b9d2f95d09529772a33e01b5ebf260335305bf7a38938c3deea95548361aa6a366a4dadc63a839e3cdef40d816f93946205241	297	00-11-21[08]	529
b8efd210460783976e5cff16d9064e3aa11c8c8b5e6b515b466f0728f4bd2c3c75fd90fb930f2919726390068777e9cbefc9d7213d1a951204d4cf7abcac4aba	298	00-11-21[09]	151
5fb1b0c4f391f8b26e875a19e5b5e5c52bd03488ab03e6d99110eb1acf16d8ad236102a924ef8abca57b51759e974671c20d8db304598e852cab9163f810c2a8	299	00-11-21[10]	535
cd3bf6d9c1a37c5d243019fb4507a7d67bd345d130a5c0bb6c9c9b16aca624f3aacc196592b838475728acc23821078e9f194cd15715de2303540136af73e1ca	300	00-11-21[12]	75
576af17b6b79be9e17fc15fad35e3c8859d7b8f9087d6a3b979a1f71465bafeb870a35c704d4df4ad7f4ec9de1bfc34c61bb02bc82266073bd9fafb9f4c82009	301	00-11-22[03]	1200
8ff5335271181388d0e35a5eb5ef4a0e043229d59d8a72287d5346c8ab03ebfd9fa1ce943bb54c4f24f232ae2a90fb0b6f94db988c2841f77114b1c705c5ef60	302	00-11-22[03]	143
4c0854ea629a37068d35969b9ad090ab37c6bee9028410dfad6500a5ff93cc850ad918ccbac7ddb6b8d779d3e862ec2bdcb5c725000e4a3b95e163b16708c3b3	303	00-11-23[02]	1200
1fb6601a5498d936d9da9c5c4ebfbf4cfa4eb69c1cd5b31565b5d45b3a19bf053114e7ee2f7d7b50ac822c41dcef18b119aa0b197668b948489a92878856d827	304	00-11-23[02]	1200
000c6e008e89be1e1e8209118cc8b474e4543ce1714d6f501038635c6d9e9f4eaed024d5eeda962f2b502eaaf5ebedcaa0d8de9691cef8c4a2ee0794a1502481	305	00-11-23[02]	1200
d8c0d56a2ceee66ed957cd4dbe83d5ac53e6f872190cd39a9823a976f90e9ae750b6d9c25c2c595683854f6c34655472b1abb52098aa86f7ceb3f222c0e50b97	306	00-11-23[02]	398
964726d938c35c984021cb3f2378dde9bedd6ec4fafe657c87d1e5e2c88c750e6fe8ac89b5d1fb726147c9da7717173bde3fd5d0f17608d9a452cc0b47773f22	307	00-11-23[04]	209
b67d4006c65f132ff48b87335e48473715f3a130dee6adce0392b1ad7567514fc78c9a09f0976908e1ce136f89cb1417ad9bf893324066b841200f632d0ae6fc	308	00-11-24[03]	649
e7e87943a35ca7f2264334989f4384b85449a2535ddcf195c740ea5dde247e5298345809d0191e928509c5547aefe6a1e86cee24ed7ebfa78a125b1334ce5801	309	00-11-24[05]	167
93b5fa415a60e295d046113a640d835f06b7ef77e41aed8e02864ec5717d0641af0edcbde034f19af3fcbb6cdb0dc097f0fc928ec1e25c63883e4ed5a4faafa3	310	00-11-25[02]	568
6b625a859695b8fb78895fb7acb83e76165aa3a829795ae55f3f81a8646dc33c8ac9da83851860b1b8739c8a9c55ee9bbd136428f0e9ad356b4e956d10065918	311	00-11-25[04]	88
5b9f2c7166742da01736e3058ad79e2fc7f50d2112bda26737f67b3dd98c90d151d7dedf979c0d2171db5cbc2185d5531dc340e17f7d5737fb714b7cfe968023	312	00-11-25[06]	218
fe5ea5528bceb81c9c881e2bfe48e0be45e2698bb6745d1a4ceee17fa906506ba696aae515f67d70f6f97ac0c6d8a71374444d71ba33cfa660a79b7ac183505a	313	00-11-26[03]	1200
813a13866cb7fe050eb8d989e65594ab3259f6411b38fb41cd96d77543f4bdaa6abb1a40d403842460d1e3da8c6a3498981a89a3ecadec19f12aaed29aee7b04	314	00-11-26[03]	184
37d23af97c9ba433b878ac3e9f3a775e10f292e98f8aa110028683cc3d26a73197072bd4b4521218cd6902a0fd6f3bd551330c93e4075cdad53ad1c19f7cf0f5	315	00-11-26[04]	156
cdef94e2092b6297ed816fd82fa2aa1425d1da6adc6f62ddee987299db94a41a6704fda21157c2870d51a518e96b4fbd05ccfe2f5e65792f885abdfe3ded2d06	316	00-11-27[02]	89
eb2fee1b4c9a6e770fb7d00c55bfc6917d540b2503a24c68f0e8957436a58b5a386183c2c348874268959187466b003724a90d92cc2d0ed3014171df5bdddb09	317	00-11-28[03]	220
37b77961d9db8bae013068bd5b44e0fcb4f1737259b87ada67b07530b228bc1ca0666fd832d224528803498aacea025ff5aec6938eee41466ad4e0969e69c500	318	00-11-28[04]	834
414ed991764b9dbcdfcf044be1db36ab27fd40a78b606735edfddc4aaefe1d1a645cd433f8ec172494e818396d4066a8ca9982e55afb6aab5b3c6569744f5753	319	00-11-28[05]	138
1aa02feb36af23a5302ba273935a04cdcb3e5d439c56ee16059fa30b285ad00745c819af458ca7ad57534aedd42cf1eb5866d5ab8d2b23031de6734127309907	320	00-11-29[01]	279
c8438c084040f2b9494987497cdc5de0d617395d0d454aa7fe2cacd4ff68dbf9d9cfd0e789a6db76e8a2a39eeab922c1dfcb217ccf504155afaa628fdf0ba09a	321	00-11-29[03]	107
58469c4c2746cf915973f693c49a7628a071ac7809e15ce2e9b1b7bb98af52cf1d9c7efd47e0bc2efaff253de8841499dd9424eb27ea62b4247dc865cf3cce0d	322	00-11-29[04]	194
bc18bc8ebcc963aa51a51b2648d1aa87f629068382c7398458c1a8dbb43b7f63550081f847b0dc183c2b7d830bad672d702afab38f97e561778ca472a29638c2	323	00-11-29[05]	1200
f83fbd820be3b46a70ebafc283daba0a37ebbceb7a775a65142c1b05f661484fa00f41cdec14e5caa4fb77ce27900584ad47e2db94ed694d573fb25f5669e674	324	00-11-29[05]	113
58f00772a74fb77e935ab762d9825530413d443ef1bebb8bb83d03e29f463b9a08f3d8be80fccdda087be74d2f973e419579cbbf654fc951d7d715d29e218044	325	00-11-29[07]	87
5e95b787e8a2ac5627d078cff0a609d4328d7d71c40ac1fd23dd8ead83fffbc85ee5b2305d933e88443d097b7da7ae32c31b970e492db0911caaaf860a8e06b5	326	00-11-29[08]	101
8b2ea082e14d1f38fdeae6f6286d770e3934bc24c8ad052fe25c1b83f506fedc4b35ab8f47c29da8eb296937a32cc1e42c7362a1626e32c4f49378fb1ab02b71	327	00-11-29[09]	363
9e8fdb517ff636e19962ac57051a616b75fc349eb6bd94fc942baf047cff292f32510d1f2d0f9b5eac9c1625879aeef1af9984f78cfdfb20c860d8cd3199afc2	328	00-11-29[10]	93
c2ef4f36dc49681b9006756b11e488a4d9ad111e1ea4d9e9625e19b36514d48e2c58a1a714c180ee3f3aaeae27ed387d006e7b80ac94b7a7c2d484823b7838f5	329	00-11-29[11]	104
82948f76b51c3a60f0e31adfcb8c75e5bb4ff524d35de7d77722020a699e5c1b87a2edf164a8a257b0633d358bd74ff166ced2451e49b2db872a4c198167e992	330	00-12-01[01]	253
1de31313ce086344d5e6eb955cca93fe1ae1a7f630ed69acfc28356a251eda34b0170b7e6dc9b7257b59b757c8950da902f31864c4ad6eb623bf0b082d07647f	331	00-12-01[02]	120
347f7d9232634454a62367f2999265dbb25a408b6a31594b4ede5b03c0c0de307a5e8ee5cef1792ac83cb700ec12ef54b9d0848482a2687921586b604b6a33e6	332	00-12-02[03]	99
e740c406014ac81851c6329d7fb8414ff7a1b19e0a37ad8c9a0c83ce18253c37ae2583fc7ce722dec00d469f7f6ab4f805934cae28f50db328e38323e30295c7	333	00-12-03[03]	96
e3b8dc512c64211d8f7876c45634363f71f3425d99a5cbecad7df61760decd06550d883eed0916ae0684276b1110f14eec4637af7a3f3dce14e69f96ce6435f1	334	00-12-04[02]	321
a475ab14902fb37d395fe92b130c82e2bebed63c69a9a74b23efd8c8fb6c1083f555c17e9592d40a829664c991800a205e7a7e6e863aaac353860b43b2421c2d	335	00-12-04[03]	174
353afa02027814876463e9704b668eaa5d4bc9f0343ce8cc6a435e3e03c3b432fa986b4693a4765b472b5dc8f1f777f5deec38eb027d27de8ac92b82a09b82e8	336	00-12-04[04]	330
a6afb4b23f138bb9d749fa063bea2363b013c49f28e4b018b762257618352d8fcb87125934fb8c4575c8f7fb90694b14d5db8ab6e14dd90529364d9971d95da3	337	00-12-04[05]	152
11d163e791795aa02a3d17bc6eaeecad15bf8a0b7070ad59fad1694d0628bfc7ebe0f8f3ea5e0a583d2c5adcab818f2eba3dac9ef5f70ea069990d169c8f147e	338	00-12-05[01]	172
2f5f0ba80c65863c142d2eae0190d1f67490afc26fc8b97fa1bccf3b0975683f7a6a8afdc44d4bc01898622391de14d130ee354d9679f30d186be219ae836fad	339	00-12-05[02]	240
3882f81898d211b13793b46bbd4478365ee680c79ae4aa56f53283ec85a8c4143d1752cbcf5f7c7dc9538e810b2d39dbeae9725f715d02575e9b3971606964ff	340	00-12-06[02]	373
382521cce7f9748c3340040f02108d123453608102bf289afeb709e66814b497be243017a2e816244ab2d772e564277fbea27a4a4ed3dfb12c01cf68d38fe18e	341	00-12-06[03]	218
ac6c58112e5f9fdbc648523c8a9f589b9d861da6a56552f51d862795bd3d3723bcaca5699eff7de64e6b9186f0fbcffd17f2d4bbbbcbf08f32779203a74d599c	342	00-12-06[05]	64
9a7e8a55f92f9ca741a4bdfcb1300799713317bff148efc105a08ff1c08348e522c2a330943b2e30cf778a6bad4808f3328e590c306b9a463a0974437eddd4ae	343	00-12-07[02]	379
eb3ed1bf631a3150227f1aa20e8de6712183c4714414e9a3bfd024c8537bc72b0e3619e452d9146e2db3d16c24e9b748df318ea23447013961cee64a4b6ef020	344	00-12-08[04]	575
8d13433ae25c997060bff1d12f7079710d0fadc7c39df8a2bdd0f2f439139c56fa2d668610a9941a613982c4ed22a41af9df8f7bc4dabb1baaaee785568a1090	345	00-12-09[03]	101
f35f207f7cc369970dd3e847c826e62df21ced59c5015f108041092c119ae703bf2145e8bf1a33d99dfc0c1397b15652110cd4db9a2368825387f4ae012c5dbc	346	00-12-10[02]	124
5714f576fc4c5955b7626604e28c11b5e86de5a3984a5466d5ab3cf6023a5709470d7abcb041bb7443a78d339cdba8da22bf52f47357d32cddd83e129f86f18d	347	00-12-11[02]	540
7105e6c7dae3390f2e0a3a1fdaa29bee305e23c031f142b5734f15e0462c35578e117a7ff3759f433a6125473c8af03f875163b9792a4eaa2ba1a334ed0cefe1	348	00-12-12[02]	313
1f253b0bdc6308ae65854bce6c5d78d882b0dd082aa3b605fe996091f4371bbfbbb9522be77c6e03df0f31d5d9a61296295bb773d2b6fce792ad8960c1245222	349	00-12-12[03]	469
1a7d3a5c2e74a41360240621f3be2bdbc4b2a1b600a387afa30016163ca294bb6ae52428268ea48008d440dcb004b7615bae86c6f821c01a4c16522a17308336	350	00-12-13[02]	196
87ddcb21ca1a96feecc1a66bc706f3991695988cc3749ad4cdf954f7e81f0b16b7220117c63088b25de253d817a21c587b42efb865150e915c77e3d761dd03be	351	00-12-13[03]	966
42855e2d204cd248c871744e6e42ce582604ce2f1875f5ac7fc5a7e46014e7822df3a512ecd0a3d4b3a3ed7bd5ed6c4ad49e4b817988ee06f3d1be8f757f729a	352	00-12-14[03]	274
7557d58d62fb3d9dcbe1aedee7e4e9a9616ff5bb14be3dd851791a6f35ea46adfd6a4bdc05d5b9e0c3e785b2e917cb7d591ec82620dae0134f6a13904422d7c7	353	00-12-14[04]	906
55fe68a2b19783401d0ec3ff2bb13b98b914a35329fb2f20b31941a274d4a17d85383a657843dae08181bf66332df34812a6395a148da14d4fd33e092820bc5b	354	00-12-14[05]	326
9b46c5d250a03d0fe0090dbdb210bbd67a103b5df6abe694f91ab28a4e4eeb7fbf6c271e1f1640f941bf19c384cde5f53ee266f84a88038090bd560a7158ad1b	355	00-12-14[06]	438
9d324b8e851a852c09af741816e888f758f1c4170f98069470ca46513971dd1a606787b60fb2bc96efacbc40e8559950e19ccd7051d66bbc2ac1bacf4dd1d5bf	356	00-12-14[07]	1003
1f349b871f995c0b9c8a279dd2aa4e1c8146453fc6b89950b927bcb24a011422494ddfc486f781b0847278677c2b6de3997e810be03a2f0fd27b6e3e7510f3d3	357	00-12-14[08]	73
500581e520823594972f273c3c3a96deda90703c785acec3f26df4c7882e49ea6f8b8533be23e23c830dc357b19f1afcdf9e9d53654ee52ec873f27732803cef	358	00-12-14[10]	105
2685e56951111926dfbaebcaefda5c127dfcae30735650e581e6d043fc1f08aa93d20dd390c5c174ffb3049edc526b5bbe5064cc7c6e752f9c4fbb470c6d53d1	359	00-12-15[01]	138
8acbfaa09dbf822adb5c6b9163ece99f0c92ab19bbdeb217e78c11495d92011be727e07f23086864c735b497a35b4105e66cd2ce045d406f8d7752c096f03627	360	00-12-15[02]	498
bbb5329dab4b593cf4d8d4bc68fb1d99b36e3def1cbfb74c5c154de3549e9644a17cb215613b377b6e2cd63ef2769f57f0660bc603f314a80fd11f434b673b30	361	00-12-16[02]	228
1361cb465d66f12399cf7e477f6e3a438bde2773d4d461149a572354236fc95f31d74dc3e3bfb5dfb2059d25ede8fc785b38b6815524bb423a5e62b0e03d2c16	362	00-12-16[03]	78
9fa9c5a1a7735e07b7e99cdf5ddea95604841e97ef2791d1019fa65c752ceb174430d970317fdde5aecc35ba3c488067c13706ec3f01121be43b05634d32a2e1	363	00-12-17[02]	311
e9301183d69b1acf7762cee72023f2885deb9c154a4d01851ede96708622d06d11cf9f9ace537c327d3960bfd0861fb44ae3f3d6745ee4d2d6ab781e92c35ad2	364	00-12-17[04]	193
693c5857a2fce10d2c3e2f5f11846f382278eb725fc5215e3f7ff7f7860b13b6cc5634b990786711b4ca24d6ee64493c696cd5987a0b4acb7008bd3ef54a69f2	365	00-12-17[05]	79
02eea491f17c569d77fd43af027fd4d9d3f4347f13a7430504e0cb3c89279486790478214ae538ca800c61f28214191b28d25abf93d362e7eb029571ed1455c9	366	00-12-17[06]	368
28e64343d09c16f2fdd4bf9982fafec4b39b2933f8d1918c69b5f29ea75d305ab6a1dc8011648ed726740e4d5152afc288531d6159cc4ddda43014ca968c4e30	367	00-12-17[07]	273
4bb8c76c4ddc4ee66b652e29777935a61d283e8f1de2e48280dd815a63e2ab07fdf5da9ca4d8169bb0a35eee5e966adb48e31070b86404ea1a5ee43ab674666c	368	00-12-17[08]	137
20986fad92cadc83a5d39f62332f5abda2d65bfb1d35fcaf082cc5b111c3f4ec222ee566d1341a31fad724eb315249b8bf07573d47afa245f67d341b0dbb14d9	369	00-12-17[09]	126
12afacda1747687366c02c1ab055a209756904cfc3297b94f190f6f3e7b495aefca59bf86e5ac2bce62734f7a1a678d0b5c971390da654b1bc41363603110a89	370	00-12-18[02]	165
fa5ee765db7ef461ce63023626ddbb8702af5899bfb0f4e8b0a99054e359ef0b45e9fd2ecc3e751f1555f9fcb0039a9a548e2d60c13ab00f70216d3951cdc0c0	371	00-12-18[03]	272
b0ee1aab3b924ce1e9573dd29f220f47676e06a58bb46d961bd6c3741573081e5705f0eb97d5d51a0d96767200df0689e823e09ecd07ae17b0fce5a87057eecb	372	00-12-18[04]	308
240ad44051f42bfdaff556dcdedb4b69c4b72e91dab2b43bfd2bf0f02327a44ead67335892b358701c9ec49011d3de076b0783ba92bdf04a2e18334af59c3b77	373	00-12-19[04]	247
fcec3b483563da3ef078bdf49c706a7744833ff98628a09859347a9b2ffb1c14a376b3ab58a381ab23a6a50d7bc08aa84aeac269a24cf0051afd50413eb54a89	374	00-12-19[05]	61
3440ae329fdb62a3a4d4fd1caea3c44154275968ed3b0e4577a680db243fdd3c825141eff5ab5206a267ab423243af2ad5b7bc636d7d6eed2a98c206eea58b2a	375	00-12-20[01]	485
cdcaa44e5b22b50e1a304f3a0268d29b873aa2686ad5d3e5868dcff4df52cb820265357d60f78f15f1c49f8926325e9862f9ecf8547a0a04206f73e4648e31e4	376	00-12-20[03]	107
5a7afa794d7eb02cedeeb049b7dc18d3c6c5b734915b22ec78fd623b22cbc37bda88c673ebdfc2f1cb682010dd4396f80178016e44d0f889baca42567e5780ae	377	00-12-20[04]	1200
e7db6caafd8c2e2fcde84a2dc404b5dae70deb46dbb8b8b7935c05b76664646b2f022f39349032029c9834536faa8bdeb81da5ef8aa5ef854421b6a35f34d756	378	00-12-20[04]	1200
644b6ef961536321a163e2b0ce7fe23f5b0d9ea635bbb4968f3ecaef9c6a60334e5fe68f4a82b7663c6cc0de6073c20df722b0359a7206a62019d538b41c1466	379	00-12-20[04]	519
86e7cc9dcb0fa3af6dc9a7f8c521f13864f19d4a88f8b994aca83c945297c7afd24d5b986269a626053adf2905132a5d7a9ff331625f47220bced6f57bfd4685	380	00-12-20[05]	71
f3b25f52e77534e7fbf00be81f3a8d3bb1cad3cbf49e37a399bf36e8804ff93c907da70de2224b62007f2bcc3a9ae6ef8beb64ac3207996ff4426c41abadf462	381	00-12-21[04]	224
24ae6affd656edeeaf25032ab2a7b5c1abafe76ee3409957bb69d39783bcbb395843cffff04fe4c0d69fa14d66fd80edb293f48ff58a5810aaede73ed714ec62	382	00-12-22[02]	94
efd2dffbc8b106a81bd8393863b7c9aced98e04a9e8d53c6e9e5dadebe30f3008841f0003f83c8c83129a842654887b8260236039df457a066952791654133dc	383	00-12-22[03]	248
cd9fdb5660e0bd8d2c0a2746937dc67611061aba5f420a07cc3ae17f3f564c96fb0ae8c149c91f234fa95ebceb75f6d04b18f725883378783201f5fbe0831b07	384	00-12-22[04]	740
04c172f0c05f9e7e8fecee9fd1db385d5c3277d35dd32cdee3d3bcb55e9ea9eb626437a138e7848797a4909d73d627a6d612f3bcca91a277b2ffbef0ac7255a5	385	00-12-22[05]	96
878b685821175490c15a17a013c5a0a6e9f216394ea2d9a8c19bbe8e0f5b46449b11354ed59ae6195abcc6bd7664b971b4605233e5b67f6b2fa973cfa7ff80be	386	00-12-23[03]	538
b7d4ed20ad0ea30bbfb39c11f7bd441892edca9f8e2ed3052dcb9fdc8cf282913d45500b1a0e34b16a72b48dbb8abf408e7d05eeec9791343deb348da7421baa	387	00-12-24[01]	150
0f792bbc72e9e8d6c76e5c4690837e8fae04feae902146dd5b23f5a335f511a23da883cd42a3daab1c40eb3fc2b966cd392fde5d9161527987abfe9bff23263d	388	00-12-24[02]	103
1c22f6a4138ea4dd60b4f0ec702ec0f48cc176f3a497d9017507d5674a190d25ab3cc3a094bb6dd2576b0cbfdfa91f46885a07b70d4910e3fed2a7170ddf97d4	389	00-12-24[05]	333
7bc705a1df49c9e4262c5b7126477dc02d50dde64c3865d48d17605b7c9c2af111d298a73d095d765d6d100ae931c25fd06d0e16ac187c52a9a2c5ca01217fcc	390	00-12-25[01]	235
43c32453f7826fe1141d11147a1a81c795bd11b0d365f3d8ba97cfd277b253b81c03532115220247f99641d1cf3f2f6606e7ddff380c94269030d800150f656b	391	00-12-25[02]	1200
fbe6d26e2fc94a3ff2aee4f6388e908ab80bd63c94d1db03e896c876689edcce2e7c80c8c79166a476fca513d3a8d87e04693c829508f7b1adcd1cfdf6c69b00	392	00-12-25[02]	747
1f78ce18cb6019cea45ce33cc7f240e1f931c6cba21b280a9a6ea538bb4850a9387c56cff10efa7b3c74fdcf949409f41175642fbbed11866429cd63c79c544c	393	00-12-25[04]	137
99cb194e25459779c2a4e4eb69cd25495e4cedaa41a5a2a43cafb271f8196465ccd144a11105b72d0930f3c970825374b172538fd5015702bacf891a5ad8fbb3	394	00-12-26[03]	667
1d91e9ff6c6a70c62765e8e8172d5def109b3574114b8c580179e571aece20b4540c37a8fb9a365e3021b40299a8038d0c5f558e7c62a05371fb06d9da52d98e	395	00-12-26[04]	454
b632cd863fe467db5cd66c42f124afac800bc54d3ceb7fb14664b44fcf8bec665ab4675112ddbaa80a1f3615ff528b6855e1947c41067a15649710f23732df63	396	00-12-26[05]	119
5e55ad6b2eed1b86d34e604810ec4fb5261a359f989f3d819d2113c059af4ad6b2f74320fae95e2de3eb540c6b06a900a9d442e1e58113db626404bba2802f00	397	00-12-27[01]	89
50e04c83f63f3ccbbb2818d95473613e2cb7f2ab5dce1cdd05679fa3a0e1e9c9f9eb665f5728146bb1d06b39b90781c62b3c4f8c5e0d6e65ed02e7f2648f81e1	398	00-12-27[03]	352
ed4c3c221439f97fc4cb990becd1ab4e9b089bc638c2cf3cbb387221fc0240850c04fe65c895e8bbc1f475eb4f8710ff43635b89a97c225f61fa93fc69a02203	399	00-12-27[05]	64
0b1e4212addd73857e296eb7f63041e1ec725001644a2bf552df990e66ea0bacfd9988f2e4608d869cec34f3d4dfcf8d65a23d027a598602f568025c13201a74	400	00-12-27[06]	106
9e352bd11ad8523df26ec39d60061b936b60d063901fff482b43f75091ff597997cb00d351f2cb1b531a61b1701e40f5a87e917d73335cb2d433b6ee0304a900	401	00-12-27[07]	338
e061abffe3570ec5be6abb184cf00b0be11904b211f8901ca9198468408d87de8604218bd98c5769926172e07907624c231f159baec0ef5606e06d6b9f243b13	402	00-12-28[01]	48
7a92ae29aea26960d3be916cd26340f744f6a86b3b9fd690393b406b992e5ab04c3ade7d5ed153804228282c64cc2f7700f7242bc8efd59646284a6a7b7e18d2	403	00-12-29[05]	118
59e34fe4b3f8d98cf55a9d29e4cd8ab85c9e7bd40755f0d570a363788681315b921e83a8ce0f3161420fa2f3040abcf9fbb33c80bec72787cbe80b7831025b45	404	00-12-29[06]	203
706fbc6bdcbff0e8b01b8ea9a6c1d949a852d61ba29a3f82e46f98b370a465a2689855ef82bc25c60f979d22599dc5713ffd1ed5303ab42fd50909c02255c391	405	00-12-29[07]	88
ccd5a279dc60302a2f867e813503e9ff3c7c96eec9c216518d27db3fd6e94b9fba3d4eb5b67b8bae3c637465d0e92b2f85e0dd41e65373b26b9782b5fb37c5de	406	00-12-30[01]	42
888566271e6e03e7f1f7930b5cdb6f70343670029e72aa2f98ef31f7195d362c37457921283601b4caafe28312c8c3de7f165be41d1a74d7d28c0aab87f05958	407	00-12-30[02]	49
2b65ca016fe62dbad9b12d450f53926dd39cab12ec6b3247732f5f4faf622bfd07005e3c6706bbb4986cf289e9364fa7e23f1d03c879755e9f9974d7af3f9787	408	00-12-30[04]	86
6c2690cf52eae52eb85f48d7b0158b64ccd991f1c2c323dba5cad9c44b8d920bc1f5d8632b48e06e50741fd34024f492aed6823336321624ee2c4c41bc4d27ba	409	00-12-30[05]	92
a9e7e7a2f763e8673f97d02b1b9334b8f1fd16c83f1424ca0ceda060ef5e356c73ba3c72c62dafbf900aa904cc74a94998a69969d92e20fca72b23fd38192753	410	00-12-30[06]	79
6d2b06f7e73b638adbccee5764da6a566558e6e812199673b526d844a157ce36a59791d8e7943ec7bc2af244fcf12f1cf962ce70af1120966f4d45927a499aeb	411	01-01-01[02]	870
d99cc286357a7f1d94e348f8889308c9f8a53546a2ab4d558baaec9d5c879c8e719110f4815de93267ac3c62c5a37c05136a16346b1cd40dbdd86803ce66bd5b	412	01-01-02[02]	42
80fe7b564749a3a1646444586db11708afb8b80b52ad1db705de66d90b430e433c0b0fadf8c634c607afbdcad61f0b76144b48e61322e3b52fc7cdc5ec691c46	413	01-01-03[03]	72
99a54f399eec73db92acc8761e2ea6b9dddd813fb27b1a79d037a9db2f75ecb17525b74f5bcac1bb695b56a1037111a340d3befa0967f77a735e7ac55e1be328	414	01-01-06[02]	272
2439a507ea95af5f242f4843b2c19f3aee81062ea3e261ab7d295be5b5dd51cda1a52faa55bd2ae2fc19079ddb33f263e002c39fb313c3dd78c285d8ec4c2141	415	01-01-06[05]	221
cafce8603376bce09af42c6659dfa09cb5bc1fa7268869be769117f4b035bd816395c97fa5c1de684656b10a6908e0f54fdecd347da24fc7f87ac92c8640af22	416	01-01-06[06]	361
073c126319274e147949c3f3e0b194e4b9027aacc0ace83f17546b92b75058a76179d4fcc110b272cfd4038c8ec37e3b6ae92c10a30b80f5c51600e92d6dfd26	417	01-01-08[03]	606
89318cac5872a617bf3368222b39e7f29be640c8bde03ccb844b2508e29c0bd3537767aeb2a494b630134c59322e067a867b0ec8d77d1f2d8fc1ee16ae6edf5f	418	01-01-09[02]	246
82b29fd8c8d714b51f135d2638ebe819573d456c7e76a3f0639078fd1ca360e08f2e2889f3d4f2a252e8ee31ee5b27fe5e5f7085060dbd75b18b0446fa77c96c	419	01-01-09[03]	188
bd540096465183edd1ccc8a87f6009f29bbbb84cd1d1a54c8271697914b28595ce8d220edcbf0982a9a007df8e43198ac1e9ee18f12c4a3b70e38b08fb3ebeab	420	01-01-09[05]	65
0017f788df06b2e310f9f64b6818f03ee2eae90cf4cf4d6c1a445548b38a34fa57bceabe278335b1525561cc9a2c8cfa6b5781ee8266fae7e3abd1e675ff9b4d	421	01-01-11[02]	896
5dc3b010ba20bfb8935fb9130ebaf0be877ddaa0bbb65641635a371b71e9f94ab4e598a618f03fb92b4d9e36716b964b1554cc4b2f0f1f3784fa137aba6ff76a	422	01-01-11[04]	96
2891bd85de008fec42dd4f2d850533b6c9c87528154a8438f4bcdbf5703028a617177da3d31eb589cb811cc89bc7022c9ecf0e47343cd49cf2c267a51f81bca7	423	01-01-12[05]	131
122d5605a2f49c6bf3bd90952dfa26ed575034ebd12939c08ba3712deb5855a16344c787bae40067111a73d831e0ea53c350ece1d52d4225eb37179cfeed6e94	424	01-01-13[03]	100
35ebe1af5efce8f4b1ad342f85c6452a9014c54d605795fe0a60ef18309f7237205f6d15193fec82c60ebc34c1fa7fd29887e5e4e3e2770d3723c04351ccc8ce	425	01-01-15[04]	319
b92824d62e5a17ff571b7f0bfeb7b9e72e6d6d42b3cd57da4891b8223318e0996efd6fd5160ae7ec9dcca565b2321dfdef25a1f2e156655ee78d579a9f9948ab	426	01-01-16[07]	87
1607305206ca5a8ac37c639ef1750dd09fcd115daba30056cd008f98e211b10d22881ad07b0f1be9c5f3bc8b92655d874a5f4e65b933750ddc77684740b268c7	427	01-01-17[05]	167
9ad88b0df3e8e9da3ff94defcb00c5baca97502b48ddeefd23f27fed605ee7ff23710277721d342c8c0b009092b7c92178d6488fd79377d5fd6acb15a8c8a180	428	01-01-17[08]	83
fc5473d526614cb8937f82c34481d2fa6616a3f7cabd0202fcb85e682ef63332089c48294c034b08f43da7ba5d8523988ac78436a56bb79e0f3475cfccaa9995	429	01-01-18[01]	99
c8735c3bb0f4ffc5e91894de00d579eeb5cddecc43fb56345b6dceede2b990f79f4d4bcb0896acb13400c44db17fb0eb29cf0b8f6bf49335119dde332313c37a	430	01-01-19[02]	935
5f91c8f329e0c11be6f49ed22764384cdc6f194fd683c4df815f9223a9ee542989865dd190a9dd02eee441b67b2443f7d0e96d3b71571e5d8e322f202df90b54	431	01-01-19[03]	78
b730310f0420c39752004b25293a4ea988df1d36b8275bcd7211a5eddf5028a7d5cfc357d4c2eb6652e9eebe79e03eb4daf03b41d259c15aef892c3cfd63308d	432	01-01-19[04]	106
8d29db7393170e69f402982fff45d7dafe572f4df355f0ccfbe38c122ba05baf13d05fc04c684d2166b90d2f27d12eb0d6c8942c90ab5e14ee753937594ab42e	433	01-01-19[05]	553
3ea7e6298283d5acdab1cefa5827e82847553ef3a393c0703a0fc30f1e9b296ea4c864fe1268b18200b7366617fbea4aa99137575d9bd926fa8dd500e39af171	434	01-01-21[03]	584
da3fcf6e450dbf1c24e4329324b2a8cc282f7ecf1fb39d9d19d9db8edd9f7a0498099fdacfd653e8fc068dfdd38b34d3ed9cec1a2db5e2d6f4f497350438a885	435	01-01-21[04]	96
2a6b9fa8c64c5ee2c1c45a1160f544dc42e7facde7993db3345c5e0aaffc74a60c19524dde9db8c8504c0b2acfd942b6b1b4733f9285bf5c26ad5d9f181d0567	436	01-01-22[04]	169
162298572c331d2f014cd7a19cf963c18133ab37263aa912fff27707525f76ff62b0bc2abc7e04450c3b229a32c3e202800af7b65cb4c2ff84c59a9bbbfa43e7	437	01-01-22[05]	81
b68d54b2b82a2f166d26a3729cc25d45e575cc64a376802a5289276024df311a93c39d63638b16b54059dee56d835a6f14e34f5d9d79f6f9a6d5359015c8ab1d	438	01-01-23[02]	120
2c83c7e0cf3965139e3c35e99dc132972dddf50f1688fd6e93b06cc0507eee8169c4ecad55c25f8f049592126901922b4b49d3ffcf5f2b1b57128de648163c96	439	01-01-23[04]	62
81a10c262de3b95d3d2c189fce13ff886e840aba79b81ada74b2fd292f42473c50addad3ddf1e358f9a25863ff6638453e9bafc31bab953dcfb4641d8c3c9278	440	01-01-24[01]	206
8ad7dae72f87e9ed1c6c994903790e3774a6c5ba4e081622b5a45b16a60b1fad028228892e78882b1b50dcf8a9d3ba93b9914a6d16c55e6175deb628a0a0bf39	441	01-01-24[02]	97
6fb03889b4f8558783dd6f8e4b65190b905cf2aa5cae7da94eada2a6abb315e0e981bcb5742505b1a9811e9e13195fc392808241ad07a4af360f69292111d41f	442	01-01-24[06]	241
e2cf633c11f06745135b41b1df8ff3949e91b04fdc5750229913ad312c0186512a86bc743223a634b4f927fb754a21da73d4c5b8470514f0e8db1ef40b3825fe	443	01-01-27[06]	89
3e4f26f183e7938b4e3f9c56f7e0037365217bb3b3aba004e5c84074ff43a8a1497be1f45ce8340c8f18d4fa8c6ba554faf0d05322df05b066a7700916257b34	444	01-01-30[02]	339
8a12fcbb506b2637d28beb3eb9e4776a52bd13a045f495897faf35fce296a79ff13ac1590f3b6ee5a4dfb54c45d77e1b50d2a68cc0c94d515adf48de916874b1	445	01-01-30[06]	1200
c939d5c0d4a9570c9d27e5cbc00f10cc76c505719355c3082e9e47d898315e8645918087d556c9cc1167b23df83eaf057a7bad9683103d05dfc1a070be07f51d	446	01-01-30[06]	765
bf9fc974cf26fb23797c86613a00605281d1bba75ad7365b2f9b94c180c510f975be76323dbf6a773fe8118dbc57d08d8849ace6e74a45e823a52e715f4aaf3e	447	01-02-01[02]	421
d2c2e95a69075a71e2de9943f2da944c528b412b440c52975f5d327fd27a57d72a767ce95e4b3898bb163acb2a912084a8be3ef35e7d72b6faccec6391198f4c	448	01-02-01[04]	86
1a2dfe7504aa2a462408724336035d9462c889dee2181e1b9e36d3b4784bc5cb558edd99716742223449a34e2abdfc75ae702605f68b76574e17fc5552d55fa0	449	01-02-02[03]	198
47a2b2a7724ea077db8a4292dd54adf71b03b0f157555e374b672b58a9335152f43747420979329fac4195229e50cb02472aeaa00c254f3617849480200936da	450	01-02-02[04]	315
25979258d5112aae8cab348376fb615b4349eee3ac8d311b23472b3ce0fe644196b8afeedd990cca1aedd24e2e563c593a2483536ff208ff4008aae6f00be763	451	01-02-03[03]	1200
93b5ee1c94b339c077708a0ae50d134120350862c13731f02882a3a37354711167268ebbe2c7edf8c5e85273aabd5f1c5c8bc39d239107c06a7edbf33daff7b3	452	01-02-03[03]	612
fa458da2a440976682b801f41d4625f691dc752bb9893e5fee37b8f282836bc8ce091068075c47dace5d4e8f2a5b32e811b53a38dcc3375bf62cd93b60a07d49	453	01-02-03[04]	121
0052eede7439e4fc1920aa56e2c24509d87086276819d11c0ec502b825a8b13712bbbe5c07a1ba9581005544999a741f8d9112a46558ffa3de75ccd51854c06a	454	01-02-04[02]	386
ce5dc5a7e82007693cd07dddd94893a7f12f520baec0828b8a51508150595bcc4e2c50f4e535303f76e3ec6ef7357aa4bd8dd6e96c34010c38c426f00346b3bc	455	01-02-04[03]	108
43dc6dc596a93e1a222ad9b1e8a1cf0ee1c55395d3198094da923528face3fddbda3af69e7a7e1bde4db1014a24666cd426724c63002e374268f7cce648068dd	456	01-02-06[03]	69
9cf431d61edc9d50f562a7605c3fe08750ef70d3bc5499cefcf9c7c84404c3e4e8cee4109ef23c512939040226dc829b6b19c5bad0f8c57f2d9cbea66e5038e8	457	01-02-08[02]	177
7a5e7a41ce79a55531a804b084d2263f50d98a80bf564e6081f9242b7c9fa8bfe5ab49fbcc3452443e7ed601cf4427a13bffbda4c28b56b69b66d9d5e5be77c3	458	01-02-09[03]	232
93a6dfcbc69c8b9bf90e704d5d7b38b6a0c47ca302dc6b097d863f8e0075a2f1f21705893f7a461ad80e1d09aaae173d3cccc6a1be55de84057e3628766d8e14	459	01-02-11[06]	109
43ee207466a9a37d11ccafd9de84f5b3850f886fa0e247e25b2f4eb4e9ff17b282e2dc76f50ff0e9676c7c870ce9721c70690baf60f640b67e6be88495587660	460	01-02-11[07]	95
e4c65e306b7caca0bdf294f878426e38e3d14fab16c85e70437f7907813a03bdaccbe0faf9efc74be8e9f5b7410a88a6f41ff83a569b086d236c82c9947eb0b9	461	01-02-11[08]	143
3c6b741dfbe09de4cfd1f8cb3e5482b58b48b759a756879ea438694310e5c049936c91f74c3e0a218cefc69c4008d5ee8eeb0ad73535fe619dd346af1ce78342	462	01-02-14[04]	197
c76f6b21b9204a557b8e5dcf018bc8fc018dda63c9cbcf57b88e281c1d602685c799049823eca2b381f488e411c5a59287ba94a94c2724945785725d12043613	463	01-02-15[03]	65
52cf312e6874d8e688e24f27d6678128efeed405ea6ca2f8103cf0397d73318306f70dfba6c49fb56566d5f50a0a3f2652d1431d015e533f9d366d28bc3da11c	464	01-02-16[03]	148
116a7af9d8a63b783ee69c9355c0f9ee04558e6edeeb8f65d8de8694088d0a0b33eb5ee9bb552906a0b1ca458016d31f14251159ec2ef2f4550ce1b65ad0c2eb	465	01-02-16[04]	59
105edafd60f90007b2fdf1a46b1bf12ccef8622d695e0319b6b100ee835b255b72eba6dd3b7bab128aad9bcd689f69e5bfb57988c287f8e88d2003419b5a34b8	466	01-02-17[02]	1200
fe8f966aeab7d7b543eb36ae795bcc100ace67ecf7ad515f5b4fb38bfc87678b7acbc454577b9cc036746bd962e704396e6e7c0cd6f6e4f51f7110de3bc3c946	467	01-02-17[02]	408
4a4c3c6da260915b66890813d94c92398ffb0c2cca0f24eb66206fcad9ea395c58e4a798e3e1573f98e04c52914d8ad3c046e367babc8ead3d8a411dd1f188c5	468	01-02-19[04]	55
af5192349d16eb94aa74a6e3c509b68af889579fcde030b035653ebc6a15a4b2108c25839b2dc09736c2ccb751a51737fa6d6d07d9891672b9cc29e3582ccdfb	469	01-02-19[05]	117
56ff3246a0a05eab0dd94b4f28be1b3acee497f5702afa1f8369ddd29fc72d10d349dab068c12613fb87214c3ee421c545623bd91e72cd8a5a5a86afa65f64c3	470	01-02-21[03]	252
0bc22e3e384d313858b036978b2de3867517b7202d05756e1fb39a99b5d839aea284892133363af254a88efda052273582928c02940008de1d781a85aa6c59e7	471	01-02-25[04]	49
8f34c0e9b155d72c6ebe2107a0ef8bf15c470df18a127b0d99efd13fe9cd05106cff1de9bad907818bc4d0ca4693c4314d074f103834e1accc53619ded347bf3	472	01-02-25[05]	127
09eb7c966ebc82dd4eab8c6bab85e7106c8cb63300aba1a878df300c5285a2b98268982777a9175ec3b73ce925a4ceb47de8bf2b027bbd8f5178cbaa3cc34257	473	01-03-01[04]	49
13a04e9ca61b9385b63a8d68c58f0d5089678c0bb03161280da5fa8970a674c3a5270a155754272985229543c27510eaf84cffaf76e253300e4be49e9fc40dc3	474	01-03-04[03]	182
f7e9b4e694458099916d8553008fade8c8e3868d7c08d863221fe7a964790d63ef9610f719dac66c0ecc449997651b501a110e159d0fa719dd6b53e6c8bdf5fd	475	01-03-04[10]	110
3f1a19164f3d7a431e134df007de6ad65915b9a50b4ecf5574b6a8f2e63f26fc362af27b7403ef0274a1ef1177ca40af2933aded5197252fedc7acb56a57f5d3	476	01-03-05[02]	157
9a9c5d23ba0e0b0193beb2653ae6f3a33772e82d15b28307feca23612c07a02bbc14a697a5e828d45121d5536121902a06c905c8e6aac85b2493cd2da853ead3	477	01-03-06[06]	635
185a6504f796c46d9b59271bbe693868990cf4590d77940f80ffe4e042b034cb0366f6af1e4fb04dc1ce8686ec8194f66b711352d90d25ed30b4063112119b9f	478	01-03-09[04]	1200
20ff8f0b0f2e4e95202131164ff8131ca62c5459cb0a6d972d11fb9b892793048037758da3ef293522c338aec326e8e8dc22b68f72cc3390b9c1cd53fb6fe7ad	479	01-03-09[04]	1200
23c52a23a67d58537cc10f632e9d41238188e4f452bc65fe7357ed5105c9db63ab0741a20eb39a531689a8a8284c57257b18dee2c944bc6893fea22520cf5157	480	01-03-09[04]	1200
3839c2f52a57baef2270316d53c5ad0bbe038ed74fd556e3edd585b136704f863546d685911637bef2a34b79dc366f511bddb0c7f40a2987c5bb0f0607016afb	481	01-03-09[04]	1200
853a3ef8a7d33e773d41efcd7770ccd3d07c499a6e63e5dd88afaf73b0887278206ea47250682af8bbe22333eec5406beccc824f032627b90f21cd76e1cc50b0	482	01-03-09[04]	1200
f0dcef34269c8617f08d89e136d387c70c5c01db3c0db7e7621dcdb4d6f4654c217f1948af5a33463494e01ee0be3d619d77ab5f2d6e4fc6476f8a4d6e5f2393	483	01-03-09[04]	1200
2235980c3cd90b8fe62dcd1c5a440e3030aaa3e069f27c0f3c129c1a0341e2198b0ec674f1d2a474139ceaf47c648b666f5c2b1a173782b562fdf8720d55cd66	484	01-03-09[04]	1200
015f8e5fc54a9bb0ecdc2c515e003d68edf15c051b56fbcea0797159c9b4d4a1a6c314e74b4d5d0b9eb020e43a6ffbad245d179bd72b4c0b5fb352e49387b151	485	01-03-09[04]	1200
d1fd3bd623c6e2571a11ec05e544a2724b5754a9932bd189e03dc7284d1ebb48aeef70fa3621a026044ff801563f5b2a5e852c6bf286b12bd43a68c6db6ae181	486	01-03-09[04]	1200
abc8c9e715a378a9aa52b7b3f6c35857697c550a0053efad28236b1fccf5ae05abe792ad742f30b7653b565704c8932f8287f0f6ff2a61c6fa4bd4de3177eb91	487	01-03-09[04]	1200
1aa5fa410a0ab79ac4ddbe08a91f229e42b3343102118ebbe4a4c53a8fe9e99737048cee42a980893bf2109f4e5390ebc03cca9a96ad62e4874dcde1174d3132	488	01-03-09[04]	1200
b62fd5b6b4e542b0d829267fba616f8235e42a01aa09bf907699dfa897f0e3eed4472b22cd4da79291c81f83e31e7692670155f8fee78f557e55c95e65d3fce3	489	01-03-09[04]	1104
787937f8a48b8a7639d89ec5000e9d6076882c208faac60f784e5298d52d877aef0fb5a9ad68427cee03f51343ab2e06c4e3691403d387a5ab190021e15239be	490	01-03-09[06]	584
f96247e7d7d64cdb31c523fb24712efaf811041b9643eceed4077b905ba77da413830cac59bc99f9cba4bb41aa6d6aa7fe2e225f2da632876959201e1ad2f10b	491	01-03-10[01]	92
43f8fbf568b9a34ebf95b8c1dbb20f831a69b9826db2ac18259af4e9e876c98b73456f7b366451aad2594efab0aacb5b75ec286be90e69831a5c93acae44ce8e	492	01-03-11[02]	93
d890fe7e22f06ec30e90b7701f90c69a0d2d2963ed3a5792f2d3ec637abbb7ea2680dca6ae298a8a6cb7c46e2ef5deee9089077d7e4114e3acca5479c23fa33b	493	01-03-25[01]	1200
206988c5581a89b88e10ee34f61d908749d16d9a3ca09405e4a13757a221d71b9ef084322c0b3d9e5681117b4f864d0357ba44a02cb2e71a82de49fe4230296c	494	01-03-25[01]	554
93591a56e4896d9e42f7d3dd32c3198432607c66d4da6ec8805b61750321682a732f99ea2cbe32f09461db1f381674a985fcd134c6bce9d256a5e2e3da6d8a1d	495	01-03-27[07]	104
1d204ea54ad46ffb77b902ce2544e3b5a34383253d6bbc36760ef3d24ab6dd1188921dcab7b7ab5852d284b40fd3a7b5d38e8d2201d1d438891419ff05192afe	496	01-04-04[07]	244
4755a993cd2b97f866cd1a9061b26f08e0be16d7538bff9c8df80831f4e06e449fab596dfad89a70c49949d38fbbdfc9728c50a0cbd7d3dd3d8f6a2ea3fc1af8	497	01-04-08[02]	380
884555715f07b58edfe69f32a4b2372d390d187ed1dd4f2df9e7634ba88ce2b6a0add709c735d37a64cfb244c0e4ff3a4d75c499a9f53cd751e8890d811741c8	498	01-04-09[01]	244
3d6da96e5b1dff8b091db550aee7397e328e69103e7330a67cd0d3b4a027a86e2fdca20359ee5f14d1fb4d539fb0e80d105492b5bacd02904912333c5607b1d9	499	01-04-09[02]	529
a71b8655077c3a80f1e1672073683955de996971e288b81ecc26e1ffc2c8bf088728b69bda94d5f95adc2d31f989549d95d3c6db3f1a51e9709c7480dee87cac	500	01-04-09[03]	571
46a4fc5f21e08c00bd5f8900da5a6c346458efb0ffefa0c3d22970c97bf2e30b74d3cb28525342553e6034e91e0620fb67283e2163245684f8931cf23d549e04	501	01-04-12[03]	224
cdb1dcf47ee2dcc07afa1eba73a5a13050336a9665843c063ee54c373bcc269dae4c503525396999f95445e7bab217db871358780f22e7d05518dae7d5079163	502	01-04-12[04]	1200
88a7dd74a6e68e1d03c48664481d109aa5325c6609dc58cf211505ee0799be9695be1363386779c56ee7a4e6b7f0fafe34310ba68abf97ac910d2e84adfe1b45	503	01-04-12[04]	1200
e03ee477bf4ba449fdb945fdb595c90370ddfc3cb2f6f58ee1b61946bb105c746b7a7e6a1c2f948a94f4e47623777b6651501257969f7297a24134e34d029d4c	504	01-04-12[04]	239
527e846360f0f922f3e5d43ce4f5ce4db23c8173f6488af4308fd80e6bac3244b5bf061450eae78bc298712badc56b1309c34026fc548de8e46a7918f078bb52	505	01-04-14[02]	371
41f0ec17f35f79de81e0376b35da98469e39981c6879a5e37c55c13022ec26669565e084c00eb52cf0ee7cb41df5d22429c19145c0faa1ef55a1aeaf787f2601	506	01-04-15[09]	66
ddb07a0537a721f7872c641f67ed76572922571baf9ff3b15176ff38ce1365c1464f00aa53a081d5a514b718ef2a228fc675e7c2f6debbd98b9a393186927434	507	01-04-16[07]	249
7f40b0287e75afbb5148f2add92bdcf1167d346090cc778b8ceb06b86d86ed6c9e9eeb602424634df707f708990691f4894f820b175721d4dffcb2423fe26c76	508	01-04-17[05]	376
17fb6d6c833822f48004496db8e63feb8ade52aa221b8d00ef70a33aa880c15f0458989ef32a5802a81291cb8e93fffe87a20bbf3dc9c9f2a098531ce07a0e6c	509	01-04-17[06]	528
aca0b87f3ff21fda6b9e3c4bee36027355bf05c741ac7528e46b56ddc74194882685338be90631404c75fb6c2eefd1bf922b719f277d836f9367db50ae07db04	510	01-04-18[02]	72
f306b7e9e0988947d9abfb442dad5488deeee91cb45761e35b9ea02c47fd870ea8d422d1433942de2c81b4fd6d5dec6a576e2ab0d81eb631b2d985eb582bffd2	511	01-04-19[02]	580
3453157f118d819679c6c059130467dc328dba0e1a0deb7521f4c5bd99c588759b9582508b560b065b7197fd95d45ff1907ee3784c9ef5b19a8b535d9dedb87f	512	01-04-19[03]	425
e41cb559241e703123ba9a1ac123bbb4da1c672ec6f223746860ede82775c81b59c71f96c1e50006c39e4f2886f7ad2589e549aab79c76c604f5dee809380a88	513	01-04-19[04]	138
0c226fd120f5eeab23f58ea04fb16a00244691ecf10bcdad2ea2eb438a14deb8d44efd03acfcca69baad42a66b9d47b14045490a7ecb38508e756279afa86f48	514	01-04-19[05]	336
9c39c6d800730f1854fa0743c165239965daaf1799112e445f8de05bcb13f785f591daacac376b48c40ff398b7d979d9cde5755220e339d7667c9764cc3490e0	515	01-04-19[07]	75
9bd0ea43077450132b63d40f6c924f341be92135689e04c28f48972eb6c35feee9d473ffb81c6b2ea1f7d9654b66825f27391b52de1495468a2c2862a9323b21	516	01-04-20[04]	585
f8289bcc3666f4efb16ea8b2c579f1417b1aa5fb421260ace56f9261f1ecd7b9ce053e16fb87de1654af04e346c6d7c689854c35e300257f8fde1932b5bc36f7	517	01-04-23[03]	172
1cb3083691d9263b02c95e6bcc8c6f8e167b96e745c33409ea015893d3df31a30e35335ee326deaad4a0f6a911190172c38b81438708c7afe8fdc418f321ddce	518	01-05-07[01]	557
1bc2c0fda14948a0be6dddf097e2470a1dd8b5482babb491379cfa8bfa679d6b74731fe83e8bf2ed4e68b6c45770b1b6e1394c28639d6149b859d3e51a00d055	519	01-05-07[02]	778
3c1af4fcce0d9c6b253d3c6c17eb4d6f8114629a513ba8f125f6cd75a34362d6cf58ac44fabc07014cbf31b20bda4d4dbd3409b326704d28c0f39b7fb04429eb	520	01-05-09[02]	594
2df5b2b1a245d745f134dca9ac1410e3eeed91907d737bcfc18e2738f1e72045bccdbd766c79a56e64a7b25d592395e2cb57cbcbca1fbcbce9ae6181367d10e3	521	01-05-10[02]	211
2e795cb4133f5747f1cf93c4baa24a593b5ace9e32ea008e7c7330e4749436e2f411cd2d9c361f1f0e8c86cccddd5185cbabb69e33974c1314330148d75077b0	522	01-05-10[04]	53
7b51c295dad69729e87ca36a2efa5a974f446594c567d5991a0a46b44acad893339a03b394c4b3586c0dd7f5ddecb391d005a6773984c4ae88446c07a5176305	523	01-05-10[06]	242
37e361c901c4075e5e4b9ccddff7b3a849e3781a723e7c2635d798fb3064126166aafaa5ab86ec266dee23b8f4f05ac57b76ee71b1a172c305a8888d9331429b	524	01-05-10[07]	374
c15b07f66c17790c60630f125744fe96928d2ea74792b3823fea66259124fd898b9f81f456b907628b8bdb92d1466bc0355d18e2898afd4f415385592083208f	525	01-05-12[02]	544
7953404c0b4200600d15d1faa5b312e8c4c837823830b92f791fddae405d052db8dcfd6f0f1463bd345b2f20d80936cf21d0d52f74fcde7ed6cdfc112103d5c6	526	01-05-13[03]	759
9dbec58791256076fdf71d36da55bffe9b2537af0f92c98106500d9fd93fbecb9d4636a9142441f36b7a2cf1bfb55054f41a6d00a09fa5e6bd60d96f4554988f	527	01-05-14[01]	462
a5ff9e831dccc3f312792b848242d3641bcaad4e58a5b29f5eb3eef3a7881c56ca6f7c16251420411f1693f05493d02e548308dbe9ac944140a07945dc267451	528	01-05-14[03]	51
4a86da1ee45967cc4b3f5cd604a98f807e8d47baca693c6711c4e007e17bbc2622014b29a03ee66809af0932c1a2f1798c989b9e931c4b979aef48eb42026c67	529	01-05-14[04]	719
fecbe98e92bec36337a08b11f68ba395cd2eecc7b9fe84df4ea7d79611e862ccd844a28aa0fef20a16ced685e056c98e63e8277d0474f273bed3aba33d29a403	530	01-05-15[03]	271
59d2b0647218ca42a1b8e59c7b6a2c6458350e0d9ef3ac54deebdde63d8d4592122d1ce508e0d8b8c57987c9182435430b5d96cf994d779e06facaf443c19770	531	01-05-16[02]	811
35651e1e6cd9e00205dc99062e6141b4c3006ccedb6fe4a6ee52fafe885ea5b77dc7db12be6756bb46bc0ad2778a55fb728acf9f12142f0b2d04ab2ec27ea326	532	01-05-18[03]	406
9c1bd45b21901e531e4e82fa73109706f99b80a60aa286de1b6d36213a3af6f297061c01882abade6a1dd96020210e82c21be3388a995ec2d0b6e75677345fda	533	01-05-18[04]	358
142d1fbe4e019d48a97202259810d4511f6b8731af4eace2a899aa834d47cb4e14b4f3f49fae1880899c9432bb59a492ae0c68ffa666aae12c0583c2c6b3c300	534	01-05-19[06]	139
86e7b279e6b95fd7248d4da04c4f4f947ae364969a7a347015567ee31eca3ce7d9d1de6619736614cb16c8262195f47166510bc95f970cebdf50f30e360a4a13	535	01-05-20[03]	179
e3fd72dfae69ff71c525c2974c1ab770d6b805a238d7a4357d81226211b55d72e5413506cf330fbc0913728a2b6edaf707d47e6fe09a8ef6d9b0cc72648aebe4	536	01-05-20[05]	418
664228f8aae395a28cb9de95b966f05c74ed488202f72f9e96e1ade681d4dc100036b9d6698ade8ecf32aa78dcd9ca9c74ba8e0bf71725cdae11c28b112e678a	537	01-05-21[03]	122
9d6f04b2a6d917e80ae90436185b7f1e1eb0bfb65ee3828cba9dee58fe589add2f378019124b8d76b701fb83a04e6b3f9ddeb1623e1582cc23083d34cbece8dd	538	01-05-22[01]	933
72d275620511fe6ffb059f53f300016f93a412cd0817db998190b6049669376c47df0f81184cf6043ed09f7f81f7cdac3bd23830d3020aff848fc60be23eab8b	539	01-05-23[03]	441
438681be84ae8d6939de51f42bb06ee88eef60ca5a84caa0e3b9e25df29673f7ae6d98ef49282f6fa8521343ae1f23149002de66a38b121ca9ae6eb67b4edc60	540	01-05-24[02]	59
0ca7f4d3081283e1ca4408979ea72047f659f5a7d2c142f7da703aeb4124940d00bed7a0d41ab5da833a4aba2439871de43775756a69bb2e7db27af5b9db4317	541	01-05-24[03]	339
f52092406ecc270532ed4abc122790ebb32a0af8e17ff9528bdb2657010e8d0bcb1633530ed00d1280c68db7b319e6edcd9f395dc437b75a34268c9c3d61d997	542	01-05-25[01]	879
62a769d73f0c80a18da29111a4a3d39f179aa74d7daf33c41b4cb317f567955087602f9c5e4b7ab73a78aff20f33e47bb48852b84a791f7814409d7afc9454fc	543	01-05-27[03]	199
e2ca60369001b6b467a5ed13d393fc830dbd8de85024c3e0d564fddb62c64ed8857d5e9102ec87d4a077c60911a9be322967445dbbe81daa89b6df5c6fe65634	544	01-05-28[03]	131
414ee4c7b3f5b0fe01cc5915790a2dd03228d8e0804f8da6a618dfa2306d17b7167da03d1a19b4a4e77aaf91fc54275b3fd8975dd4c7d317a0f6d353232559c9	545	01-05-29[04]	107
f2b74b2a21383c255d92f258bf1e2b0189cf5b02ecd9cc7f66338d8adc62daa5034371ed413ede12c90b0aa76bbfa2aad2d20c2b416e8cee509c9f0f8c66102a	546	01-05-29[07]	1146
428ebbee2b45e67f1b3c6704b8891b2b0515abb8a9b7c53a89ac0b41491f22da979a9228eee9d0e46e8cb1f19981c2c487bbff6026cf652b0c9003a8bf566a2b	547	01-06-01[03]	142
1f124f35386c8fcfc9673c22b0d18c1461ba1e5af8a7fdf52db362c26332f6736ab38d1076d5f44dfbcef9479311a5233d0bf4061680d0dd57034d83abb16975	548	01-06-03[01]	40
fab308486fc434a99c791460bd05ea44786e94238fe74fc286367641eb922a7e041c0323ea46a2b415fe1828e92a75a40f93a7d7fc6804da34dec85c2697c3e4	549	01-06-03[03]	372
844d35d0df44a58e72d9bb57ac3ec029a37a4b3d35a6d990c7d6b2483f94e2016ed189f52ba42a628aa8c1a55b0c07cad5764d06fb018f4f7093a611a02731f8	550	01-06-03[06]	101
43e200e150f35911aca1383bc707366e720619f363395e3aa346e74c914d604d58a0f200c955353aab3a7d65d4839dcc2b3bcedae1438145b118076c2faa6282	551	01-06-04[05]	113
bf49dc7f3f773e4728bb254299efa4465fbb90a152e5f7da631f0f88fc84bbd38763f15e3dcc9038ed8e77f8041ef5998c55ad588a0c2fc45206ebd19d35ed2f	552	01-06-04[06]	52
374329c4b201f2dd2e7da1acefd0f9f54e04034db6d6d45713e90b43a803b7c1f17bd6f7d0a86fb1d761fcb351a7da90700dae5cfa9348f34e21e69a2d6b1266	553	01-06-06[02]	231
a2e0a31a1f5b2e9574310c3600c3a739826bc5dcb4fe27081b9ed6720b04d61d2b45e22e391e63395d698a8737cb1c2ba798e66bc0a00e106c432298203cd13d	554	01-06-06[03]	164
230beeb7113865470fa13563427e05fb1b269a82880a7d50cd2ac0dad7a91265ef02455e994501138cb20d91122da99a50d047fda8b30dcec160c3422e5af683	555	01-06-07[03]	661
bd078921d31538b2bf2bb7daa60cf296f0e017e227d6dd42ae02440e5049a013a378f0182eca2f861c5bb20a138985ed34c34ce79c807625375847493976cdd2	556	01-06-07[04]	108
b3f4426c8489a53b3dcf5732a4f81f03f12b0f09d99dbc5754fbd86ea5b7c089249b8882f3513a3a2c3de1b0db1eab0dbbdcc6df9c483b1b59a8709b2653ee8c	557	01-06-08[04]	156
da8fe4100971afc4579da9fd357bb92b739516ceceef6228313d45909727e352b21e3b4da20cf180debdb72ff1290cfc20add98145954e244a9055c31957838a	558	01-06-08[06]	405
222d2d8b9d4498ee42ce17652ab3952eb59b65442486d6fb3558a9893399ed0da78ffae3a27ce0d0657e9bd158b747133a9b1661a7e118671bbbe48ae2550c69	559	01-06-09[05]	1018
f1a041d09126adcf4f7aa48738e239c10f7bfc4b9f0849888fa8b99feece8b64fa47206251fc7f1c721b44acf353d87907883d2e717129162f7561917af42b41	560	01-06-12[02]	121
4751b1e9c80d205181defa9cf34d2ba30783fca281729aa4a9ab55472b31a2fb58791000195842ed2e7dd7b145e05934470d9d30f068f4bbdee925f8adb58676	561	01-06-13[03]	429
45478eb506e1bb96d76139c0a9941781c269fd761732f221df678cb2dda9e1291dff0187abde71f93adf07cce3ba78322d14b80f7346f2db431b4bb46b1a050a	562	01-06-14[04]	124
e0ed02d0e944a1fb1d84fb36d2bd47d60ffe22451f1593030a6130bfeea65bd5f54d41505feae93f509b2fc8f2ec7e362101426f2ae63d7fa415fab48a9b5e3a	563	01-06-16[01]	90
90b90296017f2690ca005015c9891c1940bda86bfe1a8ed73837bbf6825495f03efd2d556c6d462b55ca9715ac5de935376a1bf37d7f7129b543969443938ec1	564	01-06-17[04]	267
8e6727ebf5de24639a0638186cea46ee5754ac01e4b5f02f683fe7221b433384ef3d9f97d9cd56e560bc23dad239dc50579a9bc5df83c3755c48069a0fe267c4	565	01-06-18[01]	436
96ae1a877419be42f66d4b9674e710246fadfb0f2ebeca9635a44704875255e2e9615c228ffb9a7632a5b82ed07acdec0b72cade427ae5dc64f8586eae5bb0b8	566	01-06-18[04]	285
b6240281174fa634ff4420d45412c7f8d5d19f6c217e3f490abcb5df7985ff7c17dca4e6bfbc23bf573e20cc6c324c3c6ff31532eac572fcc609754fc066e127	567	01-06-19[07]	94
937946873f42441abd36a81ea9ed031fbea7082d3d0a09f2bbf574884b8293b75d0702817dc9f73a5ca879927fa97f87a05fc837c728adf8550e1eb4f34caa41	568	01-06-20[04]	814
1f4991168c4231f934eeccee4ff83ee45f513fbfbcd36b458527986459311c0e81a1a44191b1862b067f4fc499afb387aabc1e9b557614f41c9a554f81cb3b26	569	01-06-21[03]	335
2e028e40079fad741b896b28848ccff60c551f844453e911c453c051a202f5bc2e787f982e74c8fd3093ccd0f659ac46a910a95d2f0d9fa52c51097d9811a675	570	01-06-23[03]	146
37e60899199bcf7a78fcd858cea24bb43436f0a8a044e20b5632b4f8e6ab1f018d18d4c936f15ca5fd2cf9b84094bad985303418ab041a80ccad66a23764170a	571	01-06-26[03]	630
756126ae9a38221d42bed2d486c20bca80fa7f01d0782f488c85643aaf4292f9c3493bc9c6b0ad537fc36b66edb1e04592739b605b5550b14bf4e983ae2bdd37	572	01-06-27[02]	368
bce387f75533eb6e8cdee7675891f8d420f63f66755b604258b796aef0e0af1d109ecfd0f0421d7e6ae509a19b537611d8cb435e1c85e82b295f17f355bab53f	573	01-06-28[01]	222
127bd9c07d039df8e97b36f9cf61b20ecb98319999e1aeb4fd6136b076f9532ad541f9f13fbd971d17cc772a68309751c3ba7943db22829ee7691ba493e6e0e8	574	01-06-29[02]	783
0e01890a194c490eae9e5e19c3ecf86f83462987a5dd27a6d34edd9254c53d117665aff29cc6cfb16a9ba207f0aee79bbed0b1099ccaa75b6e4a7aa274e513ce	575	01-06-29[03]	512
137f374661290f32dc33be36cf218ad1a026b221083e742e47c77fedc1aa77aef91d4b8c72cd6a7d54c627bd5f2da8e380e438d314e0b6f6e6c7aec4e8c2e0e3	576	01-07-01[02]	291
f48ee801233816a6fee3ec8127264b19b5d3350cbd53f60e9f2dc69a6a0f70fbbddb0036475e7a91f6e2c31a0349217cc0b0fc71fa40b824c393d1f0553ea3e6	577	01-07-03[02]	67
3621d6263cac83bc9923abcb2e34821c60df4258e47404ab43701912590c8d7bc5f7cd1535a46ad0b1925525bf3dbc948d92dcbdb9a9a93b7b88d14e07a7fb6c	578	01-07-04[03]	68
163d6dbc5e6c84d730fa1d3276fa31df28ad6889bfa221b41dc5b6ba6252c352b1f505ff46958a528b054fc842c5efe9c622bd9291abd714dc8ac90ec0015902	579	01-07-04[06]	198
ab32b5b0144c4b1567f092977bdd66a4f89ccab1b40aa0222163c2b3c4f80c825a5118e3edf0e96f4df5ab64706b8640389bb2656dc4128f19f55c2f6a01a3c4	580	01-07-06[06]	162
b430d21ceca7bfab1cf088f12432ba17eca634adc81c0c3d716f866340e0663c5a752da1bd07e597b847751c144ee4d7af08a6bbe8526f1485ee8d9af88d5a37	581	01-07-07[02]	641
0af38af46e3f6d98931c1cde5ce52b32c920703a896c19ca1aa3295bb93f8821c6037930eaa9247f1388fbb5da098b0f931713fe381f4c2c5b532770dded1d6c	582	01-07-09[01]	69
607d6cc96da592f623617284d2cb327c2c8f5ef3e7ebcf06c5ec31688f2addf3515350eb04cd7ec1c992ff0f26a15b1103419f82e985332298dfe4978619b156	583	01-07-09[05]	400
692bc5389df29aef374b9557cd236244ab2241c6b0852986352c0e98523ddcd51454f255e5bbe0eeabb038ce216ae07f390b696276d347bfb3a634f70009ab91	584	01-07-10[03]	124
42f518da9521e48ab4035e327c8855e518b553074c7f8935727d12e65f2cf69a9ec259abfe4d69f4a29f6ea4553fdb2e452cc5becbfa7b126f4cdceedbbf4c3b	585	01-07-10[04]	65
4c025e81d5ba8850699b7c6913d017e7faaa494ba38f48734f648b20775670c0e95fd6e2c2ba722f7045032c2bc5cdc3691a37f3e852ecd1e85f48607cfac959	586	01-07-12[03]	1164
2a1c58b990962f98cb4bd127b8c304d1f292b3a7440c79797f7c97c68bacf0af07132c2545a61bce6eea1183f7e3b6368defa0a7060beac2d2b10377d5daa320	587	01-07-13[03]	62
969881e8e340f3d44ef3bf76270556e5bfac70391b98ff93b7b3e76e27b94821583ac0082fc3ee1a43dceabbce9b93bf134fc746139930c9b9102e679a632c34	588	01-07-13[05]	1200
4b559afb6cc69bd6d87e2814e89e3f3742a163c5fdfb49970ec42f3b094cf38690fe1d1eb1c88504b6d6ca34dc64aa218671bf8908bb969e2305f0389009b84c	589	01-07-13[05]	380
cb38cd0d791bd83d7e014fefe57870af5a59705b92f5f5a6db956f69b2e9bb3c6a3d97ec32628012f66e832ed913e74f5308b943e4888397dc82f906f5684db2	590	01-07-15[04]	80
255ee4546bf752a0163cb7778eb1e58d86acd069cd040a3205af0435097312f18a534f93d73746fa07fba8f232eda1fa6306c71f5f94d17061e5c101d9648a58	591	01-07-15[06]	192
c678afc023130ebdd2cf432d15fd487035d2db33b0c26bb25c80d61c4068878a720b90a0b285388fbe9eff5192414d01ad4fe83e3c6a35d5d1169f08a89751ba	592	01-07-16[02]	122
afd840bb1da1f769be36e095f1f8223b3fe897fc6fcb07f1c0b445438db39f64a74966b5157afd4cd6a15f1dd7614ae29addd803a7c7c929fc9670ff23038b0a	593	01-07-16[03]	87
098a654fd3b21f8291f1a1d7eb521eae0e47d107ff4c76ab16e17a616367fa5abe7c21527216b0fcc1f2b474570266f95adbffa3a0b1d3171d8cb6292872cb30	594	01-07-16[04]	75
2db3d817782063e0a5fea1a1e62c966e54a007a92af49b9d74dfc3e2ce93605d5b362dc2d186662bf1bf98b94017fb696741cd2610e3c6ead5044cc6b39df170	595	01-07-17[03]	176
cdb14e29714d27231cdabb58826072e5eeb105779ac55ca684cdef7db772efbfa8fe08b42734eb108eb3d8f4a08efdd5f272ac939bdc1917e67850bd9dfb3464	596	01-07-17[05]	1200
bc2ce1490a4a6602df88d0aa868503cbd6ba4568e9ff81ae094bb64fae355e6085bc432c7a4a5ed9333d67cc10167080eb4b6de8cd77a044604f9f2f419f540c	597	01-07-17[05]	1056
1b4cb93cbc1c699f93e4097425c402fbe21526c2ef3bc8bcb078aa97a58914eb753357096a5f4ca96b36ef66c9af61e81586204c9a3cd3c1c9d0b3714f5a9960	598	01-07-18[04]	101
5fed78df44f4121bf243f05471b5ee78f66ead4d58240df8588910bf37d1a3662a65bc49710ac8c741e280c1428bf952a713c73a02fce83f2c7ca544ec127d4a	599	01-07-20[03]	78
13af110bff2f0f43c9148db56100358448c1c94ce34f6c75041fbe518ebb48ce2a5a86ca5d97b14898ca02f99f6738abf031eb95153767af6d7fc12dcfb86257	600	01-07-21[03]	114
9a5d3ae24577c307bcd673e8de9ae8132d4563fddc20a1c35bfab483ed043a307c8835a387e30e2e18b00394e5544fc6971898c539eeeb6bbe8f8bc2f17af1f6	601	01-07-22[05]	367
8469d98df78c1d7570e5e99dcfe05a74eb77d9dacc9dbb44d56e2b11ce81739dbfaf52067bc81a188f93c63afaa8ce4f57ac3e38ce50366efe9a783498594e20	602	01-07-22[06]	224
f231bd471268bf67d94420b86c64b406cb66573b284ddc57b6793086650b4abc0ec5c11f048688a095599476a325d8c15cd08265a98e9ef96255c754ecc82aea	603	01-07-23[01]	147
b4f6d9868a8808a156667db344602a49f817375b82333f7d261cd7a5b2d7e42b0fec5c60a63364cedcbc2fc92be967dedb61a2e31bf32b474f22eabc6aa1e71b	604	01-07-23[03]	85
b8bb72d0df8b3998b2f1bd70b1f0bb170cf3f0f66af6c4a3bb1caceddf414b5ff6312db78a95a01f1b3b63119124c3c4869167f46f53bf10b830fc68c555d0ae	605	01-07-24[02]	74
3b308a785f9317b8a8f74d67a09ae521204a3d68b97b0385a21aeb1031a7d8e22b57faf22f2d03def8d0673ad48269540cc9e7e3bee1e27b5fa1503623971924	606	01-07-24[03]	181
ba60e362743e45e21cf86f71ec81f803ae6a3ca00184241b71092ed61a5dc187cf322e38d0f447b439d9c0c4b18d3929b8d6417b57c01b4f58225f67ed6c55da	607	01-07-25[03]	532
3c04b00accd508680df95d9424ee8eda11f8fbac04dfd0501323c6724d680df65f1d57f40fec102d18261bd3d791ce0f76e7961eddb5344682a22910fe3a3108	608	01-07-26[02]	310
69e30677f4d44af5a1c0a91db6392e1fe776a242d9e0b3c03520fd8567813a2c1be7ad19cd1ec1dafbfab78591f78963da22ba11fa920e131cefed80255dc21f	609	01-07-27[02]	995
6e117f091041599e537e23fb60464c7ffa0a4b717fdb7f06b55314a93f20b0f62852bc6288b4f716a7de355443413c1e435c73806358923d62c49562a3a021dc	610	01-07-28[02]	1200
d5689425e5123b63755d0b27cb0e7cf7639ca43e562d316b881fdfe501f51c1f362f454db676ed598d2513fb385bb21d674fba99bbae819c5f7b8122b441f8cf	611	01-07-28[02]	1082
e77c1ce36e178257b2bb44ffd8aa20632b1eac52f683e3c02f7e6400a459919838a95a65b85ee39c9d2161b9ceb738aa271be332717e33e648e846620ad5e03c	612	01-08-02[04]	254
4c21e3abec6c210038a16fc19d294a25691ec656f58596fa129ae555b1f651b099d9899532548f0e073fa59efbcca8afe467ffe96e158bf1815791b5ec0e8a44	613	01-08-03[03]	90
c8ce9b852b2d605cb96f300df525212f7c4e59c44e52f8d6a2f29a1a6b738f6b808ea8bbe60465d3749b00e27c84afd40584a8a73fc043344af6b994e2edc159	614	01-08-04[01]	349
0a7677c1c697f440b14f17290c2569964842c91080b9db74c597a3138b4318f064f9ccbfc453cb2b585d32899a669d91ff758e3b55f182634e7bc25a29af7020	615	01-08-05[02]	276
44a40977ecde0b4c2846dfcaba0bacdfad0a197b7ca2a0460ed61204de4544591b4f7141ce6eae22469dd132ca6534c1dbac29a6d836d6157ac7ab75c2c50bcb	616	01-08-05[03]	318
40767dd3d6e16f838e307a61480118791caaf277e2879775ccf1f84c8ad3add3ad1f5732dd054d8219603627b6a1a9ffc740ca40674ec3f01083a7f5b71aa69d	617	01-08-05[04]	56
5e46654b8992cd61fad710f7908ab592a1b490952ea712a03edc36a04801f0faf617e9f890eba270619dadf1adb1156aec4113a47a6c01645b01046f684852e6	618	01-08-06[06]	280
dd6359b1a3aa441ec6ef9be2c4fa012d5e5645d962ea7eb6475fc63ff7d03435352f1b3bbb42c08cec7f36e61a78b8ba433f61f23e04bbecf513ea4db302e29d	619	01-08-06[07]	84
67b7854b2413e7c3e21a498486af082ebde7fe308e1723629781fc59a9582bf26b3a49a840222f3607ef2cfc6f97d567ff17bd6230aed7dd75cdd70d41277941	620	01-08-06[08]	683
7d088de18f2b2e0bf70a9d57823b48c9fd9f46aa48f4dac316414c382b0606e3cfe4f67aedc79a270dff43e141d7f2fc5d9f167b5a461c0d4d78f32fd7c7162f	621	01-08-08[02]	119
ac19157c98b21cbe2bc13c11081d7ee9f32b7d46494c28356814654a385ac0cb53486b73b4e0a7a0ea6df9cee797463afb16933a3785f2becf71fe2becb08a0e	622	01-08-08[05]	208
347363d771be91352469e2ed2e2c752a6e274fd2bde95556e1243057eed45dcb805a7030dbc60ecd7ad3e0a72e1df7bd219ba9c4678f1755cadad4278e8fc684	623	01-08-10[02]	442
8e4ed7dfbc5dd0a99114515b0abd553b247e2814735a3440c89973ca7e5893c7ce745790b5017917417baf7c0d4101f8ab8ad723c57969cd9fef9fb94eac8210	624	01-08-10[03]	452
458321876973b608a70d1b92786d2ddd2977a4bfb5cec7f4aa0bd44fe18db02cb18be606b5bb7e9e6f60847f84c59e818a621839767c83a0f07b13d10749c6cd	625	01-08-10[04]	97
c80f9f08674f4cef3012d1e2acf897cdca098aafca31991776f1c3e4356b34c5091abf95475589f4984118914707367b1405c1bf1faf8e23f5fd4e83f67fce31	626	01-08-10[05]	126
fb24886fa23abd60891d206b6ad9b12804c73d5256dbb848ad6c1dc3eff8b6d081e14e701ffc62b0426ff14f6334edf65ebcef4dc87315108fbcce11f1280d1b	627	01-08-11[04]	149
f08b9b41e130e2bd9f2dfa72f383743c5ebedd9d611ac62028dbada8fb0cb00e2c19397d0028302f6baacdad88b9dcc0993bb2e038653f61abaaa9d73c0dade0	628	01-08-11[05]	1119
dcb39aef94ffb6c61c3fb288cd31ad73908d521c52a3b87e6deebcb39b70f31a998fd772c1caaa18766358ac5daaa74fa7c16cf0183f0b52a7fd8a86c6b7604e	629	01-08-11[06]	196
813a9207e853a4acaa9ab9a050ef0a296fc239117aaffe540b3a917327b5afca472a3e36c2fe5b793752755447a8d6adcfbd6df5230b9a424d34913d13c8fa8f	630	01-08-12[06]	77
edad633b41031de76e7a6ae61725dc595b7555192c95ba3840cdc521367323cb47af5f46156e096eb1d8700f85aede5d77d7e8670c464e378a0502d71b066845	631	01-08-12[07]	167
be6e993acd26beb81ec5c2a9da9c71a99a0cba387fed7273b862ad30fd7c29ad8e0bc3752b21d53f4c56c1de568cd2f77e2210b46ebad3f07cfc65f784127568	632	01-08-13[09]	46
401a06014c99065f309b8b83b18338d581e11568c2a989779d057579bdc8328f14b1d62645bcb36fdedbaa09ad1df3305880a2edd0d39044a4c44ce95aa1e039	633	01-08-13[10]	200
c69d175c7bdb06d96ecba0f24de28ea110ac92f5d15e6f831b4b6423b1b8d268c51201ee529515736081fc7a51e73ddac38d8402d338496c49d162f7b955622f	634	01-08-14[04]	487
3c4b113d074d81a443d63a6114458e802e1d5ea810d61f97ca445ab3e398b65fd3958d995d7457aaa6ff1c31a2a66357faedb95c21e9dde72a6068864481c020	635	01-08-14[05]	98
86e2b2c423d054d4558d271ed5d9ad98595d1d557b99d6176bc9565f1c42bcbb7febf53fc217cd80f64bbb5f9933d8b8d39464697ae77bdeba02b386f5593994	636	01-08-15[02]	99
a788076d32da3408dfc7865dfc8865da0ee07abd1ddb7cdf1004d0f0ffc9795d66e9128400f99dc5b09b3a3a3ea45aa8f2ef727b18975ebee918f979bd50a3a5	637	01-08-15[04]	99
899daed870e3f33b0abdcb8b31320864381d5ac4e3ae3ffe6eda7cccb14d6fe9fb30c4fbce0dba799c8ffbacab0bd6e5ea89cf6d86bc9ca704b0ee04a36cea43	638	01-08-16[03]	528
ce6f1e28953b97df9070dcec1f43f3f80970e54aa74897a607f821afa8915a0df3fb3f4586e305c7ace4ff087290477323915cc00d0cd84018c38bbeb6119686	639	01-08-17[01]	1161
c83a3ecb360e16e41d13e12121304bf4e1dbab1a22b9ca6a5cee2c932d1ad2729fb53ba146df9a54108b2c2657c16c6617a2a8111b64b83ba2aa91434d347b01	640	01-08-17[02]	357
42cb729b725b5c2d055aada30994d84bbe39c5471edd953dbb843ae4a1c14637657e78dd16c4577dee2f22b061a7f4ffd336d75186d969b26fdd031dd2b04a1f	641	01-08-18[03]	50
1577e4b89f34b5747c6b7841d215db503eb3e7a4b05056d5d723bbd4d7663f2ef735f82078249a642a8465add65e2c95219506f2cbcc3b099871ba12c1cce46a	642	01-08-18[04]	92
6ee2201180bc78161165ea5a379db56725265e32318b9c54f0a1eec75c7fb77668c391e296a091d1dadc37e478aa48a0cc5208b33a9d38e8fa01e4c4660cc5ae	643	01-08-19[02]	772
765f3a452d96e2bad46438f2ffde566fbfda1a4ed142d8b6817a8f2b095d96e07a3cee2553f490cc80bc38ce0a0e0ca15f069cf8401385a38a66dfb7a27b3bbc	644	01-08-22[03]	130
70cedd56177dbba61aeb6acc063e71e988b634c4d8ede2e020ed3f233f2a7174b520c94806b498a32167f43977a11b4820a0d3f884abfa9003854ee0b0732a88	645	01-08-22[04]	128
79ee1d80085793a412c0f9904a9566cfcadef2c4d944cfff227b5e32f4c3a6564bf02bbbab2209beaa4f0dff23050f4f623d0ed8d94284b8d79cc2886397ba6e	646	01-08-22[05]	575
61313526fc4707a9da760b68f95e63e67afaa0907f736acaf94aaa6503f41372d65d271222e66ee875d5e7edb263514e3e781bcf9867c94ee08242576021ac08	647	01-08-23[06]	200
98dbd7f4d211d8e5eadd6e75e71b8ab66f5425c5233f49666729f8a64ee721eb71733f913be9f36e3f06c9589271e5400e362bcc6fbdbc77c5d72c35a2d7000b	648	01-08-25[04]	1200
71e4fb2fd09e9d9527ae1890d2fae45d31951994ee3c0c5b07ba39e481038bce27373aa9349c12a25dcc7445cb38de99542589aad4a266677132eae575ae6346	649	01-08-25[04]	1200
929472cf1e38abe14f4d52403e249877a851c9e15a6c29a48b7114da43ae414d511c0f3f00008a48507d5aaf9b56c6bf4952019acb0bf835041ad17f6a265738	650	01-08-25[04]	203
ddc5a0f33ff8395e5bf5c286cfc4b1919703da8e7b0132e331b0a7bb866105b1aca461461c57126e2842501966c328b529fd62c6fb18234f311531664cdd0413	651	01-08-27[08]	136
6bb525d181665623d8074a3b12193cddc59fd3bfdbffbac4680dbc1bf9be257b12afa7bbc68663d19562bcc41436ffad932b1ca0a673a57795ac73bf975558bf	652	01-08-30[02]	131
ae13bcc0a8499d3018f426eef6de853759e52c05490b18483f380dd4601bfbf56aede3f259b32b9bc98b085f75f674b2d734b38afdf8cc702bb8969408f43e8c	653	01-09-01[06]	96
87399bf70444dfd0465234f6d1c47fb5005cbda6a9d06202ce85b74af179e1244815a0b935f314f8c2e0e8c4179dd4b54fc86ca592a79a84b8295573e3b7b06e	654	01-09-01[07]	476
1657e4f93f8d920547da4fc0821a3406aebc29abc3c8980faf1676d2664deced808b501ce623ca59cf6d3a9577e3f8c4be00b478fd50041070426a7491e74d3f	655	01-09-02[02]	355
c40e36e72ed4a46e7f4c5de6d3f2576321caaaffff2d3223cd6b65a0a19b27361ab954404894ad340ff45d1ef73f464de2d63ba7005b3cda07d21d812eb8326e	656	01-09-04[03]	133
a460af2acd8cded0242c9c93d48f35212827f6b18592037316dd6ba2385bef54fd04308751cebb3aaa87b4212088e50cf4d81990b7a3e9fbe8d5f3c65a0f0e00	657	01-09-04[09]	259
ea9b61656701f543c423c84df5fee54d50b7e6f9aedb10e959d2b8fd329238e47ab6ab8d5075a5b037cb558b400c96aa2a878e1ca1cb1f8205422d5a20dd48fa	658	01-09-04[10]	1200
ee247bf77e3a235780ae44a28cd938897b3a0ce535b94c31e4394572275cbde8319af0d0d79b05862790888c62d8e43cd6613fe36ba53d300aa35892a834ccfc	659	01-09-04[10]	1200
edd42e31fb69da1721dd4229d6aedf00c58f20efcc0305e8037363b847aacd1ca86b7e2084acbceb6049a3492d0677fa55617c87a9dc8e4fa41466d22d9d57fd	660	01-09-04[10]	526
7888e42aa44bf65d4465825eb442812af23403ce82158c500399bf9d61a33141c1cdbb1daa57cbfbb23f7015815fe45db84fce9ae44e91c07b96e74e5be8f8ba	661	01-09-07[01]	179
7a29c7baa779f62103bd3fa7144605d75d7e33208f22b034581f44a3a43be9d423250a359a0021ae80856cc1c7a91398df7b4de250a1d82d899d9e2e81cb8fe8	662	01-09-08[04]	150
536aea0c33d780fb1f920d96c25fc9ee7d28a3545084ca78128a9099d78a663df30a32d5ce8f917bd8052698144083857a3b8c4459e4a1a040d42c82af342d54	663	01-09-10[03]	113
dd1cbfd0e71c52ef02198394ce9f71e31c5beb8e277926f0cda144c6b3706d322ce1f6513d581f2db7bb79b1d7be2979f30067eb860db01f330bbc8877d0b63f	664	01-09-11[05]	297
3505b0ef2eb068701a1b5e58af8deba025b633555f5b798c83e8a31a6bd303e44904067010343c1f10e81cc5107d9ec7ca5e24220efc454898371d5360e62cc7	665	01-09-11[07]	460
c3776da82bce73af1feb99e9e290214db8f48f47a29a250c2fafdacce0843ef0c61c4c713c35aa86812b925e65ef44686007a6af7f1a58a6c166a147bbeee8ef	666	01-09-12[03]	72
5d143914b19e0cc0a30f23bfccc587345599f70e612ee23925b4351cb6dc1a673f2d5db2c9acc206d36f020903ffdc747f68778fbbc940cc6c8dff89da175bbd	667	01-09-13[02]	243
1f62e08bb750f7743b577388ff5d9a116b6c3fbe43d67524267f0d4e94f4511d3238e40488cf343c79f39ec0b0cd78fcd759f6c0a70bc26a71fd9744bed8987b	668	01-09-14[02]	79
41202154f51edd233bb4174afec39d10a4d8f7a3d5d7864e823b04999b005c01ccbbe7debf5ebfa8c3730576d04c728637c2461441cc2c0ede15cf8915e55f5f	669	01-09-16[04]	101
3a8bed2ad919a26570577ab479fc0eeada36265b01077027d30df201af1497439a9c7e3a4b2a416427b6289e46cf57017f5718f72421dc97eed43dc9cea416f2	670	01-09-16[05]	79
914771b809b9c78c8298bc3adcdac761083526a86b097c764c0c6a4002808c6e1bf6896b3d985589621f2481762549cc3e029f65db4bff690044723efdd24b44	671	01-09-18[01]	534
411c0ddc0187e78988061220d6225202b6b3e7c4c1bc75e5e5e63ee9bc265caa4cc0a787790487f3d9f1b2d409241db088fe9f27ff5f88f0de11a7982cd28029	672	01-09-18[02]	101
b1968ce77e0e7b95b596a46e9529bfb3f19ca3f8dfec2f7f29689af6d45830730a446985600db4411531f74fe28e23970328b5a02f7769822e4669aecff2027d	673	01-09-19[02]	522
8619e1aedb991983a635e258954c801cda4ffbfbbdcf816f715f6ae3524b3d266d8a8d37cc20d79f20bee8c6f4d10a1cbdd567e9376874c038bd3c4ce16002e4	674	01-09-19[03]	849
323930b2045e550726c8fef98ffeb6d0c1b3a84737e6484e69270d4f4013cc01c136eb9c1451a7539cf86b0c2210b46baf04ed283837676cb63af4deca869945	675	01-09-19[05]	102
0121040b02508c2dbd433c5eda7623b6c50271a4a742f3f9805b839bea760e0713ba1c29c98fdb16ac1fb7840860fcdebc03c34d573a5a9dbe947f67b8c9be7c	676	01-09-20[02]	70
4140344e1425158d2a74f61d8e2981264ceb3091f08114aa26ee19fa064244ea2d8e8edf4ab844e23a3ac752c4e8ac780de4028c75e9c19aa2e2aab3205aaa72	677	01-09-20[04]	135
caa8fb12efa8c953c004aa4552d03938b5701ff7c0294a5a3440721dadd338c869c125c8b1b49531cfcd404cc90db92ece676f1b1314b08cd349eab084b157d5	678	01-09-21[04]	79
2841f4b49fb89f087e3ef5f5f8cb9c8478761da2ea9a51ce2814c25f51be73ceea6e94f104fbce4f37d122992b5511db809fd63d70d2c808249984a4a86676a4	679	01-09-24[03]	72
5592f3d81c5972a738f529110c06ecafb9309162f143403797902ec6b8c1db2c35344ba45260aa1d69c0a3df2f6a3e4d7fcacf65588d86f636310ba6bf454bb6	680	01-09-24[04]	253
0dfa5d2869b85dc0f0fb1b282d0871c52da723ce0fe47d6f7a480fb6d6cf971432224019d9ac1f99556adfa2402074f7663e2a30288ac658dc7b8951348453d6	681	01-09-25[01]	342
c38f43edc9852067accb685741f984a7ff063351c60b7a72e240abe859f7c275c83e56b9ee144c9b7e8a5ef4a24c75c803ffec0bde3a32b507572e50caf243c3	682	01-09-25[02]	191
dfa9f17ab0471b557efd1989a52f6c795ef0db0be405c52e88c5e282f779cf8c3d09aa99a67fd5765f4fd52c95f13548823d646e8e620db64d7fe6616ea32acf	683	01-09-25[03]	299
25a08849d50eded268c3488bb36354cbad34ec93b4854669939623b903a0ceb89fb0677e29946058ff50931fdc64a762342ee4b6e42bb3b81691346466b8fcdb	684	01-09-26[01]	100
d47b41c53d245d990d4283c654502592ea84f47ef8796d83c0303b2401b6734990e136690f402f1f502492a438b4d3b2be9ee62b01751beb2a785abd6ca448f2	685	01-09-26[04]	684
43f544e0308d224e5972ce02dba0e326d108539b7089983d0bd276c666e5a65e50d73c295779f8506e1a914448216dc77423d8c78abf9bcd2b48e25a0efd9734	686	01-09-26[06]	91
5bdd337df9894fbf584a020a92b93c214c3ba67f73e246ac0020ca560f2ddbc129ec8d3c770dbcc20ffb3eeba4daeb774c0102fd6b0d2e85cd578111e7b3904b	687	01-09-27[04]	155
114a06220febf39e7295503c7acd04ff74e2bea533a7f6d4101db1d132ec5e362044140c128d826ac48fe95cac22d6e60110cb181cdd6dae747f651ba83a7f9f	688	01-10-01[02]	362
40a3069c1af8570fcff2f0f1c7d166e84ef63ac2d1a150a5800a492b720810a24700366acefccd00c243539330376a114442261819ff7c5eab4a0bcb5b2d5e68	689	01-10-01[04]	232
17fa28dcbf312698933ff09ad50d939f30fae6d6a1889d457be641c23de84038f33c0a98554d4d593728da36b2ea967a8880d83f58acb3d0f71faf74ce4f6dde	690	01-10-03[02]	254
33af0c6c173791aea49f0411e9255195b0bbc43c5967bace584f9783e1b5a4dfc641933a2478a25fc799e8736eb68df53a3af93792c81dd50728a285e0af255f	691	01-10-03[05]	377
757435a66f269c0a34d3f6775a1f93de9fe2bc128cd765d06589b72a607da014ab8e1db50e44495db6bb0023d90919fc65895c5c91359455cb5a8b9a4ebdd1a9	692	01-10-04[01]	98
b77fa017b5c978af9efcdd9b692a228e7fc44123bf3fae2d306adcc0c1fcb213822a78502f772ba61d6400f1e7b076c90ebd852d95c89065ee672235a7f386df	693	01-10-04[04]	142
a24b9c69d47b44bf9291475a4914ba7f2fc8d8435542c6549408671e48f6b20b00d0f9ab444d487ec3c01401656e19f04fd64a8fcf50ed6bf15d3d6e4032d2f2	694	01-10-06[02]	872
bc9c9751a91d2941972112478d49c233cd19a49f13aab796cc85ddea659bcde26c5d9d0559d275be33e6ce49579bc428c183bd5499952aac3b85f37ddababf34	695	01-10-07[02]	136
bdde87a0ecfc14021b58336d8ebb5339eab8212808e978fe8b5499c9401036b0458017c0a7d3e0fe2b48d19c823f3730f8e66f3deecf3067b82b74f7453d6c15	696	01-10-09[01]	173
ea5c303ebc869e0b23a7729fd79ca4466867c23844d1ae0e85ae366065a6385f0c4e01c1ba2b4a3ac03b15f80022bb96945c763b75fe745714191862bc959b02	697	01-10-11[01]	524
11adc07913dd78fc721831496216777f0e8314ae54ff2d4645508c2e8f240363d1b1d8d4a5bb9ebd652eba829aec132b944963ffc3ca22e274fd8131d504f7f1	698	01-10-11[02]	132
f47382c1879e51fced4b3ef78d8edce6d59efe6cf4164aba4be8ef504261d11045a8982b71c045854cf5037135e55820f2ab30e3f06791c7e382d5ab30ae39cb	699	01-10-11[03]	104
0b8d68c35ea49191538f3a002f59564bb3093b2611cf9d063ba1188a17aacb3c286f0eff1d69202bf37892985c1a7a5b1c83c7f46f3938545640401d06d1220e	700	01-10-12[01]	101
c53b320ff6e8ccc2f4d8aaf1fbd7aaeada103b8bf0159fdb5622e7dd1778a8c7b7d661dfbf947be955bd004753a5bd6178119edb8195ed33ae0f3a02eb5957cb	701	01-10-13[02]	179
7d6af463accbf3d2a3f76379e247c9158332d5c2717b4ec545f35a66fc0c489e0772f34620848a8aaf72ec33cc6f6189853c726976a3b9339f3e676b289540e5	702	01-10-15[02]	81
0433d8900d0b02298c52d2c66fef72b4a59575cbfaabc1ff0e8fb60b579896321a927342b74df7a8c264ec1bbc5899d766fb4b67f5785359aef81adb32f2a361	703	01-10-17[03]	192
4b03092808eba17fd25655b86c847b39bad3a41e3a99e636e0da9b99766e565c1a1ebe9b7c708b94cbcd0025e1e7c3243515e1908ed71150951f0a77ef8b6b5a	704	01-10-18[03]	1200
f0c88f4b5b848c0383ac8f113c71188c45f632aa97950529a4beaa507c048ec4bb03eff1b866e65b9212b7ae7e704543ecea4b5a5b333e10b8dd66312a8dcc4a	705	01-10-18[03]	262
4e064e3d8392dbc75d54e3a4d51e246dd81032e1c37eb68231db3b2262d7a18c529c6c06926b16c1ad6a8b6979bf7242b7ed2b31e5c82ee3a128ebf7e10f682a	706	01-10-18[04]	259
3174f0b1e02b247a9c97a4b1519fa29e339a85cf4f4cf94abfe12be85b3877ab1d3ddd88c3787ed745bad9f8662023a062d07d5bea4b9c1a0f10027b14cb80c4	707	01-10-19[01]	71
cb6d26d3d43bf22ca922f76c7b23252ac8ed92a53784eb14884ebbe7e5ee0b387d1136c0f1c80f9a8ed56436d227b1c555d67795252cba3fac0d9cbfe14e379b	708	01-10-21[01]	132
0a2d678fbf0320b678bf9e76543ab939e6360c487473a8cf99e51070a4677c33758887bc071deea99cfb2b5783a7cc582ae64a19ea6367077ff605c2eb3ddc52	709	01-10-22[02]	94
2ea7a6472e5385c1a37072007b601c98e9333911c3e0544862094b0cd611bfe319b28e9bc3d862cb838c761b2655030ab868d1641dc26da6f9ec99edb9188101	710	01-10-22[04]	73
513746c6c92b71194ac6e4e9e3a3d11b02c6b6bc4806a9ec36c80d144fbf0cbb528e9fe555d22622312b20d34edfeb52a21955528803b6324d26e0553a0e157c	711	01-10-23[01]	116
34c5a055c1d27297d154cff35f94c19c234195b1ce9a0285e53e4af8b4292c2b01e03dea990d0ac51837d23588bf1b9e3ee658d7b6e57d4eeef688b40cafac67	712	01-10-24[01]	151
67862089198d79c28537d4306563454e1bf0d8380fbe5db3e6c81cc3b4ed9afe42328013f919a0c20e62571d53a96737de82b4731ba149121552ced45b9bc309	713	01-10-24[03]	624
a647049f1c12f664600ba8e8083f1c23ac0c0c40b88e01a2635571aa186550face4902dafb45c9f0c1ed7d3ab8ee57ca1ccbb8f5e43e83ce40289e4d08f62e1d	714	01-10-24[04]	319
3c62186f4e982337d231624ded6ea10cf177f9f70389d0fe07b3d101a2d89f1b4c4b47bc7f75482178f26115b3391f0f0fea2c015363d62764ba82e14bfb390d	715	01-10-24[06]	336
78020c9ddbb8dba666d2b9a9670365d0634e71e8a12121e164a19b734314ddddcc4cacd5df0c18dc8e13ee7338d424f70181312a0785c104fe6e3d7254790b96	716	01-10-24[07]	105
88762c1ba0081182c673b2c1ebe320355dc8cda10f41c8821e4dba72d363c466fdf838b0976ea5ee6be3624b6fc1c7671b47a0a473277b12b877e4c6502f6e14	717	01-10-24[08]	480
9c6059c842d5c2a8f1f3329afc46b0c5dc30bf29b8f649e2eadffef6087b4db98148187c3611c4e505f54a6d0f839f600de71a321f07a5cedec10ab31ea304a7	718	01-10-24[10]	97
67e4b68e56397b0f601e2b7c6813f8586ad9d697840b9b92e04517226e78a660948579e64989a5760a2fa72fb2d3a1d5d437c50234a3cdf5e48270753daf2172	719	01-10-25[02]	80
8974a9f900f1a035778b6d8a53ba7a5cac0acf93484e7cff0a932f0d569c738708b8d1bb080cae8605b66f991725ee2e75482e70f822a80bf427aa7f3035e091	720	01-10-26[03]	553
ea2dbd618b3faee97ddd263b6890e6716b07fc5a55565d173b7a9a5a391406495910f0ea6280ab1bf636316685934ae8ebe33a1f20831b935489f81f2acd54fa	721	01-10-27[01]	132
ce42158937eb7b17c22c3c46e673ed4f28989b20cc439071c9ce093f3b3e84c522b67c72f1941536dce568c759fccb620d7a299bf1077116931869bf2292510e	722	01-10-27[02]	60
188923cfb76cfb43ad47087ec4ecbf7d7d0bf4b679b0c44d0d3e192f73f3d0adc53fa40de406a6b6f80153728d9217700b15f9dd5c0744260afca3131afbec2d	723	01-10-28[02]	83
19fd5199b9fc0322d0d143a133bc7f2c970e1bc2fa120bf33f1d9a237ead4d82fab6e7e3157334f396cc9f5f125ad82f66aa67a02ab1a6551a017348de73e895	724	01-11-01[02]	144
66a37389dc983169ee2fdbdcb1eabc13066bc1bafd483aa84a200e5d9b8d78e3739ef5fdb021301ec454c8dd2db5584c490536de5155a8ebe2022d5d4416ffec	725	01-11-01[04]	765
27dfb30fc59efd201035c6699b9c39130365ecba9099f515d5c96d9fa44c3e62eec1bde20f6e4f710d274b9852d90fcc0fa3cfd5c6e827c3f0d9f0091487569b	726	01-11-02[02]	301
6d6b6aedd86f513135fba770cc8802c85520767dc6665b0984e6d91f939603345ccede1468464d888597d522baf4b7871c408a410d0246a2ed4829c41a800e1c	727	01-11-02[03]	115
6b4f21dcd197161540a4ee5787cb5a6844672ddcc305d0ef0065be4bd38e0dc4700c642038e8f690752a6ea81eb49c300b2d1e170f8defcbfb34a53fa79f17c2	728	01-11-03[01]	928
153e55f694fa6400785ec1f82be6a369e0886371723781b778828d9d5dada64cb5948bb88afb5e2b23f90139e90535e964552f7c1474f7a26ffa0050d178f27f	729	01-11-03[02]	92
16ff6fcbd0624de55036e42bd0cffdcb51618cd64188d2f3b80de8cbdb334e4d4eb8d7363b860e25251a2c51e0227c84e886b5339b2cc4b02f16e3336b916895	730	01-11-06[01]	562
b4aefa7f658c017acf0e26d6a40e48b18056a0be0897f7d9451c1481d1a4625df2b573f0a352a91d80e2714f76d3ba8505215dd8f168c673c8700772500892bc	731	01-11-09[01]	468
7405c788e3bbcf8a881e9056cf50a7cee5f11d72081dea83f438e183b66db079ae7f97143687e8362ccebfa138248cf3e16ae1ba1c623736eec9650868c79c48	732	01-11-12[01]	184
926bc670b105e11bbf4e0424d8213b4ce410a07a0f27f5b2572ccb5db8419d8931801d152747eaf130104fd3697e22419cfe2ee8b3eb8315a1ba712de944e87c	733	01-11-14[01]	1200
405702aaa005f5e354aacce00f77d82726cc07cd48c6b0f7ad871706c57be878503e0871a92b17089f700414461623c348cb837508a38c342c0281e995d65c6f	734	01-11-14[01]	377
f915442333ca5e13ec8321cd68e50c00cafee7cd27deb38aa6af1ef80711fff5113247b71c1e7a843584097b871c78c52f1676f0f16c47b6adb7099201b10523	735	01-11-15[02]	373
338612f7d65da2f325d208281ef2febdd8f0cf35b2a4908f7159545fcaf3f6445543ea93c936efd020e74861ac46dcdd32537f7536d87002b151161c70fa9fc9	736	01-11-15[04]	396
4f0cd0e040214eff04a436840007dc8a717d9c8f7c8faa167381d701e4e4d31e9328cccd184086e54d2a8a89f724964f4e98d1051ee9f0f8a4dae2be0ab4395d	737	01-11-15[05]	172
228001b7280239fe31258b48133aada9ee188be92b31ba9136fa6f269d0785dda13a7023c0c7a2804c59d2c9f417d17c14b5527f0c0a90acb3229c5fbcba1688	738	01-11-15[06]	74
6e4eab3a44e9073c56026c2bcb99b3ea45d4ce44717368bc0b78fa22f4a24a1087db3aaf152c6a251b58b1b3e8d6547ce60afee871bdadb6c5924dd61f83542a	739	01-11-15[09]	98
666d01b5299f73dd4705be8c205cdf1a8c8cfa3120a9992c8433225482d5194467ebe128415d4a60a4d6db8e582d287f905724efb7155861725c661135806242	740	01-11-16[03]	111
ba5ec63387046cce10589fdbcf326abd390e3feefbad4956ae6239d2f7cb79086e12d6de26b37ba7ebd5987b5393c573617ff367244d911d006275f52b74a99d	741	01-11-16[05]	317
f7b7bf969a2b58614ebd728e196ec62ed584ec0cb3e175e6fecfc62f8a220691422f1b5391e5784fbbae4e2bf83a73bcc20eb8d62e26c5f0beeba0f8b3c0b45f	742	01-11-17[02]	393
7dd93747827b745b6649ca492f8c5c30649eef5578e5d3bd3918c7e8ee4aca757dcdc9b4697506c40564a08e406809bb69e61bffa35ee4791fff42f80f315328	743	01-11-17[03]	137
bcd51f30e4a0d9cf864f5d8ec8a17d902ab3eedc18b59c7ca8b47c0efc062eb6c582d4e9094ccc71b56fed3371929c8b4f3a5d7bb5d9155d448d7b53f9ed039d	744	01-11-18[02]	140
38c753d86c31ef5ebe5c2e60fdee277fb3530988130b0ffae0d7869248de253b09f6189dab87135420c0685ec3e0f3ae4a011e36b34bb7a3ccb70c66463fc584	745	01-11-19[03]	140
dad9a366ed3045ef49afe10a06b040440c7f2b713453ba6d99d76b5e41877cbb468bb068c40e5840b585bcbb6d3ef153858c0d2b1d096ddde2fbbca052d4bfe4	746	01-11-19[04]	97
1996a1030734aa34d07ad7c080ac1887ee8d4e9817f99e5562b561cf0ab957e15674db3d9aad09a7f315ee7c190be19c5036ea6abbf9c38e34c573ff4f0c0d00	747	01-11-20[03]	309
66e0fbe9ba59a73fdd42212e3f7c0d3b6456e5e09f5447af6437b09309ee7c8030d67aaf51ab74ba3cbf003da402ec0e4333dbb6ea73364d1c9089c02f4d62c6	748	01-11-20[04]	188
0bb3c88be797d1d1ed05895fb0a241eb64817e47bd7a68e5907ec0fedcc55d7338b5d709a30cd0736c591b81ef3717994e671b3a8385ed0bc146aa2fa235b7b5	749	01-11-21[02]	78
1045f198277272e646ce16f261b258d71f5cf674419a0d19541bb843e886bed075bab2e187af587ab80e26fff961195b371abb22db2cb8cf8fa4df5d4215a18a	750	01-11-21[03]	114
e1c42057935f0641c3a14fd2053e2ab36205f74fffa0b85a0d27a8b9a5ee1e2f795160e4b8ef5869e6dc5167e6f75b45465d26f99bee8a5bcb3b6b6f9f7c71fa	751	01-11-22[02]	290
468d964a29eebc629a1656f1dc75bea979998ae2fe788843a77b30447c1353ebe35c77f4b94b5fb852bd336b19d7de007463c76f762220924df1d48500d2d201	752	01-11-23[05]	491
b806e52c448df4c52220116981b70666a43fe498d07db7cd4b8e4859d64db662815571ee56717ed902c08e3e755faee82f71470fa6d3a263e62c918ca29cfa24	753	01-11-24[02]	775
bbfd4152f2e6b764b2025cf60dcb1f72489307e481a59464a7df5386536091d80111b82bc7033dc681110d56e4747a4c66f9b345486519752cd6073b4d1092bb	754	01-11-25[04]	93
3725e2521fe44cd38c211dc76e1b1d235c0a1f00198d22104bb56c05b8892189493e3753a6423c6eb8fcbdb6ec9ee67231ef087d43a3c34a496758eca904fbbd	755	01-11-27[02]	361
91f6fa9093f8a890d68444ea5a6004c4eecc1c14cb5fd537220525bdfec047bd7fb59257ff70b545cca962aab3be5864d81849353b1bc02a16e28d46efd9e5fb	756	01-11-27[03]	514
2b5574c830e59a82401b1df3426b86097f4fcbe766bfdbc163783720adf068e806f0969a7f1d2a993f861b94d703e5982f4184331e6092db852a96600e5c31de	757	01-11-28[02]	1200
d552536497c27d0e26e9fe6d7673ba0a3aa5a439eeddaad153683ece8cc5439cbbaac62ed11906613d736daf303b1040837681ee6e58becea4cc7e7e4718034d	758	01-11-28[02]	622
144e99312d4aaa36a3803ef2c555a054e3227a91f6913b4a7e7fd387eab734d27eaf7c1481abed0ae03484fdd61218cceb10472ad16af762a2b7186f44379a09	759	01-11-28[03]	111
0954a6e354ea18c119f2b8653bff5672c1cd3d982aeb77b2e36cc4ffc0016691ade33ed93fbdef6be0af5f86e6971717553626088563a3ebf2d3ee221764853f	760	01-11-29[02]	194
437624563172e38030990039c7dafdf43e6ed4636cb318bdbf05656bfb08463c18a803f12caf7e1d68c9dcf9e1799f3ed67f5cf97f1e5e7f45ca8b4db8a15dd3	761	01-11-29[04]	213
f7702c62317ce2fcc59fc214960f876d96c9b44da533b3bd24931a99734e1b3371c0b0ebe4ba8528bf53da46a7a24416d6cecbc9b4be0e5522e35a7b1d8aedf4	762	01-11-30[01]	486
7d313f6685108e73cd629fbd68f2664c589bea2852ba1c21860c5aa45bbb6f09710ed67000c385d51b08b1f7de9fa1f6ba8275ce7c3bd9648125acf40b07e694	763	01-11-30[02]	78
a4a33e0e2f6498525b102eaac495242a8d31e752c13e7b97e5d926aa79212a05959c2a8d2ddde3f0b07d8a17eb74abd919e4a8879895748b2c24e24c585d6b38	764	01-11-30[03]	680
fdd69dd90555affdd0a0583a8d6d77e9de678141a13fdb38a25b5e766d4765811ce533ef429ed394a577f15ff2cbfda3c207f81457afeb13416c24104fc8baee	765	01-12-01[02]	856
312dbf2250e7e5463c76ccbe91fb50025d6f147d02015c47d50b60327f602fd17a97aee01bd70e1374d9756fb1c245f792897fb55efc32e239fd9af69cabdc96	766	01-12-01[03]	175
14f07acec74e48b3eb5e7fa257e7004fe1706e242d77716c328d817642d9fbe043cbf1644250bbbff5802ca5ffed13647db1e8ac5a997e81d001ab1325dd00e2	767	01-12-02[02]	115
79f22c7e366fe9c030ec02673b62ce9f1f1d8179b43f9d02fb985c68c8d98e66877277e0e64646b0cf06ee3f08fff17a3c73a344f8af5e619ba1514dc30f0b55	768	01-12-02[03]	136
46f73b458920eef1168065f9dbd2d16446db9f43f6a67aed0dcb3f7cb43c4bdf0639e41d8193f2b3d40779f8d24dfdd71b76fbf97e83de0d9aa384b41805ae4c	769	01-12-02[06]	95
57c1daecfc118296a50c5aa6441b4cdf859f1e7ab5f5109bf169a57d4addc044f5aadea4bb7a6f2bbdcb4c75653f97e51ad6b86d5edf688d4272850307d281a6	770	01-12-02[07]	136
07ecf4c27df2d6501db6bcc8d498fac4e109f706fe8471621088806c866c819a91ef724e4d1d960b9efa479bfd5be496ff3d789a77d6f0fcae4f58d96df76799	771	01-12-03[02]	380
2fb4b0da8a7ce546caaef65c8dd62299c44f92dfe52593ee5b5b478181f2672334f053290661f7bcc67a42d2d0d17964aadafb224ab776ed600b70b4921a0b33	772	01-12-04[01]	206
755a315bd0d5f4fbb7e5d4a67e2bb1d686cfde4a8e7cebc2a77feaee7c068c84036a2532aed353625579e610590e7d5058cd3c93f5df8568450db5994ae34dcb	773	01-12-04[02]	89
db0dcf24a2914e1a311da9d70fe2fe6a360d14d331cf721b387fcca633a62410c8e9037de71ac35f3201878ffd40dcb2814ee4781e1b1c3cb30040e404f29d2b	774	01-12-04[03]	165
4b4b8aa9ec21c7c57e0732b334a5cd7297f41df7d1fc0ea202f9e3725a4ce43ab44cee47da3760fc83c95ce05971e4df1e4b0cd2ef92d7e909fc68efce80dd4f	775	01-12-05[01]	252
8e7381d0e5b4c312a19a1d3c4435104dd821c40b7fe35fe4dcf2a4e13c05203bab2596fda6e053ab4092b4c7a76c32c87c83d9d84003093b7972f59fe236f749	776	01-12-05[02]	85
c425c5bc2b1c0d2ce760f2ef88399f2fb577cd1136737a29ac6f1a2376780db0171122b8324c16181b4b0e5534173793154783f2ec51f462583e61564c0e0390	777	01-12-06[02]	657
2181a12c88055f6050476392538fc16b8b243457a531f5e816b4c08557d2b9f80811f176a25d3e20268ffb8476bd372240c1ae56e0338c900c718b496b8aed7b	778	01-12-06[03]	200
cb664c317f5ee400b45518f3ba94934fb72c21d3bd2965eb543f9db3edb292f04f7b4a224757e088a5475fd2e50dee65c755901419af945141f191b1eba523f3	779	01-12-07[02]	641
1ae605e6b63daf72e069079234d49686c678fecefa3106c1d155de6f5555662d29e9aa46228104bf9f03017acc4615eb24f3d4ff980fca0fe7215b2ffc01faa1	780	01-12-07[03]	544
8dc20ef7a4300bf64cbf153ecc91289b2b1da70fb7f6dc5d5c09a166f7918d483cecd7a6cd65ecbad77affdf72ddc0772169a8bbcb5531babd73f0590e2d6c2d	781	01-12-07[04]	329
988d2dcce99b802777267bcfa5f954d21d5ad6e481d40910ef6329e20288f948e1adc416db629680a9336e38ddd12b1481d0cb8bb2445f5178f84ab9e49bd663	782	01-12-07[06]	475
e221ec8cc1cb91b1ff5b394e717f20613e434ee4e21b0925418c352a9788d3d3f525a031888203fbce5129fef48518ba7a2e5e06f2885bbdb6fa6ce2f2273001	783	01-12-08[02]	357
ff16d9ca7f6255ad99d66fbde3645a606d8fce195ba75012e99a6bd6ce259c6d21df49b6750e0a9be420e9623be1f479369c40446183e04c5c5fd11214c8d9e4	784	01-12-09[02]	125
ab64df25d9ec94710a125598d482f1963da162ecc9d3ffbd030c8f7516882f99d10251e7f75cc0e8c1e2d03dbe0307040d1249e739e9f3864e01207cc2d3119e	785	01-12-10[03]	71
97673fbb8732992278a45dca0350b6e42ad9344c1d0bd9a4bc1bb45653a24d450dc6aec79d3fa302a86c0f6aa8a5fbe70ef8cf143a3af295563dfd861531c923	786	01-12-10[04]	1200
6fd5b5a81bc246618ddea377a688a630a0a3f141a67c36f20e591da8920e594972a041c8476b496624313c812fa2d2e5667d916a7b3e514322a69ea88f40a581	787	01-12-10[04]	497
496b7c0f0273f28b43648c77ad90ef04ecbe3fb7e8b9d6fe49473a0f53ed5db4eab26b42591e29a44a8e72e548558493099fc460900f0fa8cf1d5a2c78cced24	788	01-12-11[01]	256
0afab8bb0ca078a597f83b997e17636577228ae370422fb71195f6c1d70c8d5499dbb42185306930efe0b096bf1693bc7b227d4d94ebe36c2e6b0438481fed7d	789	01-12-11[02]	172
0dfece111d1b4d06d30fbe5637be3af5af5a9ab261707ef61723d885aefe62e77ed62087b3e682a8d8c809fa3740dfa5044c80bdb3a4472d2c3132e66d272f12	790	01-12-11[06]	691
790f02d9dd24162290f1ea0233d1d6031ccbdefb5f3e6470dc67e1e5d34be7702992b28cbccfcf512933af766411dab2afd69d688b54995395667156d11cc50f	791	01-12-11[07]	114
84f879853d7418b7308a1b109331a30d7a813a58fd721be967d07fea91d4a18e030a55ac5b9e04ee769e85c0979ebc6041e8f3abd2082a19df1e89a15c38f6ce	792	01-12-11[08]	63
7edee4e7ffabef5d63b669919de18366209c025e89b2eacc7a59d55fc9b5199c952cc823a4b1d805b1e9509b5bdebfa282dbc05cce757f856fcfb83375eec34a	793	01-12-12[01]	160
e54d494f22a681afaec7a0bc26194ba06eb6f56be280b2eb9859f8b0f67a3c22514480de30ec9ac292c1bd92429fd6ae613cba12b0e146057ce37c2fb918206b	794	01-12-12[02]	349
264a1dc48ff418683702bc0b6235db578bf7e868fb62a55d5c58545436dd3277485e8e9da60e54bd1ca723eddfc9fd7150ed95c11384ecc76279222235c43b16	795	01-12-12[03]	84
1b32485aed3b29eaa9c1a0e1dd8ee85be1fb9a24cf28766f29f3ac0d1ac3814e3274017b2a06e8c37446f98f555197deccbdeef10313eb0cda9b3368eda55e22	796	01-12-12[05]	151
f6a9137a8e17fc81d6000e1d4d53789b8bdc00513d4d1fcc87216bfbf71a4708e4222d31246dcace8cc17581cf4cba2fc3bbe26d51ba2752b8a91680ef117aab	797	01-12-12[06]	285
50ea19cee7eca0cc44c605840a1a44250de05419264151ede4424add4c8a617e86877072cebb572120ad91a191229cbf929fdf214e154c2ef0b4fe2a68949897	798	01-12-12[07]	100
5fd28245239e2fdd823dac994013f3cb0708c03c1339c50b3289e2ab2667dd89c3ea95ebbf462949539c6048b29244fd69ec6db2543dbeb98f5fa132833e279b	799	01-12-13[01]	180
57a815896205c6fa424fcc20109912d4c6002baf197a9032ae8d6ebed6dc73897df3384e2cc7c0631f3d7660eb2ee430aa624bf549cf15e18b2275788f4a06c7	800	01-12-13[04]	57
b7c2bafb61a12946bf7d461ba8c8c705e39555e334dcb77e811e6a1055d26cbc18a0a03574fa56482135e2be695cec4df6d79a787dcfa88e7ade4573a0c98963	801	01-12-13[05]	215
91e017c11c449d78d9fb0dda99e5d86022f386fa21037b15d80d00bed95374b1024c799f6474a8f6fdfa21ef5648ab82687ba865750b54b8b6b85d8906c5b4ce	802	01-12-14[02]	775
894f6dd0b871a58d744ab6158ac243d7b18cfe506920576567d593609ac32bdaddd8cd6bcfd58e7f894763c9d318539324ac96a2068a149aa9dcf0f0a9dcdb1a	803	01-12-14[04]	118
7c99c35b0b9f627d9447ab93fe25cb21640577da266bb20fd68112bb5bc230126077f525ca77d96f2af3e6444f0609d60b4b574ddee98a9131832316a838f50a	804	01-12-15[03]	837
259341752b551a3f17732aa654b6bfc1f7fc92b175f727630a2f80535b09011f795a7502eb3344c8ad0c6b686ef93bd07eed57fc4a15a4e9b09a8f52f59afccf	805	01-12-16[02]	82
9442199868d07977fbcd837d3b531591cbe6e8d5f0b6e59272b29d30b34f2b7d4b4bc521a424fdf192ceacb8b6f8bbe36e9fc9887ecbffa1e4e78e9552300beb	806	01-12-16[03]	228
34514c7a172e1cd5eb09af320e626118faff6441f3664069aa4fa8030d3f32fbf590bcb19d5d0c88b087505118f26946282ca468adfc15c7c582d0ee69b43bd1	807	01-12-16[04]	199
f23767810226c1e5466ea500a582adfbf656dde83f8a20cbe9940ef8231140f7253f3e969eddbdb315f51b253872367fef6363698d31f53b2225b3d5cceb9727	808	01-12-16[05]	275
78543ddf01e2e71518b4b3bf186be0b5b93f14cf60f137e09e2a1190fa201d90a9c6ff8b0690d6f1eca81e934acfb045e631d1920e8a6b8200542ca75eee2ef3	809	01-12-17[01]	1001
aee9351e9452abba5c768da4de36c81a5d82e411c544092b6bf7a16a004184661b4cb08a2dc9919f758943fe636615c6abd014e717fcf11e832439cce4d81076	810	01-12-17[02]	369
ad471593b012ab841a0691a76367195f2bb57b2a4820e5c5360c3a1dadf056638b35b16cf76a9635473e5b4c43d78ad68041bcc6c9dd0563ad43bbf862deb593	811	01-12-17[03]	788
0f46199d49e4bbe7a53c49d7824b91f59381eb02fdf634a8d91bf01ba530dc60eee35a84f8c0a1dbae34b18dced60a7709a1304ea57ed5c5df6ea4766d283a94	812	01-12-17[04]	172
71ed9961a5edba3b97d362f5abc1fb2aab826785daf92a41ecea2d3928204074ba83c90b99c9331aaa20d563f139d051982d837d03a069f1ef7783a5eaff759c	813	01-12-18[01]	215
c5507de053a7bcb8654c99e74a1c615c3792c729e05588b2c43489f80b74ccef78b816c3ff652d50599b9a8c17ead9f6f1ffb821fa5133561f3133ac0af3932c	814	01-12-18[05]	80
3de8efb85d622c94628dd51387944afbe3dd99858f1819d9501d38f6d25d0ba741fe867203ef54c2912665dd3efe94d78ad1b688db16faf30df12b136a3dcec5	815	01-12-18[06]	154
6f2dcf6a1eae4ac3afac70bf91d9fadf678866422b73ab2eafc025996273e5be5fa1fa3b07395c0062ff8e3ac963a802d9178085658999c05de27cae038686a3	816	01-12-18[07]	229
e6a2625abf9e53975212e8cb637a5e9099acfdf6fc1d6d55fab12bda606fd229d8f1eda2682d3d611c702df2f4d97533b9c6b1ce12de21f3765ed58acac5795b	817	01-12-19[01]	1010
0ec86ae182eb71061ddb49567a912a44184718f3219fe842c92fc911378b9e62a4b010b87b4bbdc9f6199b1ba83ea6ac6a44be95d226a4f24504eac94d88e24d	818	01-12-19[03]	249
b67e1dc8138d28871709592798e7008b35ffb71a5ebe585fb1bd66b43d42f26e7b1c660b0deb6b50962a5c4c26c434b9d2af0381f62b4440712bc82d70a536b1	819	01-12-19[04]	52
8a254454b8888a1265c38ba45fa23b7321aa7230c35ff2ae915271aca8813e74e52ba17164588b6fc99c9c64595b17ee0f8cb05a6d88e4f1a266fc284fcfa43d	820	01-12-19[05]	121
f9b560bf050dc7e90743dc347fefd98f20d3d932f955011a989528a01ec961df9b3cf040ab86aa652256bef675efcef730bf0eabcbf826d7ea44e3dd7f415922	821	01-12-19[06]	322
ec12a749914b0dbe6dc223fc3e54e9d54b10cae914e95fafb5080265ea96cd1bb10d02ec652a0a2e1e337d414b51dbc0ee29b0b8e73ad535379a59a4c095a09e	822	01-12-20[01]	183
f7c9f77dcba6cb25b0aad917e23571b1e885bda94ec5f0bc2ad5164cfc07659f6591a02212b238e9afd07a2600c9e5ebd76140fbcbba3c4dd809c671ede1a159	823	01-12-20[03]	205
7cb6ce6ff666cd49ede8932ca0a5061ca99506e9245db1b76fc60b11dcc691836505ef19a7ca75660e96c033aa0a5eed2081c91ec021dcc6926e931fa4d2d63f	824	01-12-20[04]	185
22ac05cd14ea509d12fa13ce04be34fd7ce47f63b1da83aa566fd75f17d689df8e276576b95d90105361d6bbb358b01fe131481b65d056c85a9d4a783da78534	825	01-12-20[06]	404
df3a02bc3bf12545fabdfca1b26264e5d1a865b5df769d522d0b4d8608c69cde609cb7a5bbeeb49bbbb25e4fe4d5d1adc2715c9aca58e7f628de9e49c0a63401	826	01-12-21[01]	394
c83e46db954e014b5692f7ad593c1359c2ddd7e232c08b651de7d51d76e84b0e2f13f6d9ca1874aa55ec1f95c0aaa2885dd73480f3a7c495eb4b8c62a4d1b072	827	01-12-21[02]	43
47746f558a115cf7986a6565546df88f15aeef08a99e78625665f217d94d9da91347e3b515f2c379fd7c3d524b47f4904942642a5268c4ce12fdb89a123d0470	828	01-12-21[03]	48
5cb34e57b3865f9756118b187161968d7930250b65a4fdead08afa2335f93fa18b3a8e691f8f5fad40cec0e62f02e9c1d2a714cba2f8d2935e5a90e1ab7a5cad	829	01-12-21[04]	267
0a71a458fbf0c5d45fde3061bec54a6c233df64dedd6ff899d2e0639519b8a3911609495f27f1a4296965ccf57fdb809e8f0e0b472a4f064417aa353a4885cac	830	01-12-21[05]	353
7f9da47127f01e96f2ba1828303c116584cbf52c0c6468bca25a8c27af3069062d12e737c78df14e3b38ce6aa976c40f3798debe2d74a24678fede2c65d24976	831	01-12-21[08]	256
0a8ebbcbd7f98bd87b6406f51536a3dcf9b271d6c1f4cc3381cfb2c28cdb3c4a0606c4bfb72a3987d83a500726eda883e0bf11ecdd1f58e602daab088e36e103	832	01-12-22[03]	47
4c847e1fabc31e9cd36a472e6aa7162241e8248e1c0510888d4a4bb92bffe8c580b5d00c7c505a57caccd8dc645da027e08cc5a25d71d7fdc4261bbec9980c54	833	01-12-22[04]	253
b7f4f517e91408c55bc47eaa8dfdd3e86276c16dc83005e48f2a2857792cb4f86b00b2d5e0524b34b5d7dade369dfb1ca42a7d04ba093c46dfb9389523143524	834	01-12-22[05]	76
3b747df6828fcb783b1ae6e3daaee6b16957de6a0d125bb149fcf58a9f6bff501a6105bdca2415cab36fffdef6df80c42eef1040a4a93a2a113c476a465ccf12	835	01-12-23[01]	47
11116b4206b372a002bded79d87c7e97db41f7721f5834a3416437a795baeb17b8800c79854920d9a5485b31a212be7042fd9b184e25cab6a569688ab136abd8	836	01-12-23[03]	151
9a226837c1a69d9c35de6384700413893c61bbe54c0b7f1b85b453dc1c6c631b7c107bf265ec81225e922d1fe1e7c1c462afb1f413ce73a06cce33deda5c5ecc	837	01-12-24[03]	80
bfa2e5e655bf2c9feaac3f0bfe7a7a403737217cf2a83508ddb31a0e9215bb3f5908a5e0e0437b63387be2cacd0e567d43940dd063a77947a673ee5f3789eedb	838	01-12-24[04]	747
ee25d1e8d81a2bee57e45c0db1a7ffe478cced9349aad711b3a13c46d79a690b5fece48f15e0a757ac0d886568169f5ac2e9bbef32f48dabd5010aa641365645	839	01-12-24[07]	85
abe1c6e3db6902fce8522b28dbcd80138601f45b706b755ae950141dd16b5b66bc2ae0e28b608ef238ecf36d04c0ffe669b8577d6d5d73244116ab5e59ddd98c	840	01-12-25[01]	105
94a66c37df8a21571a124c3b1552569cae6100509d6d70792cf1f2e916b130cb77631ad38aaf23f834cde70d716b995f338f48b5ca82cdb489e1c481f78efcd8	841	01-12-25[02]	169
8cc640d04d4e4170357b12270b14a7624a833a6eb8fea57309bb13fd062a6d84c82546ae20ae87213d36b328231f3ad11de33bf37fca359013dff34c6f1ec1f7	842	01-12-25[03]	345
24199ede0de25ca7b51821c4cb46495767111aa4ed7a1cc08b0836320506e305440bd756cde2bb45fd0b3613d58212d6529b2c4223d451932949360effa6ea8d	843	01-12-25[04]	47
09abdc9a709fc73353090635897e75b4eabf689a614a3341526cf37c3148aa3d51c1f1dfb9314899ce3f65f69fce0112a74a081266c66ddac953bab3e3e79465	844	01-12-26[02]	60
5a6114a89afb80b324a22578458ddbb82044725a79280c3d6a31971b84e3836e25556912b34a2dd1b9e40964bcfdc97e8a9ca4e98fbc8c89f6eb07fb2d57789b	845	01-12-26[03]	66
4282a4ec65cd4263177ee3a584b2bc7d68e62b60203c92df1dea5a6685b98e1d736caa0e63677626e084cb0a2eb021c0d2b57a5c969f0aec9f887c9337e4a642	846	01-12-26[05]	208
3249b3922dbe8d0a588251d1e08c4082487f5ea7ad4499534f3ef033b5b1466e905964f91ed97b0cbc7b54e41b2cb682b2f724b13b2c1f660451f29f276dd1ed	847	01-12-26[07]	1200
ce9ee0f4baf08a6d5272a91db3eed073a1ff3797361a9f8ade99ebe0ed2d3c357d58b7fe47fb57f13e72ce5fe973737e0410b9ce669705661202d4a0ff6331b2	848	01-12-26[07]	168
23bf3f36b6a3fde02c809a7e96e60177ed74d7df2cb6292cbd0db51965466c4c0b3272118779a1f431311f69cac3726528237bcc4633536f3dbc318a67e5f0b5	849	01-12-26[08]	79
1940598807c3a0f737f46d8b51020314ae13fb5a461bf1e4fa4bd40966b91fea2bf8e1d10df7c2d423ada58ef6b1338a5a930ee966061258c4b0f603c5e3e9f0	850	01-12-27[02]	337
293687eb230ba4498b7a0463e661f53f4924da976eac828b7778142166f9ad66862ce7d56324f31c358e03ccad301ba51f53ad9c77911e747c22bfe16f3bfd3a	851	01-12-27[03]	47
3cca97b42da1b7b379115c61bce2f9c69079350bf5ab2623a7ae51a07421acdf496663fc4921a5d816fb5e5a1d73fe49bb64cb0f2e36a46edc5a1e17c8077d60	852	01-12-27[04]	92
6f6a5090544d45fdabb8c425c137812035ee8f6120b7df31603c04c407f48821eae818d9a5c6f3fd58e258d3f68683c1ea717f2c4a6a52994fe52958c37e92c4	853	01-12-27[05]	55
519a23a9f865e5c9d18ae8339bd093ef23499047003fe576237a1e3ab43da9c28c671615204b51d1f938b22b4938e08fdc51d793824f9dafa2c0810cbbd3c4a7	854	01-12-27[06]	133
6bfa853ff0ca561e1014643daaa1b7ab3052df7f45ade47537a283902a7503f995d8fef99dfb3106c2d3b5655d9b93183f8662fe36ce427a3fa2afe4a2cbc0e4	855	01-12-28[02]	226
ab88bfc97e82b3f6d6554bb6f7b1cbcf8aa017218b5bc9343efc1d6e45f813f0a1d456219fde7245be13bc36fe369e758c5b2f5eddb712990054151ecd3812bf	856	01-12-28[03]	73
a88a72d96602b1cb1eaa90b941d257bec920dc3fc607937f5fde2d345b41598b5feb661e7ada0ff5dcf64f19d21c831a36ce201ac6635d174ed39a2641e4a702	857	01-12-28[04]	573
1304993cb632ffa025f51dd6afb26641d5dc8d3c048c5b9d2726aac27fe2bd0140c1ee480e2ebcc972819a061b060a0539e371e0435592a7186f35c5d525cf2b	858	01-12-28[05]	53
663021cec70daa7cbe0cffe17869a92ee5122d4c46f201d8501d20209173416dbbd69b06a429d43510c6f78f57efb8a55f7f0139eae9340311ffa105f126cf40	859	01-12-29[01]	47
06e2709eb89e3ce4879acd9cfcd0afb204ac3654d875bbe839fd780acad8b4c28b12829b6c622c07998986d523f23ac55d73b716e5307ac530c47e6737e47cf4	860	01-12-29[02]	95
df605b99780027316fce3481acb557af455eaacdda99baf88c244fe29eab15b95778365a39e8b84fb908539fa87bff4e776882a88f743318e41c94a699b73580	861	01-12-29[03]	134
da31712901b7b776decbc97460b6886aa567b89ed88cae00574e65e9fd65c299459d3d2d534c36040f5b1db0c499df62a9b3f036b779b41203653f2d4db9223f	862	02-01-01[01]	218
cc53e282a5900820b6ccdf102175570bbafd16050d6edb5b5bd2a6153a7029de28adb3945e529d2a28ddc4f84ff59c236e6b1ad8f220c03093be5b2361998841	863	02-01-02[01]	266
5b127794fc81f88c4a0a067ca1d26c4edfd6e0042f61f294abd6e52e933d524d2ecb445d017d38488e0fe8c2ac1f2ad7fffec22d90317b1b86bd67634e1008d2	864	02-01-03[03]	143
b677c52fcd56085a88f19f5b32a4f8e1cc14d3c2fefd8ab4843321654b4eae91786c47258b1f88d49c24d5f865c3c5179231295c3e5eedd8f1ae50cb067d73f3	865	02-01-03[05]	1200
f7cb0816abc9b1df11601d48aeb83c3436881a982899151baa2ec9ef8045b2ee435701c356fed08b4c007f4882aa92d85b63aa9a1b56512134d950bbca16d848	866	02-01-03[05]	1200
f9848523ec834652b0bd6a00077180bf7778c77306c3cadd246b94f77467aef157c17ecdf53e4adead8ce800424ee61c8d1c8cbbabbe6c8f44f0b2576628c1ed	867	02-01-03[05]	578
036917f382bb47958a678a8be27a7cc07b9a79ce34719676c7edfe4d4378ec56abc7e09397f6d2542fe3342dc7ce696414b6ec6d88b66587c42e85745a740493	868	02-01-07[01]	152
5056f07525d68fdbc6fb58ccc0f2917b347094c83aff8a2103ebc44619f6621c8f58198cada71ed1af79afa56f3892bc1f796adf46e2ddedb249829624963880	869	02-01-11[02]	90
004209fe32bf90c142fc065a5c629d737acb95bd4da88b36b3a22aaf03e3c83c2ae923403db5a02c8d7e4e0f071d9c14a5d37183176ebe60eb0b947922ff908e	870	02-01-15[03]	336
e4ac8537a4d1b868825ef3d8327cb63644d7d2005f4c4d8711f67fa3a67083368b633a08cd2912ea3370038ef16c0ffa101aaee6523331a78374191f89a13da0	871	02-01-17[02]	381
9c929195375b6f0f148cce73bc5b54519c1b73c53cc84fe246ec67e04170cf3ba8d187953cdb934d4ecf4620f2f8e9d2bb9ef40cc75a308046bcfc5061a0f83c	872	02-01-20[03]	203
232d4b2a51864659db472d967093d14802b9abe46de4250a2465ed717e3f92e746a7453dc71df619189d5b28dc20aad8804298f14c040ef3bae9a436c4b063f5	873	02-01-21[01]	126
49ccba18f89720688d15a0559d03a5e40935ff0ba9caffd547ba5e34e11aec909713561c27b7d842406e85960b1df0e3c4deed2f215341931e401dff11084e1b	874	02-01-21[02]	86
151e4960f58e05a69ea692afeb947f5a0a8a6474ebe19548e1cfab4a7a46466b7d2e19cc85bc865d74d22ae9932c8efe479279c2247888978622b70772000fde	875	02-01-21[03]	1200
3b450f7a978199360d2459794c1c6655bd7c5bd6444501a8204458fd077325a9af6373db24b73bc2dbcad275d3828d2a57bab6d2a44c075c896c3898a38b0789	876	02-01-21[03]	1200
b136207c9d58d44f4ae66bc118377bc99ffaf47315c52011a921eaf8b624bffb05fd40854e9eddfcf2a49beb295215f59434a93dd75495834e9275afb8c6eec2	877	02-01-21[03]	1200
ecd5401e76a38b9faf9593f3b9fdc5c7ffafd9b630bbcdaab66f50c95eccfe682cd8f7212e78eb5d1f92f2f420b0de64be1c901b3445ee39b3c55c6a0ff0fd7c	878	02-01-21[03]	367
cb699448c622bf815e61b53e18898333e7535e514ba7c9830b8243e05738afc1a5b544517f6bf247552bc264c00d3288c89dcfe4273358a780aefa95e034cd40	879	02-01-23[04]	663
ba002aadc3d0a01e6951f123f19b7d8e144548ce73107ec1b86e6f253a165664e687ad3db0e710d97669483b8d8e8b64481ef2de07be3b07f29372ddd71755ff	880	02-01-25[01]	787
e49b18dc17e93de3fce9f984603034d99184c4f829d63940559bb9cc1bd139eda7799f291add22ecf7530b021fb815f6a05f5d7ed89ac01106eb485f72eee535	881	02-01-25[05]	319
c8b6cd4745cb441dfa3b0bad75a1c0f7f887f65deb226a50237fb88dbbe709b87f21b8f55c3021d054e52fb3a3e34d67286e7ee859222f427ab5ab4cd2868dd8	882	02-01-28[04]	359
0fe624d5f43f364dc723074a5436776936c2d05a010d4a9ee8a857d526112437dd46cd9faf813b632f0ef0bcb71b38ebbbe7ad3d911e097f988ddf645d0798ac	883	02-01-29[03]	130
d05167bc5ea5ed3376e96d14260bb9fce57536a5cfb2e9dc6ecd0f2595c18e2dd4ba9dfd4a6175f42cc2e063dfcb1d135deaa2ffe57890426866f7cb1696d098	884	02-02-01[01]	342
ddc4171e7ccabadfce3b8cf8b8d94ca71abbfc1a548c46f76872b04ef004efc52786201bf99d39038a3b3b6f1da2e1bc49bc80722bbe5108c7c9e33cbb317ee1	885	02-02-08[01]	140
3651e85ed3bf31a0c60a72a68a7c7dca0ef465a4f43f600f1234b3d331eea935dfa6c97d94c6a447ddcb21e72a8642ed2a95d391044d32b5f1aea07f29ba0c29	886	02-02-15[01]	74
068f982f12d9a8fb4e3c2bbc378121227f6575d4de4efcd8f7dee035bfad2a71bd3e01bec0b07a2101bba509bdaf549b58295e478442ffeac296989a1ee6d33a	887	02-02-15[03]	180
e4b63bb38b79158f880a96adf9be787d98ce8930326f14362a7610bae6ecb391541234cbdd8dbf902beacaa3ccf3bb8c54d96916216df6a36781d7c7580bafd6	888	02-02-19[04]	68
c44b1b1416e8bfcbbaf4c3ba51b0c1d40f21248f9cdc4bd47eee62db5ffaf76d7eca90710bd34ef65016bfe59ab1568d5d88faec3bd145c29eadd683491aa406	889	02-02-23[01]	193
ee5d3ee8042003fb0d0aa836615760d9b634fb8a16f264d52c8c427644f115479376896a11142e9ec5334b1e9f234dfd5cb3c58203e9e42ba12d88084674ed5e	890	02-02-25[04]	134
8362728c4917a69e9bd21ecfb016dd1d1d2ec9c426495a0126f385a34e898474a26a306a0ee3dcab0b1156d4471b02b0d7fda33a28f5b3ff5704cbc7f34098a1	891	02-02-25[05]	107
3b4e8cac965dbbc9d8834ee87fb61c8992bd3c59b6888525b796088fe8a0f2e71cf48ad9bd6c1e29795b9ea38737f545bc8a972bdc1bdefb6ef53261b7897b2d	892	02-02-25[08]	67
ebd4caf6313d92d34dbf72df91091bc22717048219ab2e83024d3a9f4ec269b8e7d7d28a16b87db5529dc63929438a3eecaec90b26b6973ad766deff73254f09	893	02-03-06[02]	280
50ec843af83de20361fd5ceff49e3f3053601935079f5afbd10040760dea043b7fa374b299c7979ae56421853e94d76ac2f3f79e3b5612a9bc49a1a4311ee7ba	894	02-03-09[01]	46
4e8b8fa349a1273c422111152be12f0c4c62760102676f4facb60abc0e920ccbd94dc908189e563d8afe96defe864ce7ec2fc863a0afdb735c204073ef9499d2	895	02-03-10[02]	87
23c3a4fd0a437c8bcb5c4b2b9034d818e9d0cd4bac605d1b052f1f2deaa5d74b1a68978d6f66ac1b1b29eb1d78b557c4fe6d41bc6def39fca34cf3ea8c9a67ef	896	02-03-10[03]	145
fa35f78fb47d0815799131eb675bc1f8e731a29b21e4b5e492a1c8cf5a76007ab3f99932bc379f82817e22f149402afe8c9594083356d77116f452842302381d	897	02-03-11[02]	248
e6d90baa8d82a261862ba95b77a8d417439acfa7c877cc48998cec47b89aef763c88647842aa361fe5be78cb6db29e414bd0b34d35ba0966364e96d0ddd68c55	898	02-03-13[02]	322
c9d2e041528ab6571e036a95f5fc766bee1d1d18a4605b89d2c3f2e0104a491b2baef67973681bd65cf07cf9f44518b96fa46c2919ac012fab0157b3380937f2	899	02-03-16[01]	757
6886d994dd81631b98cb0a164bd0232af0ac13d339e057709d84c654be9662195720b2aa78eb5f6bad369760f1e74b01388c43a25fdad600933ec8ee0298fcd0	900	02-03-16[02]	317
ab9caf273c7255c319cf5f0cc9118db96b44d9fcd5c5dc4f85d04c5f332819b9b369d4ee639cd129403c6ba7bc8d291cf9f872ea52d35d7d6aa53d2518881a78	901	02-03-17[02]	52
050fa524b7b2cf1acdeaf609c42b25c4fe0b25fb3f69d93e18bf76077404a06e7b124984b970f9822ddc039b42cb54e10c853fc4350a4e31643e1ba954069e8e	902	02-03-17[03]	54
c70f852a211ae5511fec6c10b7ab0d1cd42ba6b952450923be3719baf14b224d59d73774b895c217e4333abd3c60cbff4fa6b630001f322078b9d6de2252fd4f	903	02-03-19[06]	202
357e5c61127bd17f8b3d7493441d627f36edf97e2955337504f5080bf6d7521a348e7f8f6e69d7a0f9d602fbab854b08eee04907905dce3f811d83153d67c41f	904	02-03-20[01]	180
9baac5afdc042f4f46f7dc12b4b6206411750a3a6acc66466331cea8b1f059cf1cdf54e50db71431de4a0ae4211444f908dcdae43dff1521364e4b09173fec4d	905	02-03-20[05]	78
c8178f7baab2f6dc30adf2351692599570f9dc7fe0e870ff6c63282443d62b5607a43c2e7566d5966349978a8f5c4ccf247f667a279bdaf81e670f054dbeb2b6	906	02-03-22[01]	171
932e102e53520f4198e9fea4843411b9138b36e14d836172fe5f6031febfa2e81dafc5a0466f83c03175233d408e1e2b0c76ca165398b6bbc1be0b9feddd8ecb	907	02-03-22[02]	240
6aaf5cd84f33ca7a136a5fd69ad0126b1879edcb2da2183e509aa0fdcfa9531d9af1ad1f94176b7eb4d39a8e224e8e7ebe0b6de2f1acb87bd072f5607e065bf3	908	02-03-23[05]	248
20a018c78574d30e92bb196a84c4ebf91d7187a96e1af34c29a0b47831d6023c5c4a4b1c2a1f3f194e2e84e8f92b8b84600c9600b72626af855dad68e7a85c84	909	02-03-28[06]	64
f9108d045b0b8f124089eb698bbc3461cacd0b012454fedef5ce259f3f7008f6f3d0a9dcb08f5da9d6fbcf45f3aab5b24f4e87d5a48a6b0743df4835881545df	910	02-04-02[03]	272
5e41988145b720195fcf8379824af6ef5b72cab3b9572da96692213adcaf6669bed9483d86851a22249336cd16e6c513e23810ded9d26ac523a5df171d34528c	911	02-04-04[02]	122
33045bb5e11e60afbd185c56a8ee55dd9916396c37c0836c849f7d5986b5e658eb60c6e51d893281873345cf702062bd87619d7940e95143a20be9bd5a6eeeea	912	02-04-06[06]	112
1a3a21fb9d14242f9c27a06bb05f5bf68edefa1ad77fcdca98571d861809586f0b29d45243e54b551568bf1637f0404b1d4d550b7dfd2ed834b52cd18ad6f212	913	02-04-07[02]	59
140afba3a4253b434ef0d43569d19ca6000da1193eeb8b43dcb3a932cdcefb0df4b027750fbe35367bfe300876e860ba175e8aced66a835316bde910237b10a2	914	02-04-07[03]	410
d2f093b17461cb820d4c55b8b7a8d56dec664d52689cc367ff21ab990b1844e70a61e46c1aee46ff61b994229f1c0ac923e464007425004e90fe6ffee2202370	915	02-04-10[04]	649
5ec97bbbbfa21eb92b310b9f3b37e71857adf26ec4ede6e3516a6f13251e20032db471568f419b31b5a03b04e89104e39e30bdc115134357ee5c416d22b319a2	916	02-04-11[02]	159
af046064f431547fce9b9dbe762be129e9ba71f0db9ff857eb86c244a9473d3cc0fd22c7100d55d15b8acbb0aa4b9dd17c99395645961e5f8b25920020bf7d6f	917	02-04-12[03]	230
011216c1c72af3406d9c2275ee59f7d6102360d3a5dd124721ed343f4bec7905faf6da672f7ad2b297dd7b7124124c83b339e536ff6c1053e719235c56bc3338	918	02-04-12[04]	89
391da57f5fc3f4069ff5379fc65a2562a652bd60b354f7c2219a0bbe6d6ab201ff2495b05b0038f56a538c36bda9e3f76b31e136463ed6c52fcd55af7937d0e7	919	02-04-12[05]	78
963e42335fdeada45f2add7a883ceace252206192fc38e788876662a7f48b63af7bb3e2a86202bd455af71af5a7a23934c6e069668193b0e0ff7d39003c726dd	920	02-04-12[06]	118
6b6e8eadf5b2c229af0002f451eabc549f6022cf4463d4a7deb03bb1cc31c9de4798b364af3d30b1563d08df1801d4215540e67de74dc7e25378a2225a37099e	921	02-04-13[03]	217
46fbd325818e66fa3f83510356c97c86b38525e4b3ec8d7b03a0da0e532b8948b2e88eb5a556aa774d2e29cb664141c46b45c45c20af8c644a82735b680ac641	922	02-04-13[04]	161
90b059de49065ffed25a5371a6c1215ee6140dbb839395754e81d5ef460d7b7ffc1a570b12e8bdc12405eb2781ed2c16cca4c7be32beaf86d3df29009a4d5b00	923	02-04-14[02]	664
7119fc1c37bf7d875d8a7b25104bf2a9e21f82c085a74e540f5bca800eff9d6f42e925745b726e4b131d2d983caffc95539b748f288510be9d7c3f67b237a0cc	924	02-04-15[01]	1042
5b3acc5ecae5ecf0889b85ec1a438c91bb6d06c15c53a98a8f11374c9bc0268efe320b40f529868553a87cf14feedf93e5ba684c87799e3870f2ad25b2524acc	925	02-04-15[02]	135
7298d76daf7dedaaab1e290be15e9f9e15f1c24e8407e5ecb08af96450b6b436eb80ef7d35a227eedf25fc20abc5f60527ac8d2481b2662fce1c0f8bd8eb34f3	926	02-04-16[03]	753
b01c7ce392fc8ed02fb12068c7345e71ad9e0c13b9cd8db8616bd3dd6035ada77c1390e3104556c41fe791d64776d21b59af38287edde85927fdb6a7ef434dda	927	02-04-17[02]	67
be2628a6f623b59c6b0b0b5181623739157a5768b72ccc9aa1e76ffdd3647067099051e0366f69ce9122600aa4e19888c7a94f0cfac47f06ea4952a27caa5cc7	928	02-04-18[02]	196
38ba97f6e2e4f3cf46ccda6195a0ac821ae30758d104edc996512ad549ecb3e34d4688892a11a51116dcec2f6fff6051faf9730a06fdc966cfd50d5fcced069d	929	02-04-18[04]	55
7105bec1a8d804bda0bd1213ac01e3d5c5ad03b59efa999ad85b56b0ac16cdc61cad750f310b22bcd22847e1ddb4d893a65a4cfe5bd2a5bcf3a298438bc9fdc3	930	02-04-18[07]	117
6d41869145d666ae34dcfcbbaa9104afc121b9d66a20bba22c4bb737ede8d5b8629b387c8f9d2986b278e1095e30cdb1ce19bc6a2abdb9be58d9808230468896	931	02-04-19[01]	285
d149713fca364eaf1c21728f2978d280e1b97f3ecbbebb290490c58d427f5adb3f47bb717afba9b3c633a13e2e30cecf1efb2658f297203ae4d7a66199d7fd65	932	02-04-21[02]	115
4f509f584cd8bc24a770997238b066ef80df7d8807d033daee7ce8a64d4923a231b9f111d56cf125205a92f77169df0fadbcb6eff465324a002f3da7a3d1ccbc	933	02-04-21[03]	531
4bb641be74949c53864bf3719a4afcaa118bed3a712e737075759000ac718c12c41339436c58cf8815727bc2de55f82b4a8f7e01a5f96c8411ab20fe22664cfb	934	02-04-23[04]	468
43909c9628b27d9a8fffc3fcae1042f4a28b383ffe142eef88033a85a39312dee686d02c49fec80ff2b631facabe1b6bbe75077ad1c00d29f952c4bca6b7f4f3	935	02-04-24[01]	847
98877d5c3c5dc88bf38bf3c6a7bb0982923dc0d1428acf11ce191a2cb53a8d5ee691ee6747c81ca88de0e968bea4262b441cffc17b711244bb91c41fcbdbbd87	936	02-04-25[02]	145
92e9157ff03345e817bc234cb9b61c7b86ed82248c3047c6571b9bbd4b6b7fb84efdb0c7ccb0e7fce2b9c8b50a1cfb17ef32c7729d1cc0134b97d2d069863bdf	937	02-04-25[03]	308
97bc49d2b556fc4268cf727f04bb71605ccf71175c1ac4d48ea14465cfd2493b861e1bba6efed4eff8783add1bddc03f1a327eb0236095b0c414d4af7b674c8a	938	02-04-26[03]	113
6a584bf4efdf4b382fb1935b9dfb0503244d74d2641f49b304f71cbf2861ec216a96d09926e5ecdc8de748fdf8cfec3e937b80b247739e7e7f135b74227d328e	939	02-04-26[04]	301
b1fc5fcac8094d3ebb136d739fe1e9b3da17582989cbdd64355f079049bcbae7a32286329aef49953ee94aee58fccb1016c4dc3e5b997ef60212b031c8ae9666	940	02-04-26[05]	862
00fbb88ee5b26c99fc603abcd32aa0e0dee1e73d492f656add21292a0f1e390efb84465e45ac6c9e04853526de018dd5d2139d5b96fcfa8bfede42f07b2c7726	941	02-04-27[02]	216
410201fb22b24b01b114f82fdc374a9f177e73ece07d04b136d458b98174a6564d3323d3aad7c6b13adf10ad14d1f2c3834b0d90379b4bb09f7ba6ca64f73428	942	02-04-28[03]	120
d38aa83aabe3f0f12a54e88ce97fa3c4bede42a2b7bf292edcaf04e5ff25589baa6c73ac0cd98afdf15d84527a0e217d8e2c6f90489ddff73fb038394234e3aa	943	02-04-28[04]	392
064ef5d779ba3acd62e4a2ccb888c94b18b4b54812420e818f8d82c0d70b569e6081359b2c030b511f71079db89a6711a342abfc3e7172abd301bade1acd1d18	944	02-04-28[05]	308
fa0a43ae6bd5202821fd8caa550531932d547d63518c19afa28be9340b7f372e860a75ef22cf8b6cfb2d0862547fe980ee7d827c75d2a43010e9377852a6397f	945	02-04-28[06]	75
fce2fca5df0eeed00308a260d13a2020944fd7a1001631558510236f09ce8ad862d420c2acd364a518248a1b87ae81e8b467abe5d217689b8d6934de3f203839	946	02-05-01[01]	381
4662e96b8729abb24f1a4fd9cd87a2ba374c28a7c1dedeab756912da78eafd2e2226d1ca6ad0d43be83d46a35fb0aad9b4b2aa37c572653c3b227ded8fcb6543	947	02-05-02[02]	520
d7c43d6d6e9eb8beb913f2dc23826a3a0feb462e4a1fa03a5e3b455e7e0e6c0e80858f45ef37f0ffcc1e37a21c58ac90bbdb2d15eababa283a82e5b4744e4e0d	948	02-05-02[03]	122
d2485140efef4e1be4a4b7c032bc9f4ed197279c875f9a04a34b6b9c95faac2dd10b7e5270004f380f196094678072ce979572f2d77d398000892c87c3bb1795	949	02-05-03[01]	246
b2c18ed0864e461b6586923106cabc91a588647b6779e689cb7cfa90d496adea0e39fd6eff0184d988d178c5190a5e2acc8772b4f190dfa636494b51d4c43355	950	02-05-03[03]	77
964ca46ef8543439a13014a0d84f76cecc72444dfac54c0943b49b25bded359134361bae934e79c21e9470b7f83483cfa8ccc98072974e704359b6ec7586f437	951	02-05-03[04]	171
5cc57b5c40c748ec55f100b4f51b7436e5ca502312d4b802e7e9df536459e23c1549bd82ee665cad6c62beb82af88a9430520bef232203cefe6839682f380a5d	952	02-05-03[05]	168
9c1c208b56fb8b928e52063bfe9770d1773949f9a78aeff0ab572e656115f15f5f88676de1d76d7e009bd779b7c0bb7b68a9bc15378b47f6c1bb71031bbd43a4	953	02-05-04[06]	314
4083b490549b4f1211fbf55100e3f4abcdd21d344139ae516bf0462fd14f884965646ab2aa0acac1a330972772c414469bca4ccf47bc40cb3aca568ff2ecbae7	954	02-05-06[02]	144
a09e439b6a3bc7e1c4dc43ee107e9f2444270dca87b3d024845d8f7d291916c69df75e1d428c5a0e94d0418e2fcbef4ec99187459141baf8cd945604893b60d1	955	02-05-06[03]	113
5d60907a03e0341da23cde6e982e0dbcf7065a0b8bf685738e49a37a9d3a5cdb539e666df1066e24860613949735e01925c2452be159e5a65ff5e7475fef08e5	956	02-05-07[01]	880
cb06e21f93f2aa0bc8009ffb08e322f3d85dd967da13e2d205c2d7cd9ca7e698a136186da646970e38ceffefff9603393597146ba0706c3cf20b42d04911b017	957	02-05-07[02]	580
c776eb2b900737a974f1771381c588e23621cc0d3ad217ea3249e06ffa02909b008e4e7eb0f14164c2fbb2d1579a603615365183b3a9f286a52b5d0f70cacee0	958	02-05-08[01]	337
dbc95e609a07b59bab98ae319ca8adfac4765ea5e299e0860ef7cfb45a0eeb8375a96805a1c3804102d0510b4a7de253c134225ca73c0d942affd762fefb30ff	959	02-05-08[02]	246
3a7f7c892cf25b183266fea37f5a7ae02ecee1980d6051d5f1b30f2244b477f983cad60639c3e168098778afe725bd81586eb5be19955327611118843da1a49e	960	02-05-10[02]	85
9baf74c04fb047ef2fb242c2f2a63b96af52d82e9826075e589bee345c10460d652d7372a7ba955554394e84b2652ed305ad3029f48e9a059bc9334d546c2291	961	02-05-10[04]	137
e712b7376c1765b924acb7fbef4abcd5f8158664a091406fe2e93b61962cef7f394c1b681f3ceb2dc0acb49bad676a94ec94bee9ca4574bc3b388dbb80ba92a2	962	02-05-11[02]	140
568cdeff248bcff1fc28d3671a39285f2fa8f4f733f78df1540f7520ae3309410756bfc71723a1b913ff0fb2ca48357481559bfc42823dd7550062ae245b35cd	963	02-05-11[03]	120
56166291bcfff3f25e0085f3ed77a4920e08c5ac57d7d3dc2f53b52946b928b5a9e287598ac3711ccc2f66f363912100130d2d05420117da5130243ad12a7d47	964	02-05-11[05]	123
5d8d6ee0472e4b9a2eecf87f126b5528ceed6762b0408e856604491a21d42cc7d710210f076d22f2f2af1c019431f4915e75bbd7c66ab1684f18564bc88e456f	965	02-05-11[06]	145
ba90383e484058d568f9c9815c4007ae77535c32366634e5d1fa2bb7f6b225b340fe49c9b51bbc00af7c9f97190bbbe829af25383bfbfd98f0cfaa78d60d157d	966	02-05-11[07]	128
645ff2faa5ba53b1a0701189805fcdc187ba07a238e34cc6192bbb3e91be3a3500bf311ca24d3c704be35b9887fec02906200396927f2ae2fbce3c385166a409	967	02-05-12[02]	107
f668f51132643123f5c41a9015506c836249a8e1bc45a25d594e21dd804169fa7ca18e647cc6278c67710b815ee9ef4a0c090f90dd29a00e5829840415318275	968	02-05-13[01]	462
681df0a076063027fbf05b8a4e1ee653bcf91ebece1d1d2944d579c48448504cdce0e945df41438040e1c7075281999c8e730df4b2f33dcd503e2ac682856202	969	02-05-14[02]	63
cae216fc6a9f8fc07e37df54b8c3c67383a51db7f5304faaad77ef5b99e184869ea81504dfc1ca99e6b8a000979a7f57f74d777fe9851c957ac2598079bd7180	970	02-05-15[02]	70
5b0d8e996bd49371ac2296602af7c5e66f436095a660bd6429a622f20be2e7a46ac0e9532b5c68f6f90921d2158619d516f7abaca206bbb81dcd97da457e6422	971	02-05-16[01]	1200
07d8bd74b2927f9c5c8331e419d9327ebd2b6efc89b86671030ae33d85ce49c0545ac4f1b01c922fb4f8b7fe1a486b55e9ba6693de799f2e1ef70837087b0ca6	972	02-05-16[01]	499
56d7583c1a0dbd0399f71fb1d58c9f4cd1689810d6c4863b6bf4fdd159b1ff478c0f395110a0940de14bbf149c785d0ef0b4cd100e33a89810d6e76b1d87d015	973	02-05-16[02]	183
23a5662bb2ec3e2e7c6cac3138a87432937bd55247fa3e1dc62e75e71aada65aa7c09fbb595fa320cb6fb1fb87583c94474c80babb16fd900548a6957b878d4c	974	02-05-18[02]	157
81ec05574c0418f63c3d9bdecb20792d9b706b34b17a2634f4e37e97cc1d5f2421340b3fcbbe53c5c7cebf7be61bd3904ba37c6c78ac074c94bbc45f3fe34c96	975	02-05-18[03]	102
e539ba9d67c6abdba478bbd0a9a93c658d1840082c06231a95784689cd7d913e8bf6d87d0990c0134c0c32c23d03e0a6af4e7540138b502e2247357127d64011	976	02-05-19[02]	203
743eb34763848c8f5b77f50590378920d837903fb7005081c93587ae564233abd1f0af4dca594aed5bac827419d07b3e6b32412cf4341fb8fb4ddd86d810eb25	977	02-05-19[03]	139
c67a2677a378caa5ab4631f7e1a4ca1a6d8420389763f422ec9854b80d9a42b37f1630d12e9c422d5b1ca39e53c5c8731d64f3d51eb144f6ffd58a64df3bdeff	978	02-05-19[04]	261
1025129876e2c7b14edd8ad107d6bdd2571ceb9eebc95b3ccfac0f4ff054d09baad69984ebf8bd17ff12fc35628be1875945782b21053ab2ec2ff61d56e09aeb	979	02-05-20[01]	107
35b8f4a984b887cd7903a1966f41e8928f697a12a0d2c4f6d0868785bd6dd30d8912df8a77f125d9b1b15bd9a3006b4ec72d5968c412577faec52da61c5154ea	980	02-05-20[03]	385
0bdb289e6f3b666b37e7f8b4fd9d9a9627fda2d539bb61e753897aecf509e7c370aa76f9abd4baad888d996ec1127e1a8e6572056185a72b38a64f1f15cd1fef	981	02-05-22[01]	46
cb81fc5089ea1005a206a7b6f9a56fdea55187aaae1d0272106d79f99495a9df45febc8bce151350e904c8c2730020a965c5a0ee23e73977d2b18aeda27c5f86	982	02-05-22[02]	138
7c224ae6fd05f07a7c1b35ce1cd2ea923cc194da5a0b274a25a1388b91fb8f546608c3561fe21c07b9f90d1d388887619219d02dfea97e50bb638f08df0284db	983	02-05-22[03]	127
032f174d94996b6a6fb326a04b07c096e5e496ae9de35febb755a617947b74a387a89c1ffbaae73f9a6a0a7ce4edb0585ca0f9b7062cb4c52e95e999d624d839	984	02-05-23[01]	64
e01c3f62e79c021e13223cda29e513f73ebedb03f0fc0a33dfca224b56ee32b10d5180e13268effe6cbb99282dafc07f7184887569afac8f9d935294a5378e2d	985	02-05-23[03]	54
e4d7d13042f9ac2dc2b7b4ff66ef1641a859289039a6916a9249263f2467479a4e14ee7bff3a916be1fd26165baf07486e120a896f9ff3703f65c1dc3fb7daf6	986	02-05-25[02]	73
175f6dbb03f1988b52161e232fb123aef69a66856313c69e426ec036ca40eb5086b6a3ba58f8d676f0dc4dc28554570f56ad7193666e29a67fbf528c68619054	987	02-05-25[03]	67
ecfd995a39731ed41f1eafbd4ee6827221f455ea84d823b396d16d6b6c50e472f008bd3edfbbbb8801dce0231c8f47b3e506fb15eda38086e79d4c456c3033e4	988	02-05-26[02]	858
9265bc561306f670c0ede0377a4daf4c27213118bef32284b57fe03c4241fc8036f3157f606cd0c3cd4057533a0228922515b18cc101415000aa0baa7c8ad9a3	989	02-05-27[01]	83
a1ccadc6516829a37ce82b8ed3d5752f114d2d3e5625f0bbea171b700cb96c4761c232590bb7182c54ed365c8fa76c43ce3adce4a3eca14d7607a3aeac9452e0	990	02-05-28[01]	188
3eb0b9b7e52a795c6f1ad7fbedbdb940076932d8a31776c5c095a6edf3e29e1f537bfa02b1ec2410c6875b1a3b098568be46044cfe8af67f848091b3e8957a52	991	02-05-28[02]	250
4a07c639f22f5331de19a07db0bc9954502e5393573f4fe3bc805584c221f528326f5bae3b7741f4b999a64ba7012f257accd5e66bfacd2abe0182dac58d9dc0	992	02-05-29[01]	98
36b2fd8f9bfd708b775faf820e356d6d06714fb456140353a6c84f88cd375484b0b6c6dc80be1618bd0303b7d147f101e0b48302c41d8352f1dc32c6aef88485	993	02-05-30[01]	74
1aa61dc23f2383a8dcbb74e135c42de4c77d89bec1174d0578c2d882eeb53f594e2c7db7bd22579dae3b1de9ad1d52597036859f57b3d7e3c65032c6ad750a4a	994	02-06-05[01]	151
81e50036f84e531c553db55aaa60141208850a83e3678739f28a77a49a543137fb21f8581b729bc47264dbcd0133b11ffbf002a31e533069aa2da58e282e23cb	995	02-06-06[01]	329
0ac58f6f9a949956b753194075aab54e9c86ce5fe12b7fbeafd6b90b51a35419d9cebe539a8cead9eecd85afd815782ac7677edc53633a1b26b89a1588d09a56	996	02-06-06[02]	80
5e5b5b50d03e08f43e4e7c46c2f725a501095834506903a8cc6a9a16337cf4735fd0e36d2f85e49411c9a8db1c45d0ab5f48b2987f101f89a12729ba997a2ab9	997	02-06-07[01]	56
f3b7846de9f9a38c0f7dda4c23ad3d654879d0fabcd5c439fcd301841c51a41a0768ecf5c29d1ebd01fa252309f76f8ed9c1308de658562e1c2a2eab6883ba03	998	02-06-07[02]	176
0614d6cac2fd1e127df61f1b7f8306437290a542e7421219020ef661cd664039db6e7f859017f3e1673e4a184bf915e24fbcbd67c4cb9b1471f4342ab51265f7	999	02-06-08[01]	137
921a0a9d101b124660d5a8f5a1bc545c571f317ce882297acb0622bc18461b6bb44ade218245e89921fd36d1bab16e1b028b3d1dd728da9eb5f560d9c118862e	1000	02-06-10[01]	206
0af9665779d67d302d876a350bff7d0e183adbc6ec22d3814375d0399c2ede1f41a163d26a18ee36be21d68bfd4671721996ada76ab3e6b4d3540b6e7f5242bd	1001	02-06-11[01]	310
8ca0e02cd167e672a761e3cef8a6ec925e99c1bc0b0eb4d0e247235f374755a3e4efbaa645153651655df22a81d81ba1dd74c4e58fa4eabe1539fece5b8a864b	1002	02-06-12[02]	132
ce70fcd9567b0a90953f47bdebd898b0c3cd402b559880496fb2a6c1c9d4fa6dc999cf89e0f9ac5bf69db5197871363c7392bb9e00c2a2cca9608068798d18e9	1003	02-06-13[02]	542
4677820b07217e1fb852a2fc00bf652560bb4f0072a25e445af08098b73e13f1c3b3b1516b986fa4936f372af84608f9150ec3a32b54fd9b0b1e2035a05f2818	1004	02-06-14[01]	57
a2fc536ac5fef5d3e80dfc2529add6361be9746dcf96b6b3b69699f8c319f2a53760c2f509d504f6c4998e67b76cd2313c1d72ba06ff555692d9076110ffee8a	1005	02-06-14[03]	237
37511baf9ab548a2a644126d7ec8ef1927c8e4105800333b078a79aa17defd11effad9a8ae63a4b6bfc0efeb9c200182d226ef052f9699729c5d6d022342dfad	1006	02-06-14[04]	92
c18bf697dbbbac79cd47fc877fd86e35bf6a4ce53c235e29a8f59fb761bc937a99804fd20e4109db76d5fc8465393ea2f6b25a0217b565dfdce903aa99e77ce7	1007	02-06-15[01]	74
4864902418bba58aeb5338423b67f02aa45a649b982d10e503df0aaffec2a390c78d1d63d6fbcdd538a874f02d35b1db1d7531d48275a22c093d2471a40fdbc1	1008	02-06-19[01]	104
58c93be79d91d5a4f8b75b41b5e3776613197c8c9680faa13061cbc7a6235d85c84ae95134ce43906117afad74eb6dc315d9682214ac59b8296349430af00f90	1009	02-06-20[01]	237
ff47e6b8fb762e1fb0271763e75d987176d0d136a8e2a53acf8a45858ea75bc8378b9fefe2d85d23e9a8d59d1b07f5fd092ce0399e4943db3e614a91979a5f37	1010	02-06-21[01]	231
ae8e6a94d8274f291bbdc5b0ce90d05dc4a8cdf0ba6a50fb255b94841927d97b5a17890b7179ca7061203352b34dfb6b3076e278bff438ef645f6cf0bf0a71e6	1011	02-06-22[02]	153
fa87b0518b8d89826178e5157e88b522dd6653b24045d894e4320b3e0f6bb82e73ae5e0a763eaed1900b8922c8fc36303fd1bfc47d703d90972070ab0da8a931	1012	02-06-22[03]	113
de639c499c70a6171ccd29d1e9dd2dcfd60b3fd3f884b872c4ba635436120a381d3f5ee9ba7601caec4ae22d12f252951fc6ca0d49a820ba5f4a68ca0b84f0f4	1013	02-06-23[01]	114
4d7592ffc6e65c504bc874f6788333f3fab4496af16e67b7da33df06e6470ca0877d2a6c8e5e7c5614f5f91da18fda6408f9c282579be1ccf9a2dc58e6b30092	1014	02-06-24[01]	120
56adc265835e292c88dedecd149a6b9865f81743116f9c11196d0092a64665d029c53ae3cc2b98c198426597719269eaead8219288972735e350411cd29656c9	1015	02-06-26[01]	255
3e53a6e53def522481b6a81189e701f9121e3d911f832fdc864af82bf6b4cc86c3ae133f8c1ba2310ef77c58ae6fe41d3c77121f02f512b5e79e56462beb5675	1016	02-06-27[01]	64
0941c71bdfe818cbd03b12ca47b40efe22426fdc191f48a303f63f4de7a8574315517faa1fb77698f9dcbc792e6a0fa5aa82c92dccfa398434b2eff47fc4833f	1017	02-06-28[01]	66
fd654ac07492ab7fbe8190a2dd3ef61ed7d8b29f9bd6ab18465a817fded37fd55ce4bb7db5eac341462918a596bf957f05ce43e034d09f70c94f81927a41a54f	1018	02-06-28[02]	56
e50b1c31159e3c1b70e743d03e90bf96012824d4d88d70543711d6dbb2d83eff93ca900a106dd019255dbdc5e6b4d3766f707992d346bb3c7255eeb3818e3c9c	1019	02-06-29[01]	67
f9aa75cb4af0fbd848792f9812fcc8a9a1672d1ea37724bf86232e16bee587c441130d46c8c6651c8f7b62f07052e8f332c394c1aedaa43c6c3cfeaca13d777a	1020	02-07-01[01]	66
e9e90e36630decc34a6b1891498f6f0aa47c053510a0ae55b1a307d0127a913a06083ca96231f39e86e88eaf2937aa6b95144c3a42bb60baa5bed8c81db69e8a	1021	02-07-02[01]	197
7eea55ba7518052e26cd66941a55ce03e24bb78a67b0dd8774ff1291f40d363413bbb4e7a7efe1d8c8dc9553a62a31bb2e237dba1d164b96d68a051689837a18	1022	02-07-03[01]	61
721fcf6345cff61765578d8135be5e4812dc8851f38069751486062ec94b56e842676c9aa0f11063aebfb2d4588096b82901ae621c3201f8c3c0185d5699053d	1023	02-07-05[01]	88
ea5458532b848993d4e2e31576d7c7521677ee4f1828a0a8217f74aa76e8a05775c86435e886443ea4be91fff4e3999e9312fee2a9c99c724ebc10843ef84360	1024	02-07-06[03]	925
e93f798a932daea15bbe690882d170d3190358a527a86eaf1fdd9f69777d58d9113d42b10f867bc4af340eeb96c9dc41b1684ff4b3beb91ec22eb21c638c0b5b	1025	02-07-07[01]	335
cf618310afbdcf006d080818b273a5022e4be2b67c319b5e91641e1569b36ff40599a4b9c25a351379c4b9f437660f06e2d8a6bdf6edb8fd9e5b9658337617bb	1026	02-07-08[01]	139
64397349bf45c2ef41d3d1cfec7a54e4b34a156b3b9b4577d35c5fcdc514f1912166c33e8a4ae54a7490edcb9155dbf31b9de5cbe6f7aa43dd6c2d180329d45a	1027	02-07-10[01]	261
d47376bdd6152b1c65097b24fb5e13a7aca29918075c05f114bb4f93e2702d458424a5ec9e95912d678495eb693f96cba3acb9802b824c0f7d54100c2dde754f	1028	02-07-10[02]	330
c1e4ed4877d21e6833ffd2d8dd1718f8c71030b9fe3ffd73edbb66e0a3632860e0ee71dde9e038fc93f60d9e03cc25e240f5207657d13b190c5a676e20bbed54	1029	02-07-10[03]	451
e43ac80a8476fa3b7e61b20df56564baf37a4f3cf6120e8c08c8e1e0c6f5fb258c28ad49e9d9258a3a7a3605d90dde57e4b7f95de85cfc30da6790acf04d08e1	1030	02-07-10[05]	1200
a86c3fd65d8d198b8f515a0a5d2c99cd715dd1cf3a112bd4e532b28526f60539a7ba97fdd429cd987bf887255d3d5cf30f12c1d640cc8698c6fe39d53702e9e7	1031	02-07-10[05]	166
0ecfea55be1e2a4840bc24968c07050186c9d1178010982b3bf0155bcf78f0a7da5c8757ddf3a1160524184d039f05ae371b9a529c7a1f49e2fb2f42fe6b22a5	1032	02-07-11[03]	345
ca6899bd0037e6db8b4063ebac7ad5051688d788a7ddf54095e6dc482ce4cbb5730b4e8b78aee64187c8cc58b50bb76d804cfd3319a0da90513a5cbf33cd9ee7	1033	02-07-11[04]	329
a18cc113249f150f7dca857929d6983d863bd86802eff74294e1c9a262aaed04991be98027997902c9ec4eb49330c6820118681ec08bdef7077c3b3a38e059ce	1034	02-07-11[05]	1064
bf96965c88f4d3b8dcb66423c9771ae62972a6e918a9bb7730e70bf8fdb3d71141d7ccd4957a385539ef31986b57b886a14328d4be7dd44be77f033ceb12cdbf	1035	02-07-12[03]	442
b78b13c3bbcf966a795dc2ed2982502faf6769914e5d08e95bcdbf88ec661e2061e00c6787479ba1d8c28db33a2fbc9819e86e5e5d2f71d3b76f5bbc9a98a18a	1036	02-07-13[01]	224
6c49e13f9867a4d14c385d2adf099896fd7a0527c33e2a9397087e42d8e0dbb7da01d8fa12c6b0de4947d96174dc69461f58aa702432e949b91f22184ee1832a	1037	02-07-13[02]	385
2fc9c53801da190ceb40084a0eeca18870d78bd0050efc52f8c15fa7bddf08ab7dad5dfaae54ddc1cbcf7293e17de11f291fea7185ece75da4eb2896f11606e1	1038	02-07-13[03]	418
e266471212927a170f0a6cc6785f9b9b997932d1156243c1d9a77a389d5d180fa852df8c19d560f5c47e04f804671d38218dc46d45d55a6dc63352a8bb7911d7	1039	02-07-15[01]	37
c6b33617529c77309663885cf39dea43f949a4741b23eeb6c27235004b6f310e7b1887cd2e2894b1c85c3d8dcede5b6e5b832f2cb859bf0c0147d334ff433d4a	1040	02-07-15[06]	255
a81e7b05305c50be28d26bab65aa3ce7147fac0ab44f7c41515b0cb61914bf056635777e01028775a507736838a4255329d8cead2c18fbce870dd6db062cdd55	1041	02-07-17[01]	704
cc86473f71ee37178e28e9b3c255c2ed0630f1b0b47ff8a2c7d1d8850fc58cf95c0eb4d1e80b6c8bbcd2dbf97178b4ac36577530a2c47e029d773b139a6e37ba	1042	02-07-18[01]	77
b9685823e72b20a6447190a11ad080a71d8473d91879746931d18e070cc9768548961a0e6b8bea7524e8b14f8dfc2010e58d67c6585d88463e66a3f8c3991e2e	1043	02-07-18[03]	195
4b2772f87e8f954139ac924f4504f4b97350cc7566cba103c5aa6de26dbe07d0435118dad43ec2b19d3b58fa2b3c034f6bb9609dc1332d9200fe9c98b6d43209	1044	02-07-19[02]	253
e61081fcf89d668255ce977a7c6397b87fab603610733e629a42813d817f7a7cefacae4f03c3318344e6fb238c4e51668fe0800aea75b72b0b8526cb1c36fc8a	1045	02-07-19[03]	768
df6571dab5a29ef7ffa45660da4e223e8f2acd16652960cfeaafaf08df7ef420a2bc528e57471fc53ac7e24dc0a616b5b99ff613f792c7b548bea26d389d0e85	1046	02-07-19[05]	78
d07e9df8049a7c3b709058b138c3b2e70f598931cc46e47a06f672e54cfea48a3b2a681a4ee3b126ef024c9f90d82b9498dc143cd885a28543db41f6a64cf259	1047	02-07-21[01]	187
cc8c8fe983dd0b702a89240578a6b092ed5122051a96a6cac06f37a7746741abad4da7da394518d29b32856c4c071b41025a411e119576deeb3230edf72ac146	1048	02-07-22[01]	155
1f462bd4955a20f38d6b430eff05d7d78056570b9eca87804d55d618c0b4edf8f05be2a30f28675b737e97ade9a7d35eba5a3531cd689cb04f1a83d229377f0c	1049	02-07-22[03]	434
146262599a56c5ae98ac6a081ee3459001b4cbdfc549f0f502bd748a0792ec6b75e2e4d1aaec453f3694ab32517bddb474eb4e9ac4d1e97137e4131c6eeb41b5	1050	02-07-22[04]	94
4da7a7f30419694a822d26e7705470ffb76864907e11814e87a920630fe5d39be866fa7231f1ae31f10aa1a0b56aaa519d399a7fa292b11946dc2bf57a86ed94	1051	02-07-22[05]	537
4b0981632031760eac5b689e03ac69279a4e268346b3168684095501ca5a191c83cc6f7afcbb5a4aa190b7b9ffeb248edd5f1262be1a85e1f817fcdc4b331944	1052	02-07-23[02]	470
92b50bf6edfc1911bfd6b93891fb47e5951ac7f51e5dfcee41ed63d6b3bc8e3ea2ba2efcd2436bdf7bdf7cd80a0aa10cc65b41a2dce4d3c5259a533a77a30954	1053	02-07-24[02]	199
97716475baf8257b995229c84d41e6cc182c0dcb3706bced087f33e581f4c6f7f149669a5ade0b6161c2e5939373f52edece02aa54d260a10ae0deebbcfb587c	1054	02-07-24[03]	53
4212185d1fa864de08cc5beca546e065cb3d7f6189861c0fb258976855af0edfa1b09db47dc13d0e37fb8508de28f8eef7b4d86ce075ff1c0707d44aaa7a4158	1055	02-07-24[04]	412
ecda2ef4d5f23451ca45a29d63b4950d9211aa8d99591f9c4e251a20ad8f1c4fd82b40afde841ac23fb2c30fe7ec1399d615516f5a14295a8bb36becfc379c15	1056	02-07-25[01]	66
b57521750003dfe6bac073a1c9d82b1d5bc9df7a85ebea3f391f72c0471e6cddab6b8ff8c66a9c1ccfa5f3f9738338db85fb9286cc40565e68b8918737f58699	1057	02-07-25[02]	511
0a4f0e29f8df8a2227e178e964c972d1887be36bfb918f3bd0dfa30c936a82786971161879277fd91edae827226ca2be6207ed075c5ca5fb4cb65c24c3aaf88c	1058	02-07-25[03]	63
1f434f73ba08e51ce771ad8e77a8fda76c2bc3d4e85078a5ffd46f031976e653098aa90d66e29aff29eb6b52d26ed11db16a5917ce25a6ba9497a72bcf68706d	1059	02-07-25[04]	52
f15a6e84d5784646bba48c324f80d12e2fe425b9b1d968178af50cf5e66bed1653d7749cf6ae2b931823771cb345f0b0d8f597430404fac0161ae563837bc887	1060	02-07-26[04]	65
0593669ae38d2abebd2e6247d80b1bb3087744356472d7a26ae68b724b413809dcd3c9159f4c54bff8e1f38c6db7de25652152fae8584f9993511e54472551d2	1061	02-07-29[01]	129
9060bc03b608eb62245b397e7a18f1cbad85755a07a19000c7b2dfef60e690b2873c7b9caa3095fe9e6cf0b9b25b1cbf86c28844524ec6455b58c8d6fc8ac240	1062	02-07-29[04]	249
76732ae125ec44d73c164afb63e55b7cad9b044c9f2d1b85bc1be390cb9d4297965c7f95c4b1138383589499587b3f84b136077af6832d26c58584becc5d8edd	1063	02-07-30[02]	348
c77fbe6e4d43bc727a2f29f475108eb7e933ce95eb3c6ccb9d1c41d4a90f2a4a8b05cb13872c55d2e97cf547e271608a264e22ef98e94fc25a7dce13b498b1c1	1064	02-07-30[03]	274
bc16642d52893e04af8a5d1589778b4bafac8376d2fe6b47b7fab5dd9bc8a110d206d0356bb000f4393b2c37a9db7a62b53e91acdc1a38fac9f971b8ac8ecf69	1065	02-07-30[04]	144
8b8bd250db3b02cc37565e4461ac6f4e703bca94c53b4621e8c3eb4456bff57a3bbd5d40f3b40d5a50311a5ed99358f138854e0dda554bc87d689d7f89fdedc2	1066	02-08-01[01]	72
6c973a730e940d8a53e179fd80711203dfb219b399a6a9694a4fe16f17b634b2e4c6d4da4cbf7c180f2a66013a45a5f3042f1a68d5e6e177435b68d869e35231	1067	02-08-02[01]	198
a68b71a7b741849cb4e2631407ea483341add0ef61873037edb94f6aa4a116e26c48956d53c6e001795e95b5fdb9cc4ae06bed11f26985f9376c4dd8b7996105	1068	02-08-02[02]	134
e245af9aaeeb7c7b7045f10520475ae17fdfcd20eed4a5a539910a34b677660f6e30397a7d17a2fefaba545fd0f36d0ebd2a8bd47925b7ae6aa017cdb3acacca	1069	02-08-02[03]	71
6d539862d99668fb8291e43edaf5223f84c9f13cbbe09abc9a0d87fa27ed2acf9d2ba477743a47d9388ac8fd2c6a4eee61adcf41bd58dbc48366217d526c1213	1070	02-08-02[04]	86
18c462ed072a4f89e4d7a81da2fa9a7ff21f616368819aabaa834dc915fa01b5ea6a128937eca0ae69ac301217456d2e27f3571061a79da3d23ecd774a564a55	1071	02-08-02[05]	119
39d3ba31975475442b84e54ed86a97e973803e8a268c622db783ac08e865dfc12c13c6714b13e6cd0cd88da6b8e97ad21805b027dd72a03f278b2cf09a4f1382	1072	02-08-02[06]	147
75ce5ded592c8ada0d9f8efd0916dd01123574da89fc809bd27e43328ef04e2fbbf9afac61e14d18e62f0b49dedaf61d8a7d3740d65f20b263811af5461c7786	1073	02-08-04[02]	283
e31e799a27d26c5a70c470d425384c8a86a99b2bf47c3d2c2d73000cc280a895beee2945af57f40d3b08fb8b9bb10c0aedb41660e9aa5e417d1fcb1f47c0df9b	1074	02-08-05[01]	240
ebc56269236f686b950bf21e295fa012734750409a498725d45316e9cb83eb0f13eaa996ad2b62b03b7ac968bbb1359027ee7c61158beb9fe8b7fc1ac5929849	1075	02-08-05[03]	118
01316f7b420a647315064774730044083ed5ab91abeb09e23ef8d5e31264ec70e3fec51b87a9d7333f09ba45a6ab5f01e960b1690ffe4970ac8d6aa2013d7a26	1076	02-08-07[02]	124
be0ebfc3ff698e953644c6c6096b566633893aa1d00e538cc9058a6e15a219ba0e1addee06c24827373ae4bb321838ea5c84ed17db040298fe8fbd2656693d51	1077	02-08-08[01]	737
53d2c55a27260ff9dcb2ba8e861964801bd95626b839ae65aee5505584b0212c478a55af2a9c684c3363d88628179cc6ff4c79d279a6ee30d038657ba93d6666	1078	02-08-08[02]	133
b35a5b4e7f3d5a224e76df937e875a1ee87798c6ae298dcdfdaec515328cea27e85dea83fcf3de5ad8f3e2f9acb942096c0d2f62cccbb929d843eab3c45767cf	1079	02-08-09[01]	318
e7f3e63bcaa727f38045a57fee9eb5923bc6a3cdcb773cae9fc53a9513d837b5b11c2a2452d06b8ad883cf3be825a18954a6f4aeb9b3f7298f9cb5a62b3c0c03	1080	02-08-09[02]	182
d7aa637d7037ebceef12eeecc926bb51a7c085135e40ea69ed924ea88655634feaea9a78a100f819db06144906c8aa21fa96168f27e39b963203aa7d67495024	1081	02-08-09[04]	276
c6e2086642a0dedd0be2fd949087c582b0ba528bddb6dd722c4ce06431f7387fc7bca33eb8c1dfc533984ec330ff3b353c8ed9205a57fa0113713d8d9014f8a0	1082	02-08-10[01]	548
e511a1807972a2f88b4e0174e4df02b70487d74b46bfe2d3ff6efadc50beaa7804524673a308cc2c3ff5d744bd21cbd48ed9cad5d62bfdfb1daa42af29728e5e	1083	02-08-10[02]	220
34889a6a739f3b65057391faf786a727d831f7a018357ce01fa1c64426708eb1f7461c102f646d25e8c546a6d98b5847a2c3f1c0ba0699083d6451ff870546ea	1084	02-08-11[01]	308
d4e9653ef7219aea017bec7b912bee688359d0deed674b6e17d324597047ecd5c503e7f8480581eb3b2592e718aa6c9cbd344f12a060208fea7083741e3f8f47	1085	02-08-11[02]	875
d4b7f55e5b1d8ea3f56a110430da32481597ff5a259582a7974b4c039d508b41e70865866ca9c45334b8144042be88a10f7f9163a5c2eacd4c71505b8951b310	1086	02-08-11[03]	119
a2e40a039c5f60a4485385b406d3a5163b0b6df8bba55d81b0ffc38b16d4fdd2df5e37295c9d083550d23038b61151d9459a165ed7f300957d51cef406bd2840	1087	02-08-12[02]	542
2179c193fd15aad71d73677d42fbd2a71273c67977b567248ba1fac55ea6d87ef7c320bed405ee4b4d0699157ea9a660342a3b4a9caccfcc3ee0e9ac1075ec7f	1088	02-08-14[01]	108
c5d7ad649470ae405abfa537da13814d33947295fb727ce06f3c2e95a2202d100d02ee43cd18ae5560f1d3fe81dbf00f40acfb1ffca7b2b461da0a565dde0d07	1089	02-08-14[02]	83
0e608a4b45e19d113009b5663ac3fe5cb2aa1d569884b9e259381a07d0da2e5453983cdffc8adc5e44eff7af051bb4e328bfe05a7e53d41a7345253523d0179d	1090	02-08-14[03]	240
7e6527fb769bf8667b1a2354298d15c3562cf505c502999a589596a3523fefdbb639c6f70b3c2d27dfcd204d86ab46c28bf13405dc38fe8e2071e1a1584256ad	1091	02-08-14[04]	73
879b37b0b86a757409c39c0dd9b1e3a48b02df64db94c6bd1c4cfa2c2212f252ecdf47c5b62d04929a853b0d3ae9546fa7dcb0be8f2155e9119ffd58e79561cd	1092	02-08-15[03]	193
5d08905729dbd2553abb31078c8c5ffc3c576285c0195ffee65732300579566a2202dc35cfb8733c6a392957358d132a3bfff612744fc6780ea4470a91f9a31b	1093	02-08-15[04]	57
fe882186374a723044b3c00aa961816a9d0d4b2c53faabd245a6704843cb10a4fe9515e0a129c77dd8c30e3a7537f0b10fc149453de5d40118eeb807093bcb2c	1094	02-08-15[05]	106
ef0b0fd100589e2bc65dadea445ffc27a27bd254add8a343819336c69c0c63221d07ae0161acbde563020a013328b02886b6602ed1780601ecbed873ad35a4c8	1095	02-08-15[06]	111
a6018bceff7d1dd13ae0f98e5828c2d96e7580bbf088e6f37721f2e65a4952dfeca4d90582fbc849983da195927ad367a81bf3d5517eaccd1410693ad72112da	1096	02-08-16[02]	64
9eef736860fb37c277d76509121dd455b614bab5f3f27a38a8ea9084767e182dcd877b467f789776f6d694a5f5a3d0969a63cb602e2415bd8de12b68ad5eb461	1097	02-08-17[01]	1019
1ba164103bbf9836c680f3ba1cc7fabbb5ca8edbbccaf4c638a62c8632570fb9c29204d30eb0ede4b7eb0fb80be4e1b4aa4c3b4521f453c6ed8e36ae41acaadb	1098	02-08-17[02]	88
5f13400ae5eb6bc5fc0ec20226dbd58caeceb9b18307580cd2770506f9263d9ecc5598b548ae4ca00b01e78b1d148212f4331ced8a48a681adcd9d6b3dc5af09	1099	02-08-18[01]	49
d246b792039ca624ff41af197ee07c3ffadceb85127b001f80db4d77fd66b90224f3d7e3824fd29c03f64ecc241f1a0135f84153bb8f0f55451d8a41d6fcf37e	1100	02-08-18[04]	64
3210cf1db8b48b3dbed72321425081145880353a093df222a65ffb045184505467c051bcdd27ee569e9b0a885f69074b476cb88bfe92c1eb143ffd5709c0dd73	1101	02-08-19[01]	72
72007860c6301ffc5ac3a092f88a8d70988985ba8481dd0d5f946d5d8cb5478742b2b9d0209fa635eb143d7e96623d29f626fe87db449238abe514a4a927655d	1102	02-08-20[03]	248
9b14289da2f104f68c4dc67784fd8cdcae137f8da245ea163d8722eec5da65a77f764afe49bc825dcc79f69fc9716648e8c54db4d4ebd7d077fd9dcc11524b62	1103	02-08-21[02]	92
88b59fa0c6c7dc69ab71368865e8769f83fec1cc8ce8b3d8c97d58f3fe860542e8d1282ef9724b541933fc354fb761506827b879c75c04089db990edc624b07e	1104	02-08-21[03]	88
ff180cc309fda31a6b1ea2afeba2826e841db2ab1b40a50cc364f1002db9778fe7ea9bf18bd283324226ddae585243e1c9dc97cd17c7cba3957485362c19dffb	1105	02-08-22[02]	294
d3710cb7bdb21f9261539f667a38b2e7ebfe2135eecde1a38ba14a2f1ab043c46eb785a52866df8935e5ad15a4860472de94f73cb1247c06ac1718c9d336f202	1106	02-08-23[01]	101
58ca10fbb42a56f560e78268da6fdd54c4a08cdff3bfbd817b15f681f57cccf92fcc1268eca4265bdc5da5427e8c705c86260408fddbf30129d5d3b229042e96	1107	02-08-24[02]	1200
856140498072bc0663cb9369c6bbdfea021c46994d16e218da7713a7a6ba0da6f1d4c57012805a2928c37c68dbb73bfd78dee519f289f3ce3e426d9240803fc3	1108	02-08-24[02]	1200
a54c2ca0a3bfc16506ccfebc866dcbe22066a65c552619d04944fce55974f55c4db02bd73689c075df6531ef297a266d55ddc0a1521db2eac9586e592e7a92ed	1109	02-08-24[02]	227
ed860e6eff9f7daa1f32824177801f7149fdabc950e311d438b7fc822a1a88df38d8eb6346051d9e1433df0bff3d5e50c509ab7207bd1c8df01a84be66918367	1110	02-08-25[02]	99
3b822d0ea9f429e30b465ccbd5200ea0d6ff1c572e911b385009b10afd71fadc113623c63ae4cc3cfdd5760749a012cf64f58d4800815256df258df4c9bf9c69	1111	02-08-25[03]	123
8395fe22adcb52403357f8467dd62a62b6f504d6f532449908349cb98977d5f942fdb6977b723e9064779a6b76e0f0a613d3bdf5a202244ef3773f5605189328	1112	02-08-26[03]	189
ea77b6d35512ae749926996c6a145c6685fd099cad67925d1e9ffc20ba684645f1dcddafb63754f41fd87f02bd1a424b5c8c204ccac61ef47da1e5ddd7c1084f	1113	02-08-26[04]	243
a6c810607043d972f1a280a5a8391b542673b2a2e115ee5bd0b6d7819de52d23c346c6d4c1475e51b537b4889c1d3ec8690dd63273c97f7026a2584a80e6fd6c	1114	02-08-28[01]	64
158b4764566f9bc766a92aab49733ff2106ee43d4f60610a0f60b55c183f29dc573dc7d7dbd1af6ad8f7165a38dd3a1f5bb62f1abf7fa10c21bed07e99cab831	1115	02-08-29[02]	326
697fa254a82293437aaa012415f022d342a02f5eb99710496477595194723166b09060d4c4ca9e569422eeb6438aafa385f136dd0792b05e2e5d49e0157d2433	1116	02-08-29[03]	839
3ec2322426ecc433753742833295cf6d7db013f5dc3ef432199618eb50bc05fd3a3e9d96037d75798bdd9cf794d09780015230c3a904836f42831e87b75596d5	1117	02-08-29[04]	77
88714d3c481129a99224406b10d5fe5e50eeac1b86cbf432c866730944ca030aa7d4c84b04bbdda0631adc084df266202b610079d9ca6d1189ede02ee2a82a60	1118	02-08-29[05]	1200
98c8c7b85c9ec8e7de25fb74668367a23e17d61d52e7f113d52bcfa917619d87e9bae2685ed9da7eea04d9882db2651a4554872e2cf2ff0e39f1f9d7fa631b42	1119	02-08-29[05]	1200
a3e69aed7956ae3ca089fbcb3fcd33191029f916bd3ed77b65d259375d494a653de6c252b8dbf595dd2b3f1e369fb26e0fa52fb4ac9a4fad225d3aa2729a2cd5	1120	02-08-29[05]	1200
0d71fe8eeb1383fa2f1675de68394c2c1f16e67720d62db0775b54a0d01b8553d2e2837e200020c9530de888b48ba0eb090d578fbd82f516c3104c8692a6c7ff	1121	02-08-29[05]	1200
9f645ce034e4e8f5617d08b8a425055e78f20b449ada6feb685783a5579b3bed66310244a82765ad804827c13a5aa741d9b541308077ccacedb495d0bd131968	1122	02-08-29[05]	1200
4d5e1dcfa4a17c0f803feba4a724559169d153013fe28ebba479eb188a4e271b88c2b65aa5e4ac95d986218405f77c451627071711b42048bd3920c37d668ec2	1123	02-08-29[05]	1160
386ffbfa8f892fb113cbabaaa8743d7610f535cef3238d69d952cfa01704b5349f5312d391d703cadef682a11c0a058178ebf148f32c3a6e25eebd9a0eb78c2e	1124	02-09-01[03]	61
f8802fce7f4555d651897a33944494b923a1c67823b3746169e5a467ac108dfeaa8f82292d6fb967eba9d853e97be21c71c9c615b2c7f816baa88814fc649a4c	1125	02-09-01[04]	407
014c948f50a39e01a8fa420cf1d37b2ae7381be9c334e70345e1e63789bb47564e6c92a38100d36a03a395cf140b01c50d120831eb6fc0e7bd8251d0ccea502d	1126	02-09-01[06]	1200
f14bf34b9101e7c3dc32614a33e9c3aaa1615f009c8019997089feff809a2165267d737f12be52024d3716b5cb3b1a10637c8678cc00e5ee653a2bf0a1bcddb9	1127	02-09-01[06]	135
1b9948fb4368488eac4da1d053a9ee2a97f670cbf1fa29d6bee6a4664d8e2f0c918e8b0950a1c3bbd6ec6b71e650fc1669e15ab93cdb54cdc198ff74a2813cc3	1128	02-09-01[07]	199
46c66aa9d22dc165bee76cc89f17b67767c5fb6b77d03b74f6a5d51ea24831514e36619b5197a004badb28665b87ff4df59462a294ae4567497ab1523fe12b5f	1129	02-09-02[02]	77
dd20b9453bd5df8e67298d4849a53cedf242fbe17dd92c93aa04e0312c6eb98ab592f24abc63136f89bd1d95c7f597185eb75fb27d140d1b463eb349ebb9b56c	1130	02-09-03[02]	65
d888e0b2f1d4951d9cd643ab7e5e99a2f0efdd8250e5daf55062aedd521cee4ef84cab73790f36945cfd1111981d535a7be850f9ccbe68115b8f7b368933e627	1131	02-09-04[02]	1061
fce5e3dd1bd488469347a9092dc61079ae9a81b083756ecb72d0d6dd6597deda3cf675d021fd0d8589ff80556421ad2ad915d1f1681117ae9a0dc96c21a5245e	1132	02-09-05[03]	65
320245f5cffccafa1d8f2dbc2c51cf49d0294551c1cf1769d58983362f5f3646b0b79c1ac0009d6af481f82f4477ca693a1ae030054901729346233ade3f610a	1133	02-09-06[04]	65
369c9bf232fe842805b2f2f0e3df3b4b625f7b6ac944ebe2bd208b8c8651bd75d271a788bd42677658d9c6d435dbaf8d3fd05a598232dcc11e83ceb785766546	1134	02-09-06[05]	51
5a8cb31f8cae289efdc19bbcbd552b53fc12ce5baf711357799027d220e845f7f28147ac751fce37e478647bc84f1df49072ddc4dd66170661e75062d67dac85	1135	02-09-06[06]	82
86919a17dbb64654ce1297235340d702794dcad21a867dd6c31076512fef7eaf45c9211ef14e97ea12b63df3e3b914f322584eab53c712bc1e23cbb60d4e6b7c	1136	02-09-07[02]	234
6730072daf9538b868a73be08473f2933b81850e8973db99c85df7631b5286d9d2cc628222be2ced16c080820131a4397eb5b0480cbbe93c4adef457ede798a3	1137	02-09-08[02]	63
5a9a59dee8c3d0a82bc1b2c132f8147bae4293391f01adb6b84c4c0e91cc29d92a40be172eacaccff77d71d262208a31e37d7755a635e5e0b5905abfeee76df0	1138	02-09-08[03]	131
14a64b4b6255413d34c00491cb636c0f8900f91abae8d40ab2d60062d2635925746c24d0bd71087331f29b5b025a3235521b7260a7edf7fd63a67a77027f2d60	1139	02-09-08[04]	60
ba2315c416bde0035089e1b4b2dc55bca77f10089ecab2bf011120d1c50e0f1f7267e793728c331058cc2fe2a60af7f231bee4c6e0cb084b4607b2ea1c34a276	1140	02-09-09[02]	54
181e41487bd0ed11d11bf3fbb46f3d115025fa38eee0bb2b9b42cb30f2005d4e147f44304ae37ceb972f2bc245aa867cbb5b685f0f6917f145d2dafd751447a2	1141	02-09-09[03]	252
fccc948453bf2e401648775cfee5d469ec222cfa889aba3ba3fee580f1d0c627f28f17c995a38d1945bab9f14e5b30a4ef4596119e7ff521e81325fb77a2795d	1142	02-09-10[03]	83
9bd2873a64397b82c591412e8bb58c2783c8ad26c4e8d5b3af7c46f5774d2a2d4f318d76674c86c9607fbf0cbcaab1a120d0fe4319e88837c28e234e87609685	1143	02-09-10[05]	88
c99e1e43a5f5bbc7aa7945fac57696e4d9ae39c1baec109c7a1472166836a6b90613eb2c13915547f968c388a80a8eafeb7832bf3c91e84e88d4920eff478f6b	1144	02-09-12[03]	430
dd50596e045dee1243a803d3a2b2ab327d51ba09caae89ce7c3ce8130dc23351a0d3ced3f42e1f73bd6f8fc78f4b7fb7bde6882c3b7c3446372bcc3c54be357a	1145	02-09-12[04]	233
15292b2ba1a4bc5f6ea162ba47a0f40761ad30c1631eb93db6087d0109232d29a48b424228bce3cee2cce024e423f1c6a268ffce8711165954add22927178afa	1146	02-09-13[02]	67
6d1cd9b01b2f73a7472f9d154203726eb36837deeba8e22c3e58545d2fac57c824ac762aad141af478eb345534a99a1473bb9dd231479582715ccdff627f0abf	1147	02-09-13[03]	91
f4b030d573cd16820956d3aaace64aa27c37f0fe491f019789438bcf0f680eee9b533cc90ed65c0d91ebc2de802de1805b8a02acdb37e6cfabfaf9b113c6b711	1148	02-09-13[04]	846
99e45e38ca6bf58a02377de34bddaa076a4cb02c582d78c770e0ec2a5728ed3a1810c36eede496899218e0bf014c3a5841efc2ec7ebba13b05bbbf0df86f1bc1	1149	02-09-13[05]	181
269a65967b5dca87bac5be461f35b727316609f5c079e9df7ce736407fef90964380c1fa0e49db5969794fa40cef5d3efbcc14b8f1e96dabc7e87eb9cc94e14b	1150	02-09-13[06]	125
324c45cd14d889e92bde1a6d036b104eb30e949f0bf321d0ca0e4712786e1c109041fb8117a10ef037ffaf204b6dec64c675aeced469fe86afbdd7be78646be5	1151	02-09-14[01]	654
ae70baa4f82096d161f4fac795cc5b9be45cbe8a726537ef3ca02cc09317c908e61133465795f9c9309ddcec70ce098e84df0b8a277682badcc5323fd9c9b303	1152	02-09-14[02]	123
99b94873547d9269f063ed0143c1dc239eb5fdc972d4e238d46cc06dc33f06cc75afb8803c765a8d0eefd54ae419e2032bbc73984aedf9bbddb9a520d429e8ff	1153	02-09-14[03]	145
ce1c4fd56804ee64b8408e6b692e668855d6edfa741a98a4a7b51c414ebe70c5010bf1a24eb39c243b723670e25283bfab7f34e54931822b5402748dfeb747b7	1154	02-09-14[04]	105
dfb50bbe3977c1e7abadc915283a2a2a07c892962cdbb5f08dcaa3b752ef9d3c7fceb8331ccf1de7690dc25f6b68cc8b375be65ebbdea9e4d248fce1a20d9f47	1155	02-09-15[01]	88
e8a8bfd4daa579b14f8d67839a93c73f278fa7eb636e3ad4a59c76650097aeca2ad63398d3d43e7ef4eae0e17295ad2bbdb6e98b29531ea64a811bfef8d7b9be	1156	02-09-15[02]	51
64ce6b2d5bcfb1d9e2937df17d7657b7223019532e6fe20b1441aed1216e1f1e29cb21e48b92162aac11f6116e40ac4f89a733686cf99c8dbbdcc31759756705	1157	02-09-16[01]	1200
afad15bb2a82711af325c78999c7f449e38c567d024c7007e2d28073c1a2d72fdebc138ddfcbde8a09a97450af32aceafe5c8164534a87ee04c461f88c407e11	1158	02-09-16[01]	617
e0051b2eeddb8ca01928aba09cb0633953dbba8a6745ff164b5538bf252473c24149949d61e2f0ad5f2fecab27492fd0a3af0ffee6a2a9b3fa1572d302547da3	1159	02-09-16[03]	1200
a50ad08b183ec1f62714ca205b62e54381089387a565ee77bf5c98ec9c227378cf408140b252effe902409926b76f063f328ef71eb25ecfa3ed3fd561298e494	1160	02-09-16[03]	1200
8a7d77526f0694c39bb29ce8eef4bb13d4a47f8ee2b9c2bd35d908fcc800bd0a5db53da01787eca29570de340b5124af41e4c1ec8b429009730f48c70ed62407	1161	02-09-16[03]	1200
a829ea8141867726f072b8a5f9ce4825af5c3d999477ff4fb85630bf59c68aa153c045553f918068ea578e637d40e3994465df3259f1553378fa944a570387af	1162	02-09-16[03]	1200
83e9992554c5774c3a7cfaadc92246b108a6b2bfb6dbc96e7b8e80e5d950d4ab28222ed9d689588c6f1fd400389c077d7459292481b82a275fe01ed01373cff6	1163	02-09-16[03]	860
a784df208074f5d47a7a570c0dc7aeb3b96f6095c894adbea4c8b3e3f22138a734471a97887c3b0f64b22c5857a544cc8696dfdc500911b7fbeb9ca9e58fea4d	1164	02-09-17[01]	589
b04efd45ee29c03f757466b4c56626ae6f21fef8d45e89745562e9f29c15ab404a49e5ee51717eb7efdad4dc0758c788a2dcc249483935f957e03a3ceafcec02	1165	02-09-17[02]	217
683edcb5b089ba70ae09a143b7d8aaa0083605a04ebadf1a292d271469b59c48904ad3ca6790f06fc50d18acd6c9b289a0f85af5b1926a558741983e93eb070c	1166	02-09-18[01]	80
2d0f615ad4fbfc7ec5a33eef3abf5f414ed3abbfded5c32f862543b6ce3398c78a8d120e477bd3f204b78665f48f47f1a4d591b7b23e63133b5e1908cd993b4e	1167	02-09-18[02]	1192
2c5cb5efd9cc1ed6fda3cb247338a14c597a7913fef1e84cd4e714dee99fd5b63d32ef081787ff0c902f7adff8ca02ba29c1788f662e5b0713ee3ad1f86524d8	1168	02-09-19[01]	99
760c1a8e3dd7e9584bf5dd3245416250d21d3011f3acc8c5855a37210b8d6e06e4c555d266180c6c29a08b1e776d08c22092d8a96c9376a498ff4fd61cfd146a	1169	02-09-19[02]	106
5571a7667d511b3ea3e9768d249b74cfb5c291f0fb3529699e3975b3192ecf9fe89fab0a297e4edade740105857c6776358893977aa0a8fef2631b718d4b5203	1170	02-09-19[03]	80
f5f6eee5209a5b42960345dbd93558666ae5fefc739c5e06acec6d5d2c95cff7f9457688bd7cc84b615fee2bac20a8bd5c9215a2d0fec53a6210993cf10ea8b8	1171	02-09-20[01]	61
ef62cd5e1afb552d0477baaa16b5e67c7eb22fbff7c77b4cc7919ba2b3569d7e66ed05da2715f53368ec88b37665ede1ee208da9257cc579a20cac8630367bea	1172	02-09-21[01]	70
0a693475f4454dabe0d69dd5fe0633389faf2c043a2063db4d8e18e119e6b4d4601d23ffaca20c08efbabfe4229cc00a5ea88f87c22d098e971969efc333f31c	1173	02-09-21[02]	84
a3364f286ebddf9249e185c85131bbb0b7a3fc326fa357aed98a8ea0b9158d84b1e86cdd81cee30c51441b4e9c7ff54aee2a55c4feb2c26b628b146c5930f82f	1174	02-09-22[02]	791
60a112be76ae8662146009b5955b4dfaa6da0ac67de8c25b21534cfc1d180b5bd8cf90c9241147224495f0be2e493cb85885586f42de6d3783980c1ae873dd3e	1175	02-09-23[01]	66
e084cf14b3e3ff654e2526118a1f24847653688e2a6de137b658b670658d772dd0adacf781d4c2b34e63f33ce56bbc3b1f241a7c61a97d3c500c91cd8f5515ab	1176	02-09-23[02]	145
6109da2c572b1251b4b961010ffb043bab710cf38c5c8c44c5bb80c83f8a59344223c0e41833dea8ade2b4db39739ddc1cbd3cf05cc0b9a284fda3bba4ce5460	1177	02-09-24[03]	291
8271bbd4cc3790ed8c4bb7feead3babdb31dc887936e663372a7c2c646626eef6eeb37731aa016016c17d7d3d099d8548dc0eb601e1439100fe9438c26f63f38	1178	02-09-24[05]	294
21388ae3d5b4af67dadd18ffff697692e5b0a0f42c72397fdb313a53ce520ff461e3b6a0509f91be95a323a0f289521756cd2e2e302bd0601afa250ba4cd69ff	1179	02-09-24[06]	140
dab7a06fb840c8f76d91f731da378705796644ef40a3d7e3c740ca114d9c1dfc355cfc3cd09019b07c8cd93d943e7110b98e4418138e5dfd42738274a9c3889c	1180	02-09-24[07]	506
af458dc2eb02e3f2237a135ad0c945372f6099a8c488881d47938e799e5c5462b386896004e83e91babc267cd7f98c128ffb0390200166404c154a8af0d7a100	1181	02-09-24[08]	152
05e28b48c8f6ccec8dbcdc062e89f904e58c45747e271e58d194c64283ebaf9fb64958f540a422478c4065c98d022d52da14d0e2dca0236e08d5305c1c343196	1182	02-09-25[02]	66
08da557d30404351bb2f1da7925df989888b4aabbec78a346a8795ccadcb581f8e4c2fe69258296b2bbf53ea9b3affddead3c36bc1db78f415e4e1129c11216d	1183	02-09-26[01]	78
b3d5aac788e85e055a9f2b4535f81072fb574fcb6e9ba74cabf9d761c1d7c496680affde217d16b338f419ab139b5c00a490a615e4428b45509758410816f1b2	1184	02-09-27[03]	87
1ee4a8d8ca9bca5a24f5578c5e946912010d913f5cf28619c2ec35dba6e5f864b2eca86c7c4b6ed14d34410eeeabe2d6e7d063f7374e6e69fe60e07d2ac86631	1185	02-09-28[01]	821
938d129987a3eeb7a5d55046ec2d2ad13ece527afbb1bfa069fc93e102fed88abc3999b8d4dae1354436059583f5b04bf8f035dedf47e5f59f2b41d570ad2169	1186	02-09-29[01]	583
a0c82ecfa664496ed069b183a481c7da5046acc4bf290ba97ec82ed46c7fdfadb193cb3399f7074fca794e39a9800c1cfa78e96916387e3eb20ab2f1c15972cd	1187	02-09-29[03]	152
0c2e122f15f38e8878a2480d0b2eff9d39a79ff3cad84705dc2404d522009c98487e1e61a0ca0ac7299efd69c94aceadd646e6aa3c16f5872adf2cc012078e2c	1188	02-09-29[04]	135
0b27cbfb33cac97dbe6b1f7238fdb41908a37c5e3105dc035e43be5294d933f0df7e261e931222b38daf5f792794b48ad49807ce00d5f576cc61ca78084e09ca	1189	02-09-29[06]	57
8be4d3003b66d33c8142376e6bb0aa3526db2285fdc33787bad4906dfe5b7005111b689217f92b5f8352b541224cc5c09e79e5336f34c269cc82666319659e5e	1190	02-09-30[02]	1200
33b59dcfa93340ed6645ed3ed27f1e2f454cfc8717c8901d2becdfd0cb4780cc6ba5a8a1007e00013c92b6b1ecb14b65999940668f7ce0797511d4b0ca40b48b	1191	02-09-30[02]	1200
45b983333732f8a42115056846d8435b1e3c51698b0373868489c34bcb185ddb0cbe9e8be3f17a0c233f54573aaf06ab362206c75955c8300c6e0c7032c3efbb	1192	02-09-30[02]	1200
705aa69080cd551a5c403695064743099e17f30660cf38309cd6b9b7b4366ed781c0d9bfdf9c5a0cf63230b8ee4b45463af52925da5f07cb8d984ba34118665f	1193	02-09-30[02]	1200
f2d422fc7515eca41bbaa09d942d73f7d16d836713375d02750d1fa428046029647b934f4ff7810debfce3127a7a97a62d99cead58bda44c722736b09c26c356	1194	02-09-30[02]	1174
993b7f3d37e410c52bb7f5db471ed80ba1080e543faa51830be6c7696824842513cafa863669bb21c505b1436bed2b33452140888e140d8eaa5f3039b34117f4	1195	02-10-01[02]	149
900e8552120d12907aad8a467696e7cf768c0c3697ae40a87ad724e9a24e038b6097264a4cd66c2adc280e022fcbe6b26767f9db772e83d74850d91d8235d81a	1196	02-10-01[03]	79
8115118c7b2cb2df8034b6429250d878d598ae2e89d50b60a318c104507348965843b3c7d77377b26150aaef7f0b262df990eb85aafff3ad52b7f81437f20720	1197	02-10-01[05]	73
1d37fb999554731f81c499bde3a3303715e79e066f5e5ae0caa8f63ac09c546ad34626c6e4228263c42bb163d1d49990441c4831cd1b147b9d956274f7f88f34	1198	02-10-02[01]	215
2f788c6a31905008ebae0a6cd83b2a68f8c0bb27c78ff0057f7f9e3beefc2dc12689f916df06551731e835370e8350984e763419a96a7d43a1fa13c5bac3d50c	1199	02-10-02[03]	84
0de841a81e029333c59ec7af912d33249d142d2d7c6bcb380ea42566e40342156d812065418c6e2c93af86bd58b26ef00556c45abba9f56ad190973ba5d18c65	1200	02-10-02[04]	112
2828f71ad16632efe0141819950142cedfb827df79efa86f195a68f890f83725737ed3d9f288af4cdbfd3695654b8364512a2040f5e6374395cd615ee0a8dd39	1201	02-10-04[01]	377
84c1e861060e55eecc7966fc486718b3d723285e4061429b4d070b260a50caa6803d2dcced6535118066e7ee6d65c85b9309e7c9efe8a9d2a84e037d11bb8827	1202	02-10-04[02]	171
9269e2a98f05435b2074367d197b8aa627b0e00eb2f5338874e8191c24564fb8cda42cba60f67533279c49af48488decd563594754fc36b5d9e7828494abd5af	1203	02-10-04[03]	96
9f0611398d35af27e12f196f85e122f7a86ba6dcd67e196d5b7180a794baa3ead00f8c813f1e91b0f2998c2b79dde2e74369ff51e00c14cf73a76c35d405b0ca	1204	02-10-08[01]	143
8c9b7530244bc49b074b96041e9c9b07dd5848cbed915b485f4d9ffd729c8253c094663a886d1600a5f031fc1f6ed0d2d498e6c332902f2c107bdf1caf5774f9	1205	02-10-08[02]	974
35c409f38b96b874e830436b9f86fe0a1ceee3d3ba9dbedb28aa174d57bbbe1dc179097c10318305a1139b59a7ac6f235b34040e5c3a481a219d9d815dd832eb	1206	02-10-10[01]	98
38313f1bea63622e2a673e39e45ca588d04028ec7887e2c3dbb0c6d73dfbfad465c9545d4e66dc6f5065bd66e05018bffdaf43fdf98bb779e2e55a52cdc3cec0	1207	02-10-10[02]	89
5864a7d41a36f30a0b45475be70281915e35242a936540fd1e693afe51cf523598dd66525971a5a809801a9a02bcce0b5591e835b3375c1423a063df7a5ca863	1208	02-10-10[03]	75
107a03f817f35ebc11aad68482dd5dd094e0f0fcc25cb9ef99c8a39c82afc99cd54fdca93f9857123ffc90abe4b8334177bf9291238ae4dd2de4da19f037187f	1209	02-10-11[01]	551
aedada3fccb4fa31fa4b6fd4154f6e3841e1fa03a771f793f2ac566a073ad9f4a525ba148f1e1b3d67f02fd263e96848c07a7488bfa9608f2e79829ac8283e51	1210	02-10-11[03]	955
6c2f15b7af0c52f30fdaa7e252f90c2c710ed93442e48bfeb9ad04fc09650a2659b775f33cb6f140fcfce63eaf096946de3be506910f9b2f9aa77ae3feabb577	1211	02-10-12[01]	101
49e94c15d367c2caf00a3897a17c9b9d854d256563bd07e007e027fb30b894b23b26875b1ce342e48be1b576cad9af788eb2addb88ad100a7d4849c01582d77f	1212	02-10-12[03]	84
b1830356a2845222a036c9b9ce80b751405f7cf73b4a84c809f5bc4b9fc2217a60acccc8a1ef24c7668138f2272ff2619b97939a5bd3f76934a817fc12a2aef8	1213	02-10-13[01]	108
874d7c6e4636d4382c87321abca79d5b63a2955c876ec2d908648b34bd992708766eb747c420dddec477fb43b43b3cfe6ee32859486d5fe656a14046e44b249f	1214	02-10-14[02]	71
19158432abcc759c1958f308eb90dc311dac2f33736004de8b67a4d99ffae0dc64e8975225eb21dbde3ee0c12468485aad1907dcb8c80bdfc6636965b2f1c925	1215	02-10-15[01]	76
8e9b60e236b510c71458fdef499edfad2dc86f5add40b9d36e47d8818168df4ded8ccfd0b45be8204f5b9b9e1b3a0b32a97617940893ed457758d6ebfe76759a	1216	02-10-15[02]	122
18e7a242c7be97f9f10efafc3d0d570a2487501367602fdd5afe98dcc14c7e0412959cffeb060cbe9a21fd428c170f7d40e09c84a05d43c3d7deee6e7a5ec9a9	1217	02-10-15[03]	140
36f52613f3d82bd686f50acea4df86964788c42e2e298b244c5e082eaaecee51aaa9eaa1d49e1b89d2264a919fdd8109b219e9889e763d9f5f7e329310238916	1218	02-10-16[03]	84
e134b6e29b6491ea26fc8f89a4e6fb25c1351c6587a7b8f5d965916715ea89e16ccc974d078b5a09576b541f1f6795dca298a2b5e0744a6fdfad45877b39560a	1219	02-10-16[04]	919
87d8d53b2c41993cfad5b7c854b92f5b6d763c89da323fbe60672457047010f0583c6f10d6ad004fa842bc374e489e7915bebff4deb0d4713588178c332016d4	1220	02-10-17[01]	72
b40e402254be86271ac5e7a409644ae65465a0b2057bb14c99b804e3d12c9cf0feb9dd03b261fb37e87ad7e57b91e0bd0243e5dbc0acb7a368a3509e77c420c7	1221	02-10-17[02]	330
ac6df21e12c8bc11924619ce7db5b4b77a0dc2d2b9c4f629c273b45d5227c9595e002e6b90efd4341eb445a41fd0536c2b262ba1fc7aa72486a2d2a448146780	1222	02-10-17[04]	180
97210d528c82073c2074bea135e35ecf9053cd3d0d6d17d04aac9db741828ed12588400227a10d8734fe8747fc306a2a1e1c93b6e5e7dda98920f9435cdcf76f	1223	02-10-18[03]	737
29c64a53a304092ab97081a507a3ac59fd73a547110293ef16ab284a759e82fbdf11f36ea6f0bdf863743e4a16ecae6f544c44efdb3640a3277d3b3bf25fbc0a	1224	02-10-19[01]	67
cdcf48f357a92742f8d6276f98e2be37a7fcd91385ba2a4fb021d25fd15440fdf93e60110747a000f23be82f88a2210aae12d81a61874c9e79bf19773ccc0cf0	1225	02-10-19[02]	85
b7a70845acf5c1dd0089058b7bd66b5291b862bbb2890a8b8d11a2a958e142720b302972393ba240fc5f564f37a947c529d9ccef6a6e5fb826500eb7eebd08ca	1226	02-10-20[01]	82
090bf94c9f378064c5e80f0bb486e8578b25436c97837bceb9fe63d58fbadb55645cffdbe676766e6f8b090169013f13a5a1a464e754f0b5a1ce31d0b778644c	1227	02-10-21[01]	88
b0e2df9c301c577eeb13ec73515250bb0a31dbf45c3f6680588ee9544a37e9af8dc98c3a9abc70b3214efd26457ae1e283afeba8a1c6f45333fda8aecc80e738	1228	02-10-21[02]	311
ecc758b73fd6f9703b99e7b1ba040d508aa8fc04adbc380d3c22c3a2d924df2133a357f129e69c7a12130bec57d2fd976e08aa817c642a54dfb48a6c42688998	1229	02-10-22[01]	833
55a374d707c26c6e52042f732bc1b4c9e408415701259d4e61a4a36f52b87f1911347a8aadf48fbfacd48c02585e0cee60f5afb186bd8656606e1aee788ae4fb	1230	02-10-23[01]	390
2f48466256498a6fc3c2fe24970319075939a57d2a70ace5876447e9c3971c25ddbcbc7290771c2042f330e4971d0db96783778a02fc89da81ab94d7490f7886	1231	02-10-24[02]	54
f3138daefb98207a843d6c527df0a49083fcad7e68034ba59bbefd9b636befcd37c62bb889e42b2979c015c314a6f1468aa0db9d9e364c6213c70ba65ccefab7	1232	02-10-24[03]	236
bf2ae2a081b614f82aa8bc9c0558b9ed2279ffdf5ca6630d825684237fdfde389e2372613cfb9414008f38b0a3e310e73669d493deac68c88a0e4bc23d796419	1233	02-10-24[04]	281
b9ae092d8d0cdc0076457fdfb8ab38226dcac62e6e55e4acf74bd109b9a4eaa750f4726b498b2cc9196f72759e544d83dc9d2226b4145551a6259f55ca9f9ddd	1234	02-10-24[05]	102
1a918cb773ebf7d0668704ff069ed13a87a06f7893df62cbcd31bc71fb3a9f7556913ddaa5fcde5155c42051d89beb98beb55679bf5c30b897d76b093936d635	1235	02-10-25[01]	366
6a1c3f9a70930e7ba86b197844ec4819f53cb682ff19e47b0f8fa47bcf680693b24308ecd96957053bf56505b23244f444c75e26e8cd536876c693cb4094d80d	1236	02-10-26[02]	180
43936ee1d44d4fb290a46c8b7450dbfef75d2ec7d16ef72339d1e48f7e8da35be984130461444cf07fdadb09d7be08d3cac0eb5c722ad9e6ab87a6892f5ccb2e	1237	02-10-26[03]	130
352ebae9b5c94b3b1abd368b30fafb67f34a60fd80eb301ab33c3f4892a458458c13c911cd28a9ecd4187cf416fe0c48e1aabe83b5e25a051348596e7005fb2f	1238	02-10-26[04]	86
d510507be19a04a2588677d436e893f6ff81753b0136257bb37f03eee80bb34c1baa16fb788665ceb98881c3166413fc4d51b35342c6cb28d36d25e9899cb9c9	1239	02-10-26[05]	198
86781f5a450237a43c57e1146a37837b3b0365e1091b24ff224427a53cf5e3c222cccf40158afd5f420d370e60c42010a01bd4e36ad4d07c169a9aaab562f9a3	1240	02-10-27[01]	1130
af86a96de29bcc755b8c1791ce06f751ab817b01f722e6354b5cfcce1d2f4909f7570d3b60da7ee83e97f9248b822a2cd5bbdc4c8ddb2b7ea8ccd12cf7c16099	1241	02-10-29[03]	547
babe9e621d2567496aec83cce7c14371c93fb759a8d8b61d378dd26984c35c9b26e586140c3493c1ca2d6e58aeac3e6c2634dc79b5baf7c7b5b12054085a1dfa	1242	02-11-01[01]	101
99c3d541a5efd08509f572e12effbfde843247a43ae7664efa02d79c6c7898255e587394f6a2d64e94e062889a5b006c2d51d9599048b9b831b755d99ae5f347	1243	02-11-01[02]	1200
3db23005aefe447dc82cf9b0e8ec9666a87ba237e4c1421dc6419a2eaf1a667d865a0a35d911c8af493c23b2dda0f901fdbac2591c41ec076460c951521d75e8	1244	02-11-01[02]	150
67930c43baede7640baa3d50957d71fa8a5608befd72eb38555f96878bc1f22000312c31e77f3100f432ced3432ffc49613fa00ca6ec3ed7c2d7ef1de2424510	1245	02-11-01[03]	91
7ce5c2ea7fee602b8043e6370f99e4ec80470064373293102b521513215b0682530f694a0bba6a9733339d900ee7ae682f9326c155ecfd0a14aed99fdac09cde	1246	02-11-01[04]	130
1e392088dee14b683894b56c7d537a5aa9fbbab2b911c174c2511f56a4f83ba215b4d22133966d8b15d2910b74b3ee66e7986489ffe391da3694a0b1e259fce8	1247	02-11-01[05]	360
3aff605d7998134744b5df0cdad0f3b2dcdffbd6d8fa78a91a3dac9aab33136c55b52547bbb3e83f3d4353b5f18f911bb30455a1c1949f50cc378f5a49093dea	1248	02-11-02[01]	259
2fd86a07e26335460521040c316dc4881e43b1bbec6687d4dad5acdad26398876fd69cfbd61b919057a5e03601eaaf33e24e15be75f4c7a5e8cb2251fd8542d2	1249	02-11-03[01]	41
67d12395008a8c1214b8a1db2e498972ea4c074e7478c780e71075cf28780d4d4be7237e997f6340c0e7d63a9d334c852f5f5f5ed3484fe2eb215fb2d717713c	1250	02-11-03[02]	149
94a9ab6080a5ae7414b3e7913ddcbf6271e0d9357c2db397e0aa04cc2e7e31cdcf484451c84dcd38482121e7fda8cb6f88a6cd0a7ec1cb316c43081b2bbe8052	1251	02-11-03[03]	866
6b088fc74d0832a8bd17ee1474a4b6d7d2fab85f72f9e78227b97df38eaa69bec73d6f3df29173979b4f98fbdeeccac565a62edb43d014dc8e26f6ae544b4092	1252	02-11-03[04]	228
e0deb82d57a5009a42840fbc2690ff66a9d78e499b58bfe51f131d977265676493a5ea72d12b6f62d5051f3005bf3f7c05bed11ccae66d8d389266d51718f675	1253	02-11-04[02]	454
df69b845f7365f67b4337e301f657df00bc101ab2a64f8bde2eae24abb366796ffe2a2010e13e691ce4e9bf3089ec960507c56206451ca01cc750fe4cc51f64b	1254	02-11-05[03]	1200
d5749ca83077f81a51c1e67fd6a90a60351f9d47b50722598b5cc7e38bc8e0eb1efd7d197727870fb4281291c37174ef92e8c9bd672549a6d3970be962770d06	1255	02-11-05[03]	1200
3734b89d7c22be1cc15f0e9ce2663cbf0a6acf78bb26fda95ae4a223542231b9ddc6db212aa7ccded708edd75b4fd5a9b21ae128581ba42fa4c838248680fc8b	1256	02-11-05[03]	1200
5308fe4df7b41623100df6460eb71e6a417dcb1df5995339b4a3dffe85b3b717698d6e20f384bd39c2fda3c6c4dbf44a598bc8b6d22388872d14b071f2e5e829	1257	02-11-05[03]	367
a3b3d5c7da70f439ff531d1a48eaf9e0fbed477a7675d4b140e9ce319515f06acabfc927d5bf8070794f355c4b4b444181a6c1a608403113b21e4f6267147f13	1258	02-11-05[04]	274
625bd8bcf13651abeaffe659ce25e915f52f373a53e1a3b009ced50765a2b7f35619392b671fb58bc5368305b0b28743014b4c9c4d08f555ad850c46a3735b5a	1259	02-11-06[01]	251
3a6d6c7ff33b68ceaac6617a94ef5d20482b2cd3a413aa2894097cdcc68ad179621fb43932fbb7eb05935afff70c6d551fb4a90f8c8040db448b8802a4d95644	1260	02-11-07[03]	1200
d600aaa8445924a5898e0f199f79e6db6b1ded400874d2d373219874a6d5feb0d726d429c184069f81989ff59923cfdf0ac7e31b39af7c7784445ad44a1aa8ed	1261	02-11-07[03]	1200
39354e49eafb2833e2e17ba9058e5a5d4bfb4a0621e3e82a5b8f07eb7053e0c7ab0f4e56def284c5217177d3a81175116fe0e8d072a7e92fa594512fde6b2bba	1262	02-11-07[03]	1200
be6662ea7f11461aeba95dd4ef9737057083334ac06d8128912950cd198f222a44f5ba95794878ae505d5c078d27fb6eb7dfe071b77e1332b29359987f23c02d	1263	02-11-07[03]	1200
72560b9a5627ff63d1952f1015df05d792452f01146f628829a56058d897d9409598aeb0a735b3e341143b1704f3281ee7fc8f9c5c1936fbda870a3e309c2305	1264	02-11-07[03]	1200
a5651e4eaf2c0c6a12cd60f4c8a3ebf73298708e469458c9e2f09891dca120cb9203228a16fa625b0f3b8efdf6d1f61f375bd1ff648e0b1d754f9285d16c08cb	1265	02-11-07[03]	294
083fbd51ba42c883972e364c5a561810db3cb06f52a47c77905eb17a1e62d183706206902e71ede290724d6732880a62fc1396aa6bb43548bc373970c578ca45	1266	02-11-08[02]	243
c539bac49349e91837f3681d20248349fbf9e26bc94374c28603e654e6bb8232ba19d5be61a56494c7653d45b48ec69e5568783bdb6a6fbd9bfbd2c1927c3ae3	1267	02-11-09[02]	373
a7e668e889150d906ea53e27cdced4a296e130a89201b1f1162aef8e1943e3a0d4d65d6f4ef48b516e276a5edb4a7544a99c5d80008e956134d122611deecf0f	1268	02-11-10[03]	400
7bb9b0ad95f0dc76df714d3637be47ccd519c53a490a0b3293f6fe039a0e7bd406ce89200667571661d7fe446f35446c814919d375c54972921d38c4e43bbe6a	1269	02-11-11[02]	178
6bf7eb3bc2e615f9c55816a7c037d7f3e65dcda46dc014932e299143a1faf811c7339d94e4a06681b9bc22392799fdc0afb3e43d3b47ce459fd7d9065d1b8fd8	1270	02-11-13[03]	185
011d33fa82882f02ac2bdb68c793188e7bada19254cf8cb14f9580b8bdf7a0d474d811f0aed9a0909faf7ed9774fcf6d829c96045f0b75417ed069aba77bf24e	1271	02-11-15[03]	341
2ff33caff03edd53a5ca2126b6061d10eb19d95b76a8498207cdbf6962727cf39985991955ebdd405ebe1f33221247b2a757355995260fcaed7565797430a0c0	1272	02-11-15[04]	1186
efdb3dbf9210fad121e59048ecf54fdac18049c161225ddb98ebd3ac64da7dc9020c8b4255aebbec488b10b5d6e6c89b2fe35e973accc428187ccc9016b48e46	1273	02-11-15[05]	141
076ee5c36a2eccc1f82918ed58cf57d9181c032be7bc759af0f8cbc7e03e13fdf49c98ad63e567809aec9468d7599538a84fb1f88dbc53686af834a0c06c3bf4	1274	02-11-16[02]	206
9fdb426ed23d68de7bd587cc433a8f519ddc07d1d7624426ae7fc1f08830e857f6ef4b550a448a225f13888a559261da0f5ca2ded54436ff7df72918d7fcc6d1	1275	02-11-17[01]	46
9f0207f1ca314a50fb00c891831c3a8c90ae20811d53d8e8e109002169edd2d7509acddf306ef01b45d944ce3837fc3c5b44e8d90a3672023edc944e4a2ad392	1276	02-11-17[02]	384
4378037d66372f960c54abcb0ccc021d7a105749e8c7fe3892193017379b53ec5e7b3aeb683398527e101063ab79902388956c716b1d4fcbdf538a13101b8ebd	1277	02-11-18[01]	73
2679057dc55385094d35525845086f2640d4f7bf7a4c1f5be7c7f03740bf7086cb5e9124bbc9fb5fc80a1047f8f01a563f21acb816f2c280e22596eb3f76a528	1278	02-11-18[02]	61
0e59b377ff98fa85c27638ba28822af5f7b6beb25b2835aef006ddb9eba22c3765adb0b7ea422190c2168c0841baba1cb4dd24541ecf101d7b9bbff91cb08893	1279	02-11-20[02]	64
43b8068f988d45bdc25669bab9e2e946e52061e87c63bb8f5a561908d35aee8e8dd30550243cf85f8a45c92dfb81efa05b35dcc81361edfe404800d0ec48477a	1280	02-11-21[02]	87
4e9d70899c7a0d20cbdaa63bac17a6eb310b4b6dcf14db60a97bd67401f0e858988e73fccb5d04a602e273571af20fe4486dad21b5a4423516af9070e491acce	1281	02-11-21[03]	93
edfcd2822614f4301a6b794496c24f76d712507375aaecbd12c69c034924f88a33768380b037f33981a74a233c41b99c116b27b4753ca1cc6bbfa9fc7bf6a349	1282	02-11-22[04]	148
2a9445b8334bebda76a8c16f3988c1059badeba7e5dda4df71443bc70d4d41eac10947f5b170e65f74c93154a465454397940e573dd6b5136084a8df839b588a	1283	02-11-23[02]	281
8a08c9dd8cba462a4e6245030cdd6751ca7da1fe45e688c4f82c73dce99a982e63d2dfc26ad218d74df402f75fe47f16381a334775b803b71dec2792eb1c05a3	1284	02-11-24[02]	146
416a8216c037f06cca511fa8aca403278f631499953e3c314e1a3ea45de87e3c4dd389bf8e897bb5f03a7f46b72dd9739a1fc075b2bf07d0231a84240b55368b	1285	02-11-25[01]	355
488bf121692ff4ec09b444c1fb4b8c85efeecc92273860c4c3d0ddfff3c4d8931c09fa90d01880bac24b8d7d10d8d449cd72c6236f6801cdb435c62cac2d5c6f	1286	02-11-26[02]	408
bda42bcd25ce004a8c15c780bf5afc2608dea1cc4efe2c1e4e1858d58675f13f0d7049d467bfbc3acf113ebb1ef5810933a72451522d13abf043785372cdd0b1	1287	02-11-26[03]	182
8efdec835d53c9529a70cdec65999b278164cdd310fd923d2aecc6459f7bf864cf6c3511332727ce64a6f1b8a242d1a278baf1ea62f024a94da78145d888169f	1288	02-11-27[01]	56
32434df92e410e7aacb72dfda9cac86527d20b2461322a07248eade5797696e6ce84d5bad6471e332539a8cbceb50cbd0034c4eca20b87064bcab5d1bfa1acd7	1289	02-11-27[02]	440
746e7e03ea7a824627861acd099f2844e78dbf139575a90e36cafd0f57ca5384c37c934039b3bf11bb86fee0b6da53b40c76d7e72dab139cdca9e86a582c1ccc	1290	02-11-29[02]	72
7b3e56a557b5dfc597827115b34e5db376417aad34dea1f5b3e42f5b893d5a69e77f66808e7545f81a3d53cece328ddc5e2de5046c5cfbfefcf9e4c80be8633f	1291	02-11-29[03]	80
0fff670dd55a0d8488580ee9b07301bb7cb0930416054d4cf303504e5261ba3fe9fd5ff5791543c18498c2106a74b8f084a6868ae795bc01b2645370baed96fc	1292	02-11-30[03]	42
77cb9e9c35fb3c5c7d395c8cdce9965f2d160019b1ead8c97f16b8e727586c68e6fafb248f1f53f2eaaf31862cd3ae3c919c1363d681ebebf36ff240888deabc	1293	02-12-01[01]	72
07456dd7949b9750c24b58507958324cb4c21d1cc28b16cf90f03bfbdc4394d8e0163a589105b9c1434674f1bff7142e868f01948f268396e86e7415661d0209	1294	02-12-01[04]	358
561fa0ec7fe7cce8a3fa30b95b76425505abea7e7c395a3c2f5eaa02822951f5c3b79390bcd9ef60d8c73d7e740a6c4cf7dcb0389519a6db36cbc3a974e41312	1295	02-12-03[01]	125
0a9ea593b7406eebc1d544472ac66af27db1fd62423bfc585ab162a5d2ffa1ff298d86de22e7dfde5e476723a60cb258b56c28c43cc24a1308cf4be2f8f93a69	1296	02-12-08[02]	278
0daede300a79ceed7c473a2179d10d5cd8e5d62b54bc7d23e2a09e5f2cd7d0094b71afcac7b6e3b6b3bcf88c5a2a101bf508898ef286ff5132efc68cc5bb71e1	1297	02-12-09[01]	91
637cba95b9f511a5d630cba46a51ca928d66a6f628a8b56c75bb7769eeeb143c307409315cc5823ddf87a8b3b24b3c3524fb9a5ef156dbde82cc8c3ad35237c4	1298	02-12-09[03]	78
b6bf0f4b3674f589839d8b1338349989f63e4184fe707fe7e6c3cf6e0af74d00d6fbf319597fe2fe6185dc597e2f7121ef86b4ddf67884f0405b0b698cac53af	1299	02-12-13[02]	99
eee843b68a48b91c91fe24d4aa167b7cdb2637a318ef75243018a76caf1471aba45dbcaac768b700fe4495711edc96f97e409682f809a257d400d3b1533c1f44	1300	02-12-15[03]	117
dabceeb639912c48f7c9939d659f29cf4ba4aa93ed8d83888e76020033d294c9a29e3423452a5dacf8c7b897a249e8e15b741faa25b89f4a565ed68af6812ed5	1301	02-12-15[05]	259
1dc38aaf432d6b9d27134a8b1188df32d0e23068c75ae0529c677edbf171713512c2c497d573e61ffd9dde667347fc1d0669a6260b4b9d512267b7d5f3c5fe97	1302	02-12-15[06]	358
5d628d82927fa9f0c12cf10113a3384e9b26af502c3c94070eefbe79f0587284460cf3c1269a90d488c36abea37e06fba66651d149d779873b8dff27a44c6e36	1303	02-12-17[02]	326
2d9104653fe6d1314230dcd5347c8d641c5550e9754ae9b96812cecd522ab8e12cce31277e818ce5ea8408df4821a625e2a0847ab194f1da8421cad32f3a79be	1304	02-12-18[02]	150
6e60ed84cf35a3b15e891680667230c0347cc49a20128f78ff0b9744456ea8656cb99e97c677b4f20e3a02f0d8f99449a68b3e8603e18d550750651a63e9babb	1305	02-12-19[02]	220
662ab45d2aa9952c42648f8be2422c3b43acae6c1f0f104f96bed827e351e4af0b9619904b4a432f1ad921814e7f048e14188a8826e37b72c99eaa108d5e928c	1306	02-12-20[02]	73
6ad18f699ef3775c97725dc3dcf5b46dfb1cf4abdb344fb95bb24ac79e4482d47420d4a18c4738d2079ef310fb6274a21a0fb64e5ed25c8c95fd20ea852dc8bf	1307	02-12-20[03]	145
48832f0ebb4c35872ba35ac0d4f5d86f4c28b9c3c17fb36ab6c9adda1b770fc9cb90365c4484273a8e08aa516f63bb301fa7d65df22b903f1dae8a33e1129f60	1308	02-12-24[02]	85
73d4222a00f0222488fa723a7cd062b2d4326921395388bb5601597ae22e29b5b51fde3cb85125c61ac87f4fb28fd69862094b8608be47381283e8cf8d1877d7	1309	02-12-27[01]	47
d72e6476cda7d82dd4658f43e73d2ee373f5190caf9e07da478a4e46fd52875703812a7f0515b40d2fca9a651518d01cb97cd5142abe30e08982f8180cc82d62	1310	02-12-27[02]	368
2a28b615536857198db5ef620630191d1fca9d3831a919b33cabbe385b849b8694a2be09e70e96fd4607061ed4dca956870ba38e6b33a35774fd228921f2d008	1311	02-12-27[03]	135
5bf7c325605e4d0bff1b1c922870a228a17d7d4e958fc63a388ff56c4f3a4fc2a86d3b1fd5c732f2b0d322624104d852baec5ae498540a78f14771a38ec16476	1312	02-12-28[02]	140
5cf2f5c4635d1763ffdadc6d4e0062279f8279a7dc350e2021e81c194c01ed15c145ec1e8553b0fb14779a7f64934d1d724499b9f0e95ceba41a62504001cd01	1313	02-12-29[01]	105
6a6c732e7dd67a99aeedce6a7399ff5b23b2bdb85e45bae1b799145b84630fb39a1f7a40a351a5077d43b66c1a181d3fb44ecdf98471078f6ad1a44f925262c0	1314	02-12-29[03]	45
4324501d3805e3e5ebee9371df33cde0d0e79ed2d68a7a0b4e8c682c2678fa048bf026d8246d44ebc685332587de801e369a1c5825094067741c23fcd3da674d	1315	02-윤01-01[02]	64
c7e38805df6f6542e0a6a52fecdd85f1b37e0f4461ed41d9f2c684f4db783b3c2b03b711df6fad4c104fb446974313044cc11c10e0b07e9e37a6af60e1d50b9c	1316	02-윤01-02[03]	237
414f0a3d1ab52decdfb1e02793d219e1153b882ceb0758dd6ffd4eaa29b193c193c9465a2427189401430647d76972c0d4e0150b8eda57cacb6974b14768017b	1317	02-윤01-05[03]	204
686d19b0743610eb370ecb0824e86ebd5d37c1f637b2b1814eea867b20b9ef796d5d0781ac8f64a0c1895dab06f7a9a39e9cd2f106d2683930f440da0aa8220b	1318	02-윤01-05[04]	165
c9a37f3c6f73b40e0fcb1bd52ff41e4eec06482820eb6cb814dfb6f70d218629c9fee9e62afd42a9377bf29c9664b51ecd17855930acfe06891276a6149e58f9	1319	02-윤01-06[04]	376
a2fe5f71124f738eaed9d64ded93a456396d6da480169ac6896cd5f7451ba7cf9f45e0d5f106cec965fb7c5bfb93fc1e0559433edf17dc5eab7cdc81d50ad4bb	1320	02-윤01-07[01]	506
9bd06bcf8d085d23efc398b01474954bc1378873a2bc842b7d4169fe3854f42865a788e5bf86b3931924033fd745fe94b17fa207633aa9595ebdcbf888204dc9	1321	02-윤01-10[06]	461
cfda8cc8c274fa64d33f807d7283e48b349e02d23619d3ede4f7a4eccdc77e5f2d8ecb05b15117d608950bcb6f8515d5468422cf3c9438bd489638e780f3d765	1322	02-윤01-13[04]	86
c0123f808cff1376600988adf9ffc1ee6603429427a2e557de234f5ba5ba5dac34187557dc6027ca4d6f9cb36cee0d928dad1fca0d4c8b45e58034c440d70088	1323	02-윤01-13[06]	107
e31bf9cccdcf20dec9e583fabbf7cf52b8c6f6cb44919a0a13453f3a2ccc542d3e1cd504d7cc0ac72fbbdec1e776e1a9b5ef4df6720f8f1eee26cd498ef08a5c	1324	02-윤01-13[07]	136
58779667804032075003126279ef14aba6e6f4747a97d7fdf3b47ffb1c92064e550cd34f6e5d16efbf8525f5210f90d4801ac4d36d3b3816f4af75e6a90bac9f	1325	02-윤01-15[06]	607
a4656d9c08d66c89a1f45e36b1ab15d30abe23286764385e0e9cb7bed98de4b8d9d56c8ddac91c282dad7da2b07a0a48259792b57b760bb9e918148445c4dc6e	1326	02-윤01-19[03]	93
8aff918bdd47a02fca5b2c946b6a44f29b827aae9805f34dcd8f3b399a951093cb6095f9365fe7ba289dcb2dbc3c189a679dad55e072a16375a000593ff3855e	1327	02-윤01-23[02]	455
c11852502433a6ab66f942fbfc6b8179fe43fcd6055aff96f435013ea55b20943224d499dd880e61afb605460ccde712bd23a66ea2eae7813668c94d141c6d29	1328	02-윤01-26[01]	71
df2bfbf024eb6fa5754a0e4a6a5e57ddd46e6322cfb082f538cbfdbc7c1bd30a58473af5cf6c9e90e70f593085e94c1f8cb0988a2362fa7dbf48123f45fceff2	1329	02-윤01-27[01]	45
bb33ed6f26689e6761a2a624f25f414493747ade799a9d1f2ce119ab61f9d070bbc76d7a53ac7c82d7b36e700941a29386a427ecd47239b18f5dfa603edeaa66	1330	02-윤01-28[06]	1200
95625772d01482e9d860ea87c6ea77248b2b6cb2a2cad5df8415634bf1e02299ba3532554c031c0458570b78a1358e18b5aaf842a8b87aa580e26d7c23c7627e	1331	02-윤01-28[06]	1200
9ddefaa910d57164cc1623fc0c48277928d0f0bd97c59333b4bc37b8d5a88edfc9b2359e48d169d08a757cf3ea7ad6c7cae281ee4d60bd38d0009c7b1057e6c0	1332	02-윤01-28[06]	362
ae4b4e7e60fc64f620bea27606e8deb607cb6c083286b8b0bb0304cc7a6970e875830a379dc87429359d2233e2e5952eaaa7b92df9e00343c33b6d4933d0f797	1333	02-윤01-29[03]	1200
4f432ffdf54d157e1dd1b71b52848b2c5fe108f5b750906b9b314352b909d29bd1b7cd9597bc011ec4d15737e6ede62e5209f10bfde592c71064fefa9fbff0f2	1334	02-윤01-29[03]	1200
8a74cad4354b76732bcc98db6332a429b551c0e531431e9f1b9b080f9da8450c4d7e2880e694dbd1b2ca277d291e0ac3ffc4ced8b16224397d2fccab182c4f76	1335	02-윤01-29[03]	1200
872924bf78210268323d55d695dfa0a296f3ee3511e894fe32e10e5eafcfb013e5077be6c884de220604a216b654b73bfc9c2996f87eb665a7b7d56d7bf3c42f	1336	02-윤01-29[03]	316
3533a531a4bae3890267fc74f1ed55be62c094f4ef1a9a96526a6b6e4e989f64f3268e9539721f0c6e793afe05b10815f0deb0a1275541d4a9c1b4b69637b514	1337	03-01-01[01]	744
5e067c100dcb7693c2d90babe4f10fdcb033ef98fc039c393017bbbe25511ba99b76f5c43c893c3f764fa60e77e2257566e578ad3717ad77c49bcee14e79ca4d	1338	03-01-03[01]	376
87f57ce5d9347191bfb91013319fef72bcdb451b5dd98de7c46b9abe49977ddc362d30405be05ca99370e7211ad88276eff9f81b0e69a5aa3bc4542feaca40fc	1339	03-01-05[03]	523
6c9daf82a1f97d0951c01c61e540fa222c53953a5960b077eee9b25ffb0c123cee28c5da8e0cf274174579bdf6b6aa32d3c458ca68cc05f6b3341a6d7b20bb66	1340	03-01-07[03]	108
c64926a85d60c724141f234f7cbe31adb43e62e8727b810ee6c26c61169968841db3fb6b7b99dda2b83cdfc89a0c83d09f2269538973f239729983dfd97d5e30	1341	03-01-09[02]	115
eaa309b84d4260834ec03318c7d4a19bd418cdfcfe0800b8922a9768b034493cff33b0eaeb5890b036b01057d33d257b36b6b9ca377030389c79396db374301a	1342	03-01-10[05]	441
72484bd66830e7630fb04a16da32f54eeb02b303b2a0d381b29046f6a37296679b7c04811cb5ba0340bdc84417efb3381a19a088f5c4f16bbee7c303c3f46fe5	1343	03-01-12[01]	114
cbb43149608dcaf9e8df4447b5c27c3d2723bb08907496acfade490d2b457588c88d59039473e6c8daee73c9c703d148f3e745fee25e3b6fe8f8a73b78204ae3	1344	03-01-13[05]	197
e988e00f6ca478e12b9382e671ca00976466457cd9dc5b1895ff9d6e39552d09177327ce49861d135d67960cee29e0957e1a09a3b632655e2c5470fb95e72827	1345	03-01-13[07]	289
bf3aff41a6c67ba1f417add163511bdba68fe7d928b51f6fb0c832497be21ef1f17c0abd44f0b7e735e4dc02e81c3e9db74d125b18fa6e8b052f86486b9c696f	1346	03-01-14[02]	73
800c221ea913de98cd9d6737d4311be6f45b661320d8d0dfcfd20181fe0e8145d593b02629175ef302019fd8e96f80fcfbc2512826a2072dbb2bf72f75930f86	1347	03-01-15[02]	115
624a408d909dbc7af621bb38fe7f3592b35a89039656f68123b7463b6145734e61497ff24d28aed03ced96c4246b1481dfcbd95534bc6aa578634b58c89335bb	1348	03-01-16[03]	732
84dd03d3847cd32a360d1f67e6a9edee268cd35c881d5baeb93e92180e689f46eecb8a4d72858f94cac1ce1c52bcd9f10cd75b767526ed51eeaff49524671d14	1349	03-01-16[05]	270
154980bd76170cec00f0de63b674fc4dd81e918182b9462f10ceed0cfb195f9e4880b9d6b017324d66070a8745210f3928a75729238f40caf0862ed23933ec0e	1350	03-01-16[08]	1200
2bf2cbf63c121fb481409e9c62236225b4596af2403b5679d43ac7f9fb2597e20c9d1b10a7e9bad7cf73e7e250cf6d74419f20a46ffe42565b29664ef07c8579	1351	03-01-16[08]	703
bcc7b13fb72afaa1be55e1a14436a335e9bd741043656639edf1de72a96391e95d3fddb2cce03fc4730e3e3e5b1482da68a0a7803967a2411b9c295952d72d4e	1352	03-01-17[02]	122
04dc0ceda8b63423cdc2de390960268087a7ba6ae6c6e1bf76159b958e396ebe34930a620bf1815db299a63b9388e8986a77a19323057053cb0cb32f12995840	1353	03-01-19[02]	79
12aee0d5dd999a45dcc797acf923a705d449645e498b8d6220ee62abeea740be84b82eb28fe90f371189749b880f97efd80c1c37f95ff3a35cc08c89117f3f03	1354	03-01-23[02]	621
fc90044d9d5aa8d1221fa278c823c0c3b9ba2f0d0aec581da0c2653457b463af6501f77aa56fd580f874bd91aa1b5dea890f4ef6e23ae64006f726ef354b9aa2	1355	03-01-23[04]	318
951c8b6eec4ffeb3999c8fe753baadd0767512bde9d544950dba683077e03f164b21e835e0c37ee72686c8964639dd05e99573f3e2313967317608e9ee64bb1f	1356	03-01-25[02]	201
2ae822cee63724de5219889e9be4385dc80be9d10876a88cb1de406e06a81221e1ecf41ecff3a791cae03565b0e282228f128bcb58fbeb81ee013a0f73713534	1357	03-01-30[02]	141
ddfc01e4c0a93c0a9ac5eedccf23f8b4b304b4ac13c86e5ad8ec464a6b01a6332bd4c5bc259fd5d7eccfbca21cea214133308a913e3a6b0de7ca9a44b318b9c9	1358	03-02-01[04]	89
98954077d78e934f0a0ca9bdefd58d9fdde1f728108fb94b3f711bd038628f1b10f4f0fb02170e57aece6c1bc9eb3f9f21c6ab0afb6ac7ef6236016c2284fa06	1359	03-02-02[02]	167
82f3c3d7a4e9a4d2520e715180e506861381425f9c61d0ffaa4fd26ea1cb71f72ce5870f426c4a7535b519f1455a078a273720a02fd88fc8f7156961019dd532	1360	03-02-09[01]	197
79b4329881ba74829f736658296c6d012a9a95bb0412a82fd8249d1bb167c14b9d6774378a756a8a0d6c7127604ffe76445ce55e1ada3e2e30f71b3864e9f190	1361	03-02-10[02]	177
40506c967ec1352402e86a555d299b5504f6d3e52494011bc797febb7fefbfd3c898765e4f1fab3129ab6b4f153f38a9f7e43feeb98098c7908e31684a4fa060	1362	03-02-10[04]	339
0078c72c6632c75c8969440c561f17d7994dd0a4541b44861ca7f67765565c9e8d185762fdd92d4362472d61954f9831a7d886137e1cabe5cd1eb9bfc2b23f00	1363	03-02-10[05]	189
fbbc851423b335b3bd4985060a341a2435ddbe61cb3393ac9abbf7a42de3ed8a169468079b87059014fe7d5bbb69e4ff47e057fadee11bd9a82bf6ce84c50df3	1364	03-02-11[01]	201
a6e12e1d476786fa73e516baff11ed558ed93926d3f0104fcfdb5892ae83de1b6a6d6a0e8d9cc6ddc8ac3c137005b414092677e52b3fb3a4eae01ed4d3e9f4c7	1365	03-02-12[03]	169
ec3a5af13eea0989cff34466a8beaae01e5fa37480e4d4b1b1064c299b665dcb4abdfe496330800731de9839bf0f4c8390aa740be47a13af15be5f80eaf8972f	1366	03-02-15[01]	122
73947170e040eb117447bfa7cb9eac7099d9798279df4eeb0b92e582201d1c1d9fff29932c781ee5d89a3474fac5bb1c88ea2d13117808a089755b6ea8c3b322	1367	03-02-16[01]	61
7b1ceedaecbdf1026f74776366bae75ca56ade93193bb6e85f8881e408b420adb4dcce7effbbdebcd068ab0d374bbc6622047e2019d1985ef162738d1b19f58b	1368	03-02-18[03]	1200
7fee9d16724d19f6fcbe872933951024f89ae2e7170e14105461a044e320c5863d387e36d810f105539061fafb8f7174b3f878301be17cc2ccffaa95684eaff2	1369	03-02-18[03]	448
a20fb653a97ac57ed9bf9d21b90920086e9c5a7571686e812813b3edface6780523ba0f5875c89bce6c0053aeb8a2c5ff2d2d016a58d494dccd576f996a523f1	1370	03-02-20[01]	102
23e34a3a697d67a8b3fe579e5f7c1fad122a24e3e8e8163f0dd3830e34f8fb8df17d64e5bc0c5ca2addfd938a1b7a68e60031fa40a1ea3c4b5feadfdae6ae422	1371	03-02-22[02]	525
8836db897d6b1a9cf793a09bb55105313c9f5ef9b92f9e8d0ca5e4af11ff8bf9c96f6d1332e35a113da02b53a8b1dd0280d3a20d5b6205b8e53f3c0c9dd48fc9	1372	03-02-23[01]	256
7bf38eb554cd931e6f418f116cda0bed125146df900eefce280c16b9f29e9470f25178061b33e4f15c4c020262ae74d9728e572a57c2c3cd06841d2e246dee77	1373	03-02-25[02]	540
2caeee11b7b02a9e3e95948464222e44b3865beb490334d2ba8f0b513880418c4d1bd44707fcb6f6502c2de5867df84541bceb6cd2496487445c01f26e7dd1d0	1374	03-02-26[03]	96
624a3101bbb475a7cfe1cf0a45b6dc2878b7f7fc039bad768e7796a6ebe557716b83a6b57dda54e72accfcfbb7ac8957ed3eddedac1e745359ba4428a2e831a5	1375	03-02-26[04]	100
a5366a9a04f9c55645716f181b5b9dfd2418c198c9f2cc29077130a1edb4c973851759ac517bbba80f0405c8a2dc21ec89ad8105579501b5108024b5dd6bae5e	1376	03-02-27[01]	320
9f19e05bab71f47eaf0aa163dc945a560f5f109f70b09b19f0491c39cfc6c0bf57e00049db0f11307a6fe4797c44f8972b9a12987eb834547755c54a5475274e	1377	03-03-03[02]	129
6a35cd27fdabb5ec07d3b4e25e5b95091460b032b53c32d66e0996fec818b97349613c6dabffc06a3f0e509eb4fe0a36008314ffb1cfc3e4087c19f7ead2c794	1378	03-03-03[03]	137
a0f4e0e96f8c99d88b857145406c3a17e8cfd244c6c881539f8b5041efef801f7aa207a6af469bbe09fbacace2b12b80b23864f7dc57877a0d5bfaf75fff8413	1379	03-03-05[01]	507
1a0f647d2980e948b2774fd1faf7d26487196212cab3ad105e40d1ca955a97a4bdbfa027b8c230147937d0bd5aa20b92c685721ca2c334a00dd4d24f6247ff6b	1380	03-03-09[02]	54
e3a00db68b9ab15727ce90023eb1e9561dacab5637468912e206c17df2a281951932ae82da2d327d64162cdfb949a0282b4ca44bea9216a7db37f1709675e708	1381	03-03-12[01]	149
f29d0e6a45a447695d51655db18f404547fb77c8002a7c0f8d81631e1473411bc236206952737c8b5a9ddd9450ce28c94e8b7ed474fa34c843a004561a96c7df	1382	03-03-12[02]	82
3d61ffdbef27794ee1ed74e0ad2e76062f85936819d902e0313e3ac4ed17ad42bb8afff7806b42ef79806bd8414d6b1f8f2b012ee590810db972f69fc121f62a	1383	03-03-14[02]	62
2ff717e2331b4f8ef75beb613c3c10016d2a0e785af32a11489e57d315982a0e52c6031b1cdf7e804d48db1f4f1733d2903128c4d935bb9cc593ee55311e4c25	1384	03-03-14[05]	211
949050598d8bda6016a6c4c298d2f5005533553e57bd5228dcdfbfc87683467247c43c7ffdccaf29b7c58c0714b37bdac81487eacbd786cf815fa11fc9533e86	1385	03-03-14[07]	150
e4e355887f46f46f9fd419d59694ac5a8d92bb6334b1033c98506c7d4cb30aa883f9084989fcb66ef341dbc7efef5c62d46f81ad3bac4f070067695c3fa36fca	1386	03-03-15[02]	476
ab34121c41de13b428ac1c2924fae15d91e57505388c5ffb5a76ce8fa4d6068e500d6568465322035236cc3e46e02741692c0eaff523e42afd3f957d02e12630	1387	03-03-15[03]	242
c1ef7ae74955184897d1d44b2f3bb76e46878ce02ecc5846e81d454a29eadfc5238713b03e152aef55821eb9f2eb5be0577ee9e9ecce8fca5fb4ecb2324e0ae2	1388	03-03-15[04]	75
5c381c99f14dd1fcc23cf73025fa4a753340855716dbad784e35950b6302ad824eab67f989f1db93062de2c1b459771c5f0e96e6b747b467012994c9d02d155b	1389	03-03-16[02]	230
e31504f98ac38a09609f014b6cc562754d12ae973cd01875db955469cb13d403fddb6244cc4d19a93739cdc266ccd1dd8ce5f9f1654b8162a4f6c075683457de	1390	03-03-17[01]	77
2667ac8bc8babebefe7ac8bcbaf65e3f71f3decf447900544baa584b008823283bd49a9f6569761951d99273d9e86bd560ac3cfd3068c2b31dfc8a0daf6d401d	1391	03-03-18[03]	116
d064de00f178bf4d13bfd538fbdc85295685bbab4585cb860dca8740fe2d495446b1e4a887323643af6e6220dcb9147150722f2b766d47cb936387daa52413a1	1392	03-03-18[04]	98
e948339741d0c6c49d3f50ba203efcfbe1a3d49cfe820107fc6cb345d0ee7351d445e16335749950b061c44f15432ce93b6e2d69486661770f97ad91f2c8afad	1393	03-03-20[01]	612
0c94ecdc47246829c0932b572425155a38fd23cc34565214fad67fe7cf0822404ce2d57c8e043cb534279f9c700ad5ed2bb62e18952483b467ab0a33dacfcad9	1394	03-03-21[01]	114
9a0e5d842bfd2d610710f808cf934c9a1ce655601a18992b8d6c003c6fbb0b5d7d9c1c809c21e687e0f365e849465866255ecfa1f1ace7e38382b623aad7009e	1395	03-03-23[02]	57
d99fc4251f87b9f34a03b06a8eea83c6250eef3b82ddd0ef5393305e919be53ba7363ebaa5263b91b668ac3f3bd5bfbb3a59489a42c2e0a0320148a86bbade4d	1396	03-03-23[05]	138
2511fbeed501a4fdb40829bcee9c64535c370057a4c4132c5b1037d955ff85ad620dec7b139db700a261d393b3c98ecc1478a82bf113cee7ad0dd1969c759e2c	1397	03-03-24[01]	116
ac89c5c268d841157d16d333798510d6f7014dbe2f49315dfcc1d07ce0d85fdd42393f52cace84d2257a9e0f11b534502bc93a16a51e0a5972542bbb62779587	1398	03-03-24[02]	326
73feaa2853929e133a85f46ecb01fa353967d9dc0b5d076beea9b338d26eea970dbd5ecaceaaf80396101ea3cb0df01b08b2a963276616dbf27fab30a1fe837a	1399	03-03-26[02]	171
51053ce9120f80d0067ce8b960c6d61eb18cac80a792deae7199484d240a6ea111b0e68c675f817f6d3e3593f75aa3b993c949925ed2fa2696dd3ebe3d044837	1400	03-03-26[03]	139
d65ee652d1050aa896f2caa757dd72a25e9f1fb74fed1088548f053b0059090692914a7c5c33e94931e63aa00ab138734e36ee99584c03a10445981f1e066a0c	1401	03-03-26[04]	86
a1201d510376c813854d6c55b6dca76f4136d8942575e79093e9a491e80124d08061a5a6a85bf64d87eedb811716edfba43e711fa53220982884991339402a25	1402	03-03-26[05]	82
2be3586809a6c002352c577463bee20a0a85b36741fff01b30cd3a82177527197cc20689d32e9fc20dfdbaaff953f055cc8c956ffa52bb2dec769016caa1a46a	1403	03-03-27[01]	107
046847db9029c2b92f5f106d5f9ed52d3c41c3960738f122a67fdf1283923f6fefc7fe4c834a9853df2a704360d163d2a4dd280f1ce0196602298c46e5fcd771	1404	03-03-28[02]	590
df62cf776b0e79bed6217c42c64f9178dd7cd6bead5194f82c8c42d50d7bd5885a185d85e9c45e7779ebfd150316c0277c329049103d4e368657115ec35c446d	1405	03-03-28[05]	155
225283aad60954863e84b8c5e53b79ea9190b0b6ef01fb1272fcf135e7070fa82af8a84083b4c6905edab770d2d6adfd1753a8008dddb5f576311881d1bca1d1	1406	03-04-01[02]	82
4fb40d57cdc61d02e3467beae623ae21e6930dd1c263e7b1ff2a36bbeea25217cbd352d2f06db5faa621ec98b5aceab18f44eaf741703810ff998d27be2cd2e1	1407	03-04-03[02]	850
3882445c9901a104400a75f896ceaedf7b3200977d978e77d116785e253f17ac123cf6019cd1d09e5ffbc11720e98b41c88ddcaaf3daf20454686e8e5a3c439d	1408	03-04-05[01]	465
15716e03fef8ec152e3ee2542aa95ff8af0497785708719cc80da3adce03ec32f181f14a385d95a37d59af4ffa387fe28f9d4ac9a91c8dd77aebe87df4801fd1	1409	03-04-06[02]	213
e92eb8fbdd99360fb18258ea725241c1f6f5facc31a4e3615ed25c1dea0820db763c944c8c3d18006698658a50d2223fefb95ffef7d6fe8176b4202293a062c2	1410	03-04-06[03]	1052
d520721143bfa6cf2d5fdf46d6cdc2d558db9b4725c61f142fcf8250221ed389ce04f94395b472c8922a47d8e8782e53acddaf7f07d1069c92144f198951cad5	1411	03-04-07[04]	1187
ae7c04b3e72bf984d378afffc019fe492be5b16695ee8b3dabd260d288fc32610ae9d9ec5578472219f38aa99d75614f370240fe14b83a3b38787768825fa16a	1412	03-04-08[02]	95
bd3385685d156c9bc781650e0f4e9fa0efc041bee6058d8130985bbff9ab809d8139f3a4f7cafe21c41e02968d97d8e29c77aa94756c63f1c04be4674b3c8da5	1413	03-04-09[02]	72
4c82e454fe2db0a434cbc9126205219f28196abf850b1eb46843c194e45a194cd7ffedc5122da66dd4b1593e38450567d679fd859fa8c6670381ca4d5c4cf83d	1414	03-04-13[01]	209
f6070ec3164fc6c33edd013248e20fa2039c34c824930c78572f4b2f22d89d418a43158fbc549e8d1d8a87a77805baf63f22498611d3bb1cc6dae0a4e6a60efe	1415	03-04-14[02]	311
27d7e6283b61a314af112bcc8adb46e8698309c6165e5bd76f8be624403a8ed309181a09bbd0a2d90be68d35d850c17b87e612a13ee03b7eea9247d6b1dfb671	1416	03-04-14[04]	220
e1c8b7e9beb8ca8455b242d99c77dec96de06f6bc570df1c1ee9114948fa9acecf66fabab78979efed47be18154e63e6dbf7cdd14ed992dd666f669429500348	1417	03-04-16[02]	97
63a288a73508f831705fed6c16dff93a9ffcbb395831fb85a821da5a0acf5aadd7a416d57b682e79e59de2edb50777f280bc409fc06871fcd0d8b0c272845c51	1418	03-04-16[03]	128
ebe59e86d8ccbcbea84a5e6d642f6423ac1bdbad7df94386940ae6c358c35d2ca8874a668f64ffdb334a154f2bdccfb5258bc1062024339d7846af96e954949d	1419	03-04-16[04]	97
80b9c05cdc3945ceb1b694dfa46386563870cb313cc71f9dbd8590e6f06283a9ca894f9b83feb5d266ddf1065e858d57376bc5e9348ce3ac132f9c47335d7984	1420	03-04-17[04]	115
1db226fc1c2cfe921aa33e1dbd912cf4e93cb3c3d44b7156af2887b8de63b975be860993f4aa6ebee3f2dc4aed768c69deca1465c21a7d691153450337c2c493	1421	03-04-18[02]	306
51bc790644f886385a9829670790c0e002c06143ebc7aa495c767fcd27a158591ba7728eba1d87dbbdf1c42e6c0ec3bc8a87c8ba7f1e9c2f651920ce9671ca97	1422	03-04-19[02]	117
f79aa7ff1decef691bb8d69fbfd8c91d78e67faa3222ded8a168a4416b865c4a20143813d73c6efd791542f0a49fc85256ef853d82c5b047db8fcd2187ee8974	1423	03-04-23[01]	507
ddc387374bbe770d8f4e5613816caff000ecb384fc4564db0ca01dd1c6d6f85b93eec4f36eefd88231ee3624ad3ddc8bba30e551d5a10c15708be215c3a28ee7	1424	03-04-24[01]	119
243f971221b0ea92b6d3bf9195489a7d85e9e76af9dfbfe70d77d92104c4adff3eecbe4fee44aa22a99a9e0643df7c451cf0b3773e74212753cab0e8f3407986	1425	03-04-26[03]	79
a120d2ae74807dc76f086dfae853b93cd50dbbbb84c4324b3a2d9b95051ee130bf3a8988a0ab2c7d19318df0c344966320e24b43bff180e59b1ff4ad9f17f208	1426	03-04-26[04]	1200
b8dd79f51b6c8948ebdb6a56d7db89cd059782f1b2d73c1e5e84c89a571381e9ebde83541874406ba3008067df53fa1131264d7b999d1682bebc675aa8c2494a	1427	03-04-26[04]	519
36ee10f6f70b06133745d31eca2c859446363ad0e692c5f613946598a4f2569d0a47fed5087b06c7723192872a70d020d7037573299f37f64ddb33edafc1b713	1428	03-04-27[01]	155
0f35c788a2820ec0eb39ef6db61af270720281570966a7c4d4d83a6cf806d70e13f7da94f29b26832288bb96c7cc8c7fbb2595d27c8f7334bc49484cdbce83e1	1429	03-04-27[05]	174
61de5b83a7fcbecf325fa4269966a9f4bd85fdc81ce59f8c933a2fb51e1a91bc16081709302493f21e4d3b7d7cf184c48ee08502c75dbdc8bff2ec202c6a5087	1430	03-05-02[01]	149
05717f97838739eb9b9cab72839fddef78ec9692adb4ae72c13f35f2d47f87dc126fbb1440521de1bebc6170dfa0f1b4e95867b420feb88f40cb419791a8e752	1431	03-05-03[02]	75
1d8403ac079ec971b655fee4f62ebc3b9145eb76907f648a1e5ac36ee8d5a59740ac1ace70ed287df46b082e95f82c364a48a7c48602609cbb8aff1e3140c3b4	1432	03-05-03[03]	83
a111baa3f63b9f0a0254f6ea3b6a31e9da6313be2358023434bfb65c8dd81c9e1846bcc79a9fa05a18a72398a1f31136352354b4d572da53e3a950461f1ac249	1433	03-05-04[01]	1200
55e4a3716a0a5aa605833c3bac094f79ad3933ed69d4c94f3a7aef722a12424bd3284216372bd258efbffca107b4923255e284e08b061767968358294ee49fd4	1434	03-05-04[01]	121
efcfe6ca8bd92ed1d973f32d54740f84c880e86ebd3edac3b306dae078744e1313fb41323040d8026e8c9a8b989be3f23f0c67fc5a6bd145432948c2235eff4e	1435	03-05-04[02]	163
4ec1576222abb38270e9327392ff9ba53dfe4877b1484bc48dbf282d244f7a628172b8b3f03a3624d57f94026fd0002ec173b5a161da372b6a9fd79901f5c1b0	1436	03-05-05[01]	801
b813c8c76ac564aa606a1e445f3a8ef6d59d78799e984e5fceb7429647fa3bebb48e0b02924fe552461d4de6a1b9bd8fe4073da4c5597a584ab0ac51dfc77196	1437	03-05-07[02]	251
65c9ebeca143e9f2273789653ff6f1a93bb5a5684bc739a205153321c6c22b9534b17322cc59e0faf2e57b25419fab1894b6501c5b9c671fb47bd2395e169745	1438	03-05-07[03]	113
29de9ca34fc2ecbe28ee0391604a8e3c3d27632501470a83586e7c2f868a0b4043986edd5e02780cc13d079cc98d3ea2a7c1e68d836b2887df09e741704f443e	1439	03-05-11[02]	220
a5818aa4daf81a9674b3fd7aa07bd343018ab180f60eb7218dc772509adc1d4d277e42dec148e6ff144766aaf4400c185b2ed8cda400e71db2550d32726f7fa9	1440	03-05-11[05]	102
4c9f43d7fecca360f4dc2a8a559cb8e42e72809603cd8016e694c4dda9a065525cbb391041c35726000e95d9a2495d82ac0b15262a2393d2aac5961f6bc7317f	1441	03-05-11[06]	85
5dc0376c49401ebcf015f2f52e6163bc8ec071eb70f4817b8e47571f25e07f1dbe588c50fe06c9bfc74cce2978c5095ac2987b63824a68795a46204e4213cb14	1442	03-05-14[02]	1200
d7df4cfaf794da90b793becb1dc8216a4e6c6a686db40a1559be72857e1bc1e55b4abcabf75f72e5f9d2e9b66c176204ea91754132891f64b751ce0198d50b32	1443	03-05-14[02]	176
a0fabe8db31c1d3785fb293fa289b1386a12e30b80760ad58b849abad8684766c8ac499505cd014e0707c1fed63265e056ad4c06f1a250467cd3315d8eb3fa76	1444	03-05-16[04]	125
b43bf73b3bdf2ce74715c0816a83c1d72a579cef09cba7357537eb6c0df41fb35d322dc2c1c516874e4ec8a96844cbc9c49f8f9fbc9a871faa0e9345645bd2e6	1445	03-05-18[01]	324
975abedf3da42eaf4ca06f360983a9997286e806852eda1837e11dab5445a96f80f1a000d6de50453a197840686adb4670391747ea6b66f8b5cd7012722213d3	1446	03-05-19[02]	582
5f1ccefc2b1ca0dd3301640dfaf4815c723687f5ae630fc8c00db1d782ba65906d1937441242a33788ed0b0d7b4cce6a342bb0ca0232e81a3d47637ea561aa25	1447	03-05-20[03]	334
88525971b4df974a22885da3f2a94e5a726ad1b4347cf03495547cf293dba9f2a9a5bed81257d557af1c1b580f41d511244ebb9152c83afafb20c025961c19d0	1448	03-05-20[04]	57
f8005ba9e34d75a233caeb9582fc7d247c13d9d26e485fb89b9651cc0cc197c101ec982408b92ea9bf906738ac622528f2c547aece53e680458ef080adcdbb47	1449	03-05-21[02]	61
79c5c520a38f47915460a77a475f42063b27909d8223bc9445eb6f58ef8481b8cfb2804e2616a6a9d0a86344101d36554da0d61924d6446d4f4520baa8738314	1450	03-05-21[03]	93
60925e46dab1597d212d0bb601ccd27f742452b37bc5dee9aadd9b0af0c5cd4de544f68b93471e6abf492decd82825c7fa5aa3426cd4bc502e739b2b66d7a2f4	1451	03-05-21[04]	352
a4120ed2afb26d5a3fa7a68aaae399922f6adde7abce06baaf60d9bebd4b79c621893fd59a521fcf48214e3452014eef4be6c217fe9de9369129001c4d69cbfb	1452	03-05-24[01]	54
094c80ee1831d52f4b392d58775ddfdf41ec0db0e8f589a5383225cc54b381bdd18535af7edc83d9386f553268bd41a2df4a58477d334402c23270b479ef1e55	1453	03-05-25[01]	61
5b259667f45140bcdbc5875f8160f88a6ceed520ffb69c6442b1e991d03b49f2fc7ad05bbb34d075a8132ab74dd92bc77bb899fbdc558e888276841d6e03d226	1454	03-05-26[01]	64
4f083484b0ac5a8431199ff119fbbf6d20c1d6d60a48f882849277113d011924b977cc2ce702e3f631a3da72208383aeb06f9f345150624d468c99d371131a5a	1455	03-05-27[02]	393
da1d3f2b948dafd7887c1d5abebd27bf942384ea7b711c383cde1bbb12c7b551578d30c680a4bc09b4bb053f0a19ea410d2c0c8c2618580b657143499fef0464	1456	03-06-01[02]	1200
249439a115361f51f6b6e29230af61ae0c5fdaf694babae1654e0d94b465b669327c3eb8f4d7c9fcb90cbe1715e1e00f04afe3792abf36e0fdd01871b10d5190	1457	03-06-01[02]	1200
0a2d2d21074568f121cc3b24504482f49e5ec5e84572f5e5ac4b19209cb3a20f67ae0e6728bb09001a67f80c38575dff9ab93304e7a808d9e40cedadeb0c2f08	1458	03-06-01[02]	286
6e36cec36f7d678457df163d5b1de4dc87e3b1064edf90aaa58f3f278bd7b97f58a06acd21ce520edb81c68fd1db88cd78b383e8b1ee916a8f341159d047eec1	1459	03-06-03[01]	91
644b57ad454e8f05968c6cc97982b102273a476d0cdb31dfdb534324b71ba54540b233429d3f5cd5fd2e0c278ed6ca0c352a1c60821a333c510281a4fb9e7452	1460	03-06-07[02]	88
8015bda7ed360b68d16383968e4a324d1a623eab2c200fadbe577f40c1c3fff6362b43c55f23d9c692238444c8340241e0870f658989a88efe37b649e984a066	1461	03-06-08[01]	46
821e9e039014925c3599cc040c6b6e14f1c2b4c44fa8e0185cabb6c1abe03ee91ab5b669a3edb6c2a40a979d0fc67eb7e5ff80cb041bf4067b84eeb5843e6dd6	1462	03-06-09[03]	452
d1df7b1b3b10b56f9d4ab02b3026eed2b079770334c69d67148a72c6b49491add86b7affb338b335c3f9a850fc14d7d03fa7ec4d6c20c4b217a713d3881b33fa	1463	03-06-09[04]	100
815efa2fe58578c59f3112cb9a959403c0b4e1e54fc8f05ff8c535bad4fa3953a087e09cf92f46a8af35b9904da94aac3d74ce522dbf124d269939f34be1c09c	1464	03-06-10[03]	168
360f23b1bade8267e590bd88d60ec85145d05bbda3369b74abd317b640e2e97bbc91505eac03d0ededf62bd43b3049f52707bb8beaa018b3ff6f967139953719	1465	03-06-10[04]	263
08c26457a2e9cf7d2df19cba39e31dccc5638009e577027a276b94c54ffb3300704d7c9c6da170974bec3a606126cc818fe60fbaeb719c62763661a0084441e7	1466	03-06-10[05]	148
45df4630353864970e59b276b675ee96b06d3bf0c4233e7d6cca64e5697d98b429a18819569d300d135e5dc810a6c63c7b740e87dc40b20286a4f4e9dae4139d	1467	03-06-10[08]	159
c2c062d2e684627cbdf4ff1879f0b390a2f07c114c31b8e3fc70ed940f9a46149c41a133322c7b61b2db9f48fb278da29b95b21d45e0d2a0c71f2785597705af	1468	03-06-12[01]	157
41771b96469b78c7dabdc28625e1c9d7799ed2dac26fc06d62f1675a2c3553e990494a624974e19f517f0efae8d562ef99e9b30b074e539cd61511a25922d288	1469	03-06-15[01]	79
0d81db31c6a9628c81c759c11d3c09cd9c406713ce1b6caee20e369fb9834c4eebc40c36326a09aad8c59c36f2f8a7f9279b82f516b07532dc930c32d7257f3c	1470	03-06-17[02]	117
92d95b7f9769023887391cb5d2c626478f56ced3baeb122e6b7659e7c6c9f9a0bee8b55c6e864c5e9be7aebbc654667ef67d00d9cea568c075ad58ace75432c5	1471	03-06-17[03]	148
ac60370ae414d07f0abae7f4dbb0d4a9032b361604c18fa97af58860439acb1c5c09bdfa31e57eff60b032d54c8e0c272c1487ebc27faed2e444f95fa95b5342	1472	03-06-17[04]	208
9efb67536046f9ec0a3853d23e4f7a0b7a77107bff98b48af1789f82a76272203a90cfc172952c8d449dd73a6386e248659a79f23ff4b2bc476e489e9f3a9424	1473	03-06-18[02]	162
60301a1a9177f3d9f271c32f11d1a2c49e92d9d7412549ab582d9888a45a196d9761aeee6b1bda1fb0988bfbd8c57a3420aafd1b59c71215935a04a5319b8fc6	1474	03-06-18[03]	135
217017cf2b40f9d338a1d2e2a767c98eb7e46f9b4a4bd76e85c2aadd16f532f28e09c152f62f4fc8d4ed2293ea2311ee6db8c577dab5276708bdeaa155c2b16a	1475	03-06-19[02]	111
777c587506ecb75d45f0df47c4037e88401cecac11e44fa318508a88613c1057ac22409afc9692ee98b9de460683fa23f8cc49d1f75a8f8cf43603941285e4de	1476	03-06-20[02]	112
688159805ddd21e347b47005ee1f908261d4f1d444b806b893a98d5e95bdf77f7d7327cc3ebdcb41a93dbf9d7f275a3ef6e53fbe02a8fd637e1af5779b0fbc68	1477	03-06-20[06]	86
81d4faa890d283a97e53e3c19019ca81032d179e56b99f00d6b12c4ec47a2f56df68a2f701f2b83fd453c47ddd3f7e95df500da402c36d585e542038f61797e7	1478	03-06-20[07]	1200
d3bbbea5d8f72e9395356d82c344015e6a6d0cb62f861c94249148996291836225147d8e7aa23e88fc3ea00fa5b20c426661e20195e2891208615c5a5e050e98	1479	03-06-20[07]	1200
a26f5c4065d7c10425cac246929117079862b7f8d8647afef98ce92eb742277e069e726a9fd96a729356291e51ffc470256d1e16acf6869d74e707488dfb9cb3	1480	03-06-20[07]	1200
daf91f998449fff800aecf02c8c70122121211b65b3794cfc0c0fe2c05689d9d833c638d83a1f6596c01165fea4d11c37e687a2d68baae46d919636c51a940bb	1481	03-06-20[07]	1200
2d1f7cdd1f0296c0819f9591819a9f0e86cf4d6c3fada6bf05668e9918023563c95fa889aff0dc496176174c77a30bb11719eeaa4d8735ebbdbf7de532405acb	1482	03-06-20[07]	1200
3b29ded918a4471eb875f8207313eace037f611a801fe4bdc927000b14effe04eb2ef43ecb631c706472b5a728422f49452c1741c6fa4edf81b322ecc41ea04f	1483	03-06-20[07]	1200
f69591f24f1a73d15f08e275f427b003d0af39ebb1ed583b038562d5918ef31454960e14a80b796ca800f0a8907e317f8d4dc062fa907ad37a96a0b4fdafd719	1484	03-06-20[07]	1200
24e1c39c7a88da6142ad992ddeba2cf166f0190fe2e9ccf41e4b330294e313b70e186afe00d239b5793bbec5034afd6b69a573235909e6c66100bde8f7b819e4	1485	03-06-20[07]	1200
a2f470ec0951d6ed4465d3d0fa58d9daa2456c7b13c6f00a23d7adf3698de3f16056f8dfca8bd66fcc1d673480451bac2288ba1438e8be6ba70d0d460345453c	1486	03-06-20[07]	1200
b3c0b7d7285ada105e3d9191ee247e6ab0a25720c95d042c0606475b9280f4e3e064ab1143759f01a04cc30063f07a4a7d5cb80e670076d6d8fdac7c69b368ed	1487	03-06-20[07]	1200
dc85a6b06312b4949f2dbe377ea09b767e8ff3c242e2c53ce4dbabca699f06cab57447962ecc73945a05b37b547a298bea125d619168610c02d01abfe87c8288	1488	03-06-20[07]	593
9de57a1bf4ac2fb8ffff6e7e6c5122176b290ced1ad0cd77901a763d53904d7148a9ea8324fe0845ad7cf163c9c4c7c0da5c166c3985105f02888b15929c1799	1489	03-06-21[01]	421
695272185ed34f463f7dd18a897a01f729a6ca2af3c1a52db1d9740d3638958771442ede7db29bf58ad87f3566f6e261a5ba71650d2f600a83203a1a3f56969d	1490	03-06-21[02]	166
ad0bcb9eeda974030adb6b0efa995a972a6a388bc44840a883cb81c4fbdcf33b6b934d2c740781431e194463cbc3c43090763e2a1ba0aeb15fef3b037828e37e	1491	03-06-23[01]	298
e711736d03380fe8b16d864cd08bbbe453d7775987869eb731e1f1f00b2bc6116c2410c6189a96eaf7f5c89f63703c923c8cd6938148d47c0f6724d3f6f1d4de	1492	03-06-24[02]	102
faf9fd4334bf322da1088feefb518fa83b6fafb1ecfd8661c6a342245c8e9f10f3b294330d7647199c7d754cace05de41198c22a59e48a7318c9abf20fe501ed	1493	03-06-24[05]	186
ce00b92fef40936e66a760c6b9407237c2bf7578971259a9884cbbf233f39e32237aa7d1dfe2d7bf35c2951123effc12cda8ac705ae37259f75b28e189f0e0b2	1494	03-06-26[02]	79
6da45de7d51b92249121e50613bc936db54cf54c6ce65f378fc25eee75e6f5e41b5359bdb50e5c70a52391c98d2785b837224f5b660c76c122720356e84cdcdc	1495	03-06-29[01]	174
8cdfc2e21e7797ce0477e109132c5a48fbc98c3ce60ef920d7dcc10d3293121ed10cd14dcb8f69145b3ddaaa3c9c8466aabfb0ebb406ab9c1a6a80eef40b7afe	1496	03-07-02[02]	726
cba91bc289f869c996dfb25452807be2780582d11325db9a7675e1f67e37ad174526387a4449ab55e217b775fdb0990ae5d0b3e58fb367351fd2473bb5aa64fb	1497	03-07-02[04]	68
df0d28afa7f04f339c38e6e7094deb3820e62847d0fafd34f28bd63d66c5ccb47b760c59df5996e0d3fab6e0a9633c9e602c68e6d6d81cbccef049b29aca4183	1498	03-07-02[05]	1200
00c0b945cab3f27d95b20a89c3228dd4c2ee2e06733b7f6cfa70af8d266bb54e22c0bc1dcbe0e976262c3d6282d73590ac0552356d42500a9530721725e89dd4	1499	03-07-02[05]	473
e5c8daa3a1000c2a142048f3d654261401065a1e08f09dc03983985002fdb2cbe20a88c174b486f25cd9ffb1dccf95fa1753fb7f7f67d2a77ef58750936e2e7d	1500	03-07-03[02]	62
9a3dbd06fbcba18a93ab9b12bea30782ccf250de3926460d1105ba7b46857c3c36d146baeba0bf6442cc72f02aab1339fb639af18545ead64a13de4db0ebaa0d	1501	03-07-03[03]	1200
c40b4e86df7db2b8f328c963fe9e957518e39ecc099e8a678dfb0a51996b7f56e795377557b017d11c35ae70e78d1b1a8fdf8881780ecfeef9a5619978f73853	1502	03-07-03[03]	259
4cdea7f1e4953bd179b455efa6b1b7c26079c1ef9ba40fe6434576ecdc59ee1bb0afd051c080b8faab568723d5dd606d580198d6ae87ebe6756ce9ab32bdae82	1503	03-07-04[02]	336
7692ce942869000e51dbdc98bdeac32af20e4d806b84fcf7bbce5338743a2f0118d7fc2eb67ec8ed40a9ce4063e95c558f5b6ffa970ade4f7871497de87c3ddf	1504	03-07-04[03]	74
561fdc4fed26d58c102b36ae34fd17c039e8e7b387c0d54b263bc0b51214600bf967e3c20c396a9a2b4c3ff3d4776e0d8489f6a44b35e5289e4696cff73cdc85	1505	03-07-04[04]	370
a77eca56fce3d171e115c47c146051f6d772b5aee31d7bdddb2c98255f2a90bdcad718caf8c27f8982dfdc8e203f11203926d9fc23e2d42cfaa47fc2b8d9046c	1506	03-07-05[04]	140
351bab872f2bb2864d74942a515f4a44ec8d95f9fdcb3b7af56438f4a12a2921f603d366f21ae5cec377a452ba8b4763857b2e2e08e63b165cfb25f463731529	1507	03-07-05[05]	123
f116534514e5a1a6d65e3d3881334ea025c2aa39261a4fe590352bfde0f83f6b7afc6aa9cce0b9f46299a413bbd587868d8b6e34de1fc99c25890e41e037e228	1508	03-07-05[06]	194
94e335c4f43f7a674ea05c1538063cd15118ff87d80c5cc186ff2793f404037ee2aa0fb6ed9ac067edb9399a4dc12d3beb97dce32a92d192f5f3eec3f45e7c31	1509	03-07-06[03]	173
0949b4f5eb92fe2147f2a9325925e747a01f03c046e86ea046f6ff53346e4a88a2d05dfc26a7af7453fca1744e7235da83471c516c5e7dd3b586831320099fe3	1510	03-07-06[04]	129
0caf44e681afab93fb033668eee7cdd1c6b419a62e9f47eb7ffdeea182909ae5320a52b4655716dee0842bd7eccb5650cf6cb9e1e249700da73aa0c9afa1aab8	1511	03-07-08[01]	76
7c58322c470abe86e4dae28a5c1ce4b92cf548efeb0255d8a07448023438297e60c09a6ebf147a9c9e6b8c0bdbe60f9f39ab9631fcfe7af409aea6dd011726ca	1512	03-07-09[01]	62
22ef040aa59cd49936e577a426090c199bea581e63c5b576bbd0def3adc4714d7234ab18cea621f056e9b77acfeed578db5bd327e203d8e0f284af53b4ceb4cd	1513	03-07-09[02]	1200
4af3c5f4a87709f5aeff2a0df0b9456caa82f5d683faeb9882ebadfb80e7f3f8e439983b4ed0b6351e56b7384892d1b8354b067fa830ca73e8681a028210827d	1514	03-07-09[02]	1200
446b3f5fe6f669e1a5bb143cf7680ce4ff5df4980613df763f00f0837dc97a3a2513dda222313c28dc6881f47a1ff72e9c98a4065ca6c500ecdc044848c89de8	1515	03-07-09[02]	1200
5a20df746dbb81d1875e9fff7441f75e4536b736eb1789e0dbaa3efc113d31c3cb681857f0ecd8469d5446def42c71cb1c4f971beea28bfb31042feed53fe22e	1516	03-07-09[02]	297
b4e298bf728850c98672272295da4a81640aca717b69b158700c289c2883b70d85195eb2d8e7776ae5872a622b060e003158e7921d8a3f7db3a8c1f27c32558c	1517	03-07-11[03]	186
c3377db3eaadfdb4c17a813025743f5ff1fbefddfb9d0dd57b87ef69e617f289ebfc7c0afa3ed0f480f81821e91249d3873e8b27a5e5d29181dcdcc4d6312f6b	1518	03-07-11[04]	80
909c245465ddd1ff7b04e6b4b2c9787ba3b0d52787bba33052476570c1c07d7fd9c5cb430573898f8044748ac6010963e9ad36927c9d2ccaffc6c15722c74784	1519	03-07-13[02]	144
bf49592cc5ec95dba9c12c50ce8e92fbbc8484f984d259ba35f1cb8015410b6f3a3f3af1b3979347ce5e4fdb5af4026bdace10f3f3cea6d0539e39b72a165ef7	1520	03-07-13[03]	401
483bb45dc19c964a995accd668875302431f3d45c2febb26c99d5b0dff4c2174adcfdfef15cd36e5cb79c9ec5fd91748b8a497ff20fa4b7fe2a4e1f7bac6f2c4	1521	03-07-15[01]	69
66a43e03eecf32cefa257b5b491865c28846cd6849cfe01432ed35c2aba936e483a595dbf660cea5bd75495c3031b922ea8c7d382d3d5bd4748b7e727af00038	1522	03-07-17[01]	499
3c80e2ea9dd7e737a3041559d684fa89ec78b0f2938fe8ab1537879955418a3cf378426110c6203b498a01f35050c0f6dce55167844951ec95f2433ec9ec866b	1523	03-07-17[02]	274
21f6bdcdd5c5ed4e53ba550a62107c652542d72fac09a353fb27b2769b03abe2601fcbf23e4e99ca8c8275bd6a06c707f94be55fb460bff05d0b53b7077ab8a5	1524	03-07-18[01]	804
818f56bdf26196a802ee565fbf76de6b9bd4aaba49a8bfbc29bcc1f330aa501065f7ecb08e1a551fceb03f7a8ed1046e4a37794e68280f27289438c8c0fefbc0	1525	03-07-18[02]	154
d45f07e73539fe9b2282e5128af53996d991a21f4e2450c48521bf443a6c4c46fe892654a7400b94e6b02963db9dcaf5ceeb58de1cbadddd451c08ab868dfa58	1526	03-07-20[01]	127
eec670c31c1791b5a257f6868c4ca6072b09865f932b7c8b90c2706e6db3cfc4025de907941e90f0d54ce23b8e4742cdf4fda7bd20889bda315592e5c94e4af0	1527	03-07-20[02]	90
6ee7fd719a31417455d5feb2b11eb4ad542592928d7bdc938d385273a2438be9840833b4bbb091ac1e9f5b5e1e321817254d0221d9fc03be093cfd10f056513a	1528	03-07-21[03]	255
4b52aa4136583f37905728d8010897608ac0cac777e7848c5f089a05892bd3ddc1e0c7d2f8fa1eb52f2bae6c59d602bd31624904b16a0ddc592fc22bb2ca8066	1529	03-07-21[04]	397
81a273ddc15fbbbeb29c9021fa801d43b1f99046eb6f0a5e1c680b8eb6ac1ad3b4a92df3e45147f71b2fe3ba2e242125d0d1ac670e70e5cb4e533039163a23d9	1530	03-07-23[02]	128
29fc6bc97d005533b9a474e2c3f1baac20394ee00d7e07d270e729abd717c9c91b9d48f7eb31dc8e4c193adeca206395f4290b7a08f73614237932d5a06c42bc	1531	03-07-24[02]	234
6ec22f19e0e2a2a1b9fde831f1150da521245b11d510eebce00b59a126f4b678690dafebb317184a37d64a37f8739832a8d0f711396d7be16d1e4a09e4701eef	1532	03-07-25[02]	228
bc783d98be575c4c17fdde1dda92a7fd455821f6b352330f98ac8357be363e11d2a7e727fbd7aece9fafe5d60b1639ae39d0933ba6dd501332f6f32fc4799208	1533	03-07-27[01]	63
ce0385d6e0cec21193627423c3774d436281e3c7ab4b3c6bf5d7728759746d442df35d7867e90d6e68cd6991840a07a1b70e0ca7b21fae6b47d9a9542f276876	1534	03-07-27[02]	343
214462580f28a586742953b128a6f6bd1dfa66014422d15b1511d285541ce94839876a4c5dbbe26635cb96afdb1b30555ec20cda39079dffafc565ea0e12fef2	1535	03-07-27[03]	149
280ed6c667847ce99f079983833ac16a5405bb540cd67e6f05e6d220fa17b3a3d51cc2e2265ad4ea504aec7dfc3edef9a1f8eacdce3123002f79589ba269559a	1536	03-07-27[05]	299
75a94f4b6ad5a347b11efa86f2bc08ba5bef67cf704a342e293869fcefde206c7598f70a6fb77ebd25e5cc28df8332641de2ee85f022801f4a58c1a52d536219	1537	03-07-27[06]	683
9745e2315f1ad7beeddde2fc2ec4faea8e5d2e803633b18cac539208d146ed902deb74bb38de56d173d603b32eff31b4468e1a44fa971d499ac4e363022092ec	1538	03-07-28[01]	235
37855ebb0ab2e0423770e5c79f189e811e76d3843949c2c085c7a0ea0bdc97096fd67608128b62382ebd6f85ea04830510feacfdcd7c9ce292faa5adc292f649	1539	03-07-28[02]	72
23764a58bcc392483b75df6012b7af63cb7fd23c0b51ae9c1ad4e85354e9586da6104f63c953031b89fcf78901eaaa5532915f69adcb0db3a702be598e2ec832	1540	03-07-28[03]	83
4f0a832d456b593339528259ee03fae8eb5575beb96f7a84da1ce013c7725c7ca73dedd4f5c8230e1a91633f6787dc63c7c5e0df408688d1337076e92d12e36d	1541	03-07-28[04]	49
1f249f1b65782e8d476466bfdf523f52e12d9d34fbff783d31ee483da11d8fdfab73aed1af6a67a9b384a43090b339b176fe7157bab7652cd43937176a95606c	1542	03-07-28[05]	352
c58cc89a838308302df272df8600a8cb373afddc814722de69251b27c2ba87189c27ddfabad841b36bfe914f4be5ce9f28f3d0f5b5ce19fa0afb699dd0218f06	1543	03-07-29[02]	153
ab3f267496a30a4637acd043f0f31f29dbe4b19b3e8c2c9f5f29dff879722a25354efbe5ecfcacae91bacbc6ddc03bb214e9f5e3558a3e0b4aa77db1651eecd8	1544	03-08-01[03]	278
1d98ada967c16cb7108db15ca3d4faa65c5ad78d7868429d1c80f0cf10f20b65449dbaf8ae63b7d8e51b13134b6195d3f4445189eac08dec325643ff21da942f	1545	03-08-02[02]	496
0aab7b214619ba0498b447962991338b9699a4cfc0ea069cfc7245c1db73831a92df7eed376cb50ce40db92564acd612b7ade8c383a3ce2ecc7ecef83dafa52d	1546	03-08-02[03]	204
fae31e076c4ae72909eac13fe0e63b3a15a7b863a618a215a293b19135ec214e3a031f7e07c8ee6d4aefe2ab15ca97fdc132ab3610dfe1d8ee7d9ef8266fe127	1547	03-08-02[05]	90
081f8ba42d119db67453f428ce7d625062bccd3e7c745addfe15e21f617ab4ba8cd2c9b1824000d5e186f67e9f2df7976bbc9e6a3f03764bf00cddb670d428af	1548	03-08-02[06]	189
6e3f277e5cf96b8cee2280eef71dece94b109166dbbbde65c4e069d96789fff65340d25ce17956634dd7175dc68fa717b23bd6a4f8c1c30d3d86bb29092fb462	1549	03-08-03[02]	201
70a7bb606ea768ec59c08a6936d5fa7dfc1636dde4dd5dfa1383ea0a8fa80011bc24eb6c67cd9bbb06c67732a426a51ab51404d9242530d0ada25ad4ac7bac34	1550	03-08-03[03]	165
7a98884de46adfd16cf482990b9133d5d13438ae44d8f0dc1826564b17400b4a79b7057ca3bf40fc6dbcd2154b51677c1708e62a834313d0a1fb7b1bb6b9f146	1551	03-08-03[04]	304
879a2d858589a3b7d6e2320c40ff8182af64e57afa98751f33cc8f5ea22beed10d252377ee189db16021498112683a5d61efcc249c4d63cd1eaaedfc6545e4b3	1552	03-08-03[05]	162
c4c02ab27943f4ddced825b398207a039335d22f20f69ee930f249f8eed485bef88e6570fba1ecf243a3b234ad3a8310d7739d8108d4c4fa0e5e5a2acef71a72	1553	03-08-05[02]	166
5fbb582ec0421de48437af3bd8f05de0619589db3bcb0a5775fde84ef147c57cba8b6b0907973667fa0e79bdef9b20fc082414f074465763e1a38e43cd738c80	1554	03-08-05[03]	1021
cd9653fd95da4b98484748fdca022d164d087e17d895cf58abc625e71a834fd249a485f41955300a47852990b520f368f408e8dce8c2577a64799595d9cdf91e	1555	03-08-05[04]	470
4f389bf931432feb3618121e05e3555107035cbdc0c073535d197888ace08432ee94c92bbc38bb4127757be1feeb4678f5991ce8ffbf78356d30468e510fccfb	1556	03-08-05[05]	137
370d297ad68318320c0b215fd809f081d952456822f1c408f1b72b74e940c95253ca464e90da6d6b60220021dc8577855d69961febe20d5e54e2bafa17ab0d7d	1557	03-08-06[04]	325
d89ada6573788b614421361d7ba520f70a00720fbd66bd0611ef49b3d030c1adc599a93a918d1dabc2aa7bd950156c207f69c9a3d1eee03d092d9eeea82a446b	1558	03-08-08[02]	205
7bffe0be5fa153c1b874dc4bef6bd55a17b8235e4bca76cbd0a21d099f69fa41603b175dd86967ed4c32a9202d3585d9cc058a7027ae5b82043a0264e7766d09	1559	03-08-08[04]	51
459feb27f57db120376a5c62f61f2cb83b7fc06ce2370f065c6caa222f63d07e75221b5840aa05cf4e70de13521d779ef51ee56778c738b4f077f758d57a5976	1560	03-08-08[05]	88
e17a93baf6a9ddb48fc8f3699535f6a506bf57d3c94e8f74cba5b6e864359b85ee32dd39734f2544cdf00c1300a5bf0628ccadc323aa1c4ce766f6c3cf1709b3	1561	03-08-09[02]	142
6a6fdbb872468ff3c3dc8fe04542dd30a88de4b9aaf66a66ee7e904febf1e7015f3cc7aa93c8eea037a3c9154938361f6b5254668806b263fb4f3612cf34bdd1	1562	03-08-12[02]	206
90aed70c8286f913bb36fa3103b6240bcc6030373acc77a3479bb3c470298e0768839426928e152e9af446737d5220b5fbd4260d430aaae125bbe4b0003ebdff	1563	03-08-13[03]	521
3a4fbc8eb9121ef8a5829eb62178057817b98453f1f0031ced7684154ac2d573e8dbacf393616680a0bd778f4138358b56b628c623b4df07d3affe0b6260f310	1564	03-08-17[02]	151
b7583c1dc177a66d9fb24f078fe53e4f5825c32edd3bd9ba0c36d5b6a64ed5fdabac1d36ac64df3344ea5374ce4dc23245e6cdc0280de376e7ea20a9daf60d2a	1565	03-08-17[03]	487
51e31ee67a2c2fdfc2be19c37e0b9785b1c5f34937564df257f78cd0198aaf9632683c9caa60efb8cee60994eef15d1ae7d6bc1de83aeaabc707b43fff5329a9	1566	03-08-18[02]	260
5379e630ca798953721a120983e077025ac27acadb227ebf6cbf553593cd5869f772392fbb8088bbc7b09559071f7d6b9bed287b69d3b57d75124b25148a7afb	1567	03-08-18[03]	101
b74ae260cba1e84a2a8f2979ce331cd2383caf274af40b9c04da51f9ed8859bd8a090059fdcbc59b92bde05601ea40b2e3528bc5f28c5e9b6bdb0d8c05db91c8	1568	03-08-18[06]	209
d1093f1b9e5861f5349884d14ef463f4ac346e8e949b03344e2c84172e46faf702359e7064df9f4e8f834d3cf6901d8408cfb53e3d002d37c020785a3087ad29	1569	03-08-20[01]	409
310ba56e9e47b8ba3ea229e1302b3a6c32eb5df91a74fabdd3e7b069c89a59058ecaa1cd8684ee53e24172e7de07ab78089423969ab39fa182bcb36747ae949f	1570	03-08-21[01]	239
8affe7e5d1eb35a7544d36cfcf1eef5e6da08bf7f30151f0cd7d469cf08dfa0ca5f7988d030fe45570c94b7c0ddb329f06da4f2fa91b7717da8cd2eb507b1ba8	1571	03-08-22[02]	63
8926888a5ecb5ec435ed4793da2ee386c837f619344a9c785351737dac7e004d88bf3c0f567aba0fba1cda94b6f9755a169a7831ec15df764c16cb7944a2a0dc	1572	03-08-23[02]	94
63b27d4188f252e38cadd15f125d935b7affdb7ccbb3e53633361f016abf29f735e8e2bad8f25294246c03848f42d27df1913a4cef12148f24b492cef1530b9d	1573	03-08-23[03]	94
f85bc079c52859c567c20ecd4ace2e6ad5a2f796a829425b9baad0bd3e792cbec89cb9e5dc3f4d8a95dfb372e63cd507689269811a2b19b6bb0b1e3f1bcc24a7	1574	03-08-23[04]	74
d45f78205dfe12d8d4f28f410e3d6fee6ee8367f38d2f153a1947fc17fb75bce508da218555d5a32f88d5dbd227723bdd9f1142c40042413468ebdc1d66e639a	1575	03-08-24[01]	687
2fe2766698b318f0d8db1608e5d9c2b8eaf9acc62dde29d2bdeab591467e45f50304959a8d3983197caacd957342fd6f320193fb6ec2dcd00321a06a2b9c912d	1576	03-08-24[02]	416
ffeebf63f10cd636df1b3ad2c0e94d46b9e3e1dc04e4b789c8fb341ac8b88fa326c8192b44eb568b262b204eebda9bbb474b9ed49fd21a1fc875c677c74b8e70	1577	03-08-24[03]	422
cfd9cf6d2dd6be0df07423b7770b56b0239dcf97489e5ecd7f96040ea97d9899580c44c3192fd821c8dd97b403f8d5fcbbf0ee326b414136c6af82da6965359d	1578	03-08-24[04]	329
96ab1669a004e851b4ff9f0ad849e3b6f5c0ede5f6b9e728444622b84384f349a98f6d8f5400914f00852a17c03d849a8e8c5e77b219b69d2bc65649c7f98109	1579	03-08-24[05]	110
846fc3b2f3d473e4793d47a05c2f8a110fc34a1b1403523dd03c569758447fb0ce83ff1a1ff37de9e4ac02317d6ac50be1d4e3cd1573dc92ca92bfb1c23cf2be	1580	03-08-24[06]	266
6901d98f020e433921fc82f444b24bd10bbe30c3db64c6a5ba858769e61b61bb74de51c6cff3a6f210312dda2b1aaeb78067dbe9e44f964a00d64b6ea3242219	1581	03-08-25[03]	293
dc36d0769a0074bc253bb6e802c01d15167a8e565a436c4d44b01506f8d615e4bfb31a02e734f45d5e32079b827e9712067c8d9771eac1b18ac2a133f4b40dc7	1582	03-08-26[01]	298
77a74b826c5d19fe21958c305c57e1fcb2827dd66451c1f1cad4cafa575716b2cec67c1a3ea76b502b22f5b36c2a7fd1694ee9b4ec38b6d6f16524cedc912731	1583	03-08-26[02]	100
70891ad55e6204fad4b60e0791c44c5f63705e3483389e0883f6bd690d94ee72410734f472c938727a0471e79b23e14ef9989c190d44a283cb2074b9fc980b37	1584	03-08-27[01]	450
d12cb28687c5db3999495c4c1154f3ef60448b3aad5fa9c466f75567ea5b7719e4d1dd1bcedacd7c96361e5dc0bffc39fe56d41740493dc29073637ab7a2085d	1585	03-08-27[02]	133
f65743100407285907d2a817291f4581b15bae594c36d5745eecca9d20d7f6ae137dafd537c990af61d3912b9e4e25528a601664207e74bbe833f1c437e43d90	1586	03-08-28[03]	1200
3f89b88adafcf8b4cc0b5db68cca9f88a39871372c6d95d15ddec698a64195076e15aa51b27b8a460f7cbd9044a3a59e05fdc61159687cd02f59e6d4f982915e	1587	03-08-28[03]	262
6139330f5350d8affe1576be255b13133f7b876a869a9e4911caecb3ab703f4e24edd23a81f343408f79a9cef1709edb1da91b132728960a2a18b38a29a00bf7	1588	03-08-29[02]	96
28db7e54df4ead40c1faaefceea67f24f41529316da2f84d5257bcaf61b0725341e41f768e10356fd6b426b68317849307c7dec164c009297ca06e19d3b223c1	1589	03-08-29[03]	443
cc7cb6e6d51decbee19c7c34975b407ed5b6b7fca95b4ba2800e8b955f80b355de0a86c2fbdaa3aaeb503a63fddb9c7d822f597c3e3fb52de93b3fb7852f14d7	1590	03-08-29[04]	340
4a14639f4b7ef9161687f7777c430ba8c6f0d1c838a297578853a1e543cd26b2e2a9ef9c90dd14d356c5143b4596a81ef7a778ac9e9140a706b95e4a8734321c	1591	03-08-30[01]	161
4afba0c705175d8a05cea5f98cfe20dd7290a561793c4338918b6651f1dfa6a0c6b6dd71e0049f175ba3ffa1dbfce306462cf4b260321ff3cbd94cc596a19ddf	1592	03-08-30[02]	1200
82741d168fbcf6dc7a08e783705300608fddb31713825597beb76c196f0e377ea70605a0d90e87bc5ab1ad6cc05d96ca2aead491dd0c8d631d5bc22fa6ba5ab2	1593	03-08-30[02]	689
767339981f52a7db338469de20d58c63060f6fe86adf161280ba091e2a510eb96deedf8237fc739616af363caf481cfe393963a9e0a1d1875280f784771b7e40	1594	03-09-01[03]	375
cc8a27654ca932fc01de3159f9efaa0b841424fa33dfe6d4b11d41ce950751bbafa6bef318791025a798f2da2d2db626b82c455fe1852e605efe935518d43a8a	1595	03-09-04[01]	122
8bc27438b4ca3894e38049425cbf3fa92bb800b58e00ef94897f45ed1a2c1719cc80cf3136c46b867527ed6a73b22ea3ae3b30b80a3ab10a4c505fcce8166a51	1596	03-09-04[03]	123
6877ca913dfbd98c7da3cd0ff2bae69bd95bd0cf450f35f1bbf280b002a18c70ef12762abcad04c64d3ce57f0d10e40fe6308c1705e919f13420868be21aba23	1597	03-09-05[02]	100
163d4bf98e3ebf199c3025a1161eff9dd74021deac6539ab94defadb2d08feb09e72a737c7e5dc7d9c8458e5272c9f903ef6b9618cf21442043cdf831642f5e8	1598	03-09-05[03]	464
4b9a82473bd0fc636a922d3e358aca16e90997648083afe3d3b8133f4cd6e3861e5d9ecdc408baf0303debaa8f0ce76b38fb0948944062274f7e6fc6dc157495	1599	03-09-06[02]	264
08538899e1cb364dab82eaf5a16cd2b6be95c202a668e3dc70302a85d3a951ae000b97d77057282a555771d76ef32db148ed73ac49217b3016f91f6bde73e92c	1600	03-09-07[02]	102
4299d7d23587422fbb2687a2393a352429fd6cc8114b5b5cd4280f4b498a7b37eeab13318ca7d8f83344b43a93a5f68e7a1629887df0c7882838a2fb6e66ca78	1601	03-09-07[03]	301
2f82c0cf1095061320af53999f078bbb0906a8e4c5e073ec613d1bc1b0a7dbead32f363acb689a639f26181c55a9f288cf3f02f47b1baa3d73a05f6eb7a54159	1602	03-09-07[04]	1200
cfafa75c1c14f5e57316ad445c998474701b2e8a6ff26058690837ed0de347706aae0553978e173b46e0c93d21daa82c85ed494f365c88aa934a18e70bd729af	1603	03-09-07[04]	978
b6a759e9d9cb998b3799170ee608fbac7e93eb5c76a11f622085d3650abbf3a4a808873e292522aedfa43d12ea41d41f0acc82aece9359a2ce2862f1ee1299f5	1604	03-09-07[06]	162
9bb8b7c3ce79cb9aa60efb6f4201ea530df2c53cda8dcb1f6021b3e909d014b122fd21e78b7a906e00f856ca8c70701130d53cc57b6a5322f55e7d6080f98378	1605	03-09-08[01]	294
b6d9c7133072399fb680e51f9cb1ae730be04c9483e750b6c1e1d7264efcbbf3255592478b47747bcbe9d7e2fc107713218aac47cd6dfe9dfeb014686a90958e	1606	03-09-09[03]	208
a84de5f8be9172e7489606cef6c7d05c9788b2fae71610e792956d2740e52662845ea9da1ab356df910d9e3e9cabe2d56901d33e1acf4ddf4dbbb9afb29f3f70	1607	03-09-09[04]	117
f81755a78b8cdeff04253a9c2787a162385e0c2be68d07b32cee4a1b6d588f0fb370b47f77c77fc8f1becb9f41385289d012455c07fe19d9fcb0ec6fde80b3fd	1608	03-09-10[02]	332
d00a79ee80de6ae8f3f0f45607a7ff0124efcc5a58c7831185ae2e771c006a7585a8d692e01e319cec24b9f3ad9bfe04768a609845b6b89acd25ef853986c154	1609	03-09-11[03]	674
f8518ba4ce2394b9079344ecf04011a45262c88baf23658c9f3d26d2938ccb7953905155291faeee00e2003fc34d35e17acae9c9f93507eb44aeff872e1c2e22	1610	03-09-11[06]	705
bbff52b9da097ff0f50e046adcf4b09f11892ba817eff17913ce4f874b1459861e7993e00ceac85ba796ec092e4a3e9779de91a5ad5ca9a48d733dff61b58c50	1611	03-09-11[08]	119
4a4e09e1dd74b41c6233a75690ad32da42a08289df38de477c03f6defb09f43641a4016044397668b382f898d1b14792f1981db24e639745dfbe5ff288ff7e07	1612	03-09-12[01]	1200
c581d7b59da9606d37b26497d26a710e11c7b741f355d0b9b99abd9468ba251b4f1a23ad6c0b9012ba2ac082252f9fe1e4ac8c02590df548c038d076dea4a528	1613	03-09-12[01]	1098
be906e229d25b3131fda322dbae66977a73028100ab2cf401ddaeef809754ddd40648cfcf3423cd10945f8fb8fef7fa20ee87dd5b9ebf2f61c373bb1d2cb0d10	1614	03-09-14[03]	91
d3c30bd1f3e28166c7217da282ae351245a8ee54c5f7eec9c8df400cf74495f5b4e70378eb4d509d9a9939d9ec6f70222fd714e1e2ef14aab9228a270015a05b	1615	03-09-15[01]	140
a9a9051ea5552134aa24e66b345e92529f9f0d6868cfaf81c4af6db7426f7a6c475ceb1cda0d0bd553ca1449828b0707777da422573e1c416800df76f0ada384	1616	03-09-15[03]	155
edb195ada6266b889e53ec003669d191c01e96d7f9f2857018e90af01d333aec6e6e6a5768f4f4a7fc74d430ab6ab6a0e975df3f1d4ba3bdcc9afc88ced289c6	1617	03-09-19[02]	94
6daaca7e56464098f345257256d5e72bf81e01b49e20b34157c11876706f35fcc7a0e2d7ce9938fd3497616783e9a5ca00e42a29fcec51b250a17aea0e3ce0bf	1618	03-09-19[03]	59
053dc9f9cd05f91997deb759a2816f7709e91eb9454cee2252b2c0b34b79ce35c4436fcae12656aa1ae6398286c6050f77106372c75eb3abce0539100c508597	1619	03-09-19[05]	97
d3bbc082a9782966dbc68f6e28086039c2f1d02841bf33b989727ce8246f933a8844d4d67900c54147e7cc62885c845a3f9be14d4d99a3f5ad4a8f241612baa9	1620	03-09-19[07]	57
1b6a2103be8e274e9b7ced79c5ce44cd621fec4bd5a7041cd6d1713b0400916845f75ab4791d83c09848526a637a9fc0e2c2c843817093dd0bb5b6e79ac56d25	1621	03-09-19[08]	57
314a216bac090a4dea7d7ec76294f987d56a08e68e5af8a586af9056db0bc92ab44ec9d0de3fe6d63e3a0623baf7cc03982f03a829d01aee1854869aa58ae440	1622	03-09-21[01]	682
d531e18bf1f7d36384474e9cff76d0b931bffa140291c3f6dab738677eaac776cb9f1b1c9ae77d4722e4d9af6fdbda1a94a28c7c74f216f6d04129e87957fc36	1623	03-09-21[02]	398
f73b6fea5be012ed104ef9ff17ced1b218a8fb42165ccd8e3716883a647bb8d21d086b8b571d56dce2ed3c0430339ca9196e757e7d9f586b90665ead908fa122	1624	03-09-22[01]	91
6c199ae4f191d88f70b12f201291edc7f2e0dab4797b9ded4ebc01471cfbcf99b3c1747e81a5a946aeab4bd35eceac989633dce7d5c3e04dc29f4a49c10b1930	1625	03-09-23[01]	215
c1fdb6de7193c8bcffddc214d41291fae13de50389b0e31f9101e6f565b7b85d89f0bdbd84d825c282f64894fba141a6fac737924e8c64ae468c40e1b52228e9	1626	03-09-24[01]	566
305a81de8a7cdc0de33f545b6524d671d26dba3bab9f66f8bef7be5737bd2dda180fcd867e33aed64aa7c1c1f8e2f8106a02f02f3ed3d3471db6f877b650e2f0	1627	03-09-25[04]	70
8d5b2fc40fc1b099a9067987d02b5ed6ddd6d4a16aa1df01f3bffb1002940b0eb2020c3d73e88629f6253e718fe32b5bf7a8d75512049a9e1ee5f81c441e45d9	1628	03-09-26[02]	73
0c2defab5d5b8ba5907efc74b449bd158f086eb891e8d7f5ced3e45551c5ab52a64acf09c8ebd9e6784911321d35b91634185d3d736dac09f5207ed802ccc46a	1629	03-09-26[04]	150
4bd3eb4af000ac57aeb5eac98ae0ab5868f0484f859d6397d2a8262e06c26945e2524551341c9aa83700f35c19150c57d1839d985cd90ec245cda307ad50ce8e	1630	03-09-26[05]	162
02d34bbc6577004452907c06badb271529a0b794c6ced61795584122be55e76072dc3999c6d1e30137d61514f16bd2ec417665aa7a8d04fec7c41a5165eca700	1631	03-09-26[06]	112
3135e023ef73043c06f3fdf938b21d1b5259d066436f102b1cb9b270cf2504cc3d8330a9c9245043bacbd10a2146e296ed07def437d730fe9d53fbc9c3c7ee25	1632	03-09-27[01]	1200
3fa9862b915e673cd3fa8fea5c079ddf6d59400bde525c0bf7c778eace677322312e2f186298ad954adc9e28842457026346934afdecc053595faa9a95c97873	1633	03-09-27[01]	822
948a5af2c09303a548aef6f93c8ccc112825b9f51db4500677de72a7e75aee2a2258ff6d8249bdedfae00b2ec7d65a60b9406f12debe509edeca5b1a436c9766	1634	03-10-02[01]	105
01dd1eae44babae810cf488839db43e77dd8cd927b12d6bd9768ca401ca5ea13e60bf843bcfa83adbef0c9a545950004e009a70687383037f36a035d6e466195	1635	03-10-02[02]	327
35ceda208c26e3372711fd1b9861734a8ae5af50e5b955a001ef3537610cf802228cfa3609c429884a35d8897164902bef0c1e0c217ef10e786a45a667ebee73	1636	03-10-02[05]	316
0e38c9fe1571f07cdecf71fb32b19ee958d63a1b4a4e28045a3d0745fdd79b94aa5ae34845d80088b68dde40581962438768f26f5b31633552d3e58aeb117d79	1637	03-10-03[03]	196
8096dbb3ab65e86b22bf3077824bdef851fdb14a65ed47c6064d9e3c41d1a51631e6c7dc0dc60168892eab20271d86bf6b70e5f4c0e840c5afda97b2b2f6b59d	1638	03-10-04[03]	146
d194e2e0657c3b9530c13e4930ac2212886810347daa046d026ec1ad498049c81389926e52ff5d9ae6d745a55bf06b03bdca3b116f49c24c6a74505b9d92b283	1639	03-10-05[02]	111
3f7687f07b8bcb4a4a44ecb68a8b1fc85e92706482830da8782b53d4064bf32c819f4504bc2ff069f92cb33b7d69e72d85845fe7ff943c81c1dff74e28680b4a	1640	03-10-05[03]	384
68bbfdde366ff00570ffab99f528dd8e642217193b2dcc5ea4958e7e806cc239d00241adcc8142e53965cc4e45bdafbbb56d295e2ef1e8ff2b2b716c4da21e04	1641	03-10-05[04]	153
66657a2e722beeb4c510dd3d80a68dbd9f6f953ed3da732f0621a6ccbc1049afd829c38def5c4f88232abc0a30b5c091a78977af9c856e7290bb011478777eee	1642	03-10-06[02]	286
313d8a403d055f857f8564313f29b7167d88901e1e80ac50f8ae5066a8f96cb1714f8c58c4c17ce20db90f017cf2457fd8d1670aeecb0e85c528b18aba3ccf8f	1643	03-10-06[03]	100
1bed1ad31a1a795065501fa3d449532d39a3751c25c1dcd0f8fad06e7241fee91295bf3bb8baeca30ca2e8f95f13d7a6f74f4423d7ad7246762aef4708ec8b14	1644	03-10-07[02]	85
651cd5f5714baa1295c585dbcb8c7fdbe9621089cef4498836682e019a27ff95a33b3b533c8edf5d60fe577a3a14e808e24fff0958ed135a441fb6da39c422c3	1645	03-10-07[04]	184
e9863cff063f2bbf3e5f4b038dc220e14a4580dd856ea3356fe8a33d4b2cb3fc5b019b92511902e490f73345c510f656efe9943ac3606ec3e85669b82b523eed	1646	03-10-08[02]	123
57ddbb8ce060b26cbaeb40f59ebdca5dd94c3b4c8bbbfc65a51f2ed3387c0766f5494a48dbf602a655f141b6c3c95288c2015e757c2e64cfd0f6305f2b5676eb	1647	03-10-09[02]	52
825452a7ec702dea764505786630f229a3a0bf959bdcf49ac4fbc5fe5b838182f562c98c42e8028394d4f343e4079a8d91513ad57edaa6521228062cdbf1fdec	1648	03-10-09[03]	82
667cc827b7719ae48bed1159b5d0749ceef222ce40fce18693441cd3c3daeeb35613b7a839558cde5850679eda6cd5e40beb47dce07a35d81ee264edb34fae43	1649	03-10-10[01]	139
9441c459fe7a5f7e5cce8dcf859fa5dce26f0e10b2b6be5cd78c0290826e50b46acaaf2b7c14ac24b888ce2e82c548e9ee9de2cb4253fb94d54a642734339819	1650	03-10-10[02]	1055
cbcc35d76d13041e0bf4079698bf2e0c5f7592a2a8ad3462ffff5defae060e0022073ca929c30e835ef17fdafe1c6aa0d0770516517204a094b4e7ae0063e9a1	1651	03-10-10[03]	85
15ecb9e522354a1c8f0d8314d3119f7c404f12d3de0925f053f75672d54ee858b99320b4c0537dd7d8c480436bb40ac48a6e95c6748917727e25f09afb1215a5	1652	03-10-10[04]	75
3bc93c4badc8f00875c966dac204239666b1e9df1c3b0b261085d5ce718a26d014f4f0f0dd8ecf0635ffa77744e5865087f9c19d2b1c2673f57b9bad41a8c3b1	1653	03-10-11[02]	79
b48622156d21e210800194bd5d87f9563cae2ee06cfd769a4663663e14608fb5b6ed8312743523a9be970e9853d7a51dfeef54c317990ff994878f625cb80a38	1654	03-10-11[03]	606
2e15512223b49041bb23408dc8dc09cfea75817b2a95b906abb72fa72a91870bb142736f87fab77b48f9857876edd3057738e24bacc050dccb8d70b9b42d93a2	1655	03-10-12[02]	85
37efe4bcce066b8bdb9d400f833e14cced3f227fa6035d0edeedfe108cc25c5dc3b87b083b7c0e18f38a82ddf05283d0f46f0261a767622e955d5e0b1861f2e4	1656	03-10-13[02]	510
864b613b7a7735ca8a15948062e7e643ad3e2f408528237c2ccb813e488038a36db11d427be63d89387b3ab9e20f3a8749934a8e48cc101a213bfc86806779ea	1657	03-10-14[06]	86
8f9350d6fe920ef88aa8a3a2ce5e609e817261330f4278f2fd201a57adcd8579b8b0fed7b47acbc21ac99177cbd3e093fd8aca493af707c9ac5c5e8aaca49cb8	1658	03-10-15[02]	68
340ddaa589a399374ef25d5db5dc32ff884e6f9a4b6cceb6e42034da8a66c9809acbe634dac69b6efabea76f817c2f4c39f51152a371a6e18c366c02777f6144	1659	03-10-15[04]	328
4c6e1d0671e8dc35fa95d226c8ac02e4cb549f66359768642b44d0c1061c41313386177f1964fa9e174f341a9be79d0300d48322da8d1ac5482e3554c32939ef	1660	03-10-17[03]	87
a825c397ff35a07ccfa91e6df2c45a2aec5e2114d69c2638fd8b29c39b053eedf8e3b14be30028e5eda946ec82edc71c3d1b67da5d8c5b2be254bb977badcf8c	1661	03-10-17[04]	129
5c00ef820d7a9176411bf5bda66026124aaac86ed532f0e2a7fccc1a1400b9e092f15218157b84fa3479a52e398d75725237c9471a5f26e63e7ba677ad2d46a0	1662	03-10-17[05]	82
e295c93da5927c11d6483766d099400480186a5fff991462f93edfc17b4de92e05153b0d7ae70a947838a230d24ed2d5244f16b5bd2390f4d47aaaba7196fe11	1663	03-10-18[04]	215
4910949e968a7377722502b21abf54851354146b335e9905ba75712e9de2ec8e6904e4f0109842670572e4af3802b2b796e8eb89be65fb0e134662e091a1523e	1664	03-10-18[05]	118
e29b5316066da531d2ebe36d655d41e98abca7688100a618c2c5ef168d184f6c2f87bfef4a06e772726c10b8b38c1c81c486ddb596c7b065301a1202406aa6c5	1665	03-10-19[01]	248
75cc8c61525cbec7d71b695b0ab81d90f4486ccf5ef2e94838f9ba1d961daf2d15a398f69939f916fdac32efa8fcc711fa7245be26a4d0ca6cd387feb0239e7c	1666	03-10-19[03]	792
1ae6524dc3d722331fa18d6a91ce83a1659177504d7812b61a15814064723d788c2ccfd907b7cc82a7731baa7141b4afee8e42e570d3412c6a90e20bb6aceb60	1667	03-10-19[04]	85
e2de7b3ec142636a826860511630eb74a1162edc2bdad24862182c6b2b43b36984afdabbca419541f46d399434a281aac54890d954654f2ad6915de094724632	1668	03-10-19[05]	709
7616414299de4e2e0de6ddd18d7527a1d29e22e37b7c8e1b62b3f53997282df56e614e24332d4bee696c357b721f40c43c6087035cbf8de071949132968e1e34	1669	03-10-19[07]	114
719bb39f128e44751113632a45f9ff0f6d55eb82adbbd003fd7e98e2f4f67d0f6ded5d9d5a311e672541cd3e80b5967a99bfe1f7170fa1cd8228062472cd6a0f	1670	03-10-20[02]	153
c853a590dfcc9b3292eb8c6004c42cc66cfe0b2823696ab5008b9517b70f831bcb19ecebd8ecef449ac7490ddc0c7090f771777b09effc39a6febc1324b5b54c	1671	03-10-20[04]	95
5810138f63aa652c3eaa57ce0e6966c40e737c86408dcdbc9d5fbb4b545c5e3d4d7ac9aa24fe90994a985614b9371e34da3f7deba1253dbe1e38c6317b78820e	1672	03-10-20[05]	85
331f4ee121c8f04385c070f3723b9e599d0c02b8f1b2eada4ba0c23a0e9361b9ae3476646d3abc7c9e095df8088fbd05557c801bfc5c648ebf54f842a3d69e2d	1673	03-10-20[06]	171
5d367e49c9760c6aeabfbb04427233d39801adde1d56f487bc2d84aa6cb9aee18ed61fea0843bf8d5559591631e9f18fc07018e6cdf670cd8e655b858c34052b	1674	03-10-21[02]	66
3e3ec9f50fbb1b54ab129fe933574a3b5daed19efbe3e70b4d8430ac9f3529149620c97c3c42857d831202a58eaa30fac63eb25ab75eb3efd1c9a4939eba5ef8	1675	03-10-22[02]	100
336da67f8badca48f8d160c035dd35dced03308793a10e1939369189fd44540a3d51f9532d114d076d07de0c2c5afe6ae11343dc0e6147aa170250d7d88e2f66	1676	03-10-22[03]	319
90d708bb2b24a6bfbeb9dd3f7eb45a9a38c4a127e4ed994fd404a4c0ab3484bb8964e1adfff8ecf179fce26f2a4471ec9434c13360978514f512043c2ade6bca	1677	03-10-22[04]	86
75e3f21864fdc221693072d3b8d79d37ae61891ae45c7c8f18a9406b948d1396d45f4024678e6a3625b1054beb4d0a23e88fba5a4b9d618b3abb5c6ace2fa7c7	1678	03-10-24[05]	82
e3f8c19ca51c435443d7746d05b45d54b17f2dd5145716e1e55911d7f4f8216362d88714f95b5a936ad6423c2fbd8819aa486aaebf980cdf2f9d0a641b030cbd	1679	03-10-25[02]	392
d283894c752d94cb5ce94ba86589ea8ef3c6d82ee482efb45bcd20d48a515c3bdedeac5187b55ccb535d5ae1ae76587365fdfe048d6589c7bd2865e9b9acd15f	1680	03-10-25[03]	179
234c8bcebdc687eb90a890c12f035b524b09108f53ab426f5bef1c377bfbfcb5a3ce2959df2875087ea26f6e2c1796dbd6aa7a53e476cc6529c0cdc86c581b51	1681	03-10-25[04]	470
28b8630eaaf169100557ab92a7685c524a8c8424d79c6ecb8527204f7fc80a0ec4ffb9a18e9505fd6e989b7c14379213e711d8402cfc89c96f05d2ea428fb250	1682	03-10-25[05]	415
cf09c2e25912472ea684aa4b1718a2c5142585fc216f23495299c25d53964f50e3d265745acf045906b869b97c2599cec8201971b2fd18a09c86a1cfb86aa182	1683	03-10-25[07]	85
8444226bfa6f6a39ec6ba9b2d390208f130607b42b4622e36841778506a9ec4e092aa990c8b714eb4053ffce35a15da83c55a9f2f6df8413efbbd7814c854d24	1684	03-10-25[08]	84
2b461cb151b78a26390f7d47a45c59d502b5e2651f9b61a6b0cb9376c0f8ec950053d0afa88adeaa830047dcfac46f1563965114dfaad6828b8eb41fd5c8b41c	1685	03-10-26[01]	173
d6b5812c25f734dea1276c1124f22cb00ff111147bda82fc3e3510402e6d998df6893b4c4ed9588c61d79e6847c1972fe786e3caa94b00546ee7484c655283d3	1686	03-10-26[02]	216
da58c382e45de6335abacb8f963715549473dd1ded8c6932c952026c9ec37028d8fc486a2f193e05ab61a6260a763585437405ff863857f919ff398706d2b7d6	1687	03-10-26[03]	158
b8deb9ca12ca8f752fc0d947a960b56afc1a72b64707aa904466972f0326e9b8b8a8214091912967983ae6bae79573f8af79896c107d574bc043d90ee5f23150	1688	03-10-27[02]	368
37c2596c46d5d44319a85c822f30b6e6df474de3ccbb0652c0f0e6b5312084b7cd0b332679cb7357cebb4d961f73071ae2688eecdbb6b4ea30deba957d978eb3	1689	03-10-27[04]	419
ee70b3ccaab7ba9be8cb8ef3bd37b46e50d9fd5785c0620c131f1a92fd0e7b773e7b27850a9766d90ca639d1972f82941bfc67f0abbab89bc624713d5e3c382c	1690	03-10-27[05]	87
79b1220bb64b3561074da48df25a2d8b029f8541fc486e7a98fdae88b9d7f1b18097531a01b5269731fce1d5c7b509a29a27551a0543743ed6b74db1216abc65	1691	03-10-28[02]	44
672c52aee9cd0dbec3c2d99bef31ca98893fc555c100be65acc90c87013afe10ddf722aac52c2ccf00498b364212543398621e96d08d2d4cdb5940877cd384bb	1692	03-10-28[03]	88
badf19463734f36d57cdbd62b850eb05ea239a41bf5fcf57581212265264b3be9a2aaf7b81cad06bf84c40072c02b75ea98b89252e84281378f2120806b88518	1693	03-10-28[04]	473
9725564e86f9c876cb03609cea712131561a6d3d40fc0e4f4bc349b623b2e2318930d7c703c30e473136186f11a7714abb31a34ea568b2cb187da0636b97bfec	1694	03-10-28[05]	60
ba3afe1db1a861650ac7e42307ceda3216d4535c4bd127bafd643914a8249f628791e8c2829e5b6ce41a544ccbf5834c1ac197fed5ec31f8c81c43df331057f3	1695	03-10-29[03]	58
47ce708021fac6dee7d9a9ade7210411d469c18913a4abba057180268da7fc249c036895b494ff0f25f1f1dcc94c186aea83c30d60d06e9e5c12f1e902e391fb	1696	03-10-29[04]	336
27e629f99cd02d11d79e2186655eb87b8693fea6d176272ec3be8c5b24b463f5e4c6df2b0b3e238f4f5ea633461237da5c48571904c4d0081e2c8ca8e819cd1d	1697	03-10-29[05]	84
e30c0a59f1ce3ab1f9ec34f83e21bcc268034f8229cd8cfa5c06524e7a269412e01c9c9adbcfee0986ad5c8a7df1714db8d9a9b48c53620e79e32ea44d84eb94	1698	03-10-29[06]	821
d16e8e47b6da06a5a209051f74463495545106c65db9ae43829d25865af243f3d2a2dc36517fc21b0e263bb5912fbe9e50c8ccd123d0879f121107cf88db3ddb	1699	03-10-29[07]	112
3da9e4423be7e10914c83d05e2c792694ef4f9a242a8757ed7a90a76af66a13a1324e55b92bb3c18de5f0203ac47736808bb715822ce54bace1074d8266b1e9c	1700	03-10-29[08]	126
4b467c9073d4f968ca2e897a03754126fc1ea56b7d6fdb39568207f12e3cd5d5d83a14eb78ba759dc19b098b780e91c5fdb4f70f70c58790e4487d1c7d14236b	1701	03-10-30[03]	226
308697dac522c1500ab18e567b88ccf20fac638ac592e12be2cbaf94ba243dc0cb365ebaf41320365be7621c19e7bc6ef8c9b5be6364c61a1465a126ab3e6186	1702	03-10-30[04]	315
4c1c346b8f2309a73071132bacadb790dda5773f41f643534f21f9c151c9bb811be82ccc67d57e061582f4e1b035d1dc5397a7a59870a94190fdd20238c80c76	1703	03-11-01[02]	86
09fe821fe062819a71c5384f9b414c2d730b950233c4124a4783fa11c60455348d8b7e0325ed6ecad4d7aebc336b852efc38f3604ccf16bf7f0f49cbe5964e7e	1704	03-11-02[02]	46
06b583d88ca6fa63caf1238b9c8c0b5856b06552e01a2f1f7c3f11efb9ac406192bb187e3f6224381b3a8056d7a016ab82d57fe328ace3471abdbc2651ab63dd	1705	03-11-03[02]	78
be5c7cb8f48458d33a9590c87d39da5dc94fbbf9622a4d9ce3bf023f1d9ac0e30e32b6006511b0c98ed2fbadcac54d17b8c97d5eafc4c00a86108caa82dd7e3f	1706	03-11-03[04]	192
43fa55f23ccda46364d7d5f66e45104cfad29c8e2186c4793dc9259ff3e1767ccf429a8471c100a55dbc6d4229980df4fa245044b4147c773804fcebfd9386c1	1707	03-11-03[05]	162
3b2fcd446412891c8c1ca2a3853af087fc1d0691c48711f87fdfe74fff0e88288c521de1db842300977bdd0a76ce5852253fb88ee6badf1a34a1f4b05d492387	1708	03-11-06[04]	375
f87cfd9760e1a537639652844f9b07159b25af2e8c54b0226175f933edca672f6bff9b41f5d0c9d6553a3bec0dc1ca43b76b703d2059e5a9c6f6a3186214d756	1709	03-11-06[06]	580
920b4a2dc84c169e294b3b7d5c245ce53573fcee09d8f18d7c9cc7de6647876072ebdb074fbe13bf78e7ec0dc2f4e47870d655d45e8c3a9fc6fcef0d06e9f2a8	1710	03-11-06[07]	99
75141e0832b83e190b957080d6b82b93ca1ac46fa16c9728027b4cf1c4a545a4a288c399b0d69f21da5c3a7b10f63dcac65a8cb78635ec4b21dcc37e2897e921	1711	03-11-06[08]	309
a594dc8d7fc42b0a3ade860401b4acdfc9bbd1055e32a41017c4a385b9e355892db994fa2717d8179a4e25b2ca3444476d0faecd8d579b25e5dded5ff3ead21d	1712	03-11-07[01]	364
67e6f51a472daf918581f1dd61614edfe3f649844740bc592780702ecfa57ad107e769c85a83db2bc7ee6d164d771b70bfdf12b3468eba6527def220f09bddb0	1713	03-11-07[03]	55
4027b9b7714458f4a5f67d6dd56c15d76176f888bd1d2d8bdb96225a81dd59250bcea095efeaf3c83fa2b983468a3d88ac1a96a1a7c0c9614332ec40f6b5a7ce	1714	03-11-07[04]	86
3fcf81b9e14a716d2c4cfec4914bb81de164e04f798ee8a1bd6a1f5d812715044aa3dfb63c9b55a3a2a2554ae5a55c0cbe1385fc4d15f980d856cc78c3c00408	1715	03-11-07[05]	417
e780ae58ceed5b2e44edb63e3c2027823c6b0d9991150493d2278bc1f20ba356d8cdd2085a43604d339f83768c647ae5724d9b15a49982be0124348537c05f88	1716	03-11-08[03]	473
945ee360b2849d070651e940ec24e00091d7f2768b35319d347299c1e305f723495b2cf3b8d5ab57358e7850fbb225e097723ddee4d6185fe683d94252d0af72	1717	03-11-08[05]	186
a353a17afbbc2fd037b52a10eeabf1cba5a9f4a872101cc05dbf6f00fd0bef3d0b54037a904920888d3e1a2f743f7751fa509d019a28024c0283c0a0042a782b	1718	03-11-09[03]	269
05a0cc03d20a58e52663edbcb5f448ab25399cb42408e5f9fabb53084fd24eb3d3c46d89b43a4e13b09ffee6291fa1ad227565f5dd216770269db844feb08b74	1719	03-11-09[05]	47
0ff069eec9e44ddd0b3663c067cc3a796f455fc672d4a3dda07b39b0c3c173477a628725158564ffeda4d9c87cad16e9eb2e85bb0302e3c43b90d33568b3f36e	1720	03-11-12[01]	136
198d14ac6cd6b94f77e5976b0b3dcf7c295894a863d5bf0b6dc32ce266f043c73d8ff54b8c48c37e58c359b8db0390c6813d6ba7b2641260854abf15d040506a	1721	03-11-12[02]	88
c3fef3f8809e4558a0afab95cf05f57258b46faac64f8fe2b826ad034094d62d281b0d51628daad44153e1409903c3610f1ecd04ecd81f5b5bfd708ffcabc8f4	1722	03-11-13[02]	343
5e2959f5cdfc8ab38c889525fb2b714f9abc4ce77c02f5476e150db432b86734fc53e8a8bd17a57cecac858c274ab1680d1901050737fa96d8c65b3acad19b53	1723	03-11-13[03]	85
85ce103cd2ac599428a0646745c64a69ddb021f18598ad49e2ecbf97670985502ce0b3b556f00b08481bc10d49a72336ef0ace090e22f82a9b9755b1716abb38	1724	03-11-14[03]	121
3b27f328a8bdce35120027d4944b5d708d70516054edfc3fec6dba17ad3ed7948c87679390298a3624b3f2e3c1deec298a384bce08726f74cbac97f6374e300b	1725	03-11-15[04]	1017
0ed2104527dd90e1e24d78555ec17f2e8a8b52b304ea472a7280dd4418e47a0648a7b01a721ecb62b36bcad09818622329af9ab74fdedc7d01a5a6b719c55b3b	1726	03-11-21[03]	128
653aefaea1afe4843bb5e10db7a9946f4806842039d944814e8fc0c4e23a9266944d2a507c21d50bc7094af6cfd38551b42a5edbc52f3941ddd22a21fb6ee662	1727	03-11-22[02]	950
6ca1e87fbbbd3d520696adacc3d519c3e95ebda033f7573b48a0884d1163873d970fccbf0eca02ab12d878238289bb1125346de5a9b3ff478e7fd576e0941f69	1728	03-11-24[01]	109
a771e3560cf261f4c9bb68ecb70ee613224f11c233fbda5a724a5fbc585a8185ecb59a4577229105f50838ed0f34627d561a52bd5953a8270d0d022c6b34bcd0	1729	03-11-24[03]	109
1c4855fb8434edbc8604aa4a4978f9aa5db67e2146f3963651f53cc2bf5a5ca2250fc5b946afbdf3cb342c3b1b2f57cb669d8adfad7a8eb7d3e09adedc64f969	1730	03-11-25[02]	520
ce1debef3bfc4284b6bba189af19710b44c7c3918fb152fec092cf3fd0053e30b62e0c1eb061da12ef6093c08495c28c13156a883053ced042a464c46e0526bc	1731	03-11-25[03]	294
30cda3dad6d21d6bc74eb87a9e1439e827e8f0e77ba7b7c933186f33dcf13913fcf066551cf34437516c41e040f276996b6814b885e98ebd5e87eba29c937db7	1732	03-11-26[01]	170
e16de65b7d176294c4a2f1287cd0eacc062334abe0d8f672fe3ac354ec5c0d7f1e24860cf1488e029fdf34cdce92b5c0bf52e663a4f78c513d0df9a1e2077957	1733	03-11-27[03]	375
fc5aa817daa5517e754f4a75b50e090b4e86350c47303458f22784deb1240ea0b11a60a824641a9f0adcbe7accf2367f2c1613b7f03af1b0a93cd271f9ca13b7	1734	03-11-27[04]	75
0e95a9ad31c88ee291635db5881bdea53254d9040d9de34befa8c02422835c43ca114ce90dba806832b9a47a2b5a25564fa1378633d2b8c596d544413d851677	1735	03-11-27[05]	101
adbe84b81572eba8304c7f6055c9872968cd15739f579eff999e40dc241ae074e0030df37e22df688058625541672a1841eb2c9a15b555bc6c76e661aee949e7	1736	03-11-28[03]	87
584443e5407dc62d08f555f26c2232d9625a9cac83566ba177aa94d2c7adfa767e3696f80a4751bce813849d6fb03cbdb01dda1c4f2692704a7e6c31fe455593	1737	03-11-28[04]	437
43adeef70183070d70d8718670468ef56b1d91361b0e0bc95bd9b203e1b645723d308c368b09661535addb6a7600bbcbbca83a34b4b9083d8bba84f8f388227f	1738	03-11-28[05]	153
025d8e6860d57eec2f5c2209cf6fee02258e6f1ee9fc3d9224d9b08819eab23a794e873d4f59cdd397b3eaa5180d61c9db5b47d82c94252135ffb4c272fa3d9f	1739	03-11-28[06]	445
be63a88d92a1ec4fbd64ae368edc803f9e8afb467b9429424f853449f1d08473847d6992f088ced36228aa1538a691d99fb58a1c23ee1c6981145cbeb44e0b3b	1740	03-11-30[02]	232
41d9b6d28b77eded3da97e0ff9093dc9a2f9de5ecfb819f15b980a3d19aa4ed89572882c3397fb54dab3bd30a6f16b05614d30602f947baaffad760f6813f5e7	1741	03-12-02[01]	989
88b54809f918576fa48b3f839bf97e931662d416c1db93cb9ec4a708186255d80bcbaff58581959ca8a9f4aa8c801cbadd200a534957cc3e7d9651073323438d	1742	03-12-03[01]	149
93a679d6cd8d3b6966c920a43749a7302efa9ffadb3b7c6a67485437b375dab1f686ef8cb733a4d4a91a8e4e81cca56e1ccff4f48e21000d45d7930bb8e27fc9	1743	03-12-03[02]	49
ce7730ca25172bb18dd8fc4464b2c322ad6d70b908a9bb7fd2190f43c008db9beafae156417afd0506381f47c2256f2b8c17e9130ac56741ee03123eaaf12ac6	1744	03-12-03[03]	125
76e390de2f79c5a9ff5e9b639bce4c57cddcf6e0b38704f7a6b72c7bf220127ece3b9e7b75429a5322730e2fc80cac35b05f4ec83924471595264313edbdb9f2	1745	03-12-04[02]	53
efc47efdab6e3fbc1ed95f580488484a4cb584af3f516738af5b0e6a99efc4e8590a4019cdf7d5ed047e60a2f214c289bb8aabc3a99eced655521c889d814b64	1746	03-12-06[03]	42
b6ef0f4e33d103364ddd4dd29c862a0ceac6ff4c0d239fed173267be6a6f06b7b3e2f35d006745a5ff7c3521218f3be2460feb454166784dce74a8bcf332df18	1747	03-12-07[02]	1120
37a470d686610a3e986f5df8a94a3b85535bfd040f5b6142db5a70fb6b2ec31062fe5ac870d37fc7e71d649aa21e3747c933f6aa779ec9c649de5accdb1cb121	1748	03-12-07[03]	242
5cac67021b0571a7473c1856cbc2bc2032ab104b334a4f3e3ae41d56a56ee077208a0bc9191387766528da9ed52d8faa597efb315a24687f3cce51af5b9f92da	1749	03-12-08[02]	545
2597d9a412602df5c270a6eb6cdc0aa6b8690d37599cc1bb6848dd0f55bd05beddfd4e3e62161dddbd50b83ba36ec12ef7b3ea7def0eb9c014dfcc6addbff314	1750	03-12-09[03]	397
02d9a0c265880e097cb98f88108b4a11a695539285a769b1b07e27cf6fef695e6bf5e189bd7de64a1a3ac3c5945ded55a34cb809599a93ff8cf4dc040fdcf77e	1751	03-12-09[04]	277
c66d920d181916712f05a8d091c22ae72eede803a35f1f18e339c20aeb661cd152b42e4e16a0164cbb2690bc7c307ead3a6bd68e1efd9a15d4e7add1b66ca11c	1752	03-12-09[05]	52
1b041eb1753a9a8432cf48bfec0f83427617bc46323ded3e644fb48b2691325b596e66a843acc04e2a2c5aebb6947244917075664a054c604087b24eab02c91d	1753	03-12-09[06]	773
7b61b1630593c12919706343a4259725169fa58a7f2b7d83bc1cf7b32edf7f95b4aeade84f6c185c6db6f6170e755636fd45655a154eec59178bb66e70fe3f49	1754	03-12-10[03]	507
b8bf614d723707c9a799272a22c4ed0c4e611296dbc4d74f5b6ac85505160c911d13e30320887a503242851bdbc53b561d71cc59dec53f1defd7950e84725899	1755	03-12-10[05]	506
f47622eb2b98b46cf7272324a26295563679d5d1efbf1294b3cc0dada2d2db9b9a63e1ced0704d2f4710325a07aa75ff82af8a8924588f3da5d494b15f62c20a	1756	03-12-11[03]	333
baf38e69230d3a81ecd3b95dce83507a981e671993b387db095260892dd32b39930868c896500786b6c2760b7a52873d6281e8c4b0e1862351fbdf40c6d63ac1	1757	03-12-11[04]	97
8f2045f67ca1068951d5871c3a2d2fecf1c4f3ba782cf570537df255953311077e05dfd06500a635f264f3d6a9b35918effc1317ef6fb7393ad14f3ab0ea7c5c	1758	03-12-12[02]	141
b814ca7da19857f2c18f4770ede1c09984fb459c22952f39b96d477d03b2088b4f5c28d05ce1a8c8316d9e9904a607168df43bbdf36e199ff9155de5811bdf19	1759	03-12-12[03]	116
685dce5031e0f0c9846a5dae694bed772b787d942fd51a96d99b75198d6b5428ee201ca1da50221f9cb355c9d86785366d9dd4a01abd5dbd93a7c20089963ca6	1760	03-12-13[01]	479
6da53d1f12ff5beb8d5ed74cb05184fd10d95cebea96e0c5a34ab04e8b2ae08c9a9227ab8916fac6b1fd159765ecebdb446125c85bc052ccb5c865686b7a7bf3	1761	03-12-13[05]	1200
0a5754bd57a79b7b4381cfb05c09a5cef4d4dff03a173dae718fb1811f1f08ae8ffcaee6a8b43add5dc4c2909c530bd2292ef01efc4467e8631b1c361c6ddfb5	1762	03-12-13[05]	768
c36eca73f427dcee4ac1232db1a7e64443c4ae328071ad4bd2538abbf4264d0112df0fedc8d8a8219090fb57ba095b2a5137dc8a981f4570be7fdecc8e0ad1cd	1763	03-12-15[01]	79
286785dadba722fa2f542939db81d8cab3083b63fa2ce7c65ca46fb97a98ac45cd78d910be58439309f79ec91d886b75a63c8790b026b70e939950b1b2b1f6c9	1764	03-12-15[03]	105
dd25dcaab71505025e5e3821cbf258a902821a3d59bee45947ed418dabab415dcd723ae173e8d543934b5f7bf7bfa553d3fd4a3444f1f15012dec6bdf09adebd	1765	03-12-16[01]	76
f8be2aec9abf722faaa55d8bd0b8fe110b5c0b72265753de39bb50184fdd129a68d4d19bb1dbefc3d826a051b8026612637653bf907e6fcb486632f683e7f9fc	1766	03-12-16[03]	128
b23d5c9c38ff4c7a1a028744e9146a94d7bb8c3a9552e43aff6626a044a0657e7f5a5cc9828d5aa43808eb69a902a960147421752340fb074f3113af0e7c2891	1767	03-12-16[05]	83
8fe8f17b91e4a154fd3974bd0d5b2d8f8f4330941dbc1d9cf469fc22bc8f30d5689eeb4a3284ac89df9c377e2a7ebdff2d4326e67062fea7651093248d842b91	1768	03-12-18[01]	969
9494221fd16dabfdfcf7422bf08d0d36452b07e4c9805955b5c4ed56b7ed6563eeb57f73bc923a702e74c33f0b9859f3d9231610ff300dbdd8fd79fb73d8865a	1769	03-12-18[03]	204
e4ca196af6016ea30402a04e2bdad22176075c4681ce2c52be10f72c58fbbc5a2a83d919499a6c22ef370c079968ee6ece8e2122f9da516cd68b242bfb0cc33a	1770	03-12-21[02]	403
3b791e390015483870167401f2646ad1b6567044dacfcaa793fa3d5f119f79043055c14f5c95437b1fd86735e5a75c14cd51df40559b0b051610fe0182ce46d5	1771	03-12-21[03]	195
b9f6ee3b5439779a0e3ecfec9f5ec8db9a42f0722927b2635574b1a7f5c2f8dcb918c511d953a8c534dd3cf89ddaf7c74f55f6019c9ff605816ad832d2295ae5	1772	03-12-22[01]	112
0aef1f1971df6a8206521a50949774c92a2fbea5307f008711bd91675f8acdd91f1c8dabd862235718e21a1d9768f85447be19788d9c26d2c6efc224ecf01904	1773	03-12-22[03]	310
ff122a5634c35899fcce7ec09771da660d6450b3c7e4e1dba6ce20435a2fafb83f881db02dba1a76bf52d264b94beb6c7c57a1df003e280b10a3036242d31395	1774	03-12-22[04]	53
3fa5e22ae3454f29397fd865cbe4a63538b65f8cdb56fd62a013de75a836998c7f10332834f7b53231b247a4602b589142071f92591f2f76f21a0b4e9d3f74a5	1775	03-12-23[01]	368
8387e7b6a1e8c6bf84359b5630b62bfdef06c33a26c8122125e49cfa507db035fa73910a27d5dee35ac9561c7ee9c3afb35b3f59d9fae89afe8f3e171c9b3599	1776	03-12-23[03]	53
ecf3586c7051b02eb150d2697f6f10afa43f4d7ecad64358eb7cedd1f90d4c04b6c6533bc20a7ac04d7ff0ce763cd097793fd5c7a1207968ad67b03993f4ffbf	1777	03-12-23[04]	1200
f9adac3d8d916494a85f8ec0c2ac64335883bb59766820ac9c7c6546fd033196c7d31f0c9604ff0d54b0f785bb323e6aef4b1b331047515f0fb633961a1b39d5	1778	03-12-23[04]	1200
3294676d42f623c088e0f7b24e8b2785716bb03e0c7d996bd7938fa92ee68ae85e8c428f2f368db53f67ac207ad7fc249e050a1c61171e3818b06b8a57b08fc5	1779	03-12-23[04]	1049
ec0d3c0cde7e1d556398102b528b6226e6dd418ac5a27dd3298b185c86715783d457d171f8a70fedfea751ee33beba861c148799bf860d53696a689d9cbfe6bf	1780	03-12-24[03]	105
6e86c6b6b21281fe02f7876b545411cd0051febfa9cf39478b6b710508e01c0d1976ac33d0a0f842918888c536fc7ed4f853b45822856d9283c1f5d07d527cdf	1781	03-12-25[01]	427
08d543240c894d373d770f9dfe95ea458265563a4236a98d7d08cc63e5757d20a3bb3882443eaeb226eb08e7854fd369926b151bebb8ea58fba02a8f518c340f	1782	03-12-25[02]	361
5d28daa14be8de0e62218dd56609ee353c3202fbfe21f8df16ebadbfccf317ca89a004782a0a4f2532a653fbedadfb7427d33a0f3bfb2a86e117aa6e63f8ebbf	1783	03-12-26[03]	181
66594a3add299b10d6979604775b351cfd8364e4aebb1df59a3a348bea3cd67eef8f4ba3df269cf0b581d5c8199ea54971c4c77643cf859998714acd4a63fedd	1784	03-12-26[04]	239
cdb587e3ea962db570fa0206800369ded1a268a7940b46f325b67984c645fb7cdc3a6a705a379f37bc966463a390ea6f52e19ca405101070946d5d350a6d5243	1785	03-12-27[03]	75
240e730315ca676350ba4693f495f1ee684984204d9102cb5b27c4642c9bdb34ebadacea071490c11719ced44a05ba756470bd45aa93a4d4728af36d69b33bd7	1786	03-12-27[04]	75
ca1c55992dcbb69221815ed5d63ec88176eba11977bd49c613b64a2f08742180f6ac566f4b0a6f2d0d61ad3eabe05765ae697c731c509ddacb2a3f17316f29fd	1787	03-12-29[01]	116
5d201aece5b85a04dee73d0cf2cb88a9eb2203dcdd79ddfa91fc5cbfe5ddf265b426631df50fd2fb5275e9bae6f246466ce3225a7600e6d3a6884c2ead558188	1788	03-12-29[02]	105
59ed0506760c07552e89ca88ed362e436663e380b1bb765338088946404de57adf240fc8b70c1e3c02a09a6a4bbbdc7ebe108baace07567e9d288eea21407c8c	1789	03-12-29[03]	41
915f6ca83e5898f92850861bff015640e1d102f18b227076f994603bf6af2f6354f93c84d50df1e0f64803b25cb905ae68424c6cc63188ce1ed0292148008903	1790	04-01-01[01]	211
01701b03054032e9643f4e4db4e0e9ff6e284fb22de8f51a1db1698989e1ebdd2da4da164a78c3da5793580324c1185b260f28925a69026b062ca4a9a285f14a	1791	04-01-01[02]	186
6e61132c1f35808d1b9941b7f5c3b5d93fb6e138bc79e450ca7b405fe7b37e4f1f0f283ede3595cab175c0d15c73aa6ff763782f105092b0208f8b09920e6146	1792	04-01-04[02]	153
1f90e74b5999d99c6a43c3488bb3df96462d2d6ce22afe8eda86d0bd19eefdfccaf80045ce3a80f17d79ed2d2ab36f1110f61035292dd364fe7ba36f6d741c22	1793	04-01-04[03]	135
85e97691a7b4b935e3450560999e5e38fcede782a81130584e48a8d109934d4c15e8998695339863d1c2fefa197c8e11d4029dcc401a1bb9b76cf4095891c4ee	1794	04-01-05[01]	1200
96f790c1bd539fb98d947839f88d5ec090d1f6799c9729125b84b242a1ee0982141267c96534ba7d7e0313e1150488c0929c0845cb80363e3fe09b63bef133d0	1795	04-01-05[01]	204
fd4f7b6481e210de8f4c1105e10249c0579ce3ebfeb25ae300a6901e7790eb354eacc70ab19fc505338b37da8e40ac63c591c649102dfd038812d77021dffd31	1796	04-01-05[03]	310
4f220f59472c9f5306637ccff5cd35f85dd186abfb98f7f6f4efb9fbb64307ca7c1de28aa575c1602a2f616f11966dbbb8d26b8dafc7bf2709082836f33cbf09	1797	04-01-06[01]	373
ada5c5966d18edbecb15c8de8d822662149ee16115191a13e6d229059e214b8e1a9a53021743a3ccdd1feac8e37efb7e4470fedb23ef5f0e5bfc2009966f4147	1798	04-01-06[02]	110
04782d1c7f26c474eaf83dbe5402a19901e407d6057e1a002eb2e85e28e039228afb7f045fbce9809c6e5ecf6db5319440d5eb592d7a5423c721eb4eb5831da5	1799	04-01-08[01]	138
585cf64f17f462fa60c7cba1055ca511bef19139f3be3e4e0e140939f3770676921418bcc1a0faeef6be0df255d6a49e1fd0ef75e0b7307b341928eec6cd9d33	1800	04-01-09[02]	68
06d034afdebcb6992cbf10fb5c12d7105cd9134cb8ccc89a95c990a346130c4f2e2cd96ec4f88c7489da84e33d35fe7b590db15f9516bf78f2e2f9ec3694c892	1801	04-01-09[03]	546
ea5d148aa9b0c7ea029fc4ee71bcfa4ba15aa4adfbbbd0860a58a3d0d7415a4ff27a803f26f401a47617bbac570665ffd2b585b4d03ac874336c0e70819c1f3c	1802	04-01-10[03]	88
7efe0e28e1ba0b53251a75f3bc8833704677ef178e9be2c8aaf5ad3ca83265b851e6d795a9ef1c47ca3810e44eb6188147d877e04543777114f770ac1a7a1d83	1803	04-01-10[04]	279
657cf4786701b3da663678d59a7156c482cfacf48a534f0959d135f8accb22f4f1db75d55bbbd9fbe1661bd5b123bf3910df48d394b545fd6f892e2ee0655be4	1804	04-01-13[02]	99
aadbdf2203d0917815e76d8a73686ea6344a104a71a27ff12272e6698304d7438228c2d1ff167b40f18d2f91a6ca8525014578cb1866822fb9f79197168485d9	1805	04-01-14[03]	276
5ac580e4b36a09c8fde4ad7a0e194221ba36d8c8a8eec885fc221f6e797404d3473b25c007664be3148a77e0982554a9a48dee897301d330b7f1e01468c3b96e	1806	04-01-14[04]	389
980b521d686bbc4cfa3869a8add2f716c1a9e391b23a4f61368aa8e4d0f59935dd83bb0326c6cc73547ec2285a199f06b86c8795c5da7660a4eea3e8680fde76	1807	04-01-15[02]	286
d18a0e2a60eb4826b36252ff68a5b2b042792441db9f555746e5b7026ba6f66b2f92252309350a9574e1d53af996fb367d3e2600d0f26d0ce7bb82d146a4d331	1808	04-01-16[02]	221
18f11f4a203476f03b0216841bf69b9bbf0c7681c6217053ca649757a61dc021818e613631056dccafe8889c50f80a4f043a582a547c807163149714272c9f74	1809	04-01-16[03]	175
6cd29f6197a4355ffcf00c06c3ccd5e6a3000bbee45d7e43b83eca1e750be1e221c51c71f05405932090e7d0e955c3fee40ca62ec8490bbce3fae65aece77f8c	1810	04-01-17[04]	151
a80a7b178c558c0717268737e7588f158cdf211b283ce217c401eaeddd75f4cdf4f21e01ce952467c09d7af71e9fceb6d620d86a69e0d4dee692db0d311e991d	1811	04-01-20[03]	62
2bf3f56b264d9b3dee5b1c1bfbd67f2aed95968e95ac23774b18c9a81ca00c8dfe5ca8615c510a432a29335e8dc28e2cca150989d9312684417e4ec8cab12d2e	1812	04-01-20[04]	264
6eb348ada0899aa564cf665cb8e669f3a9759ffe0ccf589a230c4cbce27f9c14a9e8da9ce43dee3a1a8564300acfbd6588d3a1d8f0f563bf388d06fd29eed910	1813	04-01-22[01]	162
1362171c552dbecb9c9aee8ffca9372332e8de204b557b4075a12b679a5af054d2044b28e06aecad517824130a28b38d349ebd4931e12b8e8ef294d66db22dbd	1814	04-01-22[02]	284
223f4c7c50813ffc8478bb11ecb73736c3b0ad68395cee9d5767ac78d8051a8beca164ac7db9348c389e317e0583336ee352ccf5d8c3f0b837d48ddc88ee9f6e	1815	04-01-23[01]	51
0dc9c0fa800cdac6dbdd9625adea4cf767dbb969dd1e4402d2126878a89255dc28da2927cbfe2628321433ab1a22695a1ed6560053d07b4441d3f5b74d1b1e21	1816	04-01-23[04]	303
9d63fb037e35357118d62e917a98551e3f0fb9bfad1005d15b40ac212f8ef880fdacfda65fa8dba032b103792a8c1c270159f4390739187ced9718f73f3c3c1b	1817	04-01-25[04]	168
a3e25a3b97a0a1f7c6efb5c90e1f17cde53e80896d2fb5460359dd0d25b37bbb8406597dddc72c908b65591abba91ce824dfa6e3bd92010dc87129ccf2ffa786	1818	04-01-26[05]	330
11e9b7a39939316aa8e53bb93442a60ec60f13d64d30cfd4362e75547c6cca2fd9b884f38c0e6074e09dc4cb55860d61c29e9f45cb74d65aed3f91cb54ede265	1819	04-01-29[06]	82
20633e1d4412f031965df0c687d17a0b80032b82b904baa0e6d4a9e2e10905d8c26c413a21fe14a43a27c2cf78dfd145c210caf0759417e6b889a60047161e1a	1820	04-02-01[01]	161
71b984a3fa360d7567e7166860c47f14257686c433ab2c5c2de349065cbaf0118fe09a075e8e856c03cbf6084113aa60c5f4b6d688268293927ef450676ae765	1821	04-02-01[02]	442
673617418c5cbd36397dc128acb86d6da9b7932eb0f204af998580f56bfe4beef7150ce1d34711013b19bb8dc234924755157d7ecbabeeb9b8710707498576fe	1822	04-02-01[04]	303
b28c2928643c5b96291989acc51049e75fc6532eeaeb35033fd7dfe4cd1732d69606f7ff76a94c426193e5bfb462f34942fc9108631f2cef59ac9180cc94333f	1823	04-02-01[05]	228
b57bfc30cb53bdecb212af9151773fbac6f78867eac28ef3807dc6e7bf936cf7cfc7387f30d9c4b56dfa5d2329fa469003f7b4f8fed94fb8067662e1cb390729	1824	04-02-02[03]	157
7e42890a325e60cf90592862ba81604e164dc4fb7238ee9f48328122e061de1c1d1dabc46bb0293432a3c7411d59e00399bb40ac3d936da314cb3c1705cb2e30	1825	04-02-03[03]	1200
8d08b0ed6b48085ea55aee8ad19ca0747d2add9d9489d7ce01569c5b7e35ad9a96232749b1fbdee5ae65dd76b5042455eda58183e787821467f6cbcb5c7d53c1	1826	04-02-03[03]	122
ba5f3d47230f925d9aac13dbfd8b1193e5f3b40bdcd0778c6db3ba2b982e00d89f21f2e119861addb906011a56ec4cf65702c46959b191d3724a204b6648832b	1827	04-02-04[01]	279
49d5a697f7cb9cc19347602cb45ec21a43bcadf38ae945cb860715c6e296a724e9c34a52660af2f30239e7285c8bbe54faa7a7ee45646c2f4553f33f45403043	1828	04-02-05[05]	216
960099b47b43e78705681de18dca3552fe4710a6d2de8585e8e4305c229f854b6bbf1fa72b5a2cd389a244536eec9943ea3f50b96bd92f46cc7bcee42bc5c9ae	1829	04-02-08[01]	114
c4cf3a22571beb44ab4f5e58f43222be40ef31d55874aec30656768efb10fd55cf12e6aeb90757bef176a8007db4a63c7356590461812ebcd81b7052d2cda331	1830	04-02-08[04]	463
c7836b7d87835a28635ece6f3e12bda68104d4cc0c44c9a3ef88e55f9a3e29645e6f07204f9d4779d4bda5bfd60be4a07ba284626aac6f8d1021314fb4782326	1831	04-02-10[03]	61
5ff24807f99538eb140a5bc259782bfce539e1b8291c081d349ef3ec5be47df3dcc392f4a460643be79f2c490459a0a361e6c2af3b217f41de6226b8820437d2	1832	04-02-10[05]	405
411fedaf2748c2e303526046d7b2930dbd72cdd9853130eedcbe820ce82d47e5bc48823670703749d6871051eeccd5f91f6d931cc8ce45f602202c4731c8d5b1	1833	04-02-12[03]	197
0bc4160a775a0a1d95f319f3cbeec9947cb69b01c9fdf6d4d3f659b7ff66350dcc01da3eac5c79f1d406f618e966ce8d51f6ccfe3f0858a7931c62dc45f71ae5	1834	04-02-12[04]	53
8333add3eacf6cd72e094dcabad73f17cea43f5f713902ea1edbd4c559ed2a8a565484362541d59e3c1e1d5ebeeb08ba20e55e1e8982240b1f11563b32748e3e	1835	04-02-13[01]	42
4781748bf2282787c522c630b6b1a9f4792083c1e0f62409287d2ee30f1b3ce60d17ac67e67028c4a9ad17f81cbb1ba073eab051f099ed32af63d1b4bb1df07e	1836	04-02-13[04]	95
a77c82c030f986ab7455e854c056eac4db404bad53ca451b481a336b6d37e683899e4c6ebfc218b66a285e85e41426eb7031cf8e196e4a53d83eabd4b4fa3217	1837	04-02-15[02]	111
c9a88e81cbf7e8da7feaa38d14eb17d4efab3579f18bd05e0d1bb0ea6ea3ca6ce2ed27842c77e13298963ef51192aaa563025b0afa28001dea88e7eb1083e63d	1838	04-02-16[02]	439
3c94ece27c71fd09f7366a9b53df1f70c912dea339581e7f218457976ec5400a2f75cb81f675c54341661f796767e959bbbb4a056cc9adbf10cb4aa944099ac1	1839	04-02-16[03]	250
27b49bdfeb55c4537a060acaf56892144f097580e29078889911c1a874d953716506345dffc1c3edc9ff3f7a4f47bef6e333add7ccd16f7d160efef0fa7fe00c	1840	04-02-18[03]	70
c689dfd24dcaa1f216ebadff1739fe27cdd69bf270f5bd7e2c5809e9995bdf33007ec6caf45154f4bfda423f001dcfa387f4d9d6bbe000cad70802606f56e215	1841	04-02-18[04]	159
9e83b633f678ba3c43bab53e640a871ec7d10e59d8b84f51dbdbe9c0a787a53b3fc89dacccc15379ae1acf2ba60e639a69a541d6bf04fe948956d478eedcecb7	1842	04-02-19[03]	203
e80672308694661b95f68ae45a93b877498045a55a3aa30313cf8c996216bb985bc7c7e6773af5f5e927b43586a8c0da643e6638a0cbc282f2c391fd60e81942	1843	04-02-20[01]	144
0f30a855b4e50b27d144d64f70280fdb4bb3e1fe0f9f9105006a8c7e29491ec29335a6e4b278f746433a6e9a04877e7bd1a969823a402e0fe5db96ab5d57d2e9	1844	04-02-20[03]	65
1cd1de1cb85fda11919a5750b1215496bf5dc95cd1fd17d9d6a97d08b3e4bd5975793de6ea27b6a0e2ce6ce35215bde97daa2d4d85bfa746bb24d779f13f2c12	1845	04-02-21[02]	344
302cf84a93a8cef52565dd7dae421291c356445220e2cd031a8149197199f301916ba67406f4c1571ac7b917c065a75b9073e4c885ad97df0435bb2e5e8867b6	1846	04-02-22[02]	595
9386446804658ab381aecc00255dbef73ec72935ddf1503f04b93fdb699d611473b9206fbe5824ebf8517b0e2a0cc54054326f1df80cbd875292a6510641176d	1847	04-02-23[02]	242
db2fbc8d4de5a58eb5fd9babb2386d2be587df939b92f9cd7c1a44e54089c22f8f618ee96dda3893eee44b45bf4309e54fa8c43d42adf92253732427b79c07c1	1848	04-02-23[03]	104
be756b907758e7cdd1291fabfbee1a6b069452fcfbcb9f4e41712852cd88cc5083af4d423387af80e60d01e2bc344730bb9f04d588a4da8bde94c40465f5dfff	1849	04-02-24[02]	193
eccb1d4c59a3506d7b9cd33df59b247abe03d5d3debf893de532e9fb09cebd108babc354a552a0c2f556e13ebb032a9144754f2528f014e382af1bee54fb3a24	1850	04-02-24[03]	65
bcf7aa34436a607c3dd44a071def59fb57ee217f086026090a335724872ad5cfd1889863b4de5927a3a763a286a1909ad153d93091530a2128e4fd742cedc617	1851	04-02-25[06]	312
ab0c90251b84cbcc2ac8979c376e51f8698948c01949d5393e18b8ec9e7079d0f925e92a9d0e478233cff7319045bbfec9593b13a64e4d19a7c7219c3fb09329	1852	04-02-25[07]	110
05d25d806f8c679d7559d1dffb14dfb70feb286666eef9318015c7a3a2dd89d2d52752561e4f6082355efa77ca6fc0393b4be4be1ec7298513a58d657510db20	1853	04-02-26[01]	225
8f9a6129ebf96d84389d8ef47224841911fb45c7737edc41ac781044f4e0ff5f339a8bff6e0ba299d480322ee73790fc7028e97a901060f0f34bfbb761ac955e	1854	04-02-26[02]	268
b3641b18c9c86a30233b22d1fb67eaf680ceefdf61508e37d4dbeb4f40c11aa9d1dca518c9dbfc5fd3fa199c2fa63109bb1193fc1a6843afaf3ef6a0496ba217	1855	04-02-26[03]	154
916d6fa3faa24c7490e52549ae487dc6737562ebafc39fde8ea37460f4f2162451ec891dfe9ea86ac4188d97764976ec4185b21ef320d6b20c1e033a1b0832fb	1856	04-02-27[02]	322
79127f61bd2eb63f9197b8a30fccc9b4d636705777004b37b00ad2bbabb798ed88b9e6d7c770a4e2328d633f416232180f1a5fc9caa7068843d13d0cdf23048d	1857	04-02-28[01]	387
7acac9aee3a21b033fe6867dfc95eb0f504ec885998dc8545366b68a8ecfc5f244eceba51d00733a550e5e426711bbfbafca28dfd4a9c931bd10d4f17463ac63	1858	04-02-29[03]	118
7d4b694efbab569b1239ff7b244169adcb9c1145296fcab8c827ab96906fff526f847f64b10ca4c78d8fb0c2aaa6754c518a65f51e61e2d03f53cd2fcc7bc9c6	1859	04-02-29[04]	324
47518ae177520f5bb417fd3d4d7e68f1324072a4f6a7d2be43a055479fb62667b47e04fcdbb9cac7138c71878d18b2818c707cad50f3442bf38b639559c6b788	1860	04-02-29[05]	254
2677a02ab706801879565ed2816aefba5f66e6261e3f2182cf8b1bfaaa97ba9b37375cde7bfff32bfec0556357c02c926037f989538fc7349bbc4d0702cf0e5c	1861	04-02-30[01]	161
2f030b6b4bc48010fc808fc5c7fc87c8bbc332a070d31d6fdf76520178ea2395a362d201b3c7236db44173464b5932754de3f030aac9375452369e63a6b7395d	1862	04-02-30[04]	382
f840f2c170ea9cb33df9eb53c9599c0d80942a3f7774f2651823366e07676af1d2731d5ca733a751481f29c78b42577212cb490b18d6edd63e47d1d0b524f7ab	1863	04-03-02[01]	107
514feb47c73da0004a3e6f96e6941525ec640a03768ddd8827236181abc1a23e0705592dadea6448137cc662f1e1a3ade4b041e95dac5de5719f40bf1208740b	1864	04-03-05[03]	285
a82d1b22026aeb6ebcf5336f04dd58203b8fe82a5e1970951b54e5a583837b7bd889d9bf96fcb830015e2be51499667278cd0b60f3a64e18442a89ddfcea9f08	1865	04-03-05[04]	93
00a429278da1c0e41105590c1a2b1173b4815a15aff3688fbb285bedcbd4e57183db81cc9d9f0d87ed07be7c94abf2a63896df33310a91096c6a976269c8f4cf	1866	04-03-06[04]	155
cae8ed1a9652d54475685e479c88f352ab8589ded76e0ccc1aede126b12c9b421535b5c9d152e59ac3ea16fb2a54a3ae8c235700ede55542d995ded4835b0fd7	1867	04-03-08[06]	253
8ef7be3992073cf7fe54aad3adbfaa96c703c0743e5a61eff2f70493d6a3e1994f89c2c84c94456861a1dbc354a415f162095fb577936b4418812b5259cdbc4c	1868	04-03-08[08]	100
c626d0e281b72614c4b6f529a026d57bd1b4a45fdc64a056585c33cf3e420493a4e2d6b02b82a5e81e68da743dd90a457229fa3f0924c08997d1d98c5fa206af	1869	04-03-09[03]	98
1643bab2c9ed83c1098183f4ff93bb1887549d314a223a0465fb04948894532b4032dcac6e40033bba53d3d33796b3f1ae7fc85ae866c099aedd1254512a7087	1870	04-03-11[02]	493
2c303ace832115f124551dfa1d4f3a79ec480668d9202eb584851d1fc38183009a7abf30f0de5b140443f456507801b081203bcf87784d37af9be00cdbaeb95d	1871	04-03-13[01]	197
00305b4eb0c95dbcf68f3546c7c6a570bc4effcda0c917fed0c04891aea1169e599ec26932faf8998b0e86d7de8b9edbe6667a833d5c4cd54e4903516e5c7eed	1872	04-03-14[01]	126
a8e2d018395f8b39864d1bd9384ef225f03a7ef22e8bb3f77a95e205bf4537a1b859b44e2a498cd0186a9b55e14ce9f1ee3195dc5acb6518e0364cdda8c9f0c9	1873	04-03-16[01]	125
d15348a959c303627694592103de6933e9e548d14c0f1932fcee4289cf7427a45f0e99318de3f7fa3027b1cd9dd18dcfe595bcb5b13acf501a5f7552cacb42d6	1874	04-03-18[04]	51
3850c1ee3b5cfd00a9cef67d4cdb4a27a9d203f6d6dd85aba0e221695e33e351154a148c2a225187ec6dff9cb50ebbdb88433c29dff7a77788880dd3fecfb1e0	1875	04-03-19[04]	52
1eb8b215d058227a2e3e49828964eb731460a5a82301b69cd2e5b4e691295e29067e2133c466ff3edf59ff6a43c777b3b1ef286659aeb6dca0de793f8f59af43	1876	04-03-20[01]	200
8d9306bdcf63b12b022296eafd2413c9277a11a86cb7ba64fde45c4325ace77ac92dd699136ab4922e24db481913b1a6333a44b918b731a899e28668fb00a83b	1877	04-03-20[02]	82
92a2a2b0d25947e153e6ea1d0933bcaead1c659ce91bf094eec69672b40d28826addad7053dd18da0f041b2d3fec26dc3b0c7d1309c93b8434dafae25e47d9f3	1878	04-03-21[02]	69
a983f66186368882bc60315b57f2f47215732bdfebd97e030e2ebb13a344a7b6f9bd25138884956a74068a5785a834ec689360a66c6eefd1ace3e13e7b86af4e	1879	04-03-22[01]	96
fdf45364ab60291d72eb9b203aef7ad1b0fc2be9046a8260d19fb70c07f202bd4137b321704a37db761af5d02035c8ea3e9de3cb4a70e592686ed226972c9e85	1880	04-03-22[02]	274
ce0d3c0a0adf86024e001ca79672933a2d48e48a665764cf33b56fa3537584932b8827ec79ecd668eea69e407c55bdb51834aeba032d4dafca19327a1d1fed2d	1881	04-03-27[03]	216
e480fc8054a3617b7b4c693d2bd320eafefb3fcba49c749ce8d168df976d1ea75348d58eac13517f38bc3259b6c435c0a440440b84ac8ef61001c9007d3dbd7e	1882	04-03-27[04]	232
884b602055fe38ddb31f72ba5a361e285ac5aaa5a7b9ed5e7c6985762ca115ebc74aec921bd7ed503cd37328eb0234231a9a2748ea7f137ff7f7a9c71443953f	1883	04-03-29[02]	52
b9585cdf556a9eaafb70d61af44f08876b81a34762513567ba9eff5cb8ed27b0ef575e4cbced30b6e413058114a55e6e47ecf38a5e70f5f43b4f2a98e4455753	1884	04-04-02[03]	161
c3c8f3693ac8d743425783f06b8a4d80ae2fd7afd3b4e277698b1a41b013d39e62e1b3e821bd6678ff602c65f3cdf3a2bded3e6c9a198a78c38efc8f2b04a66d	1885	04-04-04[05]	191
0d6c8bc22f8f46059571d6a590973854515d449613a3c7560b96167e7ea7e40acfde8ff681ad918858536dd5c90dcd819c63c00ba16717b8c453113b179a4d1b	1886	04-04-04[06]	154
dd3baf56195578723bdcaa28228584cd634432d2fe306c79b21d96f8962f4ad03740ec4b06450499309b52379de97e8a9ed5fb7388b2f03c287b03b478ce404c	1887	04-04-10[02]	264
608caa8565117fe25f190a796e695714e11aca0e4d6bf0515a5bcf2335348bde053c6b643f64ac9ddd3fa1c1c08577c9975a9caac748765cd817c60ff8a7cb99	1888	04-04-11[01]	375
b40e98b05593f76304aee611caa558b27b27c4f967d59fcd73680953c72d90c963d0acc38c2d485b0aaa49671529a575bdd11ca05b02f1561ffc466e17ab2f0f	1889	04-04-11[02]	1096
c6767b377a7df11af52f53053571bd320e8d6ed8a2127c1cd3a5429a3a6acaa1810637f5acc1d9ec445874b74b0d515d7e8c6d4f2e0002163d81336c4c7abcaa	1890	04-04-11[03]	560
933b8e989755c0ef7d8121fbe34bb0423a98776acb48ccc9614216bd3c744f47451068f8f1d170444942751769eafd30f876d8eb27afe99643a93acb0f22bb45	1891	04-04-11[04]	223
fb8811fd590256c60ee5432f4b451819608843aa92e7739d5b60eec440977b5bd40606210a4f67901561ae0bf3c91524e7d4fc865d8dda8b818ab54e77d9c9a8	1892	04-04-16[03]	817
88bb7f796bfe05cd3694750e795b1d3b076bc89a2b3c6ad6d4dca7ab795fed518ca87e0069aba97bdabe3258f797e8e144613f8b1f171df8604d89638261f614	1893	04-04-17[02]	141
d80517be6a8a1ca73779389d44e5c7839c6d0bb980aa55491ca4983d812e6eb87fed4069c1e170724e13f46ccabb17c51b103817d310a7efd42af31f7bfc09ca	1894	04-04-17[04]	102
c5ca2535cb85f914939c1d946838702860dbc91ea9540e22f08bd37f2a233b3f5d9787529e937a61170579b4b9713253f31f073b6800d87789b2b1cecb4d959e	1895	04-04-17[05]	246
7a849e9f62f30787a201e81c635b1c50e61b5b82198df489f053c0c089cef6a4fa4bb4a51cc0d368ce80fbd92a5f2df6ef51ced0f83f405b520db9fd097d4c8f	1896	04-04-18[02]	122
0a238f38f18da34f3349add189c7852f38b3ad9d8e9a437237b80ba07dba110cb0a02f6073ae255d33a321b3b35a31a31f9cb8e042a93b32dc1138970f2b1bcc	1897	04-04-19[03]	331
4788a52d9b02db789221cafd02b9001a6e85404a08657070d23057083de49930146cad2036d902477ea60a2bb67fdeef09b6448ac56a6a18955382e5abbd773d	1898	04-04-19[04]	257
8a22f1a5bf74e03c1fa0532079a2bc2a4ef336c602d793e883256454a6f7c7927df281a93e667f7985fffaa407bdb1292a4187b3b769621c04a35502017ee2c5	1899	04-04-20[03]	131
f9f6d0a672cd94346be09eaf3698fe399e48e53cdad5a106231a95862d6e733ccfd352170564aac70be0e2793ea2f30e49a79f0af7a8e92b0a381d71c5273641	1900	04-04-20[04]	110
57f719a9a60333ed1d5241e8a1ef4aba5ea7bb2bb1f0d601d193f8cd1c0a6f51d6d1b335465b3a03cc70be419312230463792ba0e9f264d57188df5df826cd49	1901	04-04-21[03]	110
3ac65ff935f446ca8e7f216c6230b9fa9c2377095a95c6b71b930b1766a0bee1cdf230c3acd6b4214bb2c3138c982a4262a47c123cc7b9473a6d8155e75617e2	1902	04-04-22[01]	198
7ed4766b5aa55ec891761a3ca1f05d11631266aa7999e79a196b0db408d28fff1c06bba05fbddb09f6cbdc0cc22d147ddefb6dea7e82c2afcba737c83d8173db	1903	04-04-24[01]	119
8e9ff2399980df7531be80d9d11af8adcfdbe6947141ac408362de93ca0a46772ceadedc561b4122d680aad940450aaf9e6c75069d6885c59ae98960fa514400	1904	04-04-25[01]	54
4a7dfbb28ff51890065a81b17bb3bce455007ee9b2a32bd37d9debe096dce350a77f4b4b780f3e4c436608d7cdc3dbbce05f29c7b7248530e8431de711265a30	1905	04-04-26[02]	102
d832a0c8f9d1c814de7915a845e1db0c2a14f2a3a63467366187fc5177b13bc63021b2c17734c464c166f1553129f31e2e62ce312cc351447fbf1f44121d174d	1906	04-04-26[03]	94
2b1bfec11bbcbf8827a2812fdebff2ad8c2693e4d21552ec2ca988fa1a7146878ea558f35632a106e579ab41f63e25ebd4c300ec5f7a048e2f7390b7df725e12	1907	04-04-29[01]	97
30f47724926a0eea7370ec41207bbf03c2650f5d36b396271df4ed8a26af3896a61f3d3950eb793ff8d6a963f0b3923383f8cdf1d63cc4ee4aa191a2879cf1c7	1908	04-05-01[01]	154
10f52f86a0853665a9e40deb2d77203106b5c8972847922ac9496a26e761ecb29789bcec19a5a177a036942ab73560172379749e7b31b0990eb42c2454bf2fae	1909	04-05-02[01]	438
167788215c224b5b4d31815ccb7082add345a0da73db13ac6fea31a9eddd520fc10fa7b6f69c45977e6784d62c198a2b0b75fbcc3b7be8f5819e00156447a28c	1910	04-05-06[02]	265
3f4a996484e92395dddd20ee76fd226dc710b1bd7f49ed6f8fca6dd15458ddd31129bd784d82803d104a74318b55aa7acc5d8a6be96d7f166259025c41406630	1911	04-05-08[01]	160
78d826d20ecc5f6a5ff4f1abb2a1e9d28aa5463c2d8dee6885943ddbc095b47799ef9cfc11c3ecea699bb06a45bb34d696720794f28c117d7ed083f0883a27a5	1912	04-05-09[02]	1200
2ea18bf56f43739cb21d2b860b2d85d21444b52a20a12190f93f504000af3ce80747aea3cd8921d4a1e9d4916f01636a941b23fc8ed55be307c20a67c979f012	1913	04-05-09[02]	1200
2c7b6931943472b43aeb9066556b589efb01dec616f8729d3532b8cccd42af9fbfddd39f7d9513012ff4eee738333495201045b060264eec845f111d6023ebc9	1914	04-05-09[02]	1200
fd9862cdaff3d2f7d7ea6bd8a158c9eeeebe5b09ed2d55518afeccf40b86beb0410656aff10c53aa970e5d290d2075753da23986cc7cb7c4fc19c62e465e4b73	1915	04-05-09[02]	250
50a167afc02c504a7d93e6e31df74ffbdcbd8e3855fd364147af98e15217d36495c6101c24478dce7333e1014b6f5b3d5603b18c89822c590b016a7b0a08641c	1916	04-05-09[03]	134
9b296a8b542fd0a734e8e9371185a90ae3b904e1d8c80bdaa6ad8806bb2eec3c76705cee48fed3e69915bcfc8248ab9ce373f7c82425e1dc8ef1a06a5b181746	1917	04-05-10[01]	951
4f30fc63034fccf2e4b03f323b2a1829275d9f6269d7aa2cd99b2ecd3833f77bcf51de976f927cfde2094836b06f01c33f8f0df3d5c32461e9ee79ebb0a8d4cd	1918	04-05-10[02]	300
5c5a25fb69af2c319dc87974712a8a1fc5dd826939b70aca8bc652f0a388e0ae5099a48cf2ef3995d6e6a8c8a243e59b0f472289529773ecd3e0e8b37ee82e4f	1919	04-05-10[03]	237
203301510cd53654e792367ca49e11f488924be4dd735bf897fafcbcafd11f20904a9231572ca731b03c3e8f4d342069cea04d94991742829b4540427e06fa49	1920	04-05-10[04]	295
6eda33aa085f3a166d4eb5443c87cb5f876c4c5767bc589deda63c1ed48afa245e41d51e2618dce1349feccfe5ade9ab05b8a6c5ea420f6f7dc25b0cf4a7f176	1921	04-05-10[06]	111
d71814032b56918741473793a20d07ac2f5215293aa9da53506a58032c8fbaf0f6bb0c3926092cc8ebcbefb3a1b80d69082b3048400a9ce8eb2cc73507cd8e4b	1922	04-05-11[01]	284
57525b9d508f2cd56bb2d4979b15e377a97eee7925bc468c7c83db29689ae4f2da7c61fec2a078b00ce33c95d0057bfdbee053fbe914bf61ca16efa1aa77949b	1923	04-05-12[01]	111
2857dbc676b8fda2df8a70d48c679608715b07c3f11f866156ff6ff7dfad707b0d923fe5d6cd4f6a0e415a97554709d5c5f05c3fa3f44fddb72a56cd43af3c19	1924	04-05-12[02]	85
0488b4c24faccf3c99ebf3ab56185883c73ec3babed77e9aadee3171c7807b01d9b755d9ba54add1f3699bb52a8d0403961248889d501953f642baba45e03445	1925	04-05-12[03]	338
1a3b0b5dea151caa1048f1da6d2edc4fdcb8bfc3e47d32c77992edac3a12d07cc26f6957d9d8bcf1d0367f904ef63e027352963dfdebe11fe0ad76f0d8f4363b	1926	04-05-13[01]	1200
20b49e72b858d086c20ffede1f1b271a08fec10ac5a20607a59d306fbff3a2159f1a193b3b759f21be94d920736e4933a4441fc99232b5104dfe4e1e50ee5c38	1927	04-05-13[01]	294
518eb1e8048eee87d9a9efd2edde42c5107e4e7ffc0bf17969f566f0151dc34996b2567784054a0dbd925d46097d004950540d68fbee11c2cddc91255432003a	1928	04-05-13[02]	510
55c3213a84bb43e3dd095d59dc746cc17d945c35649c7131527639f21869611283fa3f30f68d1b91db9eaa3503168154312b27c3c4291d47d47153d4ddf82c7c	1929	04-05-14[02]	1102
1a84e44a830d0a569ca4c7c3ebc4f3062760d46b0aca0e8c1f46d3257b93c43cfbbd9e5247aae7bb654d4c929756f6d0a0fc30cfb5bea8f90be2418ffc811d0e	1930	04-05-14[03]	77
5c7c22f59e892b4625ee900ca3b9ba3872ad888bb2c0db476ca63dfc60fe73506804ea0b1086b74e135baa2ff82c9c32fb723bb2aa109a3fa67861e1c13f82e0	1931	04-05-15[03]	1200
8c2143204a4c9b622656d8cd1504602acf43e3f0fd607f706c23064c10a371340a3c10008a8f0aa06a94039863e2853c37ee54a3e2734b8a0b2aadfe316f6212	1932	04-05-15[03]	1200
9f71f6ab558e5f108844a39ffa3570be699fdb3c8a08d2bef0bf7f56e14dcbed7df9938c2aa4677991c796d443d5f505cd618f28392e5041718fd5a232e6ccad	1933	04-05-15[03]	188
40c7ae9c2ed391c80e72ec394e3b4475830358f47df2d69231b9e037c17819ea38cc687893ce866f22b415cf92abf0f4eb9267453b5c996ec1a3c1869ae1a418	1934	04-05-16[01]	250
a1d2d6a733bcab5a6ab688024a0fa23486eb051d7fb81b83c0e90cb18a807732dd141945c8a1857ba6c5f84e10322cec254b440d8f8fccde77ec1f51d234b798	1935	04-05-16[04]	143
b5cc805dca27000799fa5e376dd749a700d6c02a08e0ec2e7444e66b10513c24235fffcfd747efa27d48e9ff742a3ef59d82c6afdc7ba058eda84415f55e623f	1936	04-05-17[02]	311
7a4ec1f52100105b963ffbb1c444f846942d93fb12a3c4486268f8cfe972341df6e2acea84c740a3e7f06b5217f414b82c74c1afd9055690ae710fe39e0eec52	1937	04-05-18[01]	192
69dd8d39df6cf62b9bd907da7b2f73d29f311f49b05dc82aedb5f0377e5f2117fc74230179b606466f709fa23dc79a6b98a02703284e5adc0c4d3e8d14a31d01	1938	04-05-18[02]	365
1136b2419cab3237050efd850777545428a860e73e3dd5b5bf9e1c380399f18f301c845f9f2c9eeea7e3d9fd1282a9d03328f57e2468cc4f77ccd5eb59fa1e07	1939	04-05-19[02]	645
13ce7f70eed7453e0dcb8c2d6a6ec8035f4a51742e912a051a6f90696e4835203a1cd26af45c675c83c0558ae03dab477765bb2e43750255ddd95cfee1a5cbc9	1940	04-05-20[02]	140
ba5dedb760a766b7f7d1b76145115cfe079adb7db6577cff8733d3c26c4244b14242d3aa22848efa3f6102fa37cb390a466a459a903a6773f6ecafcc9e1a7513	1941	04-05-25[01]	279
8707d306073b067532ee92dcddf09bf273d088a548065c8ee5441df19086d4a38a4dd2f8f1a6a5dd2d47fcad4f913271b8c005b07aa8cb3c346489a9457e59f7	1942	04-05-26[01]	204
5ab19fbf87ee15f17594720b503268b708b4711cb98e8b5d6a5706e11eb73740adbb8a71b67951c05835da92227b58ab7944a1cebc6dd4a42c5aafb56a8194f3	1943	04-05-26[02]	217
2bbaef35685d1920691ebf4e142432ae88e1f7123d5ae3c4a52b4931cbb7a214ae7253d884cc56305d06b709ec88d02186438dc97f98574b035e8b153edb9308	1944	04-05-26[04]	242
c3e069c777388d5a357e7f8f1ebe1d1578469bdff7569343f193e40e4d59662e061167f3a6e049ba4f32647f474e113b19e1cdf8eae22bfdf1f292ded05cfee6	1945	04-05-27[02]	867
52740b0fa020adc00d371ff05460722eb802e361c35d2717c5eba4de814fef64404e302b5a9b03ff612753d66d671a6d9465ee86a6ed687d56a068167b2e7db8	1946	04-05-28[02]	886
b980fc53150ca3be367d1b211abf1101d39ed81fe2758e7e012c8e6c15f0d528ab5a7b07eaa1fe47f0472258a47c23a62874fd955dbfb8fc47a61afd6ec31946	1947	04-05-28[04]	88
786a796677198d930438fe58f9849cc575a6cf59821297dc9851ac8d8e404adb87d7b2cc5d1761e165f9a5b40cb334eeba54bf94472330d5c0595f3e412c121a	1948	04-05-29[02]	109
67a143ce0d6d8f12cac8c7fe8957fda7ecb283e4f0fdadaaa8c4d2e7c3a5ce3cc8f6e3c052fe922bdc0c15c5924445d3c4f7f867df43646f66380670d51789b5	1949	04-06-01[02]	329
5aa5d6e37d27b50347f0131fdb9f371d8af85eee4f6e02630eb97ad39acb5a0ea2eebfe3c36ea0eae12dc2708f4e495371d86b09cacd5f2058a78907cd47fd37	1950	04-06-01[03]	493
09b439514455234d9f98615e33f7aff567dcf7bcb29000b498aab8d1f9693abd84a53b2cb18987ef835b1335010319469b4ed698bf2fcf12e0a78d19ed2ee8d2	1951	04-06-02[03]	169
a28dab3053b6511a84ccd819071a23299dc8858cc8f8e4625839d4d7e60eb98a1ec74732f585ee6b50cdf3b09ec2f1269d9851d45e8b604a34d6789937c58050	1952	04-06-03[01]	128
0e851ad0ad2ac22e2dfd79f1aab434089e5128b7bdf22ad4f60bafe83d9c2cf0c094c1d50573199ebefa2676457b68fdeb87bb4fcbacb5d990e482165dcc664d	1953	04-06-04[02]	63
8fb1ca1f3185095c8fe514684c32e8458f8f85b22fc275ea70a806bf19fba01557a0e75ad7471d166d9c0481ccaf2096c2e17f10130e9c072e9e1d387758d609	1954	04-06-04[03]	251
1414bc83b7212b8fa3fc3ab7453f84e52725abe6dfe4f8037443d679866b2dfcbefc79c1619ab8dbf984c4b60a07b02325f983e962e1d8f809047b4cd2152696	1955	04-06-05[01]	159
86c8e20727ff4d5cd48e2ea928d31cb3dc4fe085c033c144e99be5efe53ac17ad97b44bf788a29db4419ddb277df1da438150c36cb7a9991eec807017bc02c65	1956	04-06-06[01]	970
88281ac418171ca0794140fbba76c47f69384f922dfbed2bdadfadf960e28dc8da8d2aed82a7f5e56c23a4f8f69db5e0d3e0bf10aa1255143d484bda11d56b3c	1957	04-06-07[02]	60
6cded0720ec7c60d3410c2cfa6e1d330e31fe633b20bf5d6f6893e386e459664aa0d06c25527efe389464ad7c8a3c9528519667e64a13ff9b5f19ad294c0f56e	1958	04-06-08[01]	457
5ecb014e7ac1620b44dd13d6de9a4d035e6adc7dedf218f11e7dd32b409a3f9920d6376c12ca50ab60c7d012eb72e801dbe616eb5fe49af327ac11611f331e24	1959	04-06-08[02]	154
24f379dd6ab99f14626380f2ace8c5ca5438c183d07fec57ee4324143dd63d9f81d7094dff8b31c8d0b80c50d851718f57665926384bf68d386f3952fa6377e8	1960	04-06-11[01]	123
fa43058d4b53ce02a4c2446da94cb75c1bd4b2ea734fab8bb94a7aaef7dccc09d814e619e9befe3b964652624a4de33dd81a21d578a7d94bd66793d4eb2aac69	1961	04-06-11[02]	113
07fef49372f2cb60eec226f1b713c0b9b556fea4846a21c773fff9e7bb5c1faadfbd09bce44d8c5ece26f18b8702e2296fcf18a830a8cb13adb5a950126c8e1a	1962	04-06-15[02]	61
2ce167b3b1e4a2802bff413764d89b7af52475c1a86641138adf72ff934d53209acf2ef12817f1c2185cd6f3c4eee9ac68b3079fb23e1dd460ae68bf2e195a94	1963	04-06-16[01]	78
ebb15c4b2d61da35ba472ca7e5e03c511e1c9f3714562cb9baad8efa22527c93b5aa6620533f609aee08834c31b3bd82b0ba0dedde20f69b5121a18ffbe30391	1964	04-06-16[02]	846
a3a9a3706c3c46d64c4acb84bf53f1fbdc63501c1a21d39d2d02490538d8d117e87dcf1d605f2e9f492d65a303eb291ab03b90b4a292eed078b0287df19657ca	1965	04-06-17[02]	112
09dc9b90bc197ce04cf5465b282c7050f566bb84d31d794c8829914c0cb84309157c36700d8fc1508c660f94fa9f6826fef7013b23a4e1e86798d9fb2c716717	1966	04-06-18[01]	164
8168d37df093557d9f0d8e40987c7e27f7ef67d11a90796bad1f66d0593d72a8585ded3f9c61f09f3a0c791532521b86eb0925744b9edb7852c703c0f7699e29	1967	04-06-20[01]	66
cf398593bcd444229d2c3e980df4e0bd87c1051bd916a4af64374980d26ee6ebd2616066e1269ff36ce2d8467dd42702a60b4eab3ea0936ede9c83f4ec592abe	1968	04-06-20[02]	122
1e3bd308315ca227aea9b91a26944402e3c5cabb00c42f4c2772d20cb287d6985c184ae505e74f575697a5c0beb57af7e9ad489d725bfefc836a2f2435fbf754	1969	04-06-20[03]	211
fbda62a9cfcee0da08f2a25aded6fb7e6ec962de9b4e3f595915bede3762c28564ff1bcf8cfe17eaa1f2f809d8b5ac3b7ae1dc1bac7708338804d839f0cb3274	1970	04-06-20[04]	243
5a4a94346ca8530aa162b86bd0914af78320ace52642d6a9efce84752ce6f2339f3d9d412d4a2a2a62deee9089b44ae824d62f59c9bd10bf072bdc7cc3d79cec	1971	04-06-21[02]	208
3b4bff0a8f099568b69097703953e47c9e5e7477ecfffa4ad13528fabd4a5c18339e2a7611c22d78f6610d3c6a655d96bdb8420a40e863f833b010c09c020341	1972	04-06-21[03]	522
ccd41a93912f7e2eb735f39729daac15f4f7ad0fe468d72374ce409b2d7f541427507d1c501b49543457b12c37e3023be631398127d3200334a7de55a0d4e76c	1973	04-06-25[04]	86
003911b3db7f7d3d4e96a06c449c0a655df5fa804a0738dae7cd58a2d95c35966c7c211964a0332e351bab819e377f017168ca815cb68b32c8f7874653aaf071	1974	04-06-27[02]	316
33b836360dddd3f4465ea253aa6eaec991a96da2bdd01434885e9924ff5cd5101bf193bce9dc59eed0a957cf5a91432e565554ac383e9b6bec8cd1a77b8e4306	1975	04-06-27[03]	58
0dff7eb1371c54f051ea672ef84d64156be0662b61cb9e39735cba87f5c651402ae0587be866a248696228b4d930fcf4dc9aa3c93a30f2f1349c88ff314ca13a	1976	04-06-28[01]	175
d27e449373b3ba514999b66e2c266f6ae516a81cd525f356ab4d6fc9cf761c79e2f995d20ec7586085260b5005049f83e4ebdb8fff0839912b9e2a4a6055183f	1977	04-06-28[02]	85
033a837c3b64cf39f09901a5084410651e3f325531ab650e566ca564d7cb0ee6dcfc55e326a34d2ebdf8ea6d67987ab53846a809d724f2a538daa0f774d837ca	1978	04-07-02[04]	133
f90029c1678ea723cd9ddf742229745cfa8414a7000084afd96a4296ad1aea6e8bc5cc7f46d79d4fd15d5e3eb1cadc434720f97d10fcd5662048c0841cc400c1	1979	04-07-02[06]	88
c34fb8b0bd51eaaf810eb04fc449048a05ba3e5465831d8874e0cdc0c6365b548228ad113af5b0d73c99186846ae969372426f229d2d11b50bb51f351472bc8d	1980	04-07-04[03]	132
3ebff39257aa7918e02cf90221ba5d9018f8a7f94c190d5577046cd4d06a9ae61e10adf6e7716b12ce48ef4e203dbbd37a49d63609e8a62036123e33231315f0	1981	04-07-04[05]	109
acd7c057e081054cedca5dc24856b7f35ff1f72f8e695ac2bfb301ec6de83728b773a73be55e227064ef1f1d3e294b1c4edeb6739f31a8ce3c7f7fd15c02e5f4	1982	04-07-05[01]	174
6ef49778305e2fb88c3476a620809dac10c51e9ed8567f6e5bb8a9f75fa3371ed4c32f71c65f2e9fef7402bc5de0a5bcd6a84b0e8d09976ac36cf288f1506a9d	1983	04-07-05[02]	159
fa08be5b6a8a28bede1093888742cc9c82b09d561f345c8f9f15ec6e1693f95da40a3e9d23fe823738c4f5a87fe91725d53d63dffbce38950d7a5850b848c2ef	1984	04-07-06[03]	223
48e47b2d442e1644387d13c22f53ae75473993a4d3d011434d2b9e3ecfb515aec02f0086bce7190b6fa0248bb7a01fccec3b3d24b82aeb97d2064dbf98461c2c	1985	04-07-06[04]	228
8820240f2ad08a2d865357357e5bcb33d64e9978fb802758e086f6d47ad55a6fd14d4dd8a5b3b3dab3d0d897b0b656049afcd1d1076c457c5a65babf8e23dbae	1986	04-07-07[02]	137
5eccf461fc79c034404340f6651b3199c1907940952604d27803e938492863b3801d40dbce711aeffa216ad1179d80a9e99ed3a6f9c21b941e1d4788c150b7b0	1987	04-07-08[03]	153
a48989a79881b1e897cd72d000a0440307a96b8f8179020c0e0c6bce530439f6057751af54abb46fbdf1198e2c2c2669ce5260441c6930d66355d9a1fbd29188	1988	04-07-08[06]	96
7122f4995f14d018c9240615b1a367458734c50a90f670aa2a0598706d38dedc99bfc7cc42be148614adb8c0c43de62d0acba0d2cf9af0fd8c538efd07655a89	1989	04-07-09[02]	84
2558e6899554a22754af48a2060a1dd1994884ebc247668daee6a013ecf4c31aecb9cf5aa216aeff0bcfb2540b972c8b034b8b141e1be893b81a7a669cced0cc	1990	04-07-09[03]	404
b4bc0c15b204d324e76d11b39f19edd9a460f702693a3d25aefd9edc524a2c15cd53ad4c48925f64a46cbf1e2da9296e659fba140610d908fa7fae9c1727cb55	1991	04-07-10[02]	133
e3f229f52df27b0f42f58572464f5952ad41fd0cf7307b6dec0cff0617054edb40c189e53f126e6a4a0f373c2c235fd935b1c335b830c5c23d9ecea57cc2294f	1992	04-07-10[03]	220
e02f4c353a101e5b29db2f9294d451af4b14777543c6c00f05c902a65b295e237405d52196901c64cb476419e8e9e0df7b097e93e6804071d8c9ddb63af7cf9e	1993	04-07-10[05]	121
98818e52067afef98ea82b32f2583790332abced71d44502715969729dcb3b1bdca3af584565fbe7ac07c2cfb17f0ef29f8a866373e5f394e23c24e56418a18a	1994	04-07-12[01]	335
7cdbbc898aed69984e13c1342bfe24e3e57452d4479e83ad7f3a4918933d6e9737e983ee758ffbbb963c74a751221f688c8d8739aeb0f5b8f332ffef3d3459e2	1995	04-07-12[02]	96
bf2e617293da54283e4b21b1a7cc6265142c5744ae2ea6e0841e4da019db5b31334c2642fcf20316478764c13f45a8f14dfe09374757ac485899797cf4756587	1996	04-07-14[02]	1200
c4dfd27b8c37f278e2d0c77287369edf91a946c4b8388d961af25715d09d768e71073a3fbf2f8cb9c0e8c847dbc1364c3799e3d6eba9f8b922e5123d6563da99	1997	04-07-14[02]	552
6231d445c2666cfb085177556470e61fa8daf792f9dd93fccc7a48edd6ea81991584085053f59736cbfa5214e6a9a24fcccae19f96b25a108f4a6de7a9f3e144	1998	04-07-15[03]	429
b2edcf75cd1876c29074373a6b6df591701e36b01886e62f203d3e8da74ea16f6ed6e09174e0de60068857cd1bd3231872db40e6428e91bba09c0cb33dba393e	1999	04-07-17[01]	130
35c105078c55f31dbe7fa43911f7b141cc58b6b3773279b92352a810a8707b51c7273710e6cfe60a4b52edecc418da43cdbe5a290b7429739b86d34bc57962fe	2000	04-07-17[02]	130
96c88c7ff7de2b134ece447ec13a06766a8fa873036fe59c6ba17dfaa9c9921e8d163e00453bc593e0761a7def00051e3a05967bb6b410f93472b61fba53b3ff	2001	04-07-17[03]	62
166737012595110dea46de6883c9ff6429cc4112650ba30f9cf5c7fc55f9be4bc559c7572472a9270fff24c3b8d2ff87d117d3dc1ae6f2a7aac1b613d7eff1e0	2002	04-07-18[03]	98
b0c02042fdde8be9dc2c3041e876d3cee1c3e6911bb4aa9638a7aa6fcb789525a24184b57b8583710e180131513c533543c45ca855167732e04f1da3cb53159c	2003	04-07-20[03]	98
4c131a7c5afdb2236d98a64ad656a9bfb10a86dfddc1c84ec942375c94927f2f189b491818bcde57224d301d8636922121385fe9b23cb5dbfe2eb0530f602703	2004	04-07-21[02]	469
2fd0409c9fcaf1d099c5bcbe6bb1f1061ad53b8f01052c0a7fd42aaa421d066272ea4d9c953955a48f9b671bae0311b3711c2a7404a15a9810ab14b8eac49cb9	2005	04-07-22[01]	301
705734d74a3f3315918e05003c825e4b6c300887f7e0a167b3c294658ec6cc5b6919667073a3944d9266a62c9798c2b2d04bede6974bf55d18efca7d3ddaa261	2006	04-07-22[02]	125
f1b0415c5313bff2a511c2882d42ce8b7bbb2dcfdb4eb2c365328b4df65d067be40ee9c19b50a250419e6d1099badb70993d657bc97f6b7e4c308c5e2fdf45c2	2007	04-07-26[01]	59
9fc9b959e98cff445f9565b9ac490c9af60b45272cf915fb301a6034ac3ccb3554cdb4812b892cdad25da5d7a2e9c6da012d1e1fa54f89168cd83a9f89536bd5	2008	04-07-27[02]	496
8f53df11790621f0b206a84c81950811e04a702e6902776dc6a121ade0932c07262b60325ec8c21dca9de73995f656472a3a46eac0d34989b88b500c64de2e29	2009	04-07-28[01]	364
7ef996d4b8c3acc4b7abd68ea1a648367b2ad4a28ffcf12b3cd00c7d1c71a85467a4703ee40febe9ddad7092eeab06d708479806397389da2ab9bc6d5b73dff9	2010	04-07-29[01]	59
eb5e678605034c96c1a5635628bc26e2adc019b5f2325f3abdf817442afd9999a7a6df7520cdfad9f4d9284bdb5297f023f8289397eb7a47589e7357b05ce28a	2011	04-08-01[01]	104
1186aeea1350150c7678c400ad20b3f5a231c4638ba9180992ac350effe6c3635af1822da5e5b0afd38cfc08b7f66e361020a29f5b053a66a81d9e49a4fd872c	2012	04-08-01[03]	861
a107b2b504146c1de811e5b1774015f05e0ea243418bf5914c90f1b9808510457d55275d4fdf846c5d66dab8bfa32d65366d06531f41600f4ec8a6025de1739e	2013	04-08-01[04]	98
4b5ae7b3433f31f01b752cce541ce2275d92ea13185e871dad205ffb07ae8ac192db58176bc4cd339d2173ea594b9eae91cdf3c090bc5ddfcf91f79f8c5ae21f	2014	04-08-02[01]	88
02e24c18ea81e1765a58eef83ca16381c5b49e36108d8248ba9e68b4117e167cf0abd9d26978ef5a2a4466ed548f1c0c2f8f4c775576752a830f1b1082d5727e	2015	04-08-02[02]	99
8bcf0774268b8558835156112fda2078ef6a8c4607052145b3b7a19a5c4cf3d82823be7c37c4e71da4f4c0a0bdaa179d6eb8fa77ce33bffa34e1862083b6d6dd	2016	04-08-03[01]	75
634fca71f6b60672e10a1308a5c685d89892b9172574575e32a0fcea56249c448cde536e37e4ac3686afc6d7acf8344d7b111b61f3f5d33d102546cf10ca8922	2017	04-08-05[01]	147
ee976aa5d1be01963bb1442cbcfc0f25883e735ba22fa6affdc97e7ba26261dabf2e83786128c08a4489073f5c51f0c002ac44eb8b8ad238950783ba4a902a86	2018	04-08-05[02]	81
50cb1ff03dafb32fc901f6939743e16be240e63598c65a90890855b486e637979948a6b89c770139678d50e56f892af73f57f5e69f39b74fdc6df9836bfcad5c	2019	04-08-05[03]	51
55aa5c3a5e9e65785e98bce49560ca1007786bfb6a4ba0186a7dd9235b434db3b41b66e342b4aab62e54d6c2239b0cfe549608bd20757c1bc95319f552a58816	2020	04-08-06[01]	136
eceb6e0f5f2e8ac865d2dea6bdc460704c766e035876f8ab11a5f097973d4e6cfbb2304474af3e4a8052156e772f94656a554b3786eea195a4c90b890774d261	2021	04-08-08[02]	109
3c5f48c201205ce0ca090418064fea7e3d4c1ef7ebfdcea23eab7483d2024e4a8afdb9041c542477d456180590123fd989f410813d8a1e04144eb18fbd36a417	2022	04-08-08[03]	80
735cc67bc8126d28f691536659585a26237045095b3c2debdf717dc96e89d5cf1167880ffbb3a335ee5c445ee9abc80e4ef91924d660ef54354285e5ad5cc21a	2023	04-08-11[01]	127
40e18e32d8009f3f5d877a3f85ff18d32b68c6e2319b920bc6a932f9703021db5e453df0ab515e7a1ab67c4a8c7a87034472655143b98ace3f095365c23f4c66	2024	04-08-12[02]	139
5f46b6b4fea254b09742222a8d0c55470fbfd4188bdb4b64ce20dc9101ba7d38f39f1086654ca2e3daf60f69fcaa49febc847729739031ca149c0c2b670104e0	2025	04-08-13[01]	175
aae11efd58a1598d7dbd5f283953857f046f646f5a480dc17628cf428b78fa92969b276788b79e84b95c073878003600e93a7a8e9da5c0ebd356707fbc737ac9	2026	04-08-13[02]	237
420c09fd1d7529978280b1f638b864b8405668d3c69a1fc724589fbda5518087a0e2add505aad2b16cbb498d6d033e53576c03bc5e6f2683d3ee19aa7aea2cff	2027	04-08-13[05]	369
6a5417b930e94c18b4ea38c4fd0fa366bee721728ce10b60b8934c580f5cb1bf5a000bc3e65f332e671d76c89d9587ab7bb50ee8ea6e7c864afc8cfc3fdbf759	2028	04-08-15[02]	454
b3b4fe6fe880dde61869a01b6c68d12f02ab637dbc4fffeaedf98e6dd67dd02b1b8529be14d968292557a568a7a2359ab8ae727638dee6f136dfc063eec8988b	2029	04-08-16[01]	201
850f5caf266a2f3c4f03bf82fb56c8e8855bd5ce46cb9d0d7b2b4346c7f0b4571a15c4d25c9349911e298aea98a91c0a11de21adc8787a2fafb90ab9d678484d	2030	04-08-18[02]	118
249131c954671e95741341f28c2bf2109b35c73007123e9b136b5383193b01b019bac86ceb2de83ae2e7d0297f3f0ef59c675c068026e8ae195fc18b8ca76ea5	2031	04-08-19[03]	206
ba7999d8bc0a301b8a64e292f56eaa295e366b4ed47bf2237ceb106880f57a2de5be07590de854a92dc66dbcd9a3d7f5a64a4de3a52045c9d13c6d861d40492f	2032	04-08-19[04]	317
ba90059eec081e388f7f0f6ab39bf6882d817e4feb38bcc9028d6853d30a58bec096fdd43a1d996470ad8165827c9f0951afc95a7143e951239274b8a2dba3b5	2033	04-08-19[06]	503
7ee9dd018075d5fcda9f3a39cc7a23b8dce0e3b18b809f1251257367992704a57e67ce98cb8b6c0b8605cf003b79b14b55b0b19f734a03ddc5dc6b687743459e	2034	04-08-20[01]	212
cfea8987ef7fd8aa6e2a69b219656f24f6103495362c106a686af976046f483745b6f8352cd3f5aae22610be250283e8a7ae2cbef9d8031acd42a66ae3399ea0	2035	04-08-20[02]	168
3e0e287f9007a95b0630c72dbeda5e0de71e903e6712feaebe3226454cd96d32e343b10138029c043ae4fe1cb9851d885345075cec25cf5b028e38ae4738d7b8	2036	04-08-21[01]	63
fa423bd27caffb5c428a2389ecc9e71c830ce159a388d5218f1f84933044f33ee8ed62598b7eae0603859548a6317a4535b315176f11b9f1895a7d70dd297032	2037	04-08-22[01]	335
236ad2c52d462bf75c786ec950b4fb6c050a05289c678490a75a0f17f01432b5a2a59daa7652aec05d6833c6f2e1e0f509b36ef053e5a79b0b91e5735939107c	2038	04-08-23[02]	167
6e63e0c4e18a265116f5dd875f8f40461b341c933b11354b0c53938eb68547fe9b2be2880f0e6309a0933afd2ccf109455847ecd4869caa3593e4c72da0364f7	2039	04-08-23[03]	58
0ccbff70392ddd4e5397f19bf2eae71ecac1544ff6494f6e6c70cf0a4dd6fb5163faf47c9f44de0a567d4f32467fe1f9e5a87515550976c97dba984b93b4cd52	2040	04-08-25[02]	368
2277cafbc1d4a74416636ba6b2025c04d652a22c78d8e14e98ada96291f347a5291054ed7b75697e3deafeeeccbfa969cb7681360b7081aaf79008a0f1c4de4d	2041	04-08-25[03]	193
de02f563aafca1e7b8734af93ffa9e94e130dd8fd0aa7317d181ef10ff7769388e1ad7d79abcc14ac6e871f3944c8fa4bf48e688be532d41cf6fd3203cd294f2	2042	04-08-30[02]	70
1e84f01a725fdea93091716cfd5163d3ee03307b555a4733a3f1fcb54d1b1ad0c4e22ed2994d95dd2c1db292e9be7b74d94c6b61cfbeab751c7370fd9afd2c2e	2043	04-09-01[02]	547
2bd013ace1bfa868e4d9c622e1c3b8f6480804012a7dae06d271e5abca576d69faca392b8e26db9e202f40d9aba5cbbcf5f5441c4064cb9afa6b757193088886	2044	04-09-02[02]	681
d6171bbb91a38955d4dd602cd463f34f80696a1a54256b48ca229eb12c1e212fc02632235015250f6da8a2cc2d6786dc5b4ad820f1ac65f2ddfaa022762b5e35	2045	04-09-02[03]	68
926b40f126b4866f37d04ab7eda1d4da2c187bf97f9eefab56db3d938a62a156726e6eca9d71ff64448c6443e78b5439114b30fa48e92aec493e078b2262fdf5	2046	04-09-02[04]	338
8f0a3d1ed0e30e6a37a180f206f9eafb8e0f47e825cc776f6f6b2b5c16f5e5f6f02c0196057ef2b5fcae0339ef3960b909dfcef17f9703f4a0d980bcf873ca08	2047	04-09-03[01]	92
e697e6eac7c49a454fc45a8da3cd82a49d55a5ad7fa844f638222ae81b7b60b7b1d2ab2fb1e019826cdbdf39f2f06531c285ed0ae5888ea4b5f39ce4850ed936	2048	04-09-03[03]	100
22d82d17bbc2e404aec560bffb75e0362d855cd577dc2c17a7f2bb05df78fdbe54354022a2910220d92cb9accb27c2a4a98137ee7f46b5709dabfae87d4f2b8d	2049	04-09-04[01]	1200
8310bf61e94df30628150a9724a0fbdc47b901981bf40c833b9c3c0d3f6dd77a1c5bfda39dba0d1e653bd3cea9ddb6c2f97380c3507f797def2217fc9abb588e	2050	04-09-04[01]	937
a9dd05af741bfe8834bb36e632933b24f635f57e59b2e7676e3cd2062ab45f43a7c0510ed9e9a09bb6da7d228e018ac5bfaec08062e8d12a7ead3818b2290258	2051	04-09-06[01]	501
98c9201ba1470e665e2512ed2af7693e431af13718caaa1e22995e35ffdc1932ccea770bbde61f582bec8f297a959a757d763d8f0d694bfad0e3ccd76808eeec	2052	04-09-06[02]	272
023eac4a54dc430a62d45bfed0058bf36170b3a28c07250daf7c679f8cbcc0c454d5222d0d0e993487aefbb2d2bd68f4ba14044ed6d8c269ffa5e2e315955b2b	2053	04-09-06[03]	1200
557d755a44e785b94af9c875b5010cb5f0eaf09a5f0d0ededfd39ad7c18eb8ea15a38c614d6062b122d8d53c3e855d51218c4183da3610108434e8eea6a1e39e	2054	04-09-06[03]	1200
412052ca8c58a93627d9e57c05e4381e4d2babbf7e7529fade3901cb0f001666c6b12fd91ceff3160134faf8f41993c6509109ccdfc30c967d034fe29d9159b2	2055	04-09-06[03]	1200
0212ca0c2edffec6612bdec1cc672dfde099d2b251be308ac17af8abc2c877524352e0553220632d7642049f4e7f7de6f221d56bef9327562929abe9c44adace	2056	04-09-06[03]	1200
f917bcf1ab15d472e291c2c3457ac89cb73a221c4163abbf1d8d09fe347ca41d0049201df82000dff5e1e577a623baf01b7f115524305aff3fd3bf9487ba65aa	2057	04-09-06[03]	892
062c737e6dc33d9bcd07edf1542930ab7ad669b527a2d1ba82d8d830334a0cf665c8a7d7d96108424bec69ad18e2eb5a2420b9844d99e48050bc23d6ac3f8611	2058	04-09-08[03]	128
420b3e7b6f50c2c0cc74c5c6f515d256cb5bd5eda154e1da9d67c29dd28597d965709b54ca79fa7dc675bf396477e6a14dba4db85e79c906037476f56526d63b	2059	04-09-09[01]	83
7488605292ff067ee761deab097c0bf6a065b335935f083f6fc133f49639d22ca273541a83b3dd659f44c1c87aee1c1764814094096cc3c31080e880ca2fa0e1	2060	04-09-09[02]	169
621445085eba2af9d724406084f2bfa226db488195ddb91048ef0cd3a1e00634c71ab6a3cde67178c9ed09675ad8a1c11564ed14270dc5c659349edf7a26ae11	2061	04-09-10[03]	132
acf9386adbe261a6ec5fe63210cd9cadb1bdddbbb1c52f20732bfb4e3cfc7b7a893366694061457d62d28202e86b224846222aceb02f098c96bfac1c28881578	2062	04-09-10[04]	238
0e1ed2d5303362b8d6d8770799f266fa14d9b3e4be49c03e21da9a5a16a333c1c8f025149679d20b6b110bf7482e4a77e79d73e7afeb94b9044a81b210c27d01	2063	04-09-12[02]	115
925470c46572952d66965b1414be00e49e3f4cbbab98c5ec7525b6183f06b12da17224ebd07c7c68194ae11192d82d63881761a515c0fd75e9d9a2244a343364	2064	04-09-12[03]	109
d3417c42fa9b71dc76978b37b53b1f9176ea392565a6b29eb1c4d6ae12541135e2e891458e00cccb2946865d12a1cc409a30f799e81b23eac44627ab4fc40232	2065	04-09-14[02]	201
d7d3f2e1e5ea7b94c9d81debda841642ed900aa9b5de84948ecf0ef476edb795b5c1196548124598ff702b3ccbd5dd3b25aaa12047eeec25e67c72fd6b3ab909	2066	04-09-14[03]	1200
4812009f88147a93e0811a6a9aa3a85ededdf9d6aa2993ed35e608b305f757d41bc11257ad6a1a596cd33cb25724c1a8ae5fc22a3ab360cf72bae268b469725a	2067	04-09-14[03]	1200
dadebeef0422cc2165d9bdfd7ce8922fee3dc06cde0bb8ba97fed1fb0fd6f206be7f1e19efc247a828b93ec9daa797ad9054f17b7824205f0e87bcd433b7c512	2068	04-09-14[03]	1200
de2daad3cec09eed4a937f01d81594dc659e9ac8a37be391895548a6f1645c9229741a6548420ef1587c58f0c77e46781a5416ec7a7deeea22ab399c692e560c	2069	04-09-14[03]	1200
60d4b4b2c219677e089ce3852ceb48f527c6491419b94283478ebcf063d9c5fb1e5c9916f48ae16cd0a79fe82688a27a21df6ea8c9b78d8131427036538c9a8b	2070	04-09-14[03]	564
3fefd0c2afcf4c4a8cdcbefa63e820daa91712eefb8679148d274bb57e0884e2a5b0cc666b14755762381d79f89bcad7c1a588ed8acb2e7ec537d3acc93db5af	2071	04-09-18[02]	161
0c724e7fbb1451d732d0a413be5d3f64ae3198ba0cff0a9eeb6568aba844a953a53279548efa6f418b12612e59fff889788b97cbe8371e7e48df9c937ee0e8f9	2072	04-09-18[03]	192
2d6f0b96b4185425d9507bd289c9a0727be80019f130dfc80f78822df62ac802073ce90d32ef753fbae405a12febe23f66432eaef14f245bc56cd21e08b0fbca	2073	04-09-19[02]	331
95a96fba44d3b166c0f63eafb5150998face08ea3edeebb92543e6569dcc82aa5a3f6c944058c7042ced8cc8574dd129d9ca4cafe3df21cd60489086165d5e4c	2074	04-09-21[04]	555
0d7a49c005c8b4aa70a61db9f23080847bb1f7f2285562c2c69648753dddd9c5cc35230a2918ff84dff0e1e6aac481c3c85057fc828bfd7943c2d1816d46ed34	2075	04-09-23[02]	156
85f5c6c7fe69af811fb06040759929935408061e375d9c48da72e918fb2f470fd44caaccc542b6fca4074fb927970741c64164e8e1f929a74e77523f5e45734b	2076	04-09-24[01]	241
8f8c8e357e0ddc6ae89da858fb65042e90dcafee2d501b2b84e64870d37133a4076f88a1e68a771744c9fe30a0cef96210a39160416a78d11f0cb2b2653160a1	2077	04-09-24[02]	94
50c9a6bc6499b0b134bf60485633b10417e9e67c385f164861b09037fd0934406c85d8f3275d0eb3051b87ac08bbf977eaa385fff5753c30f8177f1a54d36043	2078	04-09-25[01]	1150
55a6ad14e69bdd1142f88002d2b154690b8f454095d11972b7274a09d0836c8abb4a8f53196ed9210e2f66025c3e5d298c52155d1c1520a45a19e1212835697a	2079	04-09-25[02]	113
53d0996f90037215d6bff96f31369fdeffff55912ab7cb913391dd1a14d98393d8d6f3a21a2b4233b992c86a05ac7146c74fdd53a2dd021248a15d36ee72071a	2080	04-09-27[02]	359
6814c546522942ae75d8e71a0704ca0f60099d3c23498e20292fc78a417c53848a53d37cba58ba5e2df8637f1c7c079c0c3b0f2b8e30d57e1e925a4d0bd65909	2081	04-09-28[01]	216
8680d9aa50a6b334dfc83fbca09ddd92a814a22f5161598cdd7be479ffbbe183f22ba963031b12dfb77a9ba2474d8b9e9134edbd8d70ec7eb26543701528dc00	2082	04-09-28[02]	137
4433563c3859c8bc8dc3f803bbac7640a51da08a299fe6e52697472e470620d61a8f158bc5e0593f1532e3ec76b482bb4ead01124ad6b79f6f8a179deb5ca455	2083	04-10-01[02]	625
4a39683bd00702a96d5f59e4b26dc74f813262ef31a7c3ce219d6334c3f8aa7090e2f0dbbd2cf514cd26b2e148c3b27aa8c5de26f58f3583895e8884c252af42	2084	04-10-02[03]	222
28eef35bd0bb8b5d4d6a092a0ec2a80b07164baf8d00562ef252bed36cb7d7ad7900f0e89ca63d7a66fee3ff56cc39b3042047eff70d443cb2dcfdc5735d6e9b	2085	04-10-02[04]	236
9521ed04100a11e0c726d839ce3edc340b77e3b8add1379f72de1fb25345eeda5e3c4efc0ab114be27fd91232d3a47a691b4881196eaaad1d4e567068a7461ec	2086	04-10-02[05]	166
6e36ae722942b9820a0a984d7b34cef672a94074214d5e7b1f4aa248335f6dd3041406d56974aa78ca11dffdaa386294ff52b88d77d596a310e6a376ab81e76d	2087	04-10-02[06]	101
374be274e856c1959b8d0f6a52968eaa80fab293c6de00cf2b2cd329feb0aa2b83937b8af226729308c07d0e833f4f1377cf34d6dbe324c75be5f76a6f77c0da	2088	04-10-02[07]	206
816c5395b5ebd61020c2cb40575dd271926918e51a9f9b0b5fe41f45db0bba55c76e751f98298f355ffd7b4e1c733e4a47b714c68c8067cb9f9215ab2cac6fc1	2089	04-10-02[08]	97
e69d57da2acfc219e912d4f457a285578d902aa2eee27fefd8d178789a724c9bc18616b64e54196efc5066da4b0ecf2f2634c796e6291be92bf91de249737458	2090	04-10-02[09]	92
a706120b98781e3a0c17f460f658e209b3244150470373452a75692c7dbe11df35e87279b057ce5471f50b3c68b6179507dfad796ca2d6cc6f846abb223f4d0c	2091	04-10-03[02]	297
b20566af8b5f7efd76ca0294f173ca4aad90c247139a06b7a4b05587c7c6d0ff545d7acfe7f1d26ffb0b4861c64346c77d1372a4e06dad61baf5112d0d10dda4	2092	04-10-05[01]	135
040362cd04534ff348419c995af7c539f8b18bae37c6df48e572a52e1812d00f0641e42e06dca4b359282c56a11516bc46bc5982c8979e62de5c5286ce972bf4	2093	04-10-07[02]	558
dbd11c6fc8c77c8418497c42e2b411440bfa91ae8e8eb6983144a13e86451f64e90cfe91cb428c17a43bf0c0a33e0149db19303d4bd468c8a11391a4cb4e36ea	2094	04-10-08[01]	396
5cca84133f7b9a2dd6f76770268c9c5cd596efcec3de30321b1ddb8a0168a028ac3b35dee082e145b2429729745537062eb984252f35d301695c9e79ad4aea60	2095	04-10-08[03]	225
cb6665983e12d8adcbb2aa4a647905a2702d3c7650f23e5e92d8994cebf506314b87983b320f1c6b1db678d2394ae9a463b06cebc4720085570090a69487aaa4	2096	04-10-08[04]	106
9cdef881770a8e247c0426aee850b282d86cc7a3819a67ce749a366f724a8cc7ffc8dbcf35d1c191418d8a09d001c9ed5458c200d63c92ada46e4a1f8c88a1ce	2097	04-10-09[02]	96
ac338b01cc3e8c2ee8e9def1a6f696044907900738ee8fcf7d964162d1a7bcc3d7a43a65d56349aa9a2039c35f69a194e13beb476adabab86998f69d975b6fad	2098	04-10-09[03]	189
4bf5e1a8e85d33709f76d0badea789c759e058aca5470c57b9e5a27c63f97233a184ba6b052dfcb039ab25f80ebd1552e9cf298c45bd703709b7dae2a610e833	2099	04-10-09[06]	637
1f8ecf99735ddd36ed2992094e7106ea374429ace819cc4a51773fb02536adb69e1b8f7b6909dad40a2a5e1494bee3c00f9dc3dd54ebdfbf4a713a6fcae51937	2100	04-10-10[02]	62
3f9678e0c42e9996884b0e1b63e6ca46bd05d3b7a2b84708ae23187cace613cda4e7c8fb988194b9ef82de885753dcdf62698f02c747b3ef7138008c3a0cfa7d	2101	04-10-10[03]	122
6ebe9e01f60936329b63e5e71df2b6e5c854da7482c067e8a5eeb64c91f25917ec326e1695885a586ab72c4e0aaba76df81a61a8a2cfb59b6c55da4b784ba324	2102	04-10-10[04]	86
83585077ae5a8a68720bb19c814583ca94aeae5b49bf6e5ad3cdb1f96587694488d7a194a2ea2b4bec479ea09b5e65e67e60a785f037cf2dd8ff9dea3b09bfe8	2103	04-10-12[02]	872
6b466293e7b8b6f6e52b17fed62461c68928fac6ca425d195a7c9e0b20bbad0eeb53a3f955fc273bec69bb0377ce115c7790675cbcd2e19fa4e6a9b85a3e38cd	2104	04-10-13[01]	259
67f1b88bec81c72d7c9dde62908318f0f6a8afbdf058cf6fb63165dbae502a7f6fbc87015b6379016718dcc0bfad3ed50f79d6f5220ec05ffe085d49bf3095db	2105	04-10-14[01]	218
992f13b831c86ec7445142919329df1b82b5bd2a869ae5dfaad2d27b84fb5c10af1219c18ff1d0e1159216cf459b1574ea592b55fdd4a5b21c08d3262ce99382	2106	04-10-14[02]	407
a28c485c2ab882b650587534a8e25fc724ec907958c204256cb01fca59d6b1435f1879b19bedea6018cae18bc3628c67b8ed97a484dd261d0b61e5fb6d140a06	2107	04-10-15[02]	127
f7cd8d955b37a7f738856fffb815d85c2ad19c90b218f4ac4fc3e4d823569167930338ac05428060b9492194791540703d046a0ad3b3d4b96611b41a235f62f1	2108	04-10-15[03]	70
126f2edbbcc84ff39e813e574b36b561ff04145e92dfd1a7dfef43481f7be8ba50b4d3d706edf5f483fa1a9faaab030ce69b7c2a24fe90f199523b9c2e5a2832	2109	04-10-16[01]	187
7abd46cea3ad2292a0e5560303840433cb37d290c96c7f5130c53816e5f4ac1aa4eef65daf2544292c66ab3a8aa64f38e48e0da430338c4ad90d73a196799473	2110	04-10-16[02]	151
3472e98508c2972420705ef6f0129341ef66c549d255b55c85d998c483d3527ab4cab90b86ccb54508effc139e734da81b5239e81a83b13893238fd07062ea37	2111	04-10-18[01]	268
1d352b8f54ad45928e500b2034b70671d8afcf2b3c1b7430b2ed29c229194b37e2dec7cea5bb749ab69989756cba69869a46612a87a1e300d6904b4eb331b194	2112	04-10-19[01]	149
650e6a93b58c3ba807ce5624750753b9d393f8163585d8f5c75bed64f26d5bd419f731197ffc4d09eb1cd3c1709896c9c1c9078d8c9852c8fcbb2d85d3750c04	2113	04-10-22[03]	197
7ccb8c2750a00e3201383291509fc7df9f399c69cf7a280bd1b170fcc75e080d8ae784467209001562cd63d2353712e581b2ccd74a631fcb87e913322a7bb323	2114	04-10-22[04]	121
d17e46c9628cb2b76ace732245c57dadc1917f5fa16500e1fff6ad8c9d07458fded595299d6137f8ca6656ff7b70beb82bdeeb8376018f39f06e9775429bb39f	2115	04-10-22[05]	87
7a2124d215ef2437722a9677971fcd85ee04d8dedc737d08eead063d5e4273851f68f7b9ec52e94a5838a70e342f11dd66ae0f80da6c33aac44a6f90e49c0edd	2116	04-10-24[01]	448
9eb7eb6b94887160a8ba6c689f252870d682537f4babab47d721448ac7fed6ef59c81b80911d91627b0855ce4b7a57963ea09ecc8e72618f80ec3f9c73835e18	2117	04-10-25[01]	99
3e7d2297981575509e375a747bed9ed8e6ebaa89432a0f0b546edce0e17f4c39146587ca4196ec0d31186f84293f5efcb27cae254f5f2245b9e47a5a9e8fd60d	2118	04-10-25[02]	137
4902cc64cb3cce58f734daefd78de3b990ba289cde16f197d04b55c2c09667c56558189f342161841150b6aebafb0503898d629e0def49d28fa316e06da0c97b	2119	04-10-26[01]	67
0add99ad1acccf74149a636e81aeec2745d849ea507afc1747ebb437192e8d372c9c0288efb02c4e1058caa253ca5de5ef6d96a9196aaf9f677612140c474c69	2120	04-10-27[01]	100
23f7089d9755ccf2c70559de4217114ed4f476b21ed3465b945a65553560c9626916894239f0fd23341c477415e37c90410d243bbb486542359db5ccabc5247c	2121	04-10-27[02]	60
62f8d0363085b982677772fd9d85c4a0ff14a9359066e666c6da8b63a8a6623212217767ed4996735ef87a890eb08bb7e2009d5a844985430eae47477981815c	2122	04-10-28[01]	247
39e3ce56204308c63aad689f49fd879372fbd6f5ecee74c9144ca4b37ca539f7bfd10beb348ed9d99587fb546b3df9317b96c86f2e73c0df34d8942aa1861cb9	2123	04-10-28[02]	71
92a3e0a26f3f8bf2a7776672b8c9ace9b365cd2df0273a7bd1868606cabba41bfd21db8b850884217c726e672802470ba988aa5b21d03d7cf3af1eb49f8db40d	2124	04-10-28[03]	96
bd2115ab9f7fb5952d6dbf5692ec5d070912d5550c97ab6913200124f1034f9791728cc437ada7ddcfe289c8090d12be5f8162a419af488f32d77f4f44e27c26	2125	04-10-29[01]	82
1fc860a3c2ea5ea5ee7d4395a5a167ca8b701143a14bb3548f919c1bc8e74101dfbc3c6151d7ac1619c813df8a01141e61f16d06bee74e3168d8f179520b3104	2126	04-10-29[02]	481
d03ab4414d3f6675d94045c22e12a0c9e23de8a544f017313a19f5fa8aa8edd1e269f608ec02187200b21dfdc8caa1d3f4ab9b64890e29ca6a23823d4b81d928	2127	04-10-29[03]	133
cd2e365ee33c3b7783d67bea0f8dbb2adeb72ea241f299d42430e37437cbda93b5364eaadd6223ecd46e947a681852067fc87e40b72c0b6f1b506b3003ebdc12	2128	04-11-01[01]	710
39efe36de5874b9b8c98d928f26e6c5fab8349b0c508f4be2d66a6d9674606df7e0ba585e8ab5a3421f23e5ed26f3e0fd328f3ef9e78607c26c1d41a7f38aa88	2129	04-11-03[01]	117
fcbb11f843088a55d42213f4c49887684b3ea03120b219c7c6fdcd2574c012e12658b4534df332fd0d1296c33acccb5ea418d1de9cda0f412b5650254a2e1ec4	2130	04-11-03[02]	60
7adad177544bffeb50fd82d0230d23a177c5fabb62116c82a9d3250bee888a026a6459144a154144461426449915c4b59482f4e2a2c10d3c45503efda43e8d37	2131	04-11-03[03]	64
7b77e0d9fda7fda0c70df01c0afb908a443954b6345876fda6afefcd9937f01ef2c746427ba22ff526a78a828e7f8c1a321c4296c3d09c2d6dbbeb306039757c	2132	04-11-03[05]	76
e5191fc38720639a6e72d13e04965a7a6883c214da4096f53ae7286193c95f945569a7209de398a5606afbd47ca16145356935a9ca79af154fb355a25612c02b	2133	04-11-04[01]	317
318362cbdcbc67830210d5203b8368e0e779f38e98f21615974ff56d56e500992570039cf44e92ecd38f026b6b9d2a795d0dc5d927855780ccb2b3751a2c8c93	2134	04-11-07[01]	982
9faeaf47e9206cad8acbb4deac21c8023970d5caad5f8c2694acf8c2d50705bc978ece2b94fa25bfceb61a40fe4579fd7b147bb1fa0022c45d6f36aea0a94072	2135	04-11-07[02]	106
7494b8fe338882c06e97ea8d558c8df2fe2329640628f260cf08b9e2d6fcdf62b66b2e03988992f109b9c4443cd74a3561b888060bd63383ae602969b0d876fb	2136	04-11-09[02]	78
32aba57434d889074a83c4ac12a42576bcd3e051ede834492eaa34efce9483a9d947ddef77473d84890ce91338d5d527e54028e7d0f5716a1a0032b5a96d4e88	2137	04-11-09[04]	169
e2a8111d1564a82e4bc91ea96702a98f75d86d1da16cff3a0ddd729e39966983ee716efd43145fd522dca27d7326a52405d2f98af6d32e2770ac8a32d1b020ef	2138	04-11-10[02]	255
a59dce497ddbdfa28902ebf3f56c3d085a2a39494f0f8c62bcf26fe2ad9549224abc9944619baaf052ff0282fb8041612fde1dc63fddd4359d7b7a4233796dd7	2139	04-11-10[04]	57
5c77b9a9bacc864c26dc011937eefcc145e1b512c2d17e88e45d722d59519322f6f9e49e66167ccbe7afef9f5f0a3c02327a2aeda340b40685e37063932b0894	2140	04-11-10[05]	263
8b562886099ab013f3968ff7c6a0bb61170c98993d91df352ae89cc70f9df9974aee2c9b8991250e46d5222625126f87370da42af7bfbdb0cdc63fd297d5c278	2141	04-11-10[07]	54
cca4925e0d51e8dad8a1c8a0db848a78e8daae7efa3c319cbec594e281cee54285416ee4f785c345bf6eb7daae196426681dccc7c994ccf4fa214caa075d5e2e	2142	04-11-12[01]	59
e21372f3bf02c7a4ed683b27fef090df30bac5655f902f2853658d0d4284cf91b139447b1fca30b94eb109eac148e6f596f9cc63d1b30768ea2cfa9d076b9a49	2143	04-11-13[02]	111
17fc0da0d09020f9f743ce8825193f3c558c50e7674804ff1fda16deac520b9782443bd3d202aa8ee3410f33e614096c7a1f087527dc0f4e9d22c23ae121a86b	2144	04-11-14[02]	473
fbd0698b17ae00f1d8e9d87bd3ea0a6bc778622437fd4de120f1480b3a286fdc3199c19f0b05f0d40af944b682fdb6c1cfbd9edd46d2d92d2666bb3315236fa2	2145	04-11-14[03]	1010
0b16f158ca0c894f8f0e2377913bf83082f83e3152f86d89b43ae02b1d836d081eae57099b3bc73f9d9be55e01567cea376513fd8ded42ccaa9fe696ec007367	2146	04-11-14[04]	534
9216d248c4052b2373f02079fe8ba84b843f26b8835ec5861cc556fefe4318140fe5f9cc77db502193b6eb1eff5f0ffa7f7a894d6503919837bbbc8541b2e49f	2147	04-11-14[06]	355
220c259a4a993d122e093c33190136a044284d00e80f4d497054ade123341629fd50643ee05ac5602ad13910de7e169c3f1b242f5ac82a479dbd46a0f97021d6	2148	04-11-14[07]	119
db3703e599a3a6222cb039a41326026531a3b114a280a65cfc85127b86f5b518df7005a8cac80bdc0c3f94a581c7d18e5d55a09669c0473e5e576635e9b0e418	2149	04-11-14[08]	70
742b97df40815a470ea9966c9fb72a6c3bdbee1df4e3e7413bd6382daa2a4c37c7013da41bcae1d8f421024ec29588046e323360c5c91a4b0dbf9ac5cff23c27	2150	04-11-14[09]	652
384255dba455f31394bbd8b04436b2197ae090dfd691bc4121037003dfcf78ddbf9de909d0ed3c2a8a8c6ba6696a7056bb60062ead68aeab574975d8a91e608d	2151	04-11-14[11]	301
bb5b80444a66bc1586fd6e0729ce7327a5a71422b1df7990ae69bc1d3d40683a32f33c9ef98d8bce0627306d697f481f4de35f015ccd0824b07a81080e62a14f	2152	04-11-14[12]	185
eef0061e000b4a69ec06043c3d36d78b64318e4e426e54b1c04a71f6588135b05550065a47a7320ee13d06ca0da975de1248932d7011d1ae9963ec7a08a23cdf	2153	04-11-16[01]	82
4da99045ef1e8d799d74043d0bd678dd179703197e8766d991852e50ba9715d865671adec3d0961aea0e49e0acc6e9afcbc0baa8f1c823030bd84b3746e77b90	2154	04-11-16[02]	656
7ca370c4ccf9d7a05aee123c0d46664ac0ba5effd07da0839b4448fc54be00a416c320fd276e06b950a3f949be79d910ce939c39495950e7ed84433d05bc8e8d	2155	04-11-16[03]	65
bed12ef2b8dfd10cc58804bd38940dca4c69e97115ceccef6dbe8496d757edfb4f15c65bb5c14a0a8f6e74a6f441293a06eb35f357ee0e98377929611bb0a278	2156	04-11-17[01]	75
978a01055962b5b532351e4255de3c188bdeaffda66f599d46b1291c2154bbe8c32f406c95fafdd153b23a0752d896d959cfd24abb42133a599a76f1f062c1f4	2157	04-11-18[01]	93
0d0a207cc6c24749170f1f7d7b40c68cc7e4ec1f2a52ea1cb48328b6f2d0ec69c1027becdbfa87de6eed4d916bd45631810d6e51bae0d54ba7e4877e411826ab	2158	04-11-18[02]	177
29297b0ea4f83facf0e8cfd6fcf1a5f6664293b97721cfb5ea80b6112d56ccf2bb20c9939d45ae77ce402f22ccb26a6184571e1e134c536eb89c7bb754558d66	2159	04-11-18[03]	511
58a0a6b7b6c3d027eb7de2d1ff807abce73478a820be9f4d4784fa15813a004827f664d711f8a9364a97f49c2f35ab37ae767dcf6ee05501f56fda7719f10825	2160	04-11-19[01]	1182
f52ac3ebedb4a91cdeecf52491b686ee14b6ca9a4623c4913cf829fd36dbba21905e8b718df54fa38f5a91c2f604849a05cb9c73d6c8193b3029f3bfc66e6e5f	2161	04-11-21[02]	333
dda39d299c827b7d5dcf94e2c23ce02fe417de97b057ecaae90e47529e03c707c4de09f3c41965a58f746ed3e2e5d8d76d4bab156df999c2d37bf9118cc470fc	2162	04-11-22[01]	302
9f5624ade7838a8bf469765a46697e23f2d706150bae83e0e67d810d6755ff5869ae64dab2c029dc861463a3c841b093b2b35d9c3d9ea329378e2dc63aa5b5c6	2163	04-11-22[02]	204
1fbff3249e8da823cab94572f1af7aa4610b02364346e236af11f429e85245579b2c963f013489e42e78b562c151995235268087fdb85ace3a03e60400fa1216	2164	04-11-22[04]	75
deec5c350960dcec29b996ca6dadc9f3f81940f0aa9a61c64c4b6318d2c9bf133ef3d37ed4bc3dcea96c40d25893ad821ade3e9f4638224e9ff2c7307ae0b8a1	2165	04-11-22[05]	210
f45adf5fa4a2c2af23f4b8009557b50c3f0b1167337f8ee8f746741ff133c24494df0a9c3fa11b2ae92597edab0b5ed4c25f4a76602bab30a996cdc053a7002c	2166	04-11-22[06]	76
a30f6d2d161d872d53ca293521f7d9133a222fe082242c1d52c30f39d39a17fb344678caf577444fb2fd3ef8c27bdc0f86aa84e66e7f360c3f504c7b75aec020	2167	04-11-23[01]	94
eba1c3abb22572ff79bca40c990632c8c89f58f6bb6049fe599a7da6f0bd3db648d6b7f19da135fe08b785d5385d97a403521ae4fe14eb426a2bc9adb23a102d	2168	04-11-24[02]	108
e6c487dedea47eb72e781b5e93b606181a21d39814a0a330e0c5cfa3ff061d3753079891b73000082e4f987d2545ffcf5494fb2602326daf4fc6e993c926e0ff	2169	04-11-24[03]	128
952c7664284c4ead71c0a4883360430357f4906e9365279b722eee552323a57ca5dd7af40096de49d6f0a5dd72ccb271acd6cd0c3c63e1102c2afc2470027f55	2170	04-11-25[02]	516
b0d5e8c1ed3737784da90a1cf1184b991ff45755b27bbb92d0f7241869035e58397876d3ebb55b248f2df7d94960d2bb568280b9f325dc3194890ecd97987c63	2171	04-11-26[01]	673
52e91afe715b86247bf401d3a30b830f05ccf98cf33778b1d3c4180e0a0b5a92ca7f533133df1cd5b0229c2671774e2c3fd15395d10c258b5c8d773d84ceb33c	2172	04-11-26[02]	118
cbfb5443479f446d3e0849e7b2c1d798a48f634ab1d38a80315e23d73dccc5935440cbc6349d7e3d9705f2849ef67a0ba6108a64ca2eaa50349c1bbaf8eb192c	2173	04-11-27[01]	92
d47dca3b1e3b06f09ea887cfa7922cc24d6123e8b9eb8dbeec319174cc80db0139b10765c62f2a10c105d1aa1b63cb7e5821ed4d96e5739d55058388a309ee2c	2174	04-11-28[01]	124
23e842e9d74d5346d3934511dba789584c600f16b9fdd0bcde9f318d093091dd784a4b7f6d784529391ae952c1fdebd5fb6a44aa0b09690d947c173c37901327	2175	04-11-30[03]	113
275d576fe9f45222b0595cfcc1d6c80fb2d5f5c014e273c198b0a2d8c2e0080daeeb7ccc44e11909830e09605165a2841f7374003dda6d95f52a9d76cd0efff5	2176	04-11-30[04]	1200
79bc1da9d0a009b825b9cf935f16f1e7e043f0fda06c998320bab938fc7c020140b89c737751c1c037176ef4d2c3da3c3dc0770feb244412cc57a751eb0f1153	2177	04-11-30[04]	210
0211edc7ebacd161cdebb3fef9ba7adb07de2bbb9fc6c0d6deb691da0e15f4af17b41b359899dd48f2b65c2f481c7530d14abeb9d53f5517414ec7132ba215e8	2178	04-12-01[03]	57
18b69a44f0b55cfb809483ea05e7578054de7589a27107ee31ca0c265fa54fa2fc89404d15e32c114f1be934af778cabd4bd53ff760531df6224d10dab6bafe4	2179	04-12-01[04]	262
f6706b9a51829101df4298b9a225cb835af079322356a672f1119e58e48e415efc0870ba74a1f3c4d9220cf688be6f0764e0ef05cdc7fecd095b210e69154ee6	2180	04-12-01[05]	199
eb6d7babe5bcb916971c446ef479548b1a4f72b903a47182e6a13e9e743410c1ef98981fcbb56a2e45ff5468cc85de81d36668b907ebcd4920799369edc3150d	2181	04-12-01[07]	796
5cfbfcc22351a4f98c3112e4974027077a06fbcb7217bf34cfa9c62659e6c38dad9f6b07202ae3e30b994a622a9bce4c7542e0f6665d8ba880484506dcec3ee6	2182	04-12-02[02]	170
c4352f81c0bec615e98ba1a971e9107b7323f99046a1939da4de102dd10df09183a3e9611636f3834f578480d3c40995f062ef67f3b9a6863b3689e6e6fb41b5	2183	04-12-02[03]	369
2a2e24fde7f6a4e4df2c567f15b38e43e40a4f1fa1ac76625debf74f9558f89e84902fcd2cbb00771209e9c8f7405e5da58d8a0f5ec2e0809bde1655b4ba74d3	2184	04-12-02[06]	421
1d4121d747e248e345c9e83999bf6c938befb014532d050eda9fee23fbcd3c011b2d31fa521f9ef9ad102c3850c08f151723191487cc2c7854dd326f925d16a9	2185	04-12-04[01]	379
d30e2b684ab07ceccafb08e7c5dac1136cba58d918837283ed8116cf82e8a3b319c49ccd50a77d3b97bf7eb10808cbe4ffe216dcf5e54988cca86ba90e4de5d1	2186	04-12-04[03]	428
82d46fa4ead49ba99be0956a1769f86f05a4b3613151e3bdf788287ff0b6ec3d996f0768b44450ffb1b5088213a123c63ce135fdefbc9325f60103b38f5d7300	2187	04-12-04[04]	218
91d5f3797525240de726fbff905918b57763922e0a67e8511ecb45a05234b03b3c056ca9c3a24b7f65b8674dcecba7e5ffeb98a4ba6219bd18d06a92cae2ab56	2188	04-12-04[05]	452
a1f9caea0b8bd7ccf851af03f137e280e72fc10351a3214554095e6ca6c846aa30d30bf811806aca4db589a96c40ab8a1fd719afe4c9a7cfaa67d6bb91bf5388	2189	04-12-05[05]	141
fde471c2dfc7a0beb649e654ffe3882080a80cf2d541e31f95acdce4171e279fe7f454395ff2dc9ebbae64a213120baf9dba5761584db7d57587997aa44a2ff8	2190	04-12-06[03]	70
b5f96c7cdee8db509ebbc8e1f6cc224aa693cc696b1055e07d6dc1ebf9cbabe608bf062d13e51970756f8c81571b90409188a92704c92e953b1b7adb58653854	2191	04-12-07[01]	216
c7f705339e5b475f42365acceee38dc9524b3737071f31cbdcd161e156102d95a2c8f14935069aaf87feb887404574d48ef0416ed94f8b012a59400989c567e1	2192	04-12-09[02]	105
b237c0708a44bf243512aba2ae26e9157949d64efd16845af98726407fff744ddc527e80e7984986ed01bbaf6704ddc06ff5c8c9e6564a46139afee4a5b54152	2193	04-12-10[01]	568
4024e3085dc961e56de18243079d255f686bfa3fa4560377dbf638ab33b99d7e0198fd1fe2bc5915c9ed73f1b7d9589597168b030020b36054cb79ec02c26f49	2194	04-12-12[01]	72
8807c0f55064b3cd193fc575be19d3fe5ca64931356934977c35ba493da0efbc5a20c08d34319961e37e3000afd8a05ee544a9ae826ca41b8d8c7d1400470e9a	2195	04-12-12[03]	238
e5a97e0fd3ef3fd22a8878de58f16fd5d2fa75583292b76e864ce9fa55046f9d09b9606c9d0c4381b84be7caa1995c9dada942394e5111f34cf4d59ca57869ba	2196	04-12-13[01]	477
cb90c68afcbb2e840ec1b3525c7fba143cca8a17c3edccf142329251c956543981900dbc682c00e01a91a4302bae6765ae2f66bc39cbcfd20584149d2722e1ca	2197	04-12-15[01]	174
9e413680185d7610743632728e2185f0ff57f722dbec526c94aefa6e269cc20cb2762b36bf162bf529ca4b2ea60d59d0e85140661d4f42224072a016964a4d3d	2198	04-12-16[01]	294
872b282bce20a3acfe6a195c3bf27fe684f2ee181addae6372bb3271767b7d576633a38e1ae75b65cf80dca49958179e0491b370c679f8889c003c749d249ec2	2199	04-12-17[01]	295
f0c7b3f9551dbdd466f84a36987ee3558196bd0d2987d98a3b37c0368614f8074eebd95b094b9c130e11a2c27e4d6821a3976363cc80aa4782d112dbf99cc2ac	2200	04-12-17[02]	96
3004446e0590cf71ffec199dae77211d3d02ae0fba0d9a2bcc62f391aca5fbc0a151351d20dff9ba22c85efdb919b4a86aaacc270530ccfadfd189b522ada9ff	2201	04-12-18[01]	256
0bba03c835ff4c3d7c53fd5fdc2ef3bc84bb81b97777389e2916ad4afd0237e50dec7016339fe161ce04b5ba3fdec445558d011117ab7ea74c3807eb9ab87bc0	2202	04-12-19[01]	270
1cbc3cca019397f23a38628ddf750c1a17137acf67d908ecdaa10d6a9e172cdd13d898d2578ac9c7a4fa50f716d07cc03b07d24dac8d51e9c0fdc082c13c2993	2203	04-12-19[02]	168
e86123cceb8d1cb9cea388614b8a069e24048e794b77ad22c319f6c3ce2470e5d7eaf5fa6d8b9f557bbed03d72444a37df1cacef540765128b2f758f350da289	2204	04-12-20[02]	108
1048789d1aa39bc8ecfb9892de31f0ac39cf3d4318b4d27c87d5854bd86a5bce481640aa64049bb4c69d596148f815a9df8f952bc65ed085ab4f2148ee955ce7	2205	04-12-20[03]	454
f71dd4168ed6799c5d33a4c4f0c806b1afba127441627a9a7815385858b2433e7fd858114843a24524cbdaedba2879447f717227133bf2e5da2ff327654ee657	2206	04-12-20[04]	455
8a626513d5b894b843ea3a932b24e7292a67fe5c5c39e5408020657c384432955fd85b39c6820193729d6e1125bb59910c8315d5fdf1117547b6d0d050c0e13a	2207	04-12-20[05]	321
fcfafa68cf49ec7522691fdebcc35908a5446d5d13a0b1982a663e5b16ae15c0f53fe37fdf301a4339f3c56e8f91c8ffe59f4ce6448491a3c1fd78b411d9050c	2208	04-12-21[02]	153
db0420c45f2972f60930206d374ed31c88f414e950f71fb7fde524c87b0528c60bd0e8952839cc3f66da7a08ba34a44f096c9522808b185fd8ded0cf0ba4d9d2	2209	04-12-21[03]	120
2d11327be2974deb55b9ea082cd36504c86b7978ad0ac7c4aa36d993f115a477a34a639478042233d9c7b6a44b3bdfc2cd855c69af399023c3b3979d3e720d69	2210	04-12-21[05]	348
9c3db76ec1b6ce86778a3d2382a5e0df4e84a4e353697c28579ee862c9092968be3f5983abd16cb53a4a1a88907600a6ec5d93453307a8c6d6428c189e41f033	2211	04-12-21[06]	94
23cf7c57bce139caa87beeee2e62acf2ce987c8283e195822bb190ba9a6aff6b557af59d3f9303e4bbf5d96877d10f98c7f380800aeb724a3a0305dd242eb142	2212	04-12-22[02]	196
f7d0f03a1591ed10ba3a26310afc6cd2fb231d0114c77d98b6294dff88759a42becbea1befa2b37166d7d25f8cb65e1e3c1ded066252e20710c95b5385ed46f2	2213	04-12-22[03]	32
0c5cf4136415105999508e8a8b2224835dc0298d1ade312db0cef426afc8982ea3e36d3a01edce3974be1c83bd08b62d35f777fd7a03a06bdbf7bd477ba6beec	2214	04-12-24[02]	65
af29ecc798c01b3a85691b3b0b45fd8d78551d1e88b298b83875ef0ffb549056807ac941ac7988865863f88155c8091fe88b8cf04f2593064dc62204164a9795	2215	04-12-24[03]	93
4cbfe742cb83bf5d73ee8e7200e9e25eb40e853f3b8e90a57d535cdc0cb533cfb722dacaeece29f1f97b109beb652f2e7a797d8263ef3640f54b86554828aff4	2216	04-12-24[05]	96
14537496536b6b8d3fb65c69d293a952a3f6eb3e8bd6bbf7465e8b2e336eccb1c95cc5c735184545d23c3c9af6b36847f61623e24c88bbd7d469a9bbcb81b81a	2217	04-12-25[01]	58
47c1dbb1662cf64789b2f030f0528210ccce807f3d730f702347517feb041c4baab4dbe9f2fef80e3ad1de34f37655667b0dd0ea23f6dd417979cfb688bbcd0e	2218	04-12-25[02]	67
483287707d865c3c03445cdd68c7bbdd3dcaa81db2c71b4c7cf740834c356e274c5e8ba5f9df9914ca05159ffd941c07823a1b0dd3f6546efecf320923303a96	2219	04-12-25[03]	96
0be4d8a474d3a53c312ce22f2637f2710c84c075bbec8b8e0fc11b099a12a170f07cc6cc2f9e25b60ee07648cff91f50413427ab8b33d7a11a8d2d9c2845d490	2220	04-12-25[04]	88
4056c92686f2f01542697cfb19710f768e859d3d8f5afd78c4ba5d22801a06446eb1f8ce5b5267b3f4b2e43813d77333685e4717e471c456b0595e1cbc2e5dbc	2221	04-12-27[02]	454
ad796dfa654f4d18912395b522f215fc18acd03ef4b8fb60635617745e6efba77d38bc9885a3fdee9a8f61e9fa306b7f6073f8e8a84e1421bef50d47421749b5	2222	04-12-28[03]	144
27dea36debe921e500ae83d1ad4d14b7e73c15e7917acab733303768a8ea24fb10534d82db1db8bcfeef1a97d1afc50facf8eaafca6d131f75bcaceeeff755ef	2223	04-12-29[02]	111
b54e26c919e85ba97a75ea238f2713ef18bdb0b4615abfc57404246a016431aebe9be990960c6c439b853b2db67917b8aee3f7d3e6b5c72185371888c2d68584	2224	04-윤12-01[03]	416
e9100089ae8a783cb194da52d4a66c96d37916915812038a3b29b9619dda9bf76074fae37119841329fa47503105f3f5d221dbced8de06106e035e83b6345ff9	2225	04-윤12-02[02]	149
7a53ccab815e01ceb27094bfbbb74ab6d94d2e7adee09f366e2c7632db5ce0b8bc5a218a5eb15bb9955160bd850248235bd8fff69885fe6b8b30d87ae589c83b	2226	04-윤12-08[02]	146
db4bbc99ea2d654f628a97f8b06fbb4a248d0faa0829e817ec1d55a659c8afe12671e02437334a5f03baab67961f75cd27dc6495d71820d7965af0e30473be86	2227	04-윤12-08[03]	290
bdf88a5a27685870b4e6a1ee7146f62e6cd861f340093ccdcc29f9c245439c3833977e5625fa9c7df11477df87f4dac78d745fcd68b873eeb4ea7b68896ab1f5	2228	04-윤12-09[02]	416
27c4922e7c5ce807aefa2c2ac9a27abbd2e176faab45bfcd147cf3ae9539ba83129ca1530258c6f8cc157890ef18574deb4b528adf185a43be4a8a3facebe5f9	2229	04-윤12-11[02]	340
ff45e96739baf0cf05fcfbadf9afa568fee8dc93575d6d3e652f9e34fe2fa2a6b4581b3b42753cca190787aa7e596328eb700ab925e237d67a065c49db774f77	2230	04-윤12-11[03]	168
8874abe068409974d2a9e4158eb2d2152003c2f794299b7823920e2265615fd97f0019ee299a04012477ceff1a0a18e7a2aaa786e4d153514b095ec6b73081be	2231	04-윤12-11[04]	272
112c606e19c7baf702e207c955472c11a3a55a059d76831dbe7750b3a2b56841c4b8d12fac9109351155357509e7035efa4ddf49f90b8f1a25f7c94d96289284	2232	04-윤12-15[02]	299
630995dd09bd85e9288f0ee16cebdf68b005ea6a478ee6198ab45cf7828c82715bd48757a3b5c69f32e3c2fadfdafd6bfc7bfe21f0e5027ecdfe5ffa6b56e2e3	2233	04-윤12-16[01]	102
c9665e3e21e050c2a9f1baa7b92adde4a56077db3e4198000edfd07b2e7171b2b6f8c1587af6f576137f19ec1929efc1d6eb8ca42867c1c59d9e4cf22c74cf6d	2234	04-윤12-16[02]	107
eb7db88bf019eccad5a9d1368d844fac8bfb213f99673a534e476a154582000d27e6ace4350c2c72da66bc7f4f772d3dc1c391f89e193687c139b2221e9b1341	2235	04-윤12-17[02]	377
9dc3a0c78ae9f6f504851ee70226d3ded66996d0f5965c94aa4f918a0f7f9c326d1d697396501b2b14894512ed1d13eee70fb546439b99e734d21a62246f3876	2236	04-윤12-17[03]	94
615252f6f5e29beea15a40f3b9547a017f84b9716f554c1be6f13fdc129e1aa03f0cadcc11e13145025525c74699977547827a63399bdc69597a16aa300f8390	2237	04-윤12-17[04]	218
8e0cbdaa8f6b837b7d5829658c5af020f6f20a453cc5ffdf67f01ec79ff4001fcdcc3f8529f860c74c4d2edee4016357938410e05e26f548812ebb4938a86e77	2238	04-윤12-17[05]	122
8985479e6f38de4852f1e148d38a27f30488b41c23bc40dd03c5966800be51cf13e0462a02c93945879c73ada3df3be135785b19d13425eb4e52d4d78b2a6228	2239	04-윤12-19[02]	205
9f4e4dd73a3c5613322656fff7b7c356c0ea0989138e9e5187127f8481cf748ef623876db6e4d3a4e42e1831402f1b0d951541b6247aaae0cacb9d306c174778	2240	04-윤12-20[01]	63
751146dfca8bb15bcb56380e279245208844b394289d4b2739e0800a1436a28c766fed610fed4a388a0bb820ec77c1484a6b421b759561ee834f8502b36458aa	2241	04-윤12-20[02]	404
b88aecae3522c67dcf928dddb761de4d1d7637e6627c9369a1f180cf00091843eec2b483b51925ea2fb162763a419a1bf9ef251147b3c6852345bbf6d7d875ce	2242	04-윤12-20[03]	61
b30f09c97a1c143d54f7cb3abbc415fca6cedeb2bebf361ea003df705d4729f5d62cc166ba71b14e67bff0cb0aa703060c57fd8198a5aa58d0fca98074f6ac7a	2243	04-윤12-21[02]	79
40f7112a638b68e08f1c71dc750865ffb1412300c39d425821f4f4177d1c81fb031e05344dd8ce76ad2c3d42cb2a45d987fe48ba7e52807239fe9ea698535024	2244	04-윤12-22[01]	103
2c45d2ebf80dc0a0805f2b8e893fd874e6f05be1f37bce025ff6fb9dce38320a59b426327884111d5ee04dae12df5504fe78d23318db9a0430172849a1bc370e	2245	04-윤12-22[02]	169
348d53b401b22c222239f7757c3ad34c1e8f570b1bd86a8be34b98be1d02e13c902cbecbc15f521ee33b13b9b77243c4495e228180e4443deaec28e82940caa0	2246	04-윤12-22[03]	457
08c2cc3eabbaf9b0f3836634ed5d991268d7d34b492367b86464df2fcf02db4421616e112b369e607f34dca4c570563cfcfb6c8f29fbc35386e5e415db5997cf	2247	04-윤12-22[06]	206
fca7b9638cea609698bc63c3c836c77eaca9bbc434e2487c9f6df7e414d0d84c2d3c723d9bb500b5419fad2b1f1ada220e6ec9e29a3bfc7cc45bb25c709f1b97	2248	04-윤12-24[02]	212
5051bcd986efeddeee52cc40384589b0220752c328f00bbf5cb2eed937cbf732a04acc9a07a01d0887fc4faea0601f0c89d2f87e5aee7c6207b9e7e34b63db81	2249	04-윤12-24[03]	79
8b2a58f784323773b1cf0aa97350da7ce1d063f66685d4b07d7cdfb8effeb01334f90b5893f30decb431bd7817f2ac15c0522569a768dc68bde8f18d91428846	2250	04-윤12-25[02]	124
1f3267e4d3ae296f0e9812cbb7f78c86c9973ad0954a17660cef4a719a109464d52182cde682ae5480849e118fb9324a22a4859b64cb3f6e2eaccdc4d9fc7dc9	2251	04-윤12-26[02]	141
4a70177fc4e512fdffb0e2255e9b4d90997050cfce7ac244f0cffbc7645b022b9c80f574a3baa5bc08443c0c267e87d102d841baf6084b996984366ab6f147e2	2252	04-윤12-26[04]	370
0296c04fab41ae11ac42045c027df007fae4134dabd60106076215b68096ca828ac460b25b03fe85d32d08675c42bd8a974daea9da70b9c571e8c75e0db354d3	2253	04-윤12-28[03]	205
bae8dd3a3a86a4fbdfdb7f54dfd7a4206cd5f6616e6fa1a1328dbdfd415796487c2f13d8edbe4c42c819c59fb7f6a1d50af0804c0c15cd1d5747922024837929	2254	04-윤12-28[04]	204
6d6c2c6444433462f168abcb571d5ae52e81ada9233f75b12154527b10b196bc2dc2c5b6eb8571c677e8441751525c0da9dc06b0e2f29b54d9188399f8b89eb2	2255	05-01-04[03]	918
53bd3267b6796de1db86af817340ad1bbc4730a9cf04ad4f3e256a84d9133bc2b1d20701b8bd03f7f67299537cfdee77a841b1e8781827cac05b0b05f8b6b675	2256	05-01-09[03]	149
a92be9c1e4d0c33fc165eddeab7a279aafa1c3661753cf25e66dc92fc3ba8223fc7515993387a5479d1b002cb9ffb89c269b3bca0701eeb73ababced40b7c2b0	2257	05-01-09[04]	214
5db5b7c3192d4a4cb1486a2f90cda72555efc17b750e70c7014f0cdbca799848db723251a9a685f114cefe994f1ba211a3c7852078bf87403839f63312a81163	2258	05-01-09[05]	347
242cada190732a5fb7dd9936fd0168eff17eef710333892c4c9ba7f50c08dd210e07db1602c9acdd88c3b62c3c6e22a0f7b757f7e417c9b4a12ebf21039b4897	2259	05-01-09[06]	464
db7d88ff791e8b28184f165e1f6879ca464307c3c982fe05288fb9e63b5de3bdf7df4f87187035e861e799e989d2c47b3d695188730e9161b4939aa5e06afb21	2260	05-01-09[07]	309
d45ab507406d943892d4616dd650ab623f46fc84dfc842b59774d84faadc1668b3baec323c93b88f9e5e666f12271f6a22119be9a21c87e7c464ab2818f0bc5d	2261	05-01-09[09]	161
8885d3334c9d60d681eb7a39b17050b279f65cb2b433605c244048e8698f510974cdf00a47d6fde692d2ac7a3f3829027848c949a17a1cd197500775044b9a28	2262	05-01-12[03]	104
fbb63fed6d0ef3bfac85292374232fd20806e66b384b9b7841b5f66448e1c51d7afdbbd57bf971ec63c536d4647d37be7b9f051938888a97c445a84b080c5fa0	2263	05-01-12[06]	792
9ef97c2eff469778858f3d3fdf7e92827e179608836c4872034d431f7a6c347fcb3607ea6fc63cbc247eea07a2c26aa074e14ed49a0f462acdf2037fa91b338f	2264	05-01-12[08]	1200
c82eba00b0b92dad2abe597234c8e45020d7f845d9d771a3e5d9c1aba08988a29d3a138af2e358dd1d5fb79eb5b2e1117461d265cf48b777d742569837a02a3a	2265	05-01-12[08]	885
08106525c5b40574eae16ad29aaa9cc963519c8447c3fe6885342be933490a60ed49b706e31aebf0ff929925f22b0b97cf0f61add19ede7a1ce825e66e3a341f	2266	05-01-16[02]	222
128554bba9d7d85b7e19d5e571d01b81969d8b686e90667d880a317bfe50d9f8af06e56fc16e1f3b20168644942f404873591ee09d66c2618b4c433f43e780a6	2267	05-01-17[01]	126
8fd72df1a7ea876515de1fee48593edf13474d1c345e6a509a83d55c1ee61df5a6ee1e7c031efedb980d753f7d8c60eaaede0b0e22526806fbb78a3d51a7c778	2268	05-01-17[03]	138
80273d39b18cdc9e0c9959a1d6c63b23b75e6b33ff1acdd58d9267fc4c09329350e8917cfcadfeb1f552036055099345191a84db4b47c39ae27cfef1fa5ca8d1	2269	05-01-17[04]	845
8ea1eecc493d23d28a660b66c8a45b28da8061ce515b26ba4b669b8716dda93dee4f7b2f3c32712cd7c9f1fca850890b1762f1d57fab352ab52d8cc43c5f10ad	2270	05-01-18[02]	138
8d900ff2a1729aa23cd63a1542b238a28663cccb01e0f02c54d44efc790f6e7c0bd028e30ac9c1d23249d0f8bdd915df1d439cfaa882956a2cd77b3f8692f5f5	2271	05-01-19[01]	648
11e7be23a21d869d41282f6f431f75f30f299310c6a5b41b39f0e111d69a3547375a35b2e4a35da17bbd38e242b3d32c398338e0050e256fd52adc9d58c0669e	2272	05-01-21[03]	949
91acd06d6705d44676ae338a4009b0016946b2d7b8d1a1ec14ec95bdf2d8ab788a3f52446d983ff7fbd5bc6add03651855505c1ac095b865ca436918d9d262b9	2273	05-01-22[02]	894
2b32b83498f244e91c9462a66c1b5746d77f87eccbf41e05b10d2e1d21012cd843b14c98a3a1912c4bf87598ef4ecd485098abafd9a2d7e8755edddb987f04cc	2274	05-01-24[02]	229
a1a813ccf63328ce95aff4553fb45c25fbb5074b9bd8fe71c2cf9cf31b3ccb4c7e9220eb08de8aecc167ec5842b07bd89ebcdc4b50880297b82110e9f6206512	2275	05-01-24[03]	135
6c2e73b7bda6cbbf1acf2c9dfb8657a991ec687a3cb6bf8b597063a236fa76fbfe6797a55d2755666304ab24031268b5520f2f1968a24fd773412183f5438edb	2276	05-01-24[06]	61
e41443e1ffb39723b251968552e7d11fae69bbcdb6ccc15f46de688aa94c790577a3494b6c66d3e08e3e19ac9972afa26237c7038d314290034be704d8c51fd3	2277	05-01-24[07]	379
d4228cc92a7f6f626d6116097577c2e56f9d80198aacddffe7081ea83f3894b3889bcdc630b172184c1af712a5fb2e8a334434d9dca6a679986cf7a0e13dbc09	2278	05-01-25[02]	504
83d70ca767e50b11e59991ffd4202234b75688a0bd7ed2ade8965297ad4f9fcba942d519e5cef98ab4a0e5bb1c631b703ee4d9039ff5381773ca35890abdb009	2279	05-01-27[03]	524
c098eab4b26fb159cd4c603b5961d2f39150301f5e8b3c352a0fb2e29f162c20e3c985f6b80aa1676374165d6e61ac9ace111712724ff4908b60ace0099edd7b	2280	05-01-28[02]	573
d728ded3fda7b8f20806e2a7bb184648286ba5bb79e411ef9ef99cddc7ed627be1f4393caa738f146649d9b4d4857c87b5cb81fd16cab9869a5e098d5fe9e039	2281	05-01-28[05]	334
fa856f6c94671fd034cac34722f5d4a207d2192aa1be6a3efaf4f0075ba105c3347bf951706dcb358f51823d53c53468c6c73d614899d3ee85f644b45762ae71	2282	05-02-01[03]	700
82075bb5b4b5b1f9c7fd2fd5fd0553ad815572e86139dbb665237755293ba2592368eb46289cc3123df299be37f1176b3b89769b5c6c7adccb1b98798f30c855	2283	05-02-01[05]	111
31a1db93dce85cd1a0f632c2245e8c3ab24752f71af2c5764e41b0484be326d79895e4b5ef86030f115c3fcc5265941e447ed6e3b23ee38c32672b6d0d40df4d	2284	05-02-01[06]	244
57cfc4a004e1835fc884afd5e3044821c8edbdc371a997e94e0c277cd19bca656b1244d68ca0b00f626484de1ef5b31287524ca2d480ac22982fbcdda93972f1	2285	05-02-04[06]	127
568c71f54371e72b7854ddb5747c203315ee62f60cb40f539d02f037faabd0844b74e4e67205b5212af6a606a59a3b7a3ef577057ab2b14519a9b9fc8f1f0d1a	2286	05-02-05[03]	188
b7e925339edee399d3c32653d912722e4db55c8602d77f6ee9600a2dd15251a72e2d90051149309a65e18d81a02261e0bf42292ed86ec68002d67523a9f155f6	2287	05-02-05[05]	1098
72fdccb2ca00e595030ff3e5fba8d5df9cf80e5d7e2a6b2c61d65fb6b324aed42d87b9bb6e174923b44fbd33007f90005256b63095c0e45d1fe896dcd8dc0c85	2288	05-02-05[06]	133
5d82173b9964e78319b98c8f6dbff13c3477148b840347f0f44b0879d28da343d97a5f3a194af97f14ecbb28e0ca937ab8d5c190e35bc7699d99025e739388e6	2289	05-02-09[03]	1114
e49eb1d96d53ac54f57bf3f29401241be5885428130b148c0f32ba741ed0033fcbcfebe28286ceee0a1da831a394e4bcdb40f84efb48c5640f42a129a838059a	2290	05-02-09[04]	488
a043342f708256ed81c648a4d05bbbabf89db09bce68adbada89fc1861b309dcba2a2073d8370b826043dc1341a04ed784282dd03914c813fa4aa925b0fcbc51	2291	05-02-10[03]	128
e4694ea8f936b81b531a06fd4b00f4ebc6a62c329038fbaf900fa94ffb4ecc8f94d75da0b93d63911c9cc39c346954807ddf2e048af6b8c78fed7533ab6cdafa	2292	05-02-10[04]	136
7c3584c663dc61013a51fb7b05ee04061273d5221aa80294ee619820d217477e495c8ee442c7a6156a3a1576f7160a275d64369f7bf1b26fa4fcdb136a820a07	2293	05-02-11[03]	167
ee57f7afe0e22acf47456d0145340b7109483bc8e6b8c8f936bbcc73a5ecae6a5b2d969c7060b55f142a8498c9a6eee603cd1df57c97dacea2279857b3f73899	2294	05-02-11[04]	50
a4516ee3ee3b0e8318cd7ddcadfe9450bab65487c717fe016902fb5efa425b38edf3f7ff615ccb393629b592d1eec34681471064df6b7721b3c03b7186a3a8c8	2295	05-02-11[05]	425
6fd0f55dd9f68f34c78ee9944a6601532a252cc1384ace8ff35740a6c0bb33f79c03d18cdbaa0416c140fe7ffc98d4e328ea9f2dfb49fe88275daa6c13468eca	2296	05-02-12[03]	587
8f2ee1abc95befad1257ecb48e93b451ea6f5c60b915f22004191c60dedac04a27888bb6a14ac427b825036d9f86405aa193832a159ef1f3ea88d8407bfa1697	2297	05-02-13[02]	68
adcdee5608cd67e18b09f6ff9cac5e0f5495fa8140ba2f17e5d26b5f1ad0b5dba314d8994fa4245ec935526a7b0c284717bcfc3b07ccf832e675993b0fb0149e	2298	05-02-15[02]	967
5f294713d36ab791ff81119e8be8c2d514da004f72bd38d8ce9f68c30ad8c9532294b34548b0e745c74d54f9a55e2dc9284f824b0f9841ba0eb28d985158b08f	2299	05-02-15[03]	206
a64a2b8cd08b8e9080c49a3af276a64003fb21456bdc84181c77df4f249321da65de73ffdb9849437da5a81d89f8137c68327d1c034344f2e33f8a624dc11569	2300	05-02-15[04]	94
2f77ab7c8bdc2799a9705ee6ecbb27d4e433fc09d091d68186f338695a503f2163e221944f83c6ebdfa689f3d2a901059bf0cc34770122be4716b399544162d3	2301	05-02-16[02]	1200
d1a43b2ba45c9df138bea182132f7b705b4be01dc3439a97967ee61f73a86bbf2024e46f41a3a8fff1d97af03031316bf9bd453cce8df9a0c97de90e204d69f1	2302	05-02-16[02]	1200
e2495df84da20c95a96eea5474e5955f9070ddffdea423881e583402c17c5a27f13b829a1aa3c0a680a0bbde9e9cf12d2c0342dc01be6a3c5d7a1b8773ffc0c3	2303	05-02-16[02]	320
d82b6973ee2fdd25aec0d3fbf15029e69f732b8206c85348179db92a3667e80753593761d8f7ea86ef2269be12493315eb77b89dbb0b0ad1526453f271c778d2	2304	05-02-16[03]	197
812df7f54ab41e42ce9276a150cc40e81df245c49861f4409b4a86a97a5ad451f2cb5735f27e63bde743d9abec464a0566143c9db8c1477a0145d7fdc06029e7	2305	05-02-17[04]	85
9c26e4a7100cdd7b0cc95ae13d1e033f491b14234238591a9d2cff68cb5ae25606c723aebf4da3664885a5549c6b0e01cd39acf8e706882e34e99ad7fc9b4a82	2306	05-02-17[05]	1200
3d4c2c97e95a7df6e82dd8d390ed1cca6ab9b5261a1dd5d861add4c2fbe3760a69f15c89b0d957bab77d68be0c5a1fdb99c03ac394d823929a9d4753845f22a9	2307	05-02-17[05]	191
cd06229c417949fb2837121f44ec599bdec9c9ef6388b9ae51d221425edca824719bb2c02ee444720f53a6fc7a551f6d77107dc8e4d6172499a4183a752b1bc1	2308	05-02-18[02]	73
f12913beec3fb63896405f981f4d48935b4d1aefe13751f85a615755b1474341bd43021458611478e08ed5b44896ef74942f1e11c94867012fc4f8709b03b5b4	2309	05-02-18[05]	189
8ef22f2e46c4c0b96e30676dddfb0a1944a92aea5e2c2753df4bce659256c7b0d08ed0c6a87a625427dcdadbcb06333dbb5158bbbdeb802d812bad9e15d9d7fb	2310	05-02-19[02]	152
44d64deac8108e236710dadf237e542817322815a18944515c71af2d13eb183ecf35dbcf6a213b546ea5a3e9245a6ae71f54065f7639e0a3c193fab574c4a9e5	2311	05-02-20[02]	129
8157180bc37be5eb04b78cd40157bd6ea56ea1cd732f5f3a11d0d17ae3a8f943d6ffdb07c53cc041e5a6ad3ab1ad4abbb1837bb4488200b96fbbf485b7de0200	2312	05-02-21[02]	93
40a9f564a90274afaaf28bdba5c2f2032476997493b70f72e7d71bd552e0bdf5fe5f9963078deae4a35f9b8e215355bbeda532ed0ab9b69932636a3e522a6cb1	2313	05-02-21[03]	254
c1606d7aff9edb7ac91381eb53644bc7e63242788e918c98db11e2d93e576848521dcf4f4bd8a0523e907a4b476be5c945437abc6a747ef8be335ecbd56cb6d1	2314	05-02-22[04]	108
0816b39da1672658b3440999a0a994079574d97af1bc043b50cb2aa5315cd6f319b84118ab6779ce50477576dbe183ee01c22dddd23e1814c3f85f1d1260483a	2315	05-02-25[02]	162
ebd084d64abf70111d45e1bd3901ace2a9b5dfb60a6db51060f6df299953f6c85e1f285459fb5828b99db04fa54e73c37264fe101e526d50ed89040b34dedb06	2316	05-02-26[03]	61
b5d1ca0d6975e97153f20b6e03a1202c72a23283cde77af507db07fb5c84cc2266d2960e33ad4d43919938f0a889408cc286840ede44b1da99d2f68ed8de57cd	2317	05-02-26[05]	483
352821f92eaa06b285dc781a1bf214207ed28b4e16c370dde38ca3a5d0baa719110543891c0581983e76c3b08d7ab6c861167aa85b7316b5dffbdb791fd9df6e	2318	05-02-26[09]	292
5ba3de1098d2bad1967d272c6fd25e08c8c6e1598ba617848a47e67f9168588ee0ac24358e51e51375791d1ec443a2ee0c2564136081c4cc079ec174c8181a7d	2319	05-03-01[02]	251
182cf23ec8a3f9d1b0f35896b034d314927f2377d1e8bacab0696cf23bd8b15c46e6b80caf1621bf593142f192a2f65cdb6d7ae45998c6d69f81c2d31d1ce537	2320	05-03-02[03]	139
8036109ebc6b92153d2312f52c54ae137932298411ebcb195aa82944033ead534adfdcccb92602c200e7358fbe85568a6cac78d53eb87957fdfddea48a30f57a	2321	05-03-02[04]	110
c67bc6621fc96099773e59ae82b67055ef265ea6313759318f57a7e2ece9617fe22f639b1fc8bacc47e95a1ed7639f9d5c0149435553fe409104adef7cc03276	2322	05-03-03[02]	820
cf35d0505c4df1d2c71c80da3438973cfa00f017c74d59efe4ecc94a8715ed5d967ea0f5d0ea543aace4482a1310639f46790e33bd0c82a470c0a97125f5e668	2323	05-03-03[03]	192
69be405011dc6526b1a7abd0b03e88adc9db4843f28a87f7a5550ab0543ec52e9cff27613b652f74f7a5ea82a6500d9f55e195841885fb05f1a53875cd8dd993	2324	05-03-04[02]	534
a91df06a2e6e9cf33b0c0842d7c76fd17bcce5c5dc23d214676805943b59f93244178173380ea6c7d66a5e8094f55fe78d8bb1a5a46228188588275dbbcea7bd	2325	05-03-05[02]	384
2cc7196c920fd65585ec5cdbba0ded85aedb3242da8a05ed2cdd8ebbff92ac1df1245315ee226fe7383d0adaa7cb7e17a40449de8ecee438537e960112b60782	2326	05-03-05[06]	187
3ff58c43b300c362639af05babe4006bffa3fdc771d2836c7092a0a8b128b858c3e52f8e94fd8daebe3bc7555854d629a5ff4c579ae63e0fe3461e976ad11b3b	2327	05-03-05[07]	207
0392892d05d1f5e286c57ff147f253af97cf21210e2a6a98800f039bdc886625a9a4b36f3991ee0e6ee34e2e13c7e06fa7daa6a3be6d832862984e18a0acde0c	2328	05-03-07[04]	1200
68ba54134495f5614b5fc78c0aeb8f7feb264177b73bd9ec8a7d5f60ded434b10c9fb20cb2a44c16578b4820a6d094da2e504b0225705b0f9c0e03b4056b827b	2329	05-03-07[04]	574
41ec47e2a1b9f00d8128110cfdaaf5429880c864e22499f91062d76618c1ba6d6ee29c64ee3a3f2078dd05ae1eb1c11183c4e9203e87710661c44d0576a8de49	2330	05-03-08[01]	145
fbb12600a26bbf4f88bdcc120eb562280d6edd63711c28fec42dd2bb85b1ef0b145408168914f338d7458e6322b2f5dcfdd11362475a0c0d0b9d325e2806d348	2331	05-03-08[02]	182
561f76ae85a01ed767fcd0ef781dc7b5383c1eccb39b8c32d898a60d79dfa2ef49417a3bdd1733173e67572137ef50833fb2f4aab52f0444106bb43f4cbcb1e6	2332	05-03-11[04]	189
b61c2e19922d08c31140a0e84d892f4499587c507c331e16b79cf632a095bb677593750cea67048fbc9435a62ad238dcbc257ff706e5c40b67fe74c5743c4f5d	2333	05-03-11[05]	679
7575120a31489f8f507dfcf98216b15c27430f980895c57470bb93c76b6e329aade8431fef6e07b85c7286278be90478b0caf2f11b09092a68b8adb489ea9a43	2334	05-03-12[02]	105
05c35e016cf89b696e292de29b9fcede9b2b756e910b4894d71577550f7f49d82fa2d0a6e181769c8c030710950c20da1c038e5cea92e3399fbdb37e5c86459c	2335	05-03-13[02]	89
226c64cccb82ed38c1f61ac87ac634be71f3806691a010bb411a46e94c2f21f3f1dd981163029e09c89ef59e69779f5fab01f7f378c41b4c4fdec14bce4693dd	2336	05-03-13[03]	110
54a5271d95495e28a8b1771c0d938918dd40726baef12a6e90674f54007e191a9f70292c5f52355f4cf528ac8c425f1a5d24e1ecf800d995229bd53019ca7a51	2337	05-03-13[04]	100
a98c18bd7121b696a5d034dbea3e4022e5702949207fe9d0f7048362632828c8f697019ccc27acb32b67041896f5c5e3749776c09a60f8a66b19767e8ff723b1	2338	05-03-13[05]	116
be449976c60fe6bed719c877e8d60c18a5b45f6c362c6f9557d2998f882bb221ef4eedfec3791669ae703c3d938def1491d742f75f8aa585d0df53fab9d400aa	2339	05-03-13[06]	104
a435b92ae8dde069f5923f45cc4371aa79d4b35fd32d868acce724c0471ebdc53ae224f26901e3dbff479a5ddbe088471dd4909ae670068dc05fa346380fccc4	2340	05-03-13[08]	450
ae61f09a3e310cce2e361d031594d5d893991f623f979a804ab4a9a255a0c61ffebfdf67f78a10d013116d7c9109ff0a9716acfcafe6c616b7ca87f362ddf858	2341	05-03-13[09]	587
16d67ce7a511be7da099bb6019d171dffb0f286ce429606e906ac1b5c6e541934cbbd2d922210161257e730f86b79b655d63c1fa7a4c0d7c36aa79e847afe81c	2342	05-03-15[01]	98
dc030db83a0b7d7afd881b34802a8bcf7f826d13747bd775b85b7cd3c3a031b99a61e07d6d95f9b02e2aa7500ca105dd6fd9d51dca163950d46ee517192a2fcc	2343	05-03-15[02]	511
41a7da7ce4bf05a39af10369d1b01404300660c4a270203eeef12e47977f6fe95bca2421552cd1a80fab17022a31ec7482f5a8b3cb4416e1b4cb519c5efa150d	2344	05-03-15[03]	129
f37c0f85bbf1b84d34b3b973a20a9ddccb2f8d212a69f8cc2f034c1573921390a2072e856b6d0429d4b06bd4726cccd923dbc6777506fe1f7c1f7f19d66ed628	2345	05-03-16[02]	759
56db6896cbdd8a9ac58b57796ccd00188a152b3555ba30ae934859c9bb9ca4ef55080775d8d7a96dcbfba69ba4f2aed2e5c5098ffe99cc7acba90682a9891fca	2346	05-03-16[03]	80
5d755e1e620aba5e2e2014f65f9bd4ba7e7f84c86031ad37304f2a05b30d4fe7a7f1d0497e05d15bada761cb23767012e8cc4391228439f088148f685ee129d9	2347	05-03-16[06]	83
82a77a80089ef8bc8adc588a3398169451aa3cf66c99392ce5f461d47c05744099f6061ce2333048f21832640037f67b9d5e38d93bbcb2db3b83bb2834887eeb	2348	05-03-16[07]	120
b6d236627ebee1c243f846fa54de41765879e8e567ad515ce9e89c3cede47a0b17e5355b6f6e5cf9690c6326c1595e4e093b76fa8e9715ae76b871c0ca3cb732	2349	05-03-17[02]	142
99bef7c681953b667850be9c9a03df12bae9010cf3726797b3763ae35c55370a661754329bd8dfa35669008bd65ecd7ab92d6b9e71d09ee7a36eb8b454e43e08	2350	05-03-17[04]	159
e36fc54ee6f66db6f654d0ce1d2326f1710a6999bc304c515cadaffd52115b7862159eeea8c92fda437d23bbf356291aa267f7c305c525c62a63eae0b0326c1c	2351	05-03-18[02]	76
76730bb5f13d4697aeb216a83a6d3849204d6938533330bf54576ee0c8ea358bbbc2c4721c46637594ed59ce26cbf365585f331e1df5eab06c56e82eb01b06c4	2352	05-03-19[02]	206
10f89de6b273f6971440f9c1faef3abb3b4dd39f96cdd8d64f65411771e500567cde38bb6339da86c0a75c726acc2920e1fe21bf2c351dfb487654a96ebc8aa0	2353	05-03-20[02]	80
c0c9aeb9669119b7a66b3e92c20465211684c90d9b1f478f4d5aa72cc65094ecefd616ad52a37e88d37ee655745c570503b875ee6a8f672cccd095313b1d4f02	2354	05-03-20[03]	121
8e4239dcea58c7397a85d26991e008dca5d29a578449fa4d33f81a6d44393268c68e9dffdeb792798cbcb4c7967bd417c1ede440f7aee33a83b645e33f2ab536	2355	05-03-20[04]	86
5952c2f238d81548ac682b32d98ced7a1b76d5df4c64b30744da3670a402204dcf8aee1b06b62ead466a55b15fc11e7a993de3833eedecef452261b707029fd6	2356	05-03-21[03]	56
6146198d1e682a14fdf6e86724106382a7c76899c3340073db29550579eaf079322671bd2891650f923d28ab8959a0d50e3f71ea94569c45546ad3893f8f5bad	2357	05-03-22[04]	312
4bce65eaa2dd965fae9f25c77b717f7d865024b3f7696a5a7be1de10b9980b98f64a37f6cd7588284eb146bb86f950f80fdaa93de825f4e97295400efeaf6783	2358	05-03-23[04]	89
56cb61bfcc7d42234665f22f55b07c915077307ba6b16b385096eaaf7a8cae5855550e0f4b7787d86e496e6b3b8e522ff65bd568d13996f3d6ce4c163ed3f7e3	2359	05-03-23[06]	131
986809e2a311714a9863b65cc64003a7ea48aaf207a4b226e49ef48963c7aaef567ae4a461d6f75c5bd3f5aa882dd1eea4ab2574cfb2a2ece87fd4eda3168433	2360	05-03-24[04]	1200
933e9cd820841c6752d399bb6591e80314734da5663b7c756943d9e3ad30c0fd816058b1a9654ad4e7964c64669e7b0345858e80e24ec2517df45845468c4fb8	2361	05-03-24[04]	955
d8b6d4c0947dd4e1f26c4544e730235268591d23955b3a443ddde3e1bf4fd6c019054b9b10cb663e98f82edc20577a5c51bb6099afaf04e4203082e9c4a596e0	2362	05-03-25[02]	87
802fe90ccfb58554501c5afb904c0daa5abd246a606df4c4a9316f570cdba1476f07c8c45502f0c0f243cc2bb0e963abf596fd0ae638d84c142ee508d6285e58	2363	05-03-27[01]	127
46917c943cec13de9d2170d418eec0bf3eed34950284d80fda76aa01668bac09b3a1675e51b53ed60ec3a76afcfb7e7a8888addf46db37580ac3ed8c249d5d3c	2364	05-03-27[02]	71
b0438f8a2b4ce11ca1189aa9b304eccf94281285368f2613cd6cc470d2c3184c0b2d95777685534662db434485e251706d6204108dd457845c7a030fab621c42	2365	05-03-28[01]	969
9939ee1b172c4b8253fbc1cf0e9afbbcf9cc1ac00bcd15b7537e66fe8083be1058e7d136ee81bfb815e23219195966cb8e7bdb9990e2b7b8686c4adbf4024915	2366	05-03-28[02]	685
65a41bc8227d50d563a79a841e213ba7dfef16dbff5b5d79f2c65d57565fa31dd1c27c4bf1aa7d5e92e69fb651b688c4e798d81399af0efa8db42ac83d261783	2367	05-04-01[01]	98
2c22d8c24ce6c40ee79a9cab7d090a7d8b45a9c36b53ba089104e856aea6bf6c0b966b255ef920ee3a3de41c10ae80c8513bcd7f03f0af8d953017b5c41bc153	2368	05-04-01[02]	104
7cde37e24c8b96c0be53495ba268e94c999277c05167f69180c54a0d96b5e2e3758a89651f61901c5b8c076ca25de29d44870bb2d2726ba6508b3c930cd0113d	2369	05-04-04[01]	100
de139f6007c4dc281d635bc6059b9053d321bf51ff255f8b629e3a2ae6528cb8d802db8e232b09918298d5f48af2cb1675f25d366a7aba024ad31099f035ad89	2370	05-04-06[01]	710
293f10780390d615f5fa900141ae456bb0eb5179b2463ea514861737f8995cd25e184c2cd1937c66b91c55ae2f2d1bab739e9d8b5b52d418ffa1d21d2f7191bf	2371	05-04-06[03]	166
b40c68ebfa60a0d84bcc7674e6f7df6563c1c6dc876145d043e929478f92c25ed193b1145de6109e11e4cfaf3fb0207b51980d01d39d2704ffd77c7faa9ef452	2372	05-04-07[02]	631
779da3e1bf9db07c690909b952fe09429e04503128eed58b01577764ae0cc56ecda83cccd45505fc39a5b635121f7af1296153a379fe297d04f4d308757ecf8d	2373	05-04-08[02]	63
afe33886e625a4dfa83e2fa1a026834d58207e66faf99c0be741e90ebc7bbee54e6a3518422e012f7959d4a2669fb674df667b70223285fa321ae692aebd80e6	2374	05-04-09[01]	121
add8bfeb09d19ae9e004b9086cd6996851a4e19531048290989eba2039916ebcc43bde77eab215ee2436252c3bee33780146e89ea15b958116f1d6fa152cee3c	2375	05-04-10[04]	143
a7bcca715ab75995d295ba9c302723e43cef8ed72716785312f718410f3c311bb99c4c693997b37f864e721cd44a02f1f39e4c7969d30d5213f8b3efa9a98b50	2376	05-04-11[01]	200
687e8fa9c69e3aba4b3843f5ae19db5bf205e606f7c84be0799dfb6b20a7dafe40d479bf0255ede9448e9316bfff6bec922a67bfa7f530523af1c9e7b710fc89	2377	05-04-12[01]	147
e69e7ab022392b21fa8576584343abe0937dbd84cde9f06f6edceb9da2bc190287f7dbdc00642260f94458b645bd2342f5e9e70d95c7631e4082909499cacec5	2378	05-04-12[04]	621
b3f74bb62deb1bd5673476e678af3652884117fba5e759db5095acb933e0c6e840ebb57d0571deed39bcb8ab8f8d7bc8f43378df8ea2979a830c01934f989898	2379	05-04-13[01]	916
dc712e763a4faf2ce5a7c7b71a13d0e3eeb57d99085b3b63a8bfbd6dd26e49f4d1f541e60442b955903e37fae83cae6d6684ddbe8c724c78b42f827f77a6b674	2380	05-04-13[02]	116
51b8ef0fa4633f8a7d19190f2b50de804c18dd56d00d3843f239e88080ca6443bb2828d2dc913a5a929f25ae91166c48075fa5250f7831e66967d3295fa7343d	2381	05-04-15[01]	832
84ced4d0f91599eb966ff343d3bfc4c9982e04838e54e36a6d8063c91a15777c112196c1804d5f7962ecdb0be9908d17d5dfac2c8f5a250fdbe3818303039df6	2382	05-04-16[08]	192
5dfb78878cba4adc225ee415cf29cf6dceab76959a082fc23620c0f82823361b15195dfd087ab1e817d611e7c5571b4fb6feb40152a1c885f72ecccb3308b8c3	2383	05-04-18[02]	193
9754e0933d90d28d3bbe146c9e6d0806ab544f0a1b5e9f153b02835ad91fe83c166bcae2be9d988edc58d92f766451dd22b2babc74f8f34c814393033765772a	2384	05-04-19[02]	311
6677b4dd1986c6bb1225f3e50fa3482a28265ddf05749cf9724bebaca9011c3afceda63cb11ee5f3b8f5fd47542ce117d553d83b368f47bc9ea7600469830009	2385	05-04-20[02]	86
fa04b5618f9b5beda625c216a80a13429b632c488f42941438523e52cfabb12ebb5e5408d23278de4a057c595ed201816bff344e084704773f3c2b47016203a9	2386	05-04-20[03]	145
8923c425d91a0b91761a2dc07c40f801dab3ec7311c7595540f2e61cb9b792714331f6cb1f341b4cae808c82c8799e5bbaac2f2b39271964265518e2dc8d7d81	2387	05-04-20[04]	566
a8237e5639849913c2b61a228726a39be683c1e6f8db3d17d9aca9bec2f29bb9e335c624e9ad620f187f76223d95f3ad8a8db0444762b6951e193eccafef9d09	2388	05-04-20[05]	148
97f6ffaf4dd327ee99ee22125d454842305cba7cb3f6bc97ad757964f35231d2eabcc6f141a4cd655c37269277b7759bb9be4d50f57b84722ceda979c88bf3ab	2389	05-04-21[03]	90
13bf91e849c78cc5589353a19238b3c1da7f16327d67ae65b651e5da3a89e5da35e2211434bc850dad10c67981641425707b825839bde3df7a237f977e5dff26	2390	05-04-21[05]	480
401cd5801dfd8668144b719d9240e798a3fc2830fe6bdbe0930cf9948423c60205bfdead8657210358a82821a2ad8e9a91ee83330b5ae8399c3611f06befc604	2391	05-04-21[11]	110
c4daae6ad577bd289e13b3d120e0650924c369b0d00d9eeae66a57b30cc2c227edcf615f562bec24a81024a7b88f171dd688cf8ca07dc8d12dbef211759c117e	2392	05-04-21[12]	68
5d6bd0d346d55ce1fe43f644eee71e120728d8511535aa199488cd928c057b057d1917cc10e46278332ed0202d82e3a3d33409b1f836e2fb2638aebad103993f	2393	05-04-22[02]	97
935cf9ee495a4d5d1f4299183e50a5f566a418db7cc5e3f9988f706475272a3cd67f1c2494048fd415c6fd853aca6994f1eeab7d67609ef24b7384e860c1f973	2394	05-04-23[03]	607
b971ec8494486a2c8d590a5bd64cd211414641f440eeeda074a6f63eca893c186a880055f5eda3115fc1b35dd91655638f0f2b5578b8718e1f29ba70d8de06cc	2395	05-04-24[04]	86
4bb4e767aeaebc460a00a4b45067b31ad91375317eab03930ed32bb6e13620b5ddba440343eb797ca2af2a95ca2c7a3dc602bf0738f8dbd70bb34a1dc9a37607	2396	05-04-25[03]	378
54d8c5dbfe8f39a633b92c414ad962fe501bd6d55f98f66c3e8d628a0daec461b5984a267732a6a907759a038feb3b92842315e5fb4194421680abca0de5ac86	2397	05-04-25[04]	903
358e33f3fadd690caa3de7c497a740287a64d1dbf70ebfa8a706962285b6918c0379dacf7a8daa542f006c7373db553a36cf726964688459a71652893ea6c421	2398	05-04-26[02]	69
8479b9ab8aedbb2b11fece0defeebd6710bd15e1e3d4ccd7156e2f670d3c73f0e05d90fb5b92190c9bedcd2b06e3e101947ede01c412810341a77359e28840ec	2399	05-04-26[03]	345
a0873f353258d2731f6af4940273896629eced579a0e20661774d2a6d09957c11381544e6d342890424a87abef27a5e82bc52e5db9c340457249c30bd1df302f	2400	05-04-27[01]	144
bf865858c38c108666780edd01c169a6227c7b0d28a400d54f5383365f11925d5c5a342041d4c9fcbe0b5031af57392cf92db86dc7598b74ebb4250079992767	2401	05-04-28[01]	99
7eaa4e71a9e42bb47608831e095b71c25417c6e6ad9f9c4eb7fba9c2dc55d70b56b65a4598042f911677c7cef3acfc318cbda8f5e93673166359647935943c0f	2402	05-04-28[02]	207
cce998994ecf00fb07caa1ffe8b3841977ac86c52bbb2a6a615133093b13ad60747d002089b0e1cb9defc5fed19d3cd66db8818824e0386f7feff5460fa177e1	2403	05-04-28[03]	342
7a7b5ca0b5e7d046cc10f4ada256f68bbe575f4f9d2ba6f3cf86b9dc480567f0310233f692b42f1aedda911f65093bd95807019f6a9f44997b3bf21a79f627e3	2404	05-05-01[03]	586
fe45a70c9c2d7ff6083aed1f5a497712e3de970ee2524905d90a3e09bb89c9c0093cccee30335278e7366ad6ae7390fd8f4ab33e9ba9f6d3a716cd97f7fc9afa	2405	05-05-02[04]	228
9606d6aedb2674c67496513f22f41860ec83a3f5ecef0de6f5023d2e8200b0de4ae70375b80012303985e79bd9d4966b21c32ea42b7912a92de7a1ed6b9463fb	2406	05-05-02[05]	270
e8133b6d47203864c9b00be0737d1c0e1456ad684876d70abe2f0382d670c52d8698112c3ec0eb6a733fd2ba1c135560894e7f93a3858023a3ebe6638f3ecfc4	2407	05-05-02[08]	252
c84f1cdf912fa03619bc40259d9ea3713fac4db772bf8340584011ea8a5e97f869ef5723704c47f14943a45eda01538e9b6bf4e72029f54f4fb66f78b372d121	2408	05-05-03[02]	358
d0f899a47b4fbe421bfc07b908fcdf26f625bfaf990a3710c2fa8703d0868b1c0f48b2cc58a6fb74e1145fc723d1464fb05004d0046dc0b7d7c0dea8515854ba	2409	05-05-03[03]	84
d579fe2b341e9bb7b9aa72717f896d7428bbfd83c4348d9e321b7536707683fe6c3e0a86f4506879172d8bcd26be2fabef1b046e9d9ef64ff039bd885592ed3c	2410	05-05-04[03]	92
22285b56a2fc8c95d1df79181618bd2c4085e38348c31cffeaf10aeeb5a0376f23581ba54815c4b6046a13d7211e1971cd97a355070d3a3f57a040b90c9012fe	2411	05-05-06[02]	111
3c8e654a69f8c5c447345e5890dd9fbc28ec150bb82b83123b50f77eba4e52ffe4dd0b9fad0739f1a62011577d7063972d3002e91c0971e401f904bdee9d1372	2412	05-05-06[03]	129
75f665def181872165050c2739f31e334bae246bc4c5c3dbec46cfbd6e875549bc171531f26fb6326932c2fb1da072187918c430b36495a22672d2696643688e	2413	05-05-09[01]	69
255616a1f009efe922e193f55318d31f3c06b9f3c9d1ffb3da321f708d1f23c35a3e72273f6ff8049f6f02a66a4544c70096ac25811b8ddf2fb7b89c8ffd5b50	2414	05-05-10[01]	229
807090b73f465358c0d0a01abcc1544693dd8a7067b7061d6d053f3e582a3f2f8e34c87dc75901ce8b595ac7ca5d2defa4ed57ab478e08b8cb4dd46fc152aaa0	2415	05-05-11[02]	581
5060caf1d77cb7d6492718d65590c3db43cf9b68402ec2fcafa382077d6efd5d1468a95ca885177b3d5bf37e776d1b8a2819b26567488667ccab1bc278b934ae	2416	05-05-11[04]	168
1369686ad1e87990bf92ae859f51a194887a061f61f0d4a041cfa20e64e564321f8b1f655d75ebd34a43eedf8356d797dc0e1b2ab6e8fe4f28f527ff1b32295c	2417	05-05-11[05]	103
17d7eb6becb16b521ff4a4de7931c1ef5620a6db2f6ec10106c77f264e7bbf5a8ffdd1e0b042a520f59419b3f24fc5dc496582fa06d6bb1f8b4d7e71022b7bfe	2418	05-05-13[06]	98
8dff56b8e2a7a5645d25a02f34490b3ed9d981fd178a2102ed3f90760a7676b45b73c201b89881d6562e1dc3efc2a4b3bdf953caf20c47df162fd88da1d81836	2419	05-05-17[02]	87
0d92ffd7ae78eb65c3560725f26b388d722ae20fb2b2631a520a9b1b4fa1bdc6f08db5aa5d7129eda570c45a666dda93525ec17509846f7d93074df642a2aa8a	2420	05-05-17[03]	902
05007733ff03ff33758f7b8ab3ca17771beff321f3d2b325200ebb7d9a586bf2d9e729be40758b68eb7ecfe4a86e6028f5f9b8766caf4c0da445f7cbee9b61e4	2421	05-05-18[02]	114
9c6d024d1dfbb0f446644157b524639076354b6bf40ec21f41891fb07d2904a00d76df978d7edbaccd005bf04134910d957281f7f31abfdc94b596f21e575942	2422	05-05-20[02]	75
b4d31d30a8b8f4132f67bb0670e17d26f2eecc064c8c4a6c4ac24daf96bf584e9bab2b837c7e1aaa3bec0d5d21c2175a1dbff6dfec13a186e759eff685fd6d60	2423	05-05-21[03]	604
7ea31d3356db13753ad10cb27cd30c6f5207b6d598b2f8dcee9de52c728e6840493d5c3ae1f7e869345fa6f0effbafa3fa8cad36467950cf184abd601798783b	2424	05-05-21[04]	150
e9c9ea84943baab39ab8d85f65745aa571e5a7898ef4a7c0b94c599df5e4846e37e218963aa447f2d8496c77ca36b2fbbded3ef36a2a1095381649ade33875b8	2425	05-05-22[03]	491
ca97f61e4b9b7b316145341d60944f9d916061912e82f0a0cbc78bf807c7ed60673181570652a6e5fd244547e6f6f1e4806912fa7f63b4eb4c064e56eaac9a5d	2426	05-05-22[04]	172
48d943781720aa30602d53041f65100e672b03bb9a1222e60fac28375ec7fd597bc5f665c0fbcc0b6098ae48c4e288874489daadfef19892422a840a940040e1	2427	05-05-27[01]	298
dcf89c8aaeec60a6ee53a19b55b3a4afbc10224b50056b569f5e3aafcb2a468a72c4706e1d36b60d03ce4bb09808b920ca6a101931801d203068b9bea2327ae7	2428	05-05-27[02]	233
6fe1a53c47bd5fc68f2f809d65d216134d747be2c1bff30154a52b7204c257a99b59fc57ce3b48776eca4938774ca5ba98cc6c80449c377c1f4f703c815e0318	2429	05-05-27[03]	197
2c0b6b31543bf2d28b105918d1cd625919370c07e22c83e0ca32401f3b207fd4764eb109da6ab95941cabed0ebd42a7357d3eab6c2b37e865f22bcc8598be55c	2430	05-05-28[02]	1200
3368a2291d39e09be89ef7a7b0b46b12140bdc6257b45521e3a0eb75f1572ab3eafa7f185c7a8820a4b133973f4ae1eb705bf16ce3ba75709a7795c200df3b2c	2431	05-05-28[02]	1200
6a9cfd40af94ddd1f2b29686c1314ab18401f96113ef85b300c7aa43a9979ad0d9ffb12878827fe8f25f2c8c8f5d70b01500cab696d5f8c00a04bc774f3e3873	2432	05-05-28[02]	1200
3c582662a004be0346d0a7e05b4de07f15e52681a8bbb12a3057b4d4dac4b75320de7510a57711f75ce9316fc294852ce5adf26218e715c7ac89a08e1569bdd7	2433	05-05-28[02]	146
b58fc05fe4e8ac7114d8765f629ea0318e71625aacdda426ab060d094da95d84925645cdb6f804830a43c751b21934618546b91963c7a4931c0a430a238f97cb	2434	05-05-28[03]	147
68f12949ecdf8f4f0b71852f16cdba08a5cedd01b680e8e60ebf53e2eaa0abc1e7110dfa0ee85c9a51cc53c20db0e678e7d67ba32a695e5c3a0c84cf59e8a687	2435	05-06-01[01]	82
ab73342b490c14dd485c60412b63b92059970ac967d350e3d9914f92d6803470647b6cf61f8349eca7a7149dd048438c9a6a23a4cf79df010239401905f1d570	2436	05-06-01[02]	117
b2b61946c3b93772088bb5762f3cd3b41dfcbf6aaff40ca7c62fc087fbd71168b36d7513bc1e3c1eca52566959f96a94db6bf8a432be65198e724b1397faca66	2437	05-06-02[02]	298
3a879094aec0c7db9327d70a9bac49934656289997f9a542a4494b207578b5f646680737cf530287b431429d277aacd064496f3029fc23b26c2a240f981f6120	2438	05-06-03[03]	273
8f233610b094685c28c2734fb732d109bbcb94a4cf8cae63c0e7e983edd88cac98578c03219b745739a4a66f0d7379604f2ab5e8ea8fa8aed8a0dc4d2fdbf53b	2439	05-06-05[02]	1200
af5d8e9337700a93c0e50bc9f28332ccb8859435e56d13f37bf26f980f7a824887ba0ba8ad0c89c18659e2a07fbee325a2405095364ba88486f37de1c43f4a19	2440	05-06-05[02]	363
fbca21d64b2d3f9fdd6cc134785b6ca37c5dff1c235eec9e31caaed7d06a5252d676c0c11b74a674ab962a416fb3061a1b69844754eacd0dbb9f3a9b0790263f	2441	05-06-05[03]	194
5520c36d3b8e293dede512124ddce2dc7fa618c3c5e3fda2cc187056cf425fe10bae6873b9d19ade72e6e9ca7c0bdfbafe1f1129cdd73abf59821b1fcfe069c0	2442	05-06-06[02]	192
808d19324175a9f5c0c4b2367d4ed26e7b7f01c6ec20620d21d64db6c7ba3ebcafeac49a9003fdc4353db570d940f20ce64226f0b9647e3e77be26a2a0b4b1f6	2443	05-06-08[02]	158
9d331a509147c7dce3b568485ac5bdbf4e2e0477d983ad6281b2e74c8198179dd05aa9f361db87b272af85a864a10de76ccc548c117d3c9de755d937b4e92980	2444	05-06-08[04]	277
9773bcf047417a74c30c277435a0b6f98cdf78c6b382c3311d46b7be7ced26191757e9ca50546e0280a500bdf8270f19be8f692e08692919e7aaaa5527ddffc7	2445	05-06-09[02]	89
40122d37d86aee33bf77e84ff07cb506ba2aa5f08ec1df02987b677210ac6597f915bf041c2bdcc7f9eec09243b78e154b866aa978c7ec0f8bb9847d6d05506e	2446	05-06-10[02]	178
cf1e2997c36b1be6e8851f4278b52d2db2e976931f21781e023a7b852bf1d990f252aa59d9898f9881c8ae203f1a6b056a7f78040261ca008d886878b38868e5	2447	05-06-10[04]	136
68785cc84fca470b513ea411ddd144ab91b0750b3a28a766c61f9debc8386241bb56c010e13e4ef48a2e59bf37ffb639c08b7585f56804ab397c71301e13c95a	2448	05-06-10[05]	152
ea3da8cd2b338cd698b1bf2f8c0560f00560ef8aa4147015529cf7e3f4287019bece7579d4c4128801401195d6b55bc64eab5ff5512d6d9c9f83e2ad7c26fb89	2449	05-06-15[03]	184
12f9f355a18935e2406e0ca71a922384ba7f5c39e6257ab914c01019a675527901f4f5876017452eaaffd86da3eac29ffc2f5dc9d338058057458015bec86389	2450	05-06-15[05]	339
b43abfdef5d2030c28eef79bd6c665773749802fb5f3157048a9ca07c302d245dc2894278f0a5beccb5cb10ec094af4db3dba76d0d6669762bb08642129f1ec1	2451	05-06-16[02]	121
da0a739fa25b11e829814950d6837b68150ec0252757042439b0082e222860146218ce1b217b38f9e6b50f519989d5238b226add8371f90373c9d05a092de3b4	2452	05-06-17[04]	162
e829dbb94b838f422a7704e4ef04e2c3d268964e58db0de71891d9923fd05f5bf552f1fb679ec259698c05034a41a563ab16954983ed59a59c47f541c6bdd987	2453	05-06-17[05]	131
dbdf8f06f882b579856e6f3241a1ab3f9f0dd0e426928380d911f84b80f6560988c9f868569e81cdfffb203bad63d5c42edf72925fb9946297dd40298b3aa702	2454	05-06-18[02]	123
4d06326034759b87d958d2606d5462f0ad69ee6d14dd54be647f0f880985b470a081f4b701b74ce179e9fab2e1ab3798c4f1a8e113dae42465fd451db3063ffb	2455	05-06-18[03]	556
7dcc3219369f18aaae42985c4a6b577532643b94aabe456d3b6e8599aaf95bb6199203e8ca5ac0845dea2c92f1b16624b6adb6df5b8deabf2e08dba217248c0d	2456	05-06-20[03]	72
f71fd3a61fd28acb123dcb41054b0cce27e743d819bd4c2c3841a0fdbdc069f0773752edd0c3e8c920059bd006c696f12ba8013d76160bcc75685b62eea31600	2457	05-06-21[05]	383
903bc33717adf971f6b349ebbeb5fc78f61a5b24cc7b46dd798ce1464ed7b7a965b2d002bc903659be60e76d6b4ce74da39d59ab975188aa53a41726b2d04074	2458	05-06-21[06]	616
c61ecbc3039ee18c64a54a7911f08fbc203942c919660af459fe94265b7dd384d9011ea8cbd36a966c3c37340cce165e6c594ace2761b88e38f59104e7c4f662	2459	05-06-22[03]	92
26b6c276604b4e1f232309ee6ab6bae381087118c40dd799e733c5bb4c39c57472576fc844fe4edcdc55bacfaf6ebdef7efb0cd796001c8bb2d999abeecc6ac0	2460	05-06-23[01]	686
25489e1c77c99a8d2bb4261e3bb238f40ec9f1cec9984c3d8bbd8b0c2a7fa2d064f7e56818ef1c4c060eaf166ef45e2aa71d03b77afb5bb9c688fc41814cf5c8	2461	05-06-23[05]	159
4317b38a0bd90bdc7a6fc4681f824c98c3c79defc8a5e385e46b723ec1e63c664278bc14695cc0712002f2ec542cdc70c024547ff94b2b5ffb0cc032bb57d608	2462	05-06-23[06]	76
30b70d3ef54e6881142b555fa2d1e356ac127dfb5626fc4a71336c6f7090728880218b39b4f6ba043999cd3f7e6569b1f62e8a310c7c820a0b1085ea4e73e298	2463	05-06-23[07]	181
104091bb0c47c7b87ab2be780dc2fbc0549f3efb79a71142e986a124c40afe8f9326b420c072dc2b6d6b28230ba50908afe58fc2be0886608027a033ce9b41ea	2464	05-06-23[09]	206
e5dfa0c645a1fb3e348988581953b7b8d6c385e7d76dd7e0c1fd3bff1e101dfcc7086dc087ce8bb75c7c74e14ec5c60eb4806de92174bfd55b156ad2f4778a81	2465	05-06-23[10]	133
aca9a5815e5697d2d449d13f609ed8ac165dab68cb5bb12c5327c651db1a4a145662931b6ce90f1ef4b84cd6baebc9428cc5b62fafdea78049e6c5e7b146623e	2466	05-06-23[11]	245
1ceaad4c2aa85c643af58e97567f54c6c1711901d924b1af94203c98b2c138fbae61a726c0998bf5a4d1e2cdd5883b6fbda1c8857317d9c0a0e3479f3a68ad70	2467	05-06-24[01]	324
5c021d5627d884a06b181827f578bba5bcd3e48e0d0bffc7d879f9bf03151686599ef13d920aa840c9966cd325ec3fe8f6713a55bdb82c99a3d1ffa8942bf230	2468	05-06-24[02]	128
9c64a5997f3cc396fa37869dca534e9acfa6b797862b4c78a48257aed07283f1e83fffcfc3667e560ec73031aa6af9190f0e59ce7affe4a60f9f4db6027402eb	2469	05-06-24[03]	318
f1afe0056b38bf810098e75e4cc6f89188d8bb55903d60bc270164c8cd2ba6ff0c83ea3b5c9a837bdd0d16176e1bcea530ccb709f40efbe51ee4aa737e9c86d8	2470	05-06-26[02]	268
fc76e058ca968eef1225e490ba42eeb57af88f5885f9666c5b81dfacb23ff85554baa24b952f0aba3cdc5f1ecf4fe0c971fac0b7de0734014bd93275bb8c89a5	2471	05-06-27[03]	123
cbb19dfbcccb65cfb93d61d7c54071347eb0adfb5fc8d77b8fb09eaf6c3e39795f291a4f597571ace2ae8b5f8ef8b81e5c68c3ec28ec2b713fb834deda3026ba	2472	05-06-27[04]	1200
567d8be26246ab6e27b91d1af75cd8bfe9a28fff126d4e70de7a67961bc20b48cdb9df1bdae6c901c70b01eabbe5688ca6edbd384f18cebeae90fc19d226bab8	2473	05-06-27[04]	482
2cec8e90a1edb6b35e02c94fe0499595401eb62afffd67f502acde0833e006c9a7dddcd39e3c4eebd0febbc936fbaa1f40bb6ec3ed2672d47bb9f154524a40b1	2474	05-06-27[05]	703
4214262de58fd831b0f696362081b841f6de3e531f251363afd1e92a3125a8798f8cb98ee4c021a407c75caac9489aa9c179940e53801312786eb029eed87b0d	2475	05-06-27[06]	385
5d0ae30eed3dc7a50b321dfae7e35417bfa23c237e62fbd86793b75c0c6f6d30beac6d3cd739df20bebfcfe1a5ff760ae38701320cb02acc6f7abfd6ac34cff5	2476	05-06-28[02]	80
e5fc3ede34f070651117127dc443d9126d5a73ef9f53f34838a0e3e2f5313b04843a183812773d9c0dd1b304e6caa1c4f9556ac88d263917c5a81af1ebc526da	2477	05-06-29[03]	121
fec6c54d0c926a070de954c8363cc1155ea3009b27056f731e07edd0939e0065959cc93c430618a51437299806bba05d70915733459754e022c7b67e47b9760e	2478	05-06-29[05]	329
11d15f7d58c9b207035d12ab7040e592b3f2cf68ad2ddee57e33b7a2863432b947e577316595ef4afb66e6f379c8c58290b44ba3724f2440317552ec68888b95	2479	05-06-29[06]	538
84d189ed1fbdc24cf87747864a2476c6aef28a5e5aed2d21cbb62b3bbd763641ab8c82dd54011303543c00beda90aa958aa1a162fdfc8d6508079646226400b4	2480	05-07-03[02]	400
f8c1fd06c271faddfe7e1b2c897de35810012f9e9e63cb1626959567c30288a5bbfa4f18d345e1770b0ae0d667ff81da603ec91560387ba8e3ae1d503d045286	2481	05-07-03[03]	692
25ca732a5a7c97da74cf977dcc9bade7ae537df49b32fd56fa7290f3d7f2ff9a4881321af3737da8a86ec2ea50106309ebe3bdb9814f13b8b3f1e16317c14e32	2482	05-07-03[07]	114
e52bfe392a5aadff75dbe1f0df43b6f18b17ac141ca0458f06735188f859f872c15b3210a87be827e2678a90cd53b472579d7706c7a71d0f5e69a6fd785d6580	2483	05-07-04[03]	139
27523cf42544be2fe75336d785fbe0b422abcc9c7fcba3209884af5a1588d74706414c7f387195ccc6b8170cdf60aa13259913466eea2786ea9d7f550837d9bc	2484	05-07-05[02]	94
76c9b85261e9abce95e2eaf863ac3092daa3b58137443a1459c4b0d264adb8d8c106fbc9b961674df6eb37edb874db2ab1b7f2ac0778e245404cca33a8806a33	2485	05-07-07[03]	1076
66d4cf26a92d2ce2128e783417bc69df4e1f472518ffde9dba2a2c5ffb6f516f7672522e9125e4d76b1dfa130309078dd7b05604c1f47ba8a2211d758ff0df65	2486	05-07-07[04]	396
e918ea2f32093383525ade9eced8ca611074d2876742f3bc5a26a89f29515bb18eb505d9e9855c55de0b8975f6f93273b6abba64e74168facff66f66ac2c3105	2487	05-07-08[02]	152
ebe436277f973409e4a493308e1c85565155a44cb789572ee5b09fc6bd573ad7700fbfed519213d0696f0ee4a102163952d257f4b3ba22cd177f1195ba66edc0	2488	05-07-08[05]	533
28d86067940c5a156dde1f8fd3d6b4d08410fb8b145eda9e17bbc02b2e532a59e127640609431ecdfbb94a26b7ab8fa2258a8ccdc2c4000bd38a90d315344e7a	2489	05-07-09[02]	57
16ec1c4e141240f2237aa651b7cc0496641e980f2cb75b9323c8281154516b8ec9e9d7f659c63b9449447dde31ce91b1c309e54479c4db64196e4996f229ecd2	2490	05-07-11[02]	218
59eea094a2f7d5ac5fc9988a8dd8c0ffde7fe995b6e8062265e5e5fb1769bf04f26fed7d7df9a286f08b3e9f99291939d05e2607fb6ffd94119e4d704f82d423	2491	05-07-11[03]	908
c359dc560241f28fcdcd9baad70bff443f3da6c2b3f22bc8e7c1ef9f3723a3c64c67aaad05cc98654785bdaaf65c137e8622af3e3cf310c8db88b48d6472529a	2492	05-07-11[06]	139
2a081ac6ce5fa7500c16b15f319f363bf911491c1f0dd8f3e3ce52f054407fa04ad429013e84a25cb00f091abd086ef20b81c0d3be6522a94868273607132f54	2493	05-07-12[02]	83
2d4a7f25b81e4384ef667dcee5158866258b5c6934b78d9019b550172984dddfff1992c52036ec6af11f40e33258d2533bbee919fab9fa277edfe48d969c8529	2494	05-07-12[03]	81
e10c363ea02982587f179592b0ed16e63f109dd9a12da2fc8509483bd4d0b6fe3a65df99aa21ddcad92d2418c012e3e39987a864ce365cd28bb422faa815f087	2495	05-07-13[02]	1200
337f872f4e0960b6ff8e334849fd8fbd41f97d3f3bff4df4e0e0e344ec3564504018ca6bb421ee58e83afbde0e128763050d2ee111b7d13a01e1e5d83ce72eba	2496	05-07-13[02]	118
7e2c07df9af5e7d1df92866d7da5e2162a19c5ff29e0c774ea1bc945a3537b0bfc851d591facf937bc8d79b87129d415d7d3698db532c40274d9c49c9fe288cf	2497	05-07-13[03]	105
d496d23ce8dd312d6027574db02cefc3b515142359873b09aab66c9acbc067dd42fb3334f63c3e707e4178649babb089fc4d3767d61b4fc5d977cb5201fd45ef	2498	05-07-13[06]	382
23c6a889602f62109609e1fcf8864c635fca5fe81a545a25869d2cb0e41960cbbf9be2aa2f53ae2cc0f7075133b5bcd89b0d775927126941241602b2834edc34	2499	05-07-16[02]	211
0638fdd76ba8431816ddef0adcf7e64e0791de69fd732523dd6d15eb9d13bdf2531355ec979801c4686db50f602b5cbda82dcb8c9e2f43465379a2bbbd55e3e6	2500	05-07-16[03]	72
50d9add2eecc09a0f37df6d9d717c2ad8c48dbacb318fe0ac026977a025dd3bb2dc6b20558650c35fd56e14da50881bc2afad7eeb68d8ac6dd02f6f6d6b89247	2501	05-07-17[02]	59
9caa020cbef02dd1fdb73694c257cee853fd00eac140d71d36f92777af90a3a333b905a86c672541255bad1ee7f248a80090bff9de48b38c7c6869ea6ece9514	2502	05-07-17[04]	92
29f5534da8e215e7a85ac39bf20f07778080234e3e018db09c98b9bdb5708612691ede903feed447fd26c5e3f25bb749e2dc32a69f162ffab4cad90c07b1591c	2503	05-07-19[02]	129
fc14896bdf9eff2dae90f20c59dd29857c2e7213da2d2936416e66260f9efca6896870336c7d367ef5e73d483de87bd415496f91ee0b772a1968e655dd42ccbc	2504	05-07-19[04]	92
f2100e8aa9a734111734bb99fee5a9c62b112367b5efe787ffb71465804cfe8335792e6bcc3c722d65d2c5f70caa43880a4cb8d8cfcd30acaf78af5923a5ae35	2505	05-07-20[02]	385
14594c099ad342b070c1afc4487ff9c3eca32060b7eb172a23f48e22070c0ce12c2e07c1f24cdcccec324b7b870c77b43cb6627bdaef945cc2cdfe9f690ec13b	2506	05-07-20[07]	156
8f00fa4c16a4172a734f90b31c01e71fad77587974abfb30af999867ae6ba289bbadf21386e865e52e47f0ff8c93439a2aa82685ec3aeb4e1b8feffff7a42746	2507	05-07-20[08]	40
35d560c3cee17aa6c480680ec61e3b749b42323e321a6968818039b5fac4534b8e4ca1cb5afb6a5fd7b7477b8f65e4a9c12ad7e63247ee92c5f621607237b2bc	2508	05-07-22[02]	68
8df9f77c7eca02a396644a842e586849e1a53467391a4e2cf8b97c68bae571b6b9d5b4257b02286a8cf650c18338f5204722f38f8e4487d9a97fcbd588b4387c	2509	05-07-24[03]	270
39e3137fe6a81f60d150cd65acd8cc01cbd29c532244e0cc547c117617e5b38d5617b73a073a30c76c8f84993613fd19831afe5ac64eaa301c05f754fe624585	2510	05-07-25[02]	137
58cb1c7763f87c13d310267a8116620a7fcfa44913996118a945356efcdb3f3094987bff50ebb60b7e313240c026379c9b086f2fbe5f93e541aa6ac991d34e00	2511	05-07-25[03]	123
98fcd7df0f4bbea6a119f7258df1b19359e75de2f6c21c42f118540657a32ba65221aabec4d485b1bdf3130137add04c37b9714d0ca2aa750fe87332f600e43b	2512	05-07-25[04]	100
a2da35cf95c9bd49607fad63c3a17117f487e9ba8a76acfba998406acc14559a4f207d61931a7910081e5cc2f8a9a7811499dc1e2d509b49bbf6d72f96f798bb	2513	05-07-25[05]	90
af05f881f63f105a7c4c9e3ccf217ca84330d0e4f62959d8d0141272a32742752cbfa3a4efc82433909118b221302fe0061115feba8515f2680d5692a654c454	2514	05-07-25[08]	357
a1431b360036e490800ddf594c684a9073b732e89583ddaa3752fa919adfa7dd997eb524a8ce7bd12a95d7fe3992a955e451b007c9e298d33aeaaf9e6dd71d9e	2515	05-07-25[09]	259
d7b7bee3129c7a790556adc8dd5079bae0ab58e8678d1a86f23fc77a7b2f81fb51321754a1dba88de83bb4d1bd7436b1bd6bd117003833793f9c34b04352320a	2516	05-07-30[01]	193
43ac9087e0371fbee710a2847afaeed83e6dbccc3894c31e90422ba72289594557c1f62e86cb734b67aa4d8a7df10c2374aafb49e032db3a9a9155dac92d9f3d	2517	05-08-01[03]	168
0a1c8f8eff7f8f858e9e257686eea1c7e41deade0521fdd2b54344115e3e14d8af02f7d690cd9ebd3346001d2d2d1e16b317edf69e8d023e989deaacf9a39ab0	2518	05-08-01[04]	291
5cf347b73d98144452582b14386e3dc7c5f9d40180e488e5304ae23c3b5da8a93c37869daeec67d8fa8509f8a5e872e893b403b800aaeb0980722b5521586646	2519	05-08-02[01]	862
0bd3e2171b26d338ab883baf07853ad4b78fcbdf288121ceb48292709643cb127dd2996148fdc866da5e2575f7143cd6b83d6da3f91d90ef1db05bdfe60f8b80	2520	05-08-02[03]	75
63cfa00a1711d491e55fc80de08b4cd3697ab0e8887a28a0abea291d2e78fbf7139f9bbdd0c8138322de95761ff2b6ef43ff59b329ab3f82b46cd7291f5d95f1	2521	05-08-02[05]	209
0788636c36661e222c06ecfb1502bf85f25cf5b674b45dd39e7705f78868a72f311c185388f5966aa15aeb834c5172580b9de5089281070be9c8c5c3350fbb8f	2522	05-08-02[06]	216
cd678e518679d1bc1ff3a54da82525d2154261b75a6e6a104aea887f31a5923df88476323e72c7900ee6ce7184a7cd48d4f702f8ac2598510d2f34c7530b60f3	2523	05-08-03[01]	828
5084d5ded70696c464a930cae15520f1557e72d577c38fd8bc2702c835539bdf698e0e6296c05f161787ee7874b1ca4a60ecaf34dda922b9a629a683e984eae0	2524	05-08-04[02]	141
4387b9750abb293a5b5cecebcf961f64ee0cc5b06e5f1e5078bbeac517b5a6314525022b6e06d130da59e427191f95b47acd8293bf60937366aafc8091e896e0	2525	05-08-04[03]	166
18031a119698aa6c8dd495da0311b5dc9d07733667e802a2a7c4529a8678070492c2a3ad0cc3d7662e3ecc6a3e011a6750ee36cf7d4a47d4ea09e434d5101259	2526	05-08-07[04]	83
32d12171beb6777b342272a6c309689ae645a9605e8529f98e31e4e05f20d7d3b941526b6f59fda1c0b25bbd474f8c74ce4d6f1d9726d5e62271f40a2e4a9534	2527	05-08-08[03]	75
d8d70ac82dde5c8976f5892ba7b4f1a10bc4f504bdf7c8a86c084358e83b1fc7ca13d42f2074a00a39719730b49bf8329155ab54307cd06a9a26104811c49e3d	2528	05-08-08[04]	136
89d876275f185996567501e1554be1a4466a57e8260bfdf89e2555c0f2be8ec935beada71815a99d14e347ed65fa9c26375e86885fa2b6f656daff3b67e25e85	2529	05-08-09[04]	112
4e6c1edeee7fb5ff35e395cfe901e94293562d5d9b824d2df45875ee8c9f18ddd8304762544a273ba2def3d84458f39996e054fc1f4066fc0b73da84092469f8	2530	05-08-09[06]	297
8d237dff060f4dc779b32589fca59cf16474ba8c6d5dc12f6447f8a69810a2aa36f001d8017a2992ceb6f5567c76246cb0381007fa5550907dc29012cdc58297	2531	05-08-13[03]	261
7fe1a92a65b1caa649a18ba42eb131a3babb2b27985bd54404e921c5f6366f1b51a7d3dc7bb5bcf3367f7860ab9ca29a5f19edde8563a68512e545c2368aaf47	2532	05-08-13[04]	82
485c87f226c748ca2f039bf6fdae0aeabd92d6568a5b8de86d5e6a067fc0865bb37a1e567ffabc918235a9f70b3275f3c2bedf3a72431de4bdb3a19b9cdf1d1c	2533	05-08-14[02]	65
7212686cfdae125b200427e135c298c6be13c35fa0fe3b0d0e3a9a7543b30aee8ac668ebd3009a684e167ae8135d0621e2b834c48604a2ccd89a8cfa0e77c8c0	2534	05-08-14[04]	179
c5900b31ad3aa8a786442dafbd4bb171e4f2864a56e9d2d1477a423926b05633fdbd0b9cd7c253d2454598e65daeff789d349bf25e8750f3eb6612e83aff36e8	2535	05-08-17[02]	209
2a31ff73c69f17dcd23806c881b23af21ba1676a6f99899d5afd2dfda7af0c247bf63636270186b6783f796f00004cc5a0a9aa0ab6602843874cbbbf26b4903b	2536	05-08-17[03]	937
0595062bb23b6205acd3fb1f657380b3a0c1b4aae718770f54b35b521ac1bdb1e2ff6e843d10c4a44854788be1aa84d342e2cccafb3c43443d9b65295a85f6ee	2537	05-08-18[01]	1116
4389d86150bda078f340a241965f3a896bd950775cae36af1262fc6df8b921d6e2840f6237b35e9558ca7eb41a1c8904ecc27a5578f199d0d53a74f9c0e9f0fe	2538	05-08-18[03]	119
6da8af7cfc6d7007a3d176dfe0543d26782790cc6f38fd8ad5fa9580cbf4ad912edbaa151644bd3e1f4575fbc1f3e157f07a2ceb3b8c53b51385d3dc546475ac	2539	05-08-19[01]	190
985b0aca23be1be63183c1535313f81d93839d7a188e5678081d45a438fdce6a1449d4155b10cab4ffbbc799479075c2f6b8ac11269575780988a40e8e73a6b0	2540	05-08-19[02]	76
bed0c4d1d60b765825dcea75ec2c6ff23751c3c285eced33daee86442681179cf7f4fed26f3f909f97246c4c9bb6f6ebd07e70a8623be3ce5072e5745b2d621a	2541	05-08-19[04]	174
20ab721016ce955e47066017c241660c5dda3cfe2c536900e874e2f9b60058baf5906598679f3267c623077313fcffbefad0fa9ef31ba60f9110b7016cbcd31d	2542	05-08-19[06]	144
345caa94e6959c280dc88698b427908e67b4a9a631bad31e263ba017e160ac728442d7cae9a3481e0e5f0fcdf58fd5af714081ec214157d01f02cf065c8eb800	2543	05-08-20[01]	89
dcb571e8c8b2d30cbf135bce750ddb2deb6bb11bfddbee2999547dc9273163442ed8805d1983981bc33ffb6366a9baa8994d4db8e5b3efc24da7918182278e4c	2544	05-08-20[05]	342
a77a42e5ba1f30faa085d8fb10f8419d29b19223578325f281538af74ff28641e2427bc638300a1e14b3c56de632405bca5bd27b6ee3d25da5b521fa3e5235ea	2545	05-08-21[06]	113
1afdcecd2bcc3abefec3a999d787afe687491dc6e44e804c6169f4848c90c9e13ece2715ac358291c63675b6aa0e7a1333aa96035ac4b207c82fc2b6b25f92cc	2546	05-08-22[02]	63
2bcfc4154d281a1ec6de3e1a39b2e8063ac48b1dc66e44fe529b1fccd73fe039d9b6066c0e27098d66eaab17d21ad80f892eb73bd19a21b556efc7c1cdd5ebca	2547	05-08-22[04]	186
61568be6bea1e00dc6214c147d041b25e5c84d94ad710ccbe67eedf1db901168d23b6f504aaca88e683df6687c8411fbc4a1cea127a2bf476a487b5114c6cf7b	2548	05-08-23[01]	79
b26424dfc6d8e9e6083de3464fc2ab0fdbf945baea640ff3d1f74833186e842105f00bcb144b18d452d3adf46ea23900c7a42537cda71a08aef2796ee1562c4b	2549	05-08-23[03]	95
3c804b5b6a380eef9d9d80a01d303baf947f07f8dbe7ac9c88e7103b48b4c18522503331cb348222816803782cfd86b8915350c06cfae56ef763e74be84305d5	2550	05-08-23[04]	113
ff90450a8acfe39e05332e6076dd13b9a7296c9995a270526a3b9f9f1c4a5fc7d7f6e720f6c9b1037ed32a9f2833febd92d99762a1d96352e3c39001b5dc6b40	2551	05-08-26[02]	156
ee3c7ed7bfdea85c693cf000bbcc49086e4afe060fe3378570470850a1d37e2b1b3f660d0a929a4632d5cdd3a79d07768188dd1420769189ec428d3cf670eaa6	2552	05-08-26[04]	91
e023f8559fcbd0325c84dc84519e7f5a4f50bf1053cc26e63d7cf7fa7af81ddf817a7388f61b2fb9c39347b26c0d64ca20904369596e72e8cfa3c43591e49fd4	2553	05-08-27[01]	1200
37fbf5baa182f911bc6157fb3fb83e53d503c0461d0a059171aeaa2172cece4066d65e6263ee055a3d4d0c623ad0ef44c85bb02c01b4fdce92f7f97e6f327c6e	2554	05-08-27[01]	457
e308541e04beae8c188778ea0bb3c810241dfff4518fbd606c787e3ea49f7c1bae27d2e8080d452f5fa7b429f55fa36f4169c0747a714fafeb51884a7a5ce9da	2555	05-08-27[03]	91
9851c62c74f544a0fa49fa4dfe7b1e4634ec71db28c1ccb578ca9b849eec7b2a7e881a5b712d5de5c0bef5486d502c30d969ae4372ef4c9ae7c7e46f392e715f	2556	05-08-28[02]	62
80d2ed4bfd80d1e4d4a6d25c1ffa1ac70318aba24a643d9743543cae00c4bb1d646005f672f6b6fadb827cbc65a44999879f9a299616ef2da4473c824372f85b	2557	05-08-29[02]	320
e35a82279d8b3a2431a33b214762cc3fe24a76ac147701cc02ab99d864eb55b1505c479e1edbba1229be294b69caa5d13de7eca88959ac8fd4fa3ceb402c46fe	2558	05-09-02[01]	62
b4961198bf8e25a819056f337b099b6e8cbe96d6c498e116fbd89b59ff4d65b03d0d8dcab7010d7ac6bf6b160d2d58d55e76b97c9c3d9c9b1030580bf175315d	2559	05-09-02[06]	85
23366352798cd82ae2d4e53ae729eea11dfb62694cf48e03af42cfc667deff85b167e3f826fb9c33e762b19cdf17f3160aa53484805d33d87152b300226681e9	2560	05-09-03[05]	304
49c5f3472ea46d6c0a1b19f8714be3e729cf9e3aca904b307e04ac995c45976f699108beff6ec81c12bf020ac5ccc59e6dafb52aa3b401c66feaa7638adb637f	2561	05-09-04[03]	142
43527c34069834356c9dccf80bcf276aa55ce88127530cb83f5d26956271c401b4fdad9fd071464cb811189a4d3fc9198d825de35777164ae2ad5b8da9019455	2562	05-09-05[02]	98
7f94b238aa39d889fb32e24abd18ff822604c47757bc830bbb79ab59db4712dc65ccf971fbab3c4cab8a8db99dc37a14bd3fb9debeb9432eb0356a4bf7959965	2563	05-09-05[03]	162
802e4587a4e21aa402d2f75475e70a43526f0d2a711970516825e3ef261798dc80cfb0b8fa04b4adc4e4eb11075f046877a829b9288ac55bdb0c006413045422	2564	05-09-05[06]	254
576883c293018771067ae70f6750626bc036f9a3d49e04e97d928c82509f06948f7363fd4178852ee08597cd9be157801e09c920527c9029eb6fa90bb64105a9	2565	05-09-06[01]	282
d0eab9ce9312f8998b81c62115f32ed60274ed8197200d18fe8cf9d2c09b10f2d92b7c699f95a7fb78e0fe284473b781405a4342c5587864b70c48835d324a26	2566	05-09-06[02]	116
e8dc8954bbc46791fd3f7d9838b149ecbc27d25c287c4f065a4f1081ffad8426956c5b335056aa02c065b00d74b4d7d1d164c0c7db24e10d9bf3b087d5943dd9	2567	05-09-07[02]	97
87bddd5ecca6005391e98a20b36461f56a983eb69c4a16df8cace3ec71758eeeb586f260159fe78addb06255e51a1fe967342cf6755f357bed763ad7605fc59c	2568	05-09-07[03]	113
48b8c95e4f7a5452d284ccb9db290d37c8e29ff0950af97fcb00088e18858c28b69d8e690ad2d06926db7131314c6c3799cb61e89cd53acfee671a7bb773f467	2569	05-09-08[03]	94
98499f0f52f7f84f7a5aefd5239d2c03368be5802592f597f9783381da3bd0a9123751c2f0b0f196972bdea47e93832a10cf23ff6c32f30756fde96daa78ca9c	2570	05-09-09[01]	538
c6d73b65722af4a1c603ccc4aab670086bda3d4d596edb3917b362254e0d106c4d0ff32735dde15444d1333cdbec0a528994a8f36977c65dd01a188c67a61fd1	2571	05-09-09[02]	58
0fc94de9b476adee895b20d5cb100769b8ea9dcb5982b73ae9b3495d98c0e15fab0c9c89fd4b4ef02ecc5698d75ff51f5c635c1c81f9fcf9a5f8bdb7da201178	2572	05-09-12[02]	213
93777a95d9317fa3601d175d0d5fe23e4e80558f65b0b97175ed15c46d667abc275eba0a090d694a28a0f4d247ca7ce2ed7563c718e994776c8d5b25eccdb10b	2573	05-09-13[02]	137
e821d7acfb09c8d29e3a48c7e83acabeebb6d51fe6b2c549950107d432929679ea496fdc48650e021c1808a1c31a7a252e65d63e319efcc21a515e486e7f1ab3	2574	05-09-13[04]	324
50adb4b93763d369e4dc8525f432815ac11b10f6de3f0bf0ad7d7031808918459bafaf38e63ba5c26ba54b53fd184d518a87106012d8205a295f58b16e3250c9	2575	05-09-14[01]	87
b34dfdf604bd0464b1b71d8a566b0e94f55c6d98405024580023209335d370c4e6198259a7e4988ad8108c45592012cd40e93a06c2e7b2b18480534383b9a999	2576	05-09-15[04]	290
85701cc1b478ec4f266de5047af7889f01666add36dbfea7c6144e5b2a329f9e9130752102132500e9e4673fc208e9e2e140272818f5c3d534edb98f26bf29f6	2577	05-09-16[03]	739
5ec7c979546f89123b356c1efc97dcaeacebc06ecd94db6d622cc219be74f4a6480333862031f41cb5cc8faa87faf800c5a9b9489419b5d636ea64c1ae161619	2578	05-09-16[04]	326
0482153e9b155a677f029ac9a93f46900d78f1831c0e1dd478a8f636a8b0f621d1e455a8a46c91f856c0394626ff25fd8ed69e8a74a5f6c27e4bba7d08114839	2579	05-09-18[02]	916
3052a62601bd073c02403186b4a832a2bf781f23a64f6a446945ec1b8bbebfe3d820706d573a9b22792e326c67d467ae054406b239902be9f4eb10376ce272c4	2580	05-09-19[02]	80
40255489459bb4eb1452a0890a5d182df5d8212089d28fc9b3f3bbb804d22c2c793fd311495ec4a8641daee54f260a60078bd5017dcba42075a6317ad392f174	2581	05-09-21[03]	180
067e5f36128a163a9707745e2ebe937c389c42016b599a10d4c3e3e5e076f62e5f24560a402625751fa7ac66565a761af3cd6803cf8dcf3f314304a930db6fc5	2582	05-09-23[01]	90
69aeb0537ef279bd8b1e3fbc3c7a2966e2833f96652df4b7ba416b7d1d3b65d2178310ebca9d52220b2bc8ab2b42c634aba23cc1c342733a8cffa6b30a0fb5da	2583	05-09-24[02]	205
ea57b6ec03ee5fd78b5d9fd1c92f74e538127e17917d500276769344c5cf87d72bd912fcef2c5a54820cb87b324a87b7db7eb7481aa173f74dd1f5b768173f16	2584	05-09-24[04]	1160
03c9a116479b5a5bbbb1a0b96fbc82a2a279a533b0e42957fa2201b5ff566f1c1f6c6e4ffb40db5c096ceb4113227340e987e013e8fdee96ca115ccb15fe8883	2585	05-09-25[01]	191
ea73c55970b0526bb9eb8adcca3d827be38951cdbb9c5df785dd03e799813f20972cca73e1fc23356f6ae53dd4241ba4f86a513fac0ab1ee3c656d9868e4ef7a	2586	05-09-25[05]	195
43ed8cf3692ba2693f6d6c16b517ff458641a0e581694735589b77b8c20d4a821a7006fa0546c145fc15a97c5824b542842221edf4c472eb66b9fe81bfecaead	2587	05-09-26[01]	110
1607e065c5e3c095e34ad055b8d293be7c65e7a2fb22f3f831ffbaa5aa8dac7182a4d12c7158ed2e54f6db80d6f017ebd0e2f4baf2752631ddb8e2e6b148aeb8	2588	05-09-29[02]	153
2de2d70ae9e4ec33d6d0ae7a2b603041b6bd1d4a42982f8627e7178f7cee6c91df9bb2dfbffc30853ccd3527c7e7983bcecb59da2ad69ba427bad018d55cea92	2589	05-09-29[03]	254
c8f3f96a1d1ce7285e14533df4715a55bcafa3fba72e6097aae91238d568acb8c772dfee0bdc645c8929c7458d626d595c9b0232b4d657edf7b1c37c0178004e	2590	05-10-02[02]	164
5b0515a179de516ed70b32b778469b8f47f8b7e6ba7dc6804b29c72d448269e76540917ebee1a49741050fcd366add02efbc553c8969a81ceca6d2bd893846ad	2591	05-10-02[03]	149
fc76b3a15a28229a2855874b68099ceb84b2be23940efdb450e13aa34348baad12001c9fe3fbe04073e22baf7e2bb8714b512716dc1a0dbdd33b4c5096caf60f	2592	05-10-03[03]	114
7216abd39a8282cd9243190409a6cba83f11def6d0c5166554cf63cc3d2c207cdab5830627cb5bf230be0ea3019965ebd1ed38964a08a69536eae33a7ce17dd2	2593	05-10-03[04]	268
fe7a9ae792b96b51cec753be5a2c32f978f527f017615c8747a926629cf3e5808936877c5a62278c10ba448a0188ae46b597db23f5a7a8d7a6066c0367a64860	2594	05-10-03[05]	206
cc0acbbad406179e42a2917b9894d18b890c69bbcd03baa52d41652b53046bac52048298049eb0d0d82607a3275e8726ff6cc3b36449388573441a29017cddcb	2595	05-10-03[06]	92
07436696f1dda5e6afda4db75fdce2ed0aaf774ba9ab968e800e106f50d82776be8ec722cf4a846cd72872600a269355a0d2a1665701d529b74ad0f0afc38028	2596	05-10-03[07]	346
0e5e8ed1f56c71cfd71817331b5007e273693cb1336122ef88defe33b5eeeee27729d3f6ab84c4990f42ff6035189fadb49b537ec0e3f0d969390daf9a326493	2597	05-10-04[02]	557
136f018d304f479af23f20ccec67c44de6f497166a9882dfa8e86f0bb94f8c456793f508039454559d1ec81f151457278cf051ec00b0a349562c0a9e71b698e0	2598	05-10-08[05]	1200
0a33d3eee55fffdbbc8f32ae33a80a128e0d7fc716205f4fc8804f1b3c70bcdf99fbd044184ecfc32384df7608efe23039549e4cf07b1b4022ba7c5be7f4ff35	2599	05-10-08[05]	1012
3385a76000a2bafb6f4a71921096f90e6214b05c84f7f64dc5ba94283e13c6a9c9e38eaa762a6f9c4207367e0d7aaa4c91654c5ba3dd65990b8af7c49dcbd817	2600	05-10-08[06]	220
f9793e3e8b80c4649f0377b4c1c77defa9c37ddef3b20902b5a279caf259b58863929f595a50415892aa8852d2a8545eb959fe6846ddce7a95a0b554d28498c8	2601	05-10-08[08]	428
d408a1b09feabfa779ff8bdddc962db11f607121bcdc4feb0f96a47d798fc7714c6ea4949896b1b2544cfad6a94c58de5f2062739ed51662d6fab6053c55fdd0	2602	05-10-08[09]	97
67ed1e111d91b3b2202395829e67edd1d18bd1fd14f5f4b1debda96401c7cb52118ffe4b57b5329212a03c0ada74e0ff588161b3ddd98bede60e30a523e3cebd	2603	05-10-08[10]	584
0fbd22106571ea1ef49fc37f90362ec7660f42ff4123f6fe3a64491e7811e33f2531953513570a823993aced393a847e5b26cc07f574c2fc117395d33df5f23c	2604	05-10-10[02]	83
3e83a0c22f807f27eb9cbaf862414b446a8f2f9b427805d29b4d8e9e2de2cf54680cf0893c22867369a06d2d68a1c99e22c019e35e7acf371fc2fe240063fb48	2605	05-10-10[03]	195
2f263dff683e876c8d5c281855b350e27fddd5afda651f07888b14e8f8884a084a2fdaf0dfba4921b6f7bdd2267f343d2c4cd59cffc6435e725082ae1dae660f	2606	05-10-10[04]	147
19244bea42e17053dba42b7344fcc8025e0c5865d39a5eca78798ddba7c03b1eb5af86aaac8a843fc60eaba57f9659547f413956cd50837a2badbd3638488469	2607	05-10-10[06]	304
cb46255e9f7aa54c58b6eab83009b1143aee67759a433869fb654e60eb61030cdcceddd21c3bae0684a14c2f8e88548d389f6ddbef8e752b5e0e06a28d67e873	2608	05-10-11[01]	110
03c99fff109f400d5f806a38faae2ce220685eaa9bd2c633a126530b724a1cb39ac8de40541a56410738b9d25202e1b82cdf4ca006a693c30f7258b5476959aa	2609	05-10-12[02]	179
07966e014c854f97a2b7b71e2b86d2585d273522fae5cd9af7026054d2d1ffe8baf3939d62b516e6c25177c6a438fdc9b50a5f64ca8b54d081cbf200541bde40	2610	05-10-13[03]	134
463ea4039dc518d49df7e307b39daa3800481ca43f95496b57198c0c9c07a751933d5329c4c62e5d1e31d13b0ee1b6c9e7a43b6f735319cadf22eda92811759b	2611	05-10-13[04]	175
f61cb41b7876daacbfa3dcbf87f7aadc669f1b102de7911ea51dd2bb2563f726e195b5cf0cfb4d1918892bd5e9fbded3c385c90a2346a4ec149605c1e9d0a31b	2612	05-10-13[05]	218
04c345eb2fd9d2585ec76a94565b94d55bd3442db2e211331015aba52633522e28bf3ad03c4aef66705c4e75aa36becb27c47d46de3524968a8a6f15a800b73e	2613	05-10-14[02]	138
748f20acd1cefcc9396fbb22cc4b43a5c769a2711277d602f2e753802b7d8fda7a37d4e0ee05943f400456545b93717f2a16e0976527220e51d66fc6fb7c3295	2614	05-10-14[03]	593
8da3f98e3c7c2fb34a5f94132aa68e2cc32e7a92b7b495378c03877fe5c3bebb2dd43436e1e19e51bf5a9fe2f8ef5b7530c32709cb37700a21fbcf77b2e2483f	2615	05-10-15[04]	92
53c77fb1dedc61161a1aff5604f02542612eea1ee7c4b510cf1166f1d189c69c0bf58f847ab37da5a457dd66a70ab68d1164f876fe8e3b3baa5a302951067689	2616	05-10-15[05]	1069
11fca06e80faabecc7696083299e1dcca5c3a5ac885039afb7bceaa1293a798b338f0feafc38ea3e31a61843cbd9206a24f4e64cce51d5065dacc09f082fad5a	2617	05-10-16[04]	243
4bafd5a60da9a6788af255f3f2c35840d1a8a63be86fa98feb31ccccd7de71c34300a0b0a59da9497ad118d888b07e3f07aae0748ef9f73e74a185939c5d06f6	2618	05-10-18[02]	324
bfd31f04b7e940ebd49300fb1eacb270835a1fa6fb064c84898ee1bb019604ee90137a6a528ad7219719f997881fd1024718ce9f21534b942faccc2042ad9e88	2619	05-10-18[03]	369
d653e4e0130f6d0ba828310272d0d2db0486b3c5a60b65da07d197ced044e3d1d8a2f20face3b80239a6a6ec50115079f8ec633dd5f5334dfb7929dc960bb5c5	2620	05-10-19[02]	218
562d5c7cb443a22bd35d0fea6190573071066aff98ae647b4847bb9c177d6a756a5ae1d0d15ae0c7f17ea1ed167d421bebaa9f086b32a3b2c8cc6a75274588f7	2621	05-10-20[02]	519
7494766f0db76d2c8e27c8fc129211d1325b2add7cae7e206f922c42b940054c488f7b5928c32a0d18fb5ec6ab1b9db11985efdd63aba6b7b65aeedf6a6465de	2622	05-10-21[01]	965
51548281d57f32f29bec61a682d0596a0f762bb6066f48f7aeaa8b9dc56299089809d5cf350eb6af0eba204ca092ef55c17a5d8626e70df4194c266443198628	2623	05-10-23[01]	52
59dfbcddd45ad8b11a5a47f918cfcfa08ef8e25bae3c16e137e6667e74b89acc72a86cefcb571f84adf7ea2883fc6443a75ec4e98a92ec4d332815c38406d92d	2624	05-10-24[03]	130
5e8099bfdee42f833fba52c458423c7a475c45db610d730363a77c352fa94f7f83f04cac81436e329eb3f75188c653f490311b7effc4a95ce077b8df69a4c9ed	2625	05-10-25[03]	283
2010d9fad642afa3047903b8e2c309a1deaa30ee2480a0d39f27d13659ded15020ab6b0f7745b377ea774dad97de667f4822d9cde2abaadb71e9d814a5ec7a4a	2626	05-10-25[04]	171
ea17eef1980710e9920138dcdcf493ea592c012208b390e0710e75aa7949cd4b7ab558d4d3c781cc693cf44a0e7192efe4cf3a608ab4fbeb103b4532cfe86148	2627	05-10-25[06]	424
caaa9a0dab12881d6051a736f8181b9094ce79980166a8aa0713147c6f35cb169e88e0a3d81870cb3ed77188f9b62875fb7d99fe83f39ef5d9c40f587f910c31	2628	05-10-29[02]	628
e49b4ac8c87f650ea4ebe85399ef5db98c3a9a127e27862fd5a629ad5c327777886ec043db6bebbb6096f0231d921d477b053518620a071e7bb7d308ab213b82	2629	05-11-03[02]	118
90738cab0643a680d24b77e60eed93b9fa4c4233395a3f83fa3acf1c198530df4393ae062bc11c1ebe95c25b9e33f6260d8d175c964a4cccf9ad2606e3b38dfc	2630	05-11-03[03]	552
d58a432346b9e8d8389ce339fd3018656842566d27155a5fa05db17c9dc71adafd91d5bacb9464b45d9b46a77219dc1f33c7688f2b2840870fba8b67c710aa44	2631	05-11-03[04]	184
86ff18ecf50907b1e8f0711c92ca4a34bfb63b001cb0c51567f8aefcee41338e460ac311320da86706806530f170433697b3fb647cf44be02efd7657b1426478	2632	05-11-04[02]	425
0d3955eb8fbb92b275e341ff2dd9d538ebae16f67cc1560a970e4846f9b3f20472f024492fa10a49d7fe08b546455ae0c162acc76d0ae90a816f25e35b49dcd2	2633	05-11-05[02]	87
d6a88bd2da02479702b4d0735f234f636edfdf429bf1fea41aac87a600f33b1839e8902ca4de4dbf97c3317c8f6bd0db5fa32c0f6d0600291047d4b6274f2302	2634	05-11-05[03]	1153
84099bc4e6c295ff0f2cacc9335dc9f7f21617895ba6cb44615937a3dd6a35bfc0e2b2c95b2e17a94f326459b1db26d1828d69b50520c8bd1f925ca40c82955b	2635	05-11-07[02]	134
f20152ad06e5690049abfa7b2d5346c904a09a478bbe2178ad330e21b838c724b774cc7f5b5d18b800ce21725eef947f26128a772338ab0ad49b6c2201ea6393	2636	05-11-07[03]	168
ae56f187ab6275441d27017bdc53ae24e0d45566e929d11884d70dc3a821ad19a733443c736bfd11becb2ab2ffbb3ecaf212b55c0db7e338fd90a3c4a9300c94	2637	05-11-07[04]	150
3ad222385a6476749a1d68fbf4aa01874c7c5e85e26b53f229fddcba6fc93db9e6d6777e2bfe5a8e1831cfe084a523a9d1b51452bb91e6b8c727eb8ae25bcd40	2638	05-11-09[02]	1200
b5082fdf725ecf928fe27ca179b0b72bf0ab91304eeb5599bb1b72f513f3d0412256a4a65d15a9383ec0e792d2e40e73c774c9a3e8b2efcc602cc1378241008f	2639	05-11-09[02]	847
eaa90e334204db432ce0796e1089742ba2cce583875dc2fadd848ae3bf563142b50e526ad9d358c593e37c1c695ea2d5a220e107ae690565f11772845a177504	2640	05-11-09[03]	1002
d01713a966820aba5a0d1d623b9156a70008edab5fdd2d4be0a3df0da13029936def24abb2ebfb8700bb452f3f216198226e678687114514b35a03ba717600f5	2641	05-11-09[04]	194
826839aa7ee57ff1e531968dddab7673b88c3c09a718b8221a54b352f976f367feb525a1d91c73271594b7734a562a09b74fd0a1b440b20bd6fb87eb4864d001	2642	05-11-09[05]	227
405be297eccc1a280de872e363f54560295c2e19c0739f3a0182e248b2eec5b8b90b5de2108ade68ed185576035bda36c4b3f820118a0ae9b00d77b29260e0dc	2643	05-11-15[03]	103
50c726a445ec95318c4762a1a7a56b003803cfb95955bb8d1bc1e7e7dc5147b070d168056910c3d92176a8f7ad60c408fd39abd3a78edef358a4bdfc1c7e7f5f	2644	05-11-15[04]	296
d74f22953c4cc175ebaddc787078ca8cbe6a2eeed8003311065ae3e298586aa03b1a137c6508c4d52ed7ab2d1cd882c00afd4c9d5de170123e2472507bc7dd46	2645	05-11-15[05]	367
2fe88e8e378dce9162b64bb26935277d481d1bc88704d7184d58e37771b4c43829532fd66234eadb72717701de181b2e8c1c66da0a280896eeda164acb4b779c	2646	05-11-17[03]	406
ac7257ddd2a36cd77cf431ca31f2a2e42634d6ad56628955df081b92f864cd5ca3e604313b73c5551860711c35bfabc28def1422a0df69553f93f17016ffb752	2647	05-11-17[05]	229
9f3a97aaee0cb42babc4040a4344e9cd2895bf06301d46676d9be29bd832258c9226ffdde469f6827fdb595f32741426a1b8ccc9b9fb150f7955f5ceea2abbce	2648	05-11-18[02]	462
91241bcc800f70806347c64a40705bca907d4d70bf4e2a7069750183a46e6f8f253fd2ef14c526baf174329488c23526b6c88e18dee50c7ae3a8e194fc7232e7	2649	05-11-19[02]	987
ee9d662eed3614a956d6e0dd3b83e7ac6a2f9fd313ceaf905436b6aa6e14178969bbe7476c0a599f9b7f70c04b922431de8e50d32415505a10e20bd526178781	2650	05-11-22[06]	173
2ed40be68dec3124f169571bf8470ccf89bf5d8e99105e4d4a4be436d00a55c5b18e49bbfcaa9dbca56ddef673e2a5cb5f5af9d19ff63f5d4751c72428aafa1d	2651	05-11-22[07]	820
a515180416e9b31aea2238b4a40aaf361bfadd8a2835893a6d4b158d9d722f0d1f0680ccad1f6a5f5ef502bca1c3405ef02027c3a22a418c42f2b40241839d4c	2652	05-11-23[03]	86
64243d19eb5f2600bb975a6f73981dc60abe98f6e6821df5581f6f69475ff2a53ef36abdf88d7152d3fb94a7153e3ae2dcedd23df5b72f03c35272ff26f5ab0a	2653	05-11-25[02]	308
b60731fb473168a66f413a4d3becabebe1e2dd90e3c3d2355187e0d3d2b22103873700479ad3325fb66e09f677a529e249b65aa23173f94e3dd7cf1d073f5070	2654	05-11-25[03]	659
208281d83f014c4043804c046ada0d9b9a0148d80a334af0f68b2e6759f6f079ccc567660a0b917b5a25089703c901b397e75b0567ee1aa61c6681cd65aa46b2	2655	05-11-25[04]	290
07839e9383c2426e47a7ccc1e265fa338f39de23540227510e7954d71e563b332b7efac173631b98fff879e907c0a241a71b5e6f04093a0acd892d60c5d56b1b	2656	05-11-25[05]	233
ede72f84e0452bbbcb8a899cbf0cc11c1e7bbc9692fe789f8bc837939b915164b5a78b78af6ee7effce2ae2b7276fdaf1bf951f69e72ac5086ebe088f1e32980	2657	05-11-28[02]	647
369f5f60e8c4a695a1c95d090c9711a1a7d69f9e383cdb7e6aeb04df25a99ea14954e8cf9ac5ed2601e44e4daccf3ed65c4de035e73c49eafdb74a2495abb32d	2658	05-11-28[03]	136
572a41d40ba11ec90acef594d4690bdf015eddd06e4c97ade73a775095efd7288ae0549b00af46e939c48d0a8b17c39912edfe72f7e1ac126406a12613fb6e8d	2659	05-11-28[04]	70
4ff5def2a66da3e1d23451e295a62b3d9f19ff150d7c63a67672553fb195844d55523fc1baa5d8f1089358a1f1a2043031068f9280f7ad9174dc39e227b33cbf	2660	05-12-01[01]	324
2147c60e057e8ca687f3411d288500e64eebc922760f9371885c84cbf4abef912473520054db355cceefa90fa2219bbb0f4efcfde35543f3da9f215c88f9876d	2661	05-12-04[02]	97
42021b05e37ededd11ef6e63a174aa80a1878f2fa8efcbb4158e5ed307301d97c0b9cfebefc006906414ab5ca4b969d6c3021f145a0568210d49bf8b7ac14c97	2662	05-12-04[03]	194
ab71936845ab4ced39b45d63e6e272562f369af91f8637d76891a5a37f84417f21193c5a3e4763a142d35f85e98164d43df17b2a3148f69bc6a333b3e63443e1	2663	05-12-05[02]	349
65de17c87549d05f2fc96472a6380b3036bafaafe316364931a65888a6a1d713b27d974b73d471d557befb69b9962fe02d8cd0dbd805d9452016b9fd18aa0acf	2664	05-12-05[04]	249
5527e661959163decd49d36920887160c1e1d0ab463a4bf777e6e7eb6d72669378f694d914a4a18a8dddb127f7059f56974e0e91d96333322418c629100a5a40	2665	05-12-05[05]	136
d2416fbe1cbf175514c24f7f72ffb8b4933c661c3273d72b17098b31fc17b13325c2f9250abcf25c3ba51eed6fd49c161ad13586c093e6250044ebb14152be43	2666	05-12-05[06]	153
6ad5ad477647d74f6838200359a13a6aa1d3aa82f27c79a1f6f66b7910c3cbd6ae23fe9a3b3ae2857ddf39ab182c0b6d6b15d04de9c3048c6b7811c56edfb2a1	2667	05-12-07[02]	1200
b5057e8fbcec422a2c393ec69c799970385822debd9c6c12e3aabfdf46f20f888f39f836a88fb884a20b22506826ce2e6e450060bbcde038c82c12f68690b15c	2668	05-12-07[02]	613
a3dd871152c2e80f148354a640ba0b5af7a35190b5fd13d2f0c3322c926e116b674c5082aac6078e36b13457d92292e8075e199508e066622f740ed0fc4a1930	2669	05-12-10[02]	145
fd83f18e45a29b01ed38746e9c65709c46f5cbcc46a01b5b12ef9d23c4ef5905f8fb7a3c2608fc796f9cb4f0cb5678036250950cd71f106eb97e6be0257cac8b	2670	05-12-11[02]	171
57614ebdc564022dcaf4b73fad7dcbed6f29dce2a57dfec0ce6856d72f46cae41cdf92c35ad9def2d9aa92a5f8d712de7f2a026770d74f7038a1a9d0b5a8d3d5	2671	05-12-11[03]	618
b26a9c609dcba56bc88d3bf3a82789a014dbb4e3c933422efd1b52e6ffe30225a5c78e5c8ce5f6bac9cfd29a6871d3a4f1a013eeb225e538b77765e5d63b2baa	2672	05-12-11[04]	113
d1e7f72b97c5d42c5468f722c212e234186c1b7fe3619b53df5705b22d0b77b2c128001407098275cb1435aa93276ca0a9ad85a7ca17d951241781691c3a88db	2673	05-12-11[05]	727
71bf1775a91855ece7a8e0946a034471a64ec043fdaf07352ed2fc5ff57e41e02e2081cc1be78d6c24a1a19401e53c0aefea1fc12c310c5b1fc032f4259d33c4	2674	05-12-15[04]	326
89f77f6c5d15d82baf17c90bc8e8f176970545a89e08ff4f3b8d38a6342b0102e1298d8d948fbba9421fec0518c9ea9b0804cb791fcc30b8f4ff64ce32904844	2675	05-12-16[03]	195
ae061e7513e221004917dadf4fe44f269b8060f9b638572159ad64029d2c92692385d809f0a121d7aa253cb54601949fcfe10ee852e8cbbe4edcbd8a3a64e7f3	2676	05-12-18[02]	231
8c67a1b191e06548576311b0c9efc7a0bb22180871f29d3a75b918150eefceacf3f6d971049b97c728a7f52e3471edf5992738c17d70233b075429b85ab610fc	2677	05-12-19[05]	289
f90ea0658178b4f197dba5773452d5851f71d4712c18f214b29c1bf9e8340795d1709cf017a25dc26f9cb350f6c42246ca8498d4f8ea7939df4e2ff7b2cc1c25	2678	05-12-20[02]	274
fb4e438340938decb75e51008b60a8d43c5812ca8e9eeee9ccb50e020422320930214b76332719645e88956424e014ba35ad666afebc407c2bf84b97a7ecbea2	2679	05-12-20[04]	1200
3f8634a63228c702d6f9a8580b34479d3bbfc632abbde6e325678c5b5d14434db210f5f9f68aac3d47ce9c7b7c9f5a6da88645b0a99887c4f2a2f3dc0634f5d0	2680	05-12-20[04]	373
5ef64e014c6b53940cdc6760667b9b38b9261c44659fa27e2c1b591c652381df1394fd9c6bb65aa4cdbb380b57d18313bc277f44c6e7d2f724fb485a1473c0be	2681	05-12-21[02]	79
800143a7ca138f01b4b41b4bc63d6400d2c2097c1b292d7763e70370839da72d5a49796c78ce44e80175be5f6e9184388544f5397ef334a9dabf915f73d5d447	2682	05-12-22[02]	101
916dc8f801259dbd9ea0a4d13d2326b4e66670df292507decd3c81892d63b552d01bd6b7c78627a7f29da3bf419ddc62bc4faf88d62475b3baaf590a899d020f	2683	05-12-23[01]	813
2ced9a7baed6cb8eeca58e953ce694cb1f9d851fdef34972eadf1456987750517203a4cc6dcfb183f7baa9b83f4b333baaf12c1b719abdaa42badcd6b66f1a6e	2684	05-12-24[01]	98
2b33c06d77465158ed70603e303d63324e996568c08c8d8301f86a1a52d597b8805f9f4e3ac8ae47446c0fed6ff4e611925d2d50fba1158f45a70256d671e335	2685	05-12-24[02]	490
25756dbc21cdc9dd37c4fbc40df8df4332c86f41659dcfcffe6392cc51f1b344272c7f4107fe24c0edcb9a9fc37a51609281939b29ab8931919078c0a8d72aac	2686	05-12-25[01]	1200
2ba0ee172607cf704c2356779d7653195b15eb1fe3a26c1d1423508cc59941f71b76027e99df78af92e3a3347662954b4527a06df9fca3cbcd289ae4898a3189	2687	05-12-25[01]	343
d769f1e546dcbc4218cd727bfa34d8ba1ecad5a983b51caf190a33c32066d18e5605461b5a346d62568c9664772899f0f89c244306de65bb111c3873df6f5e85	2688	05-12-25[02]	139
4bbd6e982d35609a5262648dde34093abdc9770c97864b1e50dcb2997475c3126d85200618211f9a3e7e5fa4e0c785a47e4365c10f046643fd30c982a1e92a96	2689	05-12-25[03]	155
1ca8184c3013475658b4ca085f8c044f4e98f47dcce6800aad0ef6f63f37ee58464efcdc2984173711f2b1ea136067b1d63dc22e7af318961db0c02eea258c26	2690	05-12-25[04]	553
3a17b2c2241099739da2883eaf49713152e3730cd7d2a4e416b2bc4e5306f2455df067f5957ee6a69145237fd4468c951cc34db9bba7c30e0ed6f3a49befac64	2691	05-12-26[01]	349
a950d44a62281a44309e0f9992b36142d7013292b72235e4d3560162c6dd75dae5286ecf77f0c2c7da35a72948d480f455965d9fb4f605aa0190ec935324d3f7	2692	05-12-27[04]	154
b9d7988b67344dbac8fc5d33d30ef3d8c5e4871d2176dd4cb8d6bb10d69fdc571733342590e3c0399846a5e77b31f33e6248ed77eb0c5b6962d7bc60c3143cca	2693	05-12-27[07]	541
8313854edce31c81c490d7368cb130c1d6661f380534b6078652e8f66e89ae63d43ba31459d7d314def17d3dfcfed40de800ca9c3cd33d6c07159f112cafc48f	2694	05-12-28[01]	156
1823e00322663602253baf04fc1e03baa7c73300497256731930ed5c8ef4a1bb720c92415769d7d4450ce148f2a6b10b6b19a1ea7ecceac4dbcf5747c8cbdee1	2695	05-12-29[02]	345
3a2f3aaf34d97b285bc5c650a4302daff81babbf60f2e6c29c2ff8d8a1fc8975e750d24c0ff09bd73c6505966105390c4f8bb4ea62edf4c693c5c93ba080a6a8	2696	05-12-29[03]	1200
f66c6dad277613c34a38eb6eb24b161897ae04e0972ec30af03b431b733507d86fe9d9a333435e7d0a9dd710e3613e9c8c34ad7794006b53bdfe430a8b3d5c77	2697	05-12-29[03]	1200
f856cb793dbd68e523e1fa8af1636a6e917d5a3cb33b3f44dbed7eb4f2d62c848c69dd696ab34732d4e51a9a732f2b81b3d8e2e7b70f575caac0c2fda48690ff	2698	05-12-29[03]	772
0dcc822eb90e3b908e0767d321ca3727c1404ad8ccbbe20a79012e4bb1fdb7eb20dd2b38ef098660b6cb120d9f3cbcc054d930f552577b53704bbaad844a28d7	2699	06-01-01[01]	265
39afd07ca768062dca322541204480f4752a0d1aaf9ed5b2ac97e982a574e2993185d575651cb7c9149a32effc2edc1535d7ab7ff6b5666f7e96e573c0212747	2700	06-01-01[02]	583
9c485b41cefdee4d1dd1be804be4b9b691623f8fbdcb1edc0902cf9b5b2d70dad48f3359398ac802a4cb5459ce3b98ae6ea2bda3fe3b8749822ff5ce1a609be5	2701	06-01-02[01]	200
95d741ae3bbfbc4cdc55d5c461431b5a7a0ee650685c7b2a4248c93b8638f610f6d7c0866657cefd4653a4199c6be0bde4c9cf7ebfd9985bf5ca522a399f60e9	2702	06-01-04[02]	91
c7364723d649e366233ee1c22a882d329053cdbec3abe74d60b837129f687c82e296d25b2dbed657b1178214588d4951cf03557644773dd5686e44105820bcc6	2703	06-01-04[07]	321
2eb93a5b7be6d12c52ad1a3cf635e9f36d699d941c5498957dbb8d351aefcff284a2eac6e277c45777b19f6fa40714f001f361014071d6a980a9215979a03819	2704	06-01-05[04]	339
40a71f669c7e1d8dfc01fe390eb5fef814836f7c376d84f04e7f22bac32e35d5abf578646dc3f4ac65ad8e97bc4a716bb8e1a46b662a47c236e1827674e2acec	2705	06-01-05[05]	101
96f589e589cd6febf5846323b10bfe6add1050d7ba96bbfde5b9efdf1220a6920bbc240324347d447f54dbfc518260bdb58be79bbc62f87afefee67f119b0eeb	2706	06-01-06[01]	210
6fa77882681b4d7756d4e1abc5682c10a5e784b7d4963cac8173fef85389514e73b4044be7bdf6c0598de0894b841d79bfa34607d89326f24aa07c0fae0e3167	2707	06-01-08[01]	258
fab6a7202b826f07e60ee1630a8f61bfa20e74c90393ddda687f18b227017a130ad060a93b8bdac7fa8138a40b23c540863c8361480d35d4c9fba6d1aaa4d1df	2708	06-01-08[02]	1200
73ee5ddeeef7ca765c8253a8da3ee36c057dec6b2f89d41425aad86e1b0aad3967fb1f331eb622fc53df79c9cb5865d3debf04eb27872e51ef3d8fe7c00ec128	2709	06-01-08[02]	219
35b030c24038057e264ab9206dd950c01ea70c40313878c66e250fbeefda755419c8a6e60bf6bf388dc3bc6f8ef498cccb0481dcd16fd1dc3ff171c3d900224a	2710	06-01-09[02]	259
13a7ba450dc2750c92a22ccbd9915362904006be1dc342b2cb2c57b85feb055e9ddc182d7743178a35e6d46abab0b9a80452cb9ad4dd088cfd6b8e374091d792	2711	06-01-10[01]	378
4fe73b6b91195c21e75175e28bb1b9a9e0f77838993711a0e7fa9dfb075bcda7fd044fb85f95d479d5196ddd410d7b229ca3103c19e3071753f53197ddff90ef	2712	06-01-11[01]	74
cc87c86e41d9b11fd5b78d23dad814412b40378237ef2b7258d629cb04e5eb23b543152859a66168a0601c3fb248ca089a9e41850f9b5f66c902e2d8882d5cd0	2713	06-01-14[01]	116
1ff8cb3523c230d6973c515c609a106a43a0e6ed34a92b05dcfe9a591cbe75ed89acb14e1585f8e8bc855d1b9865efb68b7484983998baedceeedc56261f4ae3	2714	06-01-17[01]	1200
c2150542593e57101be33050b2a241a57dd81fcf3fce1ec8192b4b596edbd168d06c37171d1e9ec01ba214f619960a5bc394a177a56bb6a496691b605c69410f	2715	06-01-17[01]	416
e0ae05c65518d92b602c1c2329f7d693caf29bbf09ab793102d7da466bbeca5a5cc9a4a211ca08718d27a4acaced2f32309c102fb46cc5c63a0dfaf7770b7a12	2716	06-01-17[02]	123
524f206fe914c65e70bcc0c2c30cfb86064db9b54c43dcf1a7036653cf8ee067755f8372d338aa79a414881b6824d95052982062e78e9e6e6b8a4b8bc0b574ac	2717	06-01-18[01]	110
b93b77b3c7d643bccc854d861f4b3bf966c5e53404f44ef9a71c753fcbf80b20ce34232c86c460ac5cea003608e0c973a3c72d5223569535c306f4af59e3318e	2718	06-01-18[02]	190
8dddb65db75807164b9cac1357a02dc1d2ec6338a9ac0b1b7fc59c5b571adcd63ba1aca763a9fa74f10f5a9f0074c15ea528b06dcea8c39d85f3f3f1790fe777	2719	06-01-20[05]	830
29c6d497a2c460b333d99f935c405bf420c566538e79c4f2efa5bc588e064b660ed00639df5f0714c58f250d96cafe8872644ff2f5d532723b99371a128870c9	2720	06-01-21[03]	137
6eb44a5e2d6a2090f248cb3c5dff5542c5d3e1a6f3dfde86dcd0be788968562bf18c2e79c54b75a169e598481d96eecc7423eca9523baa81ab3e34606c5f9a92	2721	06-01-22[01]	1200
d0fb5520755ca4ded3cb85c9a369036b4bf56301d6775f65bb558ac539f4f8299b20d2526dc905561a5e58019e3485a16a60c8c6909da2df9e2d6e5f063a9401	2722	06-01-22[01]	1200
b7c27c289d3b25897a13c136d9d71ea0d7d378371c80b911e9e494f9ba620775b4ed3c5e45b36021598e38a57bf514906578d9e02591399c596a892510d5e2cf	2723	06-01-22[01]	111
53562527acc3221a58381a25b7d1055ebb125fa2ca27506651118b6e742de23b9685698a34203a61dec5eeee40d8007997e3bc3327d40358e16cf1abaaa4768a	2724	06-01-24[05]	220
d4329b2b7c5a1d5edac71c56be57de331d4432980f974783ab88df645b3c72696d5e5febf95f5080e86e171c4dc9766d0983e022da8d488653fc53ff2daa2376	2725	06-01-24[06]	81
7d63dfad8e5fbf56040c9e891b8340e151514ea91a1eb76e5677892f33638567fed4ce5a40c15e81562f9410c27b2df5cf2f00fdc3509fc321eb6898f79234b4	2726	06-01-25[07]	750
4ad396bde8884c299812b885439950b7dd6cf817b651fedb4a1a90288c8396c8027ef7d4276c10abefa3a005f716c6f0882c15aae58e2934eb0f161c77423643	2727	06-01-26[01]	102
84416d2d8ed99cfd66ea1e5759d0712ebdf2748ebf147d1c78b6ad1e9dd4f07940cb5c79ae31f87dd1d0b18ee9a07448fbf48a8949d7da7110b839cbfa23e989	2728	06-01-27[01]	166
924e730f7b0698394c1fe06238dc2c525df7744d92bb8a588f2e2ca97a6f27b082abf446f91e3dc37940170d9ba4bac19ac3d00ff87a7d7b07cf1762ffe0ac8d	2729	06-01-28[01]	596
d89211f4e453b7933e6e4850f78178e9c3b0473ebbfa76c66c71e402a786370f5a3e7007d1d5b0c5d969e19c3f47a34eea65c5196362f5c8890227f0a2d0b20f	2730	06-01-28[03]	455
c8375a9a2d6db0fd1a557f1654241ede62aa56409f8dfcacd16eab2b7c50d6de293577a7f2bf0943aa2fe6093f047ba8b860de58f5050f7387518a665285fd0c	2731	06-01-28[05]	180
5ebd7be68d0c725249e74f3c31d7dfc00ba0e8d1a2f9a040d734d5e1c5ffb485be14849303b515a6848a89a9e185746fe6940acc7062cacd6be0bb7cc91a6748	2732	06-01-28[06]	208
44705e70be8f4bab20021dd59d92ec76788ffe6e8f5eef5685f2b3ce94d84bf719ced2077fcd9a3e2d3c4256d579915547357a4773b21d9f844c0a952721e62d	2733	06-01-29[02]	91
91881c51bf26b0529c59cf1cb29cab620b2560a5ab091dcd2a014f86bf65d44b195ed2d856041371229f6f125e7fd64e09cd92ad37fbd2ffb2ffc67d3bcd2eec	2734	06-01-29[04]	549
a9dcd31863011650a89c4cc0010b0f08d918a4f505f9a43571337ed0d420d5853550539a5f3d77ffff0099855b451a05384bc6efd1f41d4a2374b1f553a69e10	2735	06-02-01[03]	343
93b54459aa525fb16348c60f895a19c36aa597bb7ab6b61dd6520fbb2a432c4e339f264d36bc999662522193338189cc0eacaaaa4937975cc9fbf646382cf0ee	2736	06-02-01[04]	73
5083dcff9bde4efd2b023e9a73fc8dde5854982dd27c0f7bc937f6f279d5b4e8035accaf72c8eacf559dbd00b9ec290189b9957f97b051af29e84c75a6d1e297	2737	06-02-03[06]	190
47fd900bb942fd730052aa1a97fbe214845021126f520c5a27add4df1c20140ee9ca6e338889452606c3e1e89ca39db4de38a2ae79641eaca6292bb8bd7673fc	2738	06-02-04[04]	117
4bc68696b5cc134e93995638c4db1b32f575cb355a32dfa9de6e4e473246c3f3ca41a6ce3aa773ba6743912d9fbda872d79a27bc7538f04c11bd5fc0dc3964c6	2739	06-02-05[01]	119
cd422e6b98df95eee895462429512ae74c43275026a9c0eab3455a7839a5b80d9de047f259b66bd65142298ab50dba887a9848e065e5f13f4eebee3ef1725a11	2740	06-02-05[03]	358
7e2144d8e97fdde02e623af67d04a3d25ba4a921855598d55b32d8042cac4c61c5f43e1c2aed8626ace7000d5a5068932356c64d9a62bab9886e578a708f81df	2741	06-02-06[01]	270
a0382bae43429607db635597a17a1bf2e86541f828f818d8ec8a73f2d5e2ae79c0bb56b5d368a38f2fc358872abc33ff2928eb51c33dd44201129e145f1df0a0	2742	06-02-06[03]	1200
69a21a3f192e142bf3d7a185f6eaa037c796ba4547f9c0135bd10b56b98b29fde4fcd9b574fd4f45ecf7d2cc47375d55f0469e924f937a3320c5332c8769618c	2743	06-02-06[03]	287
2a7d9f331c77301410f677ac0ce2798a30fbb4a14ab56ae948953ee20806364f87d653c90419c5fdc20a9f78de04a61d87cb69a053de17b0ce9631c7a8651e23	2744	06-02-06[04]	680
67914ddf62966d6cd097ab1c879e6b2256f1ba14b8ae99faa1196dfcf5262a86ea11c2ceb351ab58e0b0fbd9d82698d157809b663d62a54c9e0ec7cf513785b7	2745	06-02-07[02]	1200
bac2d8f76039e1c48744a970734d788cf162b65c41658fce7237014d6cebcbf85171e1e6a16354cb2d0d351b2e631095974cefe7f03505e55e77960fbde99ec5	2746	06-02-07[02]	771
7451418b73e54f2fa542e12d4a70fe2093fea7c8b158be43e89ce0c5bf6ead4e6c02b5a76c6217abe15d828f1a55070e03c790618624c035811a52717efd68f8	2747	06-02-07[03]	829
de6176326cb8554662aeed65a080df635e9d54b31952c010804d5aa187162db5dcd805223f0923d6185ab798f1fc4431749f5ce67171798f304c8ad18f985681	2748	06-02-07[04]	1200
372c33f19ab55adc4f96116164d4e8d6337a9ebd72c0de37a152003d212e6eb66d448b7cd404b30139e64f81cbff2c298dc505a6e07cfb732a7cd28763af484a	2749	06-02-07[04]	104
6c99cd2ec4749a9bb10f23d945c1a70bea6dc608be8d74f893a8a421891c2f8e9197050be56338ef98e98094abecb778da6dcc29dfbbee0b1d57ee1fbab1dd88	2750	06-02-07[05]	953
b983e8dcb325be434a4ead1a36f9bc2da0f647cfb80ea8fb77cb13cb8a70cdb6a901b482b196ad25169b4d2b50b0d90580691f92a6a2e2a48e53321c0f5fdf21	2751	06-02-08[01]	1200
768cd8c4ed967b0ed1a0c38a39143cc411e5d428a2d8b70d3a75fe63ab26ddbee1ee0312f95b69d76b420af479b678182bfbedd3882cf1398e6277e8a0a206a8	2752	06-02-08[01]	248
f779d0872bf0a0ea6e23e83b922a9138f27ae90c5de2ea64a19339be7c8493fd2bd467da2c0701303bd0501d8d7ff933040964ecd69588ce555d3fdca76f1cde	2753	06-02-08[02]	108
217fb3b20c567f89daf00524e8f0ca20449d4ccb2cc49b0be0f68dffc5cb1a5244ccdd58da5336acd11fe494c560aa6749b1e5a10826d52812d94959e433dd05	2754	06-02-09[01]	241
897fa09de654623a491ba1503684487c070cfad160357c11ea725621d7eda260f9f741f70bdd62090001a53af5304bcb7d5c052f52177c2dfcf02fe4e87fe801	2755	06-02-10[01]	113
11cfc797230eabd98430d3c48ac50bb292023b18b0cf635e5e3b91efc40069f385cb26b6aad6077916e2742bff663858397bd1e5330989493e999f1034ad6cee	2756	06-02-11[03]	594
901920e6b6c8a1e126de5d39105b55a28698ae82fc45badbe86f46251908981aaf1293bcaa87fa7dae4dd34a80450545b0f6a7d12f19916e710c9cf36077a8e3	2757	06-02-12[02]	199
423ffa2bbdf77ed75d62246eb9b0dcd58534f4a7b71afe6ba3c3625999c29ea7e9ec974a233a5d51b87cd3282803f4e3be68a4fe228ce6dba5dff2744a537e0b	2758	06-02-12[03]	97
05cda45b062a120edfe2efeda3c33cbc983d47c3183c55c1e54967272a085edf1bc426ea6e09e42ea7f11e4b015a00d17e2e7f5e71f57961ec834817e92817e7	2759	06-02-13[01]	882
e30eb478dc458ebf655acdd728937ef91974da0cc1df458993f7d24e3d22d8840ba5b340e41c89e618f9a6f4a6de6a6f05097c865d0a874b6f9fb2be07f6f336	2760	06-02-13[03]	174
5aff2fe4cb28f8f8d3e7762c32c38ce85513698b323fe786187f323eee14cfa7b698c8f5266a717b58c0ec9231400a322e86ade8d8e9345fba515069dae47d46	2761	06-02-13[05]	336
cf413d48c4ee98d66dc16aebb58baf96279638d4d2050876fda2aaaa65b594d0f4d3bb08656d156b2b9b2f71a7595cd664ac3647a4c16eaff090db97c0dec173	2762	06-02-13[06]	88
082b66d3f7c8664c3683fd1e33536a5a3ca567fc4ea1813780c4aa612762ccc3584547efd2640e137d46901ec07269e51d019fbf2e9240f2f3d191bf6426246c	2763	06-02-13[08]	557
df21982f046f8d232d83bb824bb19a6af7b6c4bb97d4b189f66ca996fa9f54ad998e0bd89bca2cf70e796d7d38ea42cd629ebeb53f6b961636067b8962b0e1f7	2764	06-02-14[03]	1200
02ca2eb58b8ef475c801abb01dd4fab6e560d1a9293e14ca10785618d15aa351ea4dccdde0fbdafc09b6014d3eeb725037dbc86d6b53efd259e00efeefc9f308	2765	06-02-14[03]	456
af08fc0f6ed5d0f2ebb9e12372e7039fce1f4343a636d06d16bced0b2e8eb5cbf6fc2f4b542ca631759c37abded53c90da28430b2518058b063279225949a4dc	2766	06-02-14[05]	74
261dbb0a57a63075786b2de46ebe2b7e2d45d15e73d845a71832e988e7483a767f9e3661bc3b104796f68bfd9ef6c367a10a2cb3b2fb334e61f0473d9a5854f6	2767	06-02-14[06]	543
f0e9876191b08de1de61a1c6f78e7d4620c085d1ac7544ab325a6718d4558b3316330083033201bba408f3065d8cd30a7bb1e7d410037f83ca754c8afa181166	2768	06-02-15[02]	820
2fafdf170a2e80e833ea396f486a1109f4c4e770b94c83a52d6293fa3acea37a8f02e5285cd9a0694554ce165a9e733c8780d30953fecf4362226fd76008970c	2769	06-02-16[01]	401
89e7143a160142bc099f7bdbf49f5de07c1f4e665bbbde8c78c15776ffef9053e333330596cd441e80e9f165451871295396a576f257ee4024bef78a8efdba7d	2770	06-02-16[02]	120
f9cf0492bc926c63e7193854a4a40831f1b36672d21f174581a7b4d5c391d49a0d16c936f86f129980aae1d53cec21e8c38f921d3a5516ca2558d667a0570b31	2771	06-02-16[03]	90
8617adf10ea518f6be6bcee220a157109ced86461c301a662db41e360dba50034505ecb9b5e8754b21e725ada7cb7728078029119ecbde1cffb78685ce048f71	2772	06-02-17[03]	962
59e68c4c3cb80e09174a348ea1256a3216c755186cb717cfd45ede0c6c00db6b8bccc160457506ff6586fcaae40bf6f2f19871551f918a388c91ab89be04a16b	2773	06-02-17[04]	238
db570e9d0ad713f2ba34dac1e904508857bd6e9716bbf12a8234802564fb82feea879f3c3a81ef0a4ea9456b211024c226a83d606cea9c1ac17a5abbbf2380b2	2774	06-02-18[01]	44
72098eb649a484383f19ab56b766f2ab7d1056429582f8960e299e411e9328a322853c0ff524fccdaf8d6e5473bbcc0be375822138a4a9a4ed69b4fbd0eaa8e4	2775	06-02-18[02]	55
0d6cd22edbb6a11b5db89652e83f03782d65a47a7ae55206fdb5dbfedee7fa3ed7da8887b0c79f3e11258ee7370878b7e9ef5f046ca3b6443017d196f7b53c51	2776	06-02-21[03]	92
30546c0c3a2e403b2e2cea0ee8e991ff962b676b07f9e8ee046b63910d7e59acb0f6d33d20a4dbe06b2ae4e6ee2c10cd7e427ff86d7f867dd66dc5374e213ab4	2777	06-02-24[01]	98
4b00a660f690c176d1243b269377277d56112f888dbb774c791c80fdbe54556dda16d1e45bf7b8f40e9506762080ba9ccac7e8fb2a2a6d1c116877b5ae7367f3	2778	06-02-25[01]	152
4f29b2b18547b60d82a0b868192c62f8c67b4c68f291acf2a0b880adb80dfeaa954870c29188109a3ac921bb1c9943d4ed4626ad315e76527d0ddacb76ab8f14	2779	06-02-25[03]	95
c4ce1068e4c0eb9fcd5aef5a53fc728a5da86c2094bd5a109a6b344d4b1ed2f8afa9a77e1c36f961612224954c126b67e819a09d6b9aad1a6c7e08f636666138	2780	06-02-25[06]	594
51b52c2fb9d81e3ffb532af1451611d8c3ec5b460767029ab299e0113ee58b3c6f3b401fc8c6e8b9f81979d7f5ab19e426483b8479a31bf968ced82b3accb87c	2781	06-02-26[02]	131
98943aced1b90f786013a6be939a720421f0b3823135741c7df07b7b2e9e7943f963008abc24b094f3d9e544a94ce6bfbc4984cb41e0864bb4396d875ec8b63d	2782	06-02-26[03]	307
efeefe1405ac5032ca2be426e7f59d48c6d709a4879f06b294aa529ed519b8fb43eb4097a488427a60256a6b07ba687e14a3e20c99add2291422af1805afd708	2783	06-02-29[02]	150
8c59e089b3cdcb7100b1602e0773a3bf08f5018b9a7b258d568a655d53e82027964fd6bb44c8a213b45d0ed5d2de151467dedb88fd4dab906762f6cec65e5d97	2784	06-02-30[04]	222
3169d85cda794aa69a862a41bc1e0160777cd0a2862083bc99d4d4cbbda3e39877f9c96ad6598c0946bc597ad5dacbd2df9679e1583de28afe27f1a2ae535c34	2785	06-03-01[03]	231
19056db8eae1c68adb25c55394b9496fcfb8e239f8d1a25f94cdb799269b4fb12b8917d34f5fd80d4ed4df6e7aed73287a03927b38436dc1a1770cd314d75b1d	2786	06-03-01[06]	101
8ca1fc08e4f01411e42a36a566d4a72d28be0ae54f9c2270ec62d14b0f9b8a148058a6441fc0ff9801b40cd5661f296d555f8c58cde3533b5b593490e3e61c93	2787	06-03-02[06]	253
cfaea558742685c3b818585c8b89d022a69e798fb5d93d6d857955f88544362257ac7273673c2a020f3084c0db8f7c3bcfe80eed4e4d81c20dcd6a8937901f9d	2788	06-03-03[05]	140
52fde74db70c1150e39f7975d61bf377715888011f26dd8df3d9e2906629f6a4a984aae4b2c9721cd458683559e074f7df650a61b475467f4cdc178264e344d8	2789	06-03-04[03]	93
1a5847d66794a4b1ac271078d0d0b5edf573fb08ffc04d0246128415722b1f9b3b578d2c61cc6dc289f5e5973b9ab87e3bfaf5dbe094b3d5bd20e08bcf24ed06	2790	06-03-04[05]	154
c72f108a2968e42e8254d21e141212d646316b6ac8ad3763a71bb562b3b550cf270b9a7a3726b71267b91d65a519db5dbd46fdda973e993f6695a4630e074745	2791	06-03-06[02]	583
3a92c441858532060864951d69b2d8ff3c58af0c5d4831dccee74745ff574f67dafa306b516bf9bd2a69ee34111563d8cf2b77c21aa9256b010f2654b993b624	2792	06-03-07[02]	71
986b009c20e1a0218a1bbe4b75396f07958e3ae4e13e121102803d892bbfec2f9de6e378168fa6b27575c59173718d8c76e507178480397d5aa93d127b930341	2793	06-03-08[02]	1200
189baf3014d3df9e72bf781a66b65cf3e66e861b6af3033169533e44582ed314358217a9d0c6de70b1e41391f4a9d562bd1367990cbfafe8210422534afa3c0f	2794	06-03-08[02]	1200
fd1a4760335ca28c87642d69d48f5e439bbc41326414fa3206ba149fb74dc8d82523a17a1e64b04976eff2c809c00ef7b692de5ce8321586792b0a2aa4ffcad1	2795	06-03-08[02]	1200
57ae3c2ae966ee53b39b484fbb5d0c311dea0aa64dcd067f6ae9abd1740af137fd87beae336b8913f5da87b35300b93635df693f85dd562a35ded04b8cde5069	2796	06-03-08[02]	429
cbb7004e5901e608431594988c08e8927e18ff9d99a7773d1fff9c8b3f1c3e63b2ab6058c0bcc43c25226b802ef39ccfb458e786ffe8244512f41551bd1e55e2	2797	06-03-09[01]	127
c4709b15538deea982715baf68128edbd6a8a6f438710e60ddaa77ed3e00149a0fa0aa96dd775cc667fbdff82f8e741309a3d1ef918ec3a0c99543129beca3cb	2798	06-03-10[01]	127
3f982f700e28e6934fe250bbc3367d7e3121293e1695c1182898dfd50d8bd388bc5e1fb198ec5b59c6631aaca679b8f2b2584ddec51cc66d28339ce94e3419c8	2799	06-03-10[03]	356
9feb9f617f36ba77e670343dff91b6cb1898626d78d589441b0e7e64737c0a1784eb6c0bd3bdca39772a5acbee863ebe8b016482b3f5e67d02eee5fc3b0145e5	2800	06-03-11[02]	363
27e33f2a364a4a7490e74cd2fb6f16df63328cb2829cd9d285ff425f05db51f409b90dac261cac2cec663d82d1bd5c098add1d51ae345c9282543791341ea4f1	2801	06-03-12[01]	102
1a77f7b30fc6e9839b99aa642a87a4fe01e6ce63bd2917fbe440b069aadfe0ff5af2a702469d52a7843984958fc020e7ec5633271e8ccd8cf236365ec1e3e8b4	2802	06-03-12[02]	1200
f8a2049ca303035dc8921236998975e652a8934f9414c788d8b6f12988caa4d861bc1ca749bcd44ba18caf26608769d2c2e8b303975bb75b6da592ceade31eaa	2803	06-03-12[02]	1200
5625e71e5bb35ec12037a523b95c8ec9c379fded5c73af39bfc28b51e2a5acb71984ab9e8a53bf52928a8f03ffbcec45b87fd7f806f87b757483e6eb4d7317c9	2804	06-03-12[02]	1200
a037e79cc91a1430d8ba34fa4aa4cbb9e92864febe9a71e26445c7578933636180f12d3112a63d5fef0c55cbecf81592f846816d11cb0a55930025bd1c5369b7	2805	06-03-12[02]	623
c2900a1c030ffbd4e78601c277b80a268838e96b19f3456aec8335274f298b8d77371a37e5b4553ef9d270dc0f518c2ab8f820266f75e4f9e1a45bd5217030c8	2806	06-03-12[03]	224
b5348c66715173407edba1ddad0836ed6bc37441cbd256e58f4f32b2ee20b74e0ca06e72494e9c2653267a3e526d84b4b5e8b64fe8cdc734715e4379d863dfc4	2807	06-03-13[02]	118
361877f839956df384d8eb214b1b9481bd3fe987c936ec7082f83664024b91f4f3ed90d7a8a2bd016c7ea869a9a2a1de9994568bfd8a5fa8705fd1a111c80579	2808	06-03-13[03]	378
52361c7ed733b046f457404f3ed4cd9169ef17c6737bfebb4b608f3ef1ce9213cc8c917f777528ba32ae68a935108323cc93cc9da3bdaab4f9de08b384b33992	2809	06-03-14[01]	58
2f11a10751d0baa7079205eab01c0917cdda34326e4c6336fd0254450bc028c2793b7218c9f357ddb3e05f56d96da4f68492e1482d513ed4be182317f35b6300	2810	06-03-14[03]	170
8fef5c543e4bcc8208e74177877d954a0e1b08b5cbb3373ec05608817484e7a2ce34b9468078fbe51b872155e84eeda109dd15ce20c37079c642e38c9a8b865f	2811	06-03-16[02]	396
69ebfd30a53e344e7be925965cfcb73542ad9d59bfe2fd64820c9965284057d82acdad41eee4d9fed72eb6db9eae731ba1463addabab2eabc362274ffc3c3558	2812	06-03-16[03]	133
0bf8f67ed749400879a7ceac02b526df13a9fc95d9d04209b3d68a017b1aa277cff343a7525b973f6df34e3b40c8cfd0f905c9452d93b718e76ec4606e2cdf37	2813	06-03-17[03]	689
78aa6578580771d64e6ffd282824e4a5d4b520798880f210784edddd764860fe4dbfbbff4e07b53b98e8bb51b19281e9808d2a8f917b565cc166a29d4a032e32	2814	06-03-18[02]	69
a8d2869c483ce1319924884feb28d58b84b003719aae14c77b5e8ac7e718a551389810f43a357a75e032ea45cb4451ebcc86c9bf01aca2514a89700d2efd9377	2815	06-03-18[03]	162
a9d92c036e552d6441c693d858711ab39a56a23ed60e4b9a0259313a6ae6816541418db8e84bd9e7c281ba96bdc1e084d0e7e6fbe7de1c23405125af09418a0c	2816	06-03-20[02]	56
5ad0253fa77125e9bff4d85fca79f34ba01a6eed46a68815b2e0cf77058729dd875d1495444786efdea5febaaf5e59dc29a987ef0e4f055e57863dc06ed36cae	2817	06-03-20[04]	200
7c8ce28a22b2bee8e5a62129aeca920221102fd240152849ae171e28e987202d41e9032272ec820012a6574af0d2eb9b5edc832207113e5432a5bf3466c4470c	2818	06-03-21[01]	138
d25403df9bdd198e0170c05c462692787bb9a29904227d1d533c9239f47bda695327241cabf919850b8f4edec862f3e5c36be3fafc164f541ddc558dfc776cfa	2819	06-03-21[02]	972
3754b94ad7eec8fa69d961088b7bb9d13aa1c73bc8e34de01f528802bb4522205795788cc3843dd75f165aee3640855f26beb87a2859a48ea095d26c848a6780	2820	06-03-21[03]	408
7be5f1b85b72bff85093b4ef0a70086e469c3fb4ae5d9a6b91957dc36190d0aaddd57bd902bd486ef7762a7dc82fb1992e98f150922390f7e3f1015f9d65345c	2821	06-03-21[04]	1200
16cc2a899b4f65d0b5027283c4649b1e1c07e3793e3ce1f919ecd6889b7d0e5a7522f2edcb25ed3627f748cb0c10ac1bb67d1edceb5bd3c86200b7155aba8b6f	2822	06-03-21[04]	942
0ccad79fbfc240a5e248f945190404080124db3a13f453133a526eb122827bd4c9f73001a67fd8ea3dae879860a0d1ab40b6d33e14c9cea18be1972d5cda149c	2823	06-03-22[02]	428
e3d545a962d50c4de8014e9226abdc118ba4d3384ba0f0635e61f89d92fe531ad6733846e3f5b72f7b049f904dd540cf6805a0bdb9ad6450e3df662fce137689	2824	06-03-22[03]	1183
64f063ae143955ff5d52bc8f3e5ecbc9e4ef1a7ab97b0496a454f26d8d201032a59e3d19e5392fd8e605dd84257047e9269000d25f1a6aaec7103a82edb09ca0	2825	06-03-25[06]	87
073b8727f9dcf5cd369b75efdac8128f487c8309aa7562344cf69894c124ae675136d24e6319325a694cf557f62f2b8ef55f96a6ec8fa10f5ebe8f4e819f39c8	2826	06-03-26[01]	544
5ba185e298bcd33fb7294877df164d1010002c8bd7c8e0ba98b47f0ad026ae8bde1969556b499ad3109a6574985c568a3e20144c76f995b6d41a3a05f45138c5	2827	06-03-26[02]	658
50c214be2053edbbe7d20303dd2831014309bec4ed9ce2b1f6447b6fff1e414831e9b3ddbf35bf5703bfcb3c3a554fd372a69c156dc00b700c3d92a53747840a	2828	06-03-27[04]	223
53ef17e52942e3c5ade8b58c316e22e93007536c11b9a47e2dc8891e7c7e3d5db693c43c4cef428fa627e6d2453e4e42407013d48f63d18fdd0b0fb50644d640	2829	06-03-28[03]	499
167ad8c76283151407d69afc7c7f14e41039c30f5ceedf16123ac96de846913cb144fc2d4e43486e0f683133d9081b76bc8a71f1dbc3ec7c829ca88167d799ae	2830	06-04-01[01]	92
e515d0a4f3ecb37b647ce668f94f5b1f51142220130c5a82ee9316053a8ae2a7ebe17b1d913711a75ab6f405c6c1e93ff915b296893555e5d43ebf74322eece1	2831	06-04-04[03]	1200
e99767bac0211e6724b432a8056b53bd021b726d6223495f87ed9e77521902badf3c8a80cd50343f4ae3f3966913b20c8e38e248115482e05e31808c90f08546	2832	06-04-04[03]	418
71d05c90229db5b61acfddf78483aa913c45774635ddb79aeb169ee3f0cb4f4de5372f93d9ac603ced32c52239210f4b2f70f65d27f6bca100eaefe93f6330ec	2833	06-04-04[06]	165
011c732e7c1fc6333af92b255b7711c0e050a04b3f431c8e5537c2f4057817e6cf47dc929ed6d8a3919eac5501887e142139294edfb890df3c709a487f2b4644	2834	06-04-04[11]	232
96b8941d39c54bfee3be50a55cc4adc91071a9b45e631b87d6ee452c6024b1f8a9c8ca214b96a9a3d65e6b61b980205424d88222357c63646e9ad68ed67d0362	2835	06-04-05[02]	1200
1a1e671154f55c54cf4e05d89821dae6380a4b93980f1d69f341445ab25c5abcc1d1a938f327e4be684130eec945397f9dbcc152d06e0895bdf9ff1397c16f2c	2836	06-04-05[02]	1200
2aa379e98a5d842aaa27dfb85694cf456cd11fadf38703906a6154dcf3aea858a67313d9eeca798345996a65a413250988a9e8e19230ecc65d49adc342beaeb5	2837	06-04-05[02]	157
0f8e03fda2cf1080b9bc5ccba27fb4d5d6d345809ba49f55a6e045ee7b5aad8d1312670ad0f2bf02bf65d25bcb9fb5df3b18057211cd52780ee8f18d6818c3e1	2838	06-04-06[01]	671
d4269f48c62fef97fb5e7e52326b85f9850a9f51e1439eb9d660bf99408ddc34cf35b059bf65739b9a5e3b1ecbd1c312c1c9933eb52612a6bfa0a3b00f327084	2839	06-04-07[01]	159
42fae81c5a5db4174fba8e6a094c0791269dbdf7a788b9377d60dd7cb296b222f268b6aa72155450a3b19fdfbbf6a1766d051f9ebaf5bea1962c1d68bc9c4802	2840	06-04-07[02]	242
7a2cc020fb936efba2b6299669b06c91785122cb59f14c0ff032a1c3545eeb552b202d27933107164c96c5c10f669afb32ccac692f52abf1922554b06791c713	2841	06-04-09[03]	222
6a34083d7de43e78fba607c5c04b43ea81d17dea13637779db87c3a41872cb98b52281582f7d086194194f58bdbc1a22b444b92539d1d14d5e1b1f98b3da82f0	2842	06-04-09[04]	66
a68aa78f86e21f859be8c1fd40bf9b3aac0bfaa95a705c42af0def49a3cdc2f99c01628719c9901cab0467b18a20af8230a674e136f1cd54b5fd5d7c65da9afa	2843	06-04-11[02]	601
fa3a72e57e6f7836f76cf626592cf73ecfabf7da2f1a086f7f81cc4b81384e4a412a51afea7946cb04783927f8e0f53bff6bc74fdc02302dcb161beb0ec7cd86	2844	06-04-12[02]	123
6699d36103bf3734f613a806a9f308b5d693ab2932029a54923d5bbb190ac63c8976d2e9fb624ece04ce2be4ce0734e71641f2f5ebd73c8c50826632964e08ca	2845	06-04-13[02]	76
ccb20dc8ea031d4167d2a5fec875a8053cc920a6c420540010ecbae731330b8ccd1293ea5122fe8dd3edc111dbb43a22736be391b3ac5f2c98f5212089fee21d	2846	06-04-15[01]	105
dfe9fd0d09823fbcb8120233ddb1bd270cd6e924dca1cfa8613a60785515f5f6cbd3d66bc14d70917442a7b41847ecc37531e66c5694cd7c84565add33ba197f	2847	06-04-17[03]	269
c9d05426de48b1d53fb87e985b80ce49b5bad22b3d861fb10f11317603e56563cb55a23a627e6dcb43e56bedb46173722e1b9d30192186e62782e319b9c299fe	2848	06-04-17[04]	349
bb7714d5153bac001fcf020f6f3ac919d7ef8d544cdce48dc3e38d06d16465081ec4cbbeb742a5f95109e498c7e334ad4aa214e89b3fd1992d67b6edbdfb588e	2849	06-04-20[02]	296
65323a8baa84af65a78c0262e5caabd6cd7a897a8f5f1419976ec05ea81bc6b087eb01bcb51b36cd468f9f75e0d5b52f948e222a3c6b553f399296ef9fae9810	2850	06-04-20[03]	598
e3c5975506c91a3259578ce53e0cd7fa81ca8a541a59f8998dfa96bd056909a443ea39c7dcf9f9542e5e4aaa58dc5816ee3d67c34d40188b6b3eb67eb5d5adef	2851	06-04-21[02]	185
cf400563e8f3dfc08f6cde32f3ac63baa09a3b6e92a47cc531c1693f95e487bd84e859038324a9e77a74b64eeaf9bb18d07f41787cd2269b8dd0e8ed0cf6517f	2852	06-04-23[02]	723
650cc19120a077cc61798c16a3adcf1af6734fbed16886d71ed748cca877b96ffe6c71f8bde2afe218022140ce2b5e006ebe4afd6a3f96049ac35fb0a258e936	2853	06-04-23[03]	54
0647cca4984fd4b0cc3ed22bdad30bb804d64df234c5752f29b48f87706459d96542f18b30248ba5b22cf2d925945f3cc486210a4d2a109fd96c894f47061df1	2854	06-04-24[02]	186
1b54e2b87c5f776a969cf30fdc32debccb3370749deb1976a787f608716cb9ffcc7a8056ac4e13015d52083af6d8daa7b633a4440fc265a6de5d0ccc1414b330	2855	06-04-25[02]	617
e9f1798dfacb54cc7587152a0e40331eda2bc566a34075a4bf29c72ffcdda0729616ba9d1c451003bc1063df646c3092b225b4b8c0885012ccec26cafa0889cc	2856	06-04-25[03]	736
f63e1daa60ff13b2dc01e6d9c10e1e5168c8a51d907afeaf81a4f77e4a1a28a41db4df2346f55d45d4940505705314d282229613c6d59abf16bffa3c06c121cd	2857	06-04-25[04]	648
aaaccdd640ff40e6deae9fdc3ec04028d2ce8874acea303caf14887521a325ef8ef40536849c4d229f6e4f845c1f5f454732e61294df8090769421b55c56bcad	2858	06-04-25[05]	262
c4c4c8ff685e0f8affbe892ebbf11a419860676cbba15ea6da18e527e40d0b38c9a53cb4cb50166504a6adbfd0818c6a95348a115bba30106e3d0ae18b402782	2859	06-04-26[02]	427
7b8f2234bb8f502873db213beb2b1d8c71cb39aa973e1026db098059b4d0e380e908b6e349cf90be8bcca8b0f05e08ae6eb436a0820caddc205e70d0c65ca4db	2860	06-04-27[02]	363
48189c5b96754f70cdf14c2e31d119d14786467ccf78191685d18a18d956d31670c12a15a764657bb9da6fa69e3234a4a78304ed48e02a10aec31457e17380f6	2861	06-04-27[03]	188
c87aa0d01818a8ca1c7b3aaefa8fc9f304dbeca7e8ae3117bb8fac08414f802a873fc4f453734336258c0465d1ebc4a073a8ce7e1bba5879c87b952fb472b12d	2862	06-04-28[03]	670
bbd82a52b7b0480441e6b3de2847923bd0aac4409284b92bb3d621fc33bc0092abc3009a18db07c7f3bb23324a7e99833b81d4c6eb9f08de18fe2c546716a9f7	2863	06-04-28[04]	169
5f717f17d831bafbbaa322aecf15f0dd84b8ab89894c5348d5542a1149f95dd20a71a7f39ac3519423535302650b3bd15af782c52fef9f9ad3b5b5d326a0bc0b	2864	06-05-03[02]	118
3a0eb58ad984c141a6b6c7f64c419df56753a29576c33783c8b698096b527488e67423511e025c864576fcc2f8fca3ac672f7549893bf9024c7001f2b4ab7c17	2865	06-05-06[02]	124
85224a380949e4a64e234ed5c33239e768ce67b38d45d9119f6dfe15a4ddba348ef93da466f73832a563068604c3b80b8a942a7ae5304198e5b1d492eea1b01e	2866	06-05-06[03]	157
02ed5a756212d0ae97f47b36719d2ac45b4146bde9a5fa44f0fceca73be7572eac19de4fa8bf4686b965726504aaf6516bf08ee1bed9e2ac336994ccf44b582b	2867	06-05-06[05]	83
3d81961def85bf88e618c03d936579fa1ce0c79693e67b2ebdeb7b78b0f984c6e2fc582cfcdc1bf0d2b753c70b5d3411b3596c9e1fe7ae2222a6a8be5b65a875	2868	06-05-06[06]	189
70ca3276207fc613fc01bec6d785f6ecf4b502e4991c639c0a97ead50546be142e804bf22f41deb6bc72da4fa4c21782bfd995b276c499379f41f3457dc1756a	2869	06-05-07[01]	264
805589931fcc8427b13b327633b2a14b752d16a6028357bd9c62ab804e4f2719c9ed76ec8e778f0fcaebd57691d478a1bb9d2bfb6e0eae314eabe6834f26f29c	2870	06-05-09[01]	57
7fe4413d9aed7e9b38461a3a1c2c61ba6523b6803e7c18911ff7b187eb56200c1c822751bb8716ff1cd23c98a2114a7ea785da9faa6843f928251c8f48e15bd0	2871	06-05-09[02]	126
af5188eaeaa470d15872e64bf00488d2f2040d9f5f62b5a9e76ef74d75646469eb4e729473b2d01d21bb1e8a081aefac6709346f72e3d6fbe82ccb3d85b5475d	2872	06-05-09[03]	500
e275cac08a4fdc30f82f39332cc1aab022ed502c24874ae94c62fa1027284f6d536811d7e6a888cb84f97fdc894ad029f6b06a7c31dd8e6af18429e514be529c	2873	06-05-10[01]	373
09f3e090e21e3e144b6a204f4bc8a5395f2b1a6a83754d72e223a27c902d64ed94944c069047da278c2ac9a6d43ab8034bfd98145ba586eefa08bef4946c312a	2874	06-05-11[03]	106
96af6a47ae2b34d4de44b9add3b19daa9481a2c7bd6e9c1030388dcdd3f8c6d400cc9236520feb6d08b7647d399d4b8adcf944d389e537095a0203b8d6ebfdcb	2875	06-05-12[02]	47
6b15637cac3e4ae4f1a719bd8f48acb97fcdc1b14aff555d8dafb18f4a924e8d51cc6806a63e619c742526e9c9479ae48a212427f4b0eeda86b405a57014ab3b	2876	06-05-12[03]	1200
1b7e334e613d7672a8943d8cd6f9f181b039952135f0bf9d1db65010423345ddec1302a37c7ab85ec6c8911e3528f1e54d4c93b900cc934d09be51e38d77f0cb	2877	06-05-12[03]	143
8a48645ecd841461e3928241def0cc0640b2529afdaeb039cd709e8cbdd3fba55c6c70f376081becd3c911c5affb92fd161f398767eddc79882feca8722838d2	2878	06-05-12[07]	79
8936ec25f5d4cdaabd47f8d1b0b9764166eba4b5ff10b8c9fc87f0954c80a0189655454d2c521e5b6d194ad66aedf7b9c7dbddc0979d836db1a349008412686e	2879	06-05-14[03]	214
d223616425a07d8e207132a1e1b449e69ebe234936bf474f4e7c50f87726e2b9a4f7fee621c250e94cc6dcbe15aef0c62de5cd566d4c4d4f32bc0daa87499485	2880	06-05-15[01]	46
16110c6028ee719269d5bcf20772fede3eb916f5e22a7369c0f58d9224522742007650958f6625f046f4ca1adb9165a791f9168882afc2225b22a01640261db7	2881	06-05-15[02]	536
7b59f3ba84b037418966814bdfe7a274e69f4ca26aaf4e4d9d988717144f8a162c38d093cbc89e05e0687403d3875608490a5b911115f09e583255b22f5407b2	2882	06-05-16[03]	178
eedf41fe63c313ed067cf620de60c0d788c86f5b3485020004c3c949a9412758486dc4d9ef7b34e96c66a80a939e00124a88f56b1267828fc97f79e2049b86d4	2883	06-05-16[04]	248
76d01302677e12e24d45e6c4a85c05d828d0cc22aadc40485f2617bdec2bd6a970f717b6c23fcb87ee0a1e53ecbd3acfbfdbc2f8f55506f510ba17fcc493a38d	2884	06-05-19[02]	117
6dd469077d02360904f18aec3fd0e6f9919aa92b6bfc45b599e3ce3808f8e51e36b081ce801d8c832cbd1b5590c2b6063c8b65abf9e44f4b1e780ebe73630c19	2885	06-05-20[02]	149
e392719acf5480563b414f5eb32a2c45a2a54d39f84a967801994096f6bfdcab343ab34d32b2c131ada958b214dbb77ac3715912b1dcd86b371cac5893c17dec	2886	06-05-20[04]	383
e96f8a47a54d75133c6bebe8171d84854f2502f90ab53f8f4efc4e675f8ad6626bac4687c4ee997cb89ca4d766813278443711aef570c6d7bdd2cd2920dce818	2887	06-05-21[02]	236
979c575e61e91318c3961f608f21416d9582a64de4a36c9a383ad0a241d3220bcc5e30fe6dc49534555c45bb2a3261866790ed59199dfb3c4a1d0ce7a7643cac	2888	06-05-21[03]	315
4bc718b6821b49d27b89e9ebf116862391f90a497de06437a89a64094c9404068d4ea2ebca9f0adc0a3efc1b1e04183a790eeda6e6ba38118c6d3583360a6290	2889	06-05-21[06]	288
dc9eba00759fefd953c6b21d545591083b13826974c1a14a415f16bcd7e81713d2c3cb154c0c1565f1a6a25b71e425ffdf9a64f2234726c0d8a38c2056631f91	2890	06-05-23[03]	91
bdf166400e01654f1af38d0e73d98c4e42f2c45797a523d04b72d0bed977645fb784fe8f86e8f750fe1e1628764a6f64a9d4794fc0ac4a0194ccdc26d4836c23	2891	06-05-27[02]	91
8a24be95acaef3ad9cb0f97ae42dcc7e5cf9f9c30282cbb74f293ab4b6413f7ed2f723c60614a246897e713789820bce240a83025e7347eabd183170f569401d	2892	06-05-29[03]	74
594d54db10faa23d6d3762b63bc3d14712483599944ab625b229d839735197500db1f0b087079eeb7e35421dd1f77ac188489b57a51fa25dd3b6b30526d429e1	2893	06-05-29[07]	89
38e391ea15ac84f08ebec5ce064fe83bebdc4b00ad74f5872ca8f59b982b9addd257a50b0b3cc5645c4a7c5aa023c3dfb9be577ad3174aec307df2cb0377c4d6	2894	06-06-01[01]	62
75db0a2a1fe4958910d43ee6568f0418524a503e917dae11de133e225f506659fa3214a1a70d0cb3e7cf228971e4801ca69e03a42482a2688f60d36670ac354e	2895	06-06-04[01]	1200
b746a6522db3ff5fa4412bb49744581adbbd1c8f19a8121b103dad036594798cccf8d55d1f209b704a71dd47e4b993c7ad98bf86e1fec4340554ad1bbccf17b5	2896	06-06-04[01]	369
06e32cd34e5c2b3e3d57354157fe5942e55ce0ec33ed6718a3031392c85cf9e217c94bfe3ff0bd07419896536c24dd7473ce3647e938edad93af69f5a93a6b20	2897	06-06-07[01]	159
5ba60922adee81ce184c2d890de0bd8590ed830260330ca78344c371ee7baebc7c1746921dce9d8251eeb0601398cebbd66e266d14a6c7c497dde6e35cdcac47	2898	06-06-07[02]	398
9a61618affef7a68d98e114c30d86edf32cbff63977b1eb3ce07485385ac408e4bc9511be5749f580ad0f2fe32ac7dbed9936757f27a5c19005f0466e924bfdd	2899	06-06-08[04]	329
5359037045491e885b2e3eeb6901d0b06e23985dfcff0024eb68be880733a44a7289edd6e7f9304d41f3d20eb2466785110d2c88742e905714eae677feb687e6	2900	06-06-10[01]	122
e6742cef522247e2225a51d844de0ca3ef9f55bddc8115e358d9ec428ee5814aace5839cbd8af84707b8d18817c05d08743848d2218f3fccef110101e46aeb12	2901	06-06-11[02]	107
31d31f66b4ca9041fdfe9559a647ddcb83f8298cdf1f1034733122b2dbf4a5ff6ade92c3e004d9246a012792d7c95ed3a9d966afa0c2300069ade20f88eda6e1	2902	06-06-11[03]	465
d93dc90185a974e63dac3f97e73876b64da548f59b740b95057f74dfee3aea561480f1f3352083a0df3dd154c5b5a914f45efe765a984fcd5a13e5e75177bab3	2903	06-06-13[01]	857
20bef86ab8b0cbfee7b1bed0ef0c8823c4c5276acb12a7f2d8e3ac32490740d742fa3febb18a410d6f97ca3cb82b068d46a7bd9b597dbb44b2bb3bc3f270594d	2904	06-06-14[01]	74
97a79d423cde02e216b52007c60fec73b0bf945cb249fc8312da2b536792ddfd0c68b21341ecd331d6d7b70cef4589da35ac53cb9ed58e5c760e294097da6188	2905	06-06-14[02]	230
c0199dac4ff632257d7bdd6b67b8125418cfd8f4caa4c68ebd4e2eb32ce0e6f0ec43362ce7b300d3336377995edd89a3c4295d8db06b10d8dfe831a9e87a4ef9	2906	06-06-14[03]	1200
257915ec2a6a76d14fb995626fc32bec798b97b8f8a796be7f7da9012d9c02c81cab4e264fbcb92b20f0c2f39f9903b6b734c1487c2b7c6ec5d9df0fb5994f71	2907	06-06-14[03]	992
ffb2e550b372604026af79b6debf355e8a0df52f2bae82426fe9a9a19ff45e5ae576f2642fbb1760bf7b158dc39c7be87345fafcabf81a1c7e25061840e25555	2908	06-06-15[01]	626
31f3970f3bb4ca3c39748ac453bc94a489a5288beed659fdd41a88c1b79a8bf4b1e1a78043cd008b80aca9d68e19f62003a1d7f30865e20532b83818bb97c2c7	2909	06-06-16[02]	1124
28916d257aad716d8ed7d140b859a6dbacda320f45ffdf2217e9b7e0f2cb737ff99208158df9b1c595ed9c2fe6ab6de83781d0a4f3322facdef7d5d75623ea86	2910	06-06-16[06]	419
91b88b32ba3d18a854c4c9011105abcca51cd20d997156ca6947974fd856310d35a80985d86d7a6896630de8d7744f97be24f23ac2d598d16db1cc6d5fdde739	2911	06-06-16[07]	236
836febdadaf5f5e584686b820c438e82366d686f1f3b2acc5ffc85c370ac4a67a9e95482fa29a4e9c3699bb91684568268dbd38827a8008f56a73d9190e947bb	2912	06-06-17[01]	345
11515e5dd49bc2d42c65ac0ac30b271b7fe27da746f5b4c83e829d33ab9233f7c045fcabf3bca23a0f0c8469a204d195cddb63acb4ce2a0f6e7ef71fed6d3274	2913	06-06-20[01]	236
e3a8f5fb56b7083ce49eb14cb16ac1b137adb1db56f673b2e7ca796f2480be07376860df272b720da1cf43cd7f885026a5059cd10e33d827cf6f096210cf7cb0	2914	06-06-20[02]	1200
c3432ef04369ff8a8714f370503352cb3e8efd8ac4a386d12caf2b748e9f6983db448f695b1ff33a6d23e646e75e1e4d28fccbc5fe6ca343a8634e7c6282f1c2	2915	06-06-20[02]	482
3b49361023b10797d4383e18d8b303dcc7efd4b11a80fcaf983f213d176c775dbc2f4845e4400a7f48eb67f56baf02cc40f2ad0705fb944437deb73c44781933	2916	06-06-20[04]	387
c8c2947d5929be75c8e28eadd9486fbdd483522913177f46f4dc99a85f8a7825c71850bce47dee8879f3fb0bc336354917a6df1a85c71ecfc0d475c47e3fba92	2917	06-06-20[05]	626
9a89d0128e3274d9e51aed74da1f9f230d14966dbf719be8cedb25556d8c877557c4f166ad6222158ca83e59b30cc24e83ebc69e2fac12278f553d78cbd0d2dd	2918	06-06-21[01]	218
7ed87c10fdd7eaaab3f367a3abc5d04a45be0b844fe8cf2458cb332f15319c2b316179bcca4388714ef9d9e60b53d4fbd4a8370e501e36157db129e97b4f0561	2919	06-06-22[02]	240
cc751d92d0af13e75272f539c95497c062b62531ee6cbc1a2de7628d8e1ba2bdc67e98ff07d24e4e1f7b3bdd9ed7d8df87e0ea26b2c1c2bdf46c5b8d768df34c	2920	06-06-22[06]	175
85685c675323e520c393f7f0267aa6643c874a3b20c93ae809ac9a31eec72b8b06e860a5898628b55e18dc38f4fe88bad828c2be72214e2502f4ece19d37970c	2921	06-06-24[01]	299
c4a3c5f23814fd7b2f39ce535eb666e849b3b43e0c4ff11495397ba7a37c6d9a319597d68cef33175e82077a6aa087facec9eb23a7d91a1a1139cdaa78f27c24	2922	06-06-24[02]	77
dfc83dc76dc69447897d164df368e62d3a384e5e1dfb458fec91fc3a92f6f129183d06cc96b9e40ad83608006f69267cdc335237e4e3a0becd6aa3df055265f6	2923	06-06-25[01]	391
16907ca671613a95ead23ab0019101a7909c3ab0711b3d63cb67f930318caac8b921470f049457bd8d560ff4250e1a9c9fc41a3d44dbd4cab146228c17645385	2924	06-06-25[02]	88
6497831b2575acbf572348b5436e0bacebbc9a4d99ed371139954373809a843e4acca079d64e91a75f87f86dcd7b7e33f5889dac7d6ad32f86d326029d57a95c	2925	06-06-26[01]	292
fc26322a0844c26867d3df2411a2e259b1a8a9541f819356ae77751992e9c44e732d3f15dbd6976dbf2617bb2262365ca1ee94486a59eadc82e4b3b682b85c01	2926	06-06-28[02]	1200
8fbca0dc511a0f84fddc1a93aa38455928fbb20667dec7b2835a12d4916180ba4ec900e52d0dd1edca2a03e4524b981d972ada860d94553b412e0b6fd9206c34	2927	06-06-28[02]	491
a0d23446f2e5a68652e33ba21cc400b0fc75f9f7fc1c4d960a5e8140e67587c71c852bb30df74faba2feeb278955888f4078620644900362e98aedbbeb35466a	2928	06-06-28[03]	211
ef23635b8f4f7c577138e4709a7883f21269c0146c2d416ab7f252733dcf3cb5b2f9e77fac7b8bc3cd10bdfe31fdba88618d0cc3b06e8cdec2b81653fb783060	2929	06-06-30[01]	216
22fe9c83cda4f71b9074221653d175460be70597c98af38c7c6ea07478fae52c450dcf4677ec824280dbca1a405c43bd156f58ac605a5c4b7b35cb1da7e65ea6	2930	06-06-30[02]	112
f4bd29a1c341d09b32bf507712b7ee977b2b97c1a6580f07bb39ed96c88660b22757c6e9081e0a520d354e5cdd74b224d73c0b147549e0a6a2de0fc6914d4575	2931	06-07-01[01]	415
72f6e194eda850b0a3ff5e5e603261b4c2ac79ce5a98a39349a4ff382e7cef16cd73a887ff2f31a31fc98caba031e1a891e29af6c66f36aa3c8f5d5c385bb5da	2932	06-07-02[01]	269
7d62ee85236e298cd9bd1d8585e71c921cbe093f1c35714428acd4fd69ccf7b90c2498c1331c0d330e8815613fbd69e6b74ec129cfbf87975ccf5d5601a6a347	2933	06-07-02[03]	373
34c0997613ff8e9becc3e7970188bf16fdb76e35885c6f012bd97faba9407dbeb85478d4dd25b941da525b8454f8486ab84b17b20408fe9f818ef72412d8d7aa	2934	06-07-02[04]	136
62205482c16a4644adec46f8f28f6cd8975bbc523ca78de58505a43c555d50c0d542363c92a7b3054b52f84b3242e926c6574c3b357153ab86c9d44b16dd25b5	2935	06-07-02[05]	711
a598ddb19592a8318817c53155ca75115b37ccc79c30d419a16c510bce96554bb050f8f84390e6b50493749b9f35c0b70e0c501d913e492faaba932d402f80ac	2936	06-07-04[01]	567
6a1977b0e5f971d2bf2d6dee4463f1ebca67f6b2f6454d3fe998a9907faf6cebd2b8f8817887d59491072a417474e764cb5a745b0188cda54097b183b06bb9dd	2937	06-07-08[01]	584
4d856be81cd185c3213a71679b8dc13092da6e9d801f8ee604e9cca0a03ee152e23000bd38d0cc07c2f2a2e1a68547f55ad6e6388a29934cf66ccec338d7c8e6	2938	06-07-11[02]	1200
ee14328461606526a64ee74e8bc20d05f42ffe5a15c7a2088aaa8eca695e29d7b0264aefa7c64320c58f27caa466a009b0881f4bca9aba31731c488fa0cc1595	2939	06-07-11[02]	1200
de4358a7523f900c374ba988f727962312b6cc69ad04fe6a210186b5dc162baefea7d6805a1f3702c420734fb7999defaf368d88cc8620445deda305b6a5cbf1	2940	06-07-11[02]	594
53cc63bda4fe152e24b4226743ed225bcbbfb139008cd1d6690dd5011bf00aee573e5e72a69045cac87105064a34b08b75515a415d22f6163663197a9ead6047	2941	06-07-12[01]	1200
291bb4e32536547df580155372ebc4281321d4ca174818205c2058755a346b75c62719eaca0ba3cb75a0da58810ba9973433b7361ff93f79264461aab1ac4e9c	2942	06-07-12[01]	1200
c76b7944bc4aa59b7f13fc1f29bb400d70e99dd1c561740185926a32b5ddb63d6141edeb4226687f2b51902358185fd96adac1dd7d5dc89ce0f3fbd73aa11666	2943	06-07-12[01]	1200
9d28bc99f48559dd1c6c9ccd18cfdb37736fbfa5e485163e70cf798a4ceb029a2cd107f5b0e1f89b06f6f78e2e0a145377414ee62f99e87ae49cce65bd9f8021	2944	06-07-12[01]	789
bfc3e09badb7f0c0b4ce183c7e4ea82bd481f4a8f23314b27f251e80d399b84485e30d8ba3342aadc50bca0ce5c68a0918af677dc50a69d29842a20d5815237e	2945	06-07-12[02]	1200
b167384e4c55216c85c96da2135bab54e7fc2871983c11c822f40889b1a627022d3c433bb190c4dbbf0c5b0a09eb7753f9f6887b0c58128b6bb27763e3e2deeb	2946	06-07-12[02]	1044
629142f1d964e281895180672a23dc13009cb382c13522c8fc2a35997692faa22a051fcb363a010e90677b41788b3faaa49b1d161e042c65f8c7b30e8f38585b	2947	06-07-13[01]	67
54b7064cbf782f0aab0cc5795316a492ad0531a748857e302b30820408e0e3afc59a79397469e01ef41edc396a4446343086a78b89d9ce5df07b51c3632e2828	2948	06-07-13[04]	340
b44216d636868ee28772a2d758a4c056c5dc44c90976d9c8fa2d67ea66888833c536dc8126ccbbce6c239d39585e8ac49f6a2e3b72a645c567231aa467bff31b	2949	06-07-14[04]	198
45551a86778c12ecbccadec732383ca1f7b44109313c95079763d0290653f51c5470e4f26fbecd93eb7d145372bdbe5c820979ecc20375831ed2774c6ddeb17b	2950	06-07-14[05]	1127
4ce6f92e222f32237cf6df91fda1addf460ecaf84a2632999b8406d402a6d8d93ed0215e4aad8914b9dc43a44e45db0f4c793ad9bf73a335e9606fb5e8a6f501	2951	06-07-15[02]	117
8f9e623eb7b37856c20eb9253dd39657be81ba32ed0d871ef2c8ef29c0de3d664faf3e3ca252b39c52c5d042bdff3b0ba537159048c48a8895b7fe5ca9ee8977	2952	06-07-16[01]	282
cdeb072861cae90e02131cff124d02dffcc7991c229b540449c0eab2f7c91c88080c03e37940f57c1849dba4b2153634cd445c58b52d0985ce633bcd22d48241	2953	06-07-17[03]	323
ac9041bbba35de80d416e76bec2443f6dc428f0b680c4f953c79ce86e82bf54d49d77ec31be6f8d5a9cc2f3cfb1f20a8ff11d1d76bd89cc93f3e3b90ef5adf94	2954	06-07-18[03]	687
89ccbae12cf69dd684a6b33405a5c03fdd4bd7acab3e88971b8b107f5587b21996dc39ab10d082399434b7dfb996809456236415e1605e56ee5b82695ab323af	2955	06-07-19[03]	142
c05c3e600ad0d24c4577c0d2ac6d33609e41fd78c53e8ecc06cb83965e0426018010ca6f572f02de8a30a7b9675f428c220da156c7f4784be3a86f2b36162e16	2956	06-07-19[04]	841
ba8e2804b8f89e30ac96ac6d1c77659219f60e8faeb9442859bb04039c213c26e98843f620e039035002f22e6e828c84d82123d855e1d4077b96f45d67927369	2957	06-07-20[03]	62
ef60804a26835e712df07214050633cab937d40b5a2ad988106bdf3cb21201d04a87de4bbadf8ac486f6d070f8c5eba2f6c1758fd70806d84710a2d8b96016fb	2958	06-07-20[05]	118
46c6ff78b1edf44d5b18a75dc1ffb5a40367af16aa3b62c82f72f071fca1fe5a930196fc4792b4fdb26c8d01eadb68c8c6da9ccc142dca446310785fdd336f08	2959	06-07-22[02]	136
4fca42d0834ce3c8b9f7929a3f51d4b5d00e8062b9cb69cbb23c10b45cff1bc6009f76ce5ad59e58481e8f8f586e28c516a2254788a96637a47bb17bf87b8d6d	2960	06-07-22[03]	149
6579672ec7bc99f2c0f1d55dbc1757fb91ce35783919d81a3127162de1c55426937077411b1255de9b17f3df2e7f09f9ee3b32813e6f8d759213e70d18b4f083	2961	06-07-25[01]	136
4e1521610d5247b544ef371f83e08eeb92b1d49ffe6ce99faad95514982a74118d125f27670386f6d4c9e20965952e38e3e4f08fa8d5a142faf0fe8e74fc7d01	2962	06-07-25[03]	149
1ec5b9e5e43d9e562d5c59f5023ab41da424b304a63f5a3f44dfc260e03e473fc907c81c6f107a48687571bb19904b07d437dde7b0e74e29073b2db008202327	2963	06-07-25[05]	53
658a21e9f5fc2a5604f79da28c18f83fb454bfcf261777b41f41a5da14488040877648c287690ec04e67ac2879767cb794001268617780268c988e8080f2fa47	2964	06-07-26[03]	144
8bc2e047b5b10c89ab7e33656d66ba62dfa69cfdbf6c137ffe6dccfe52ac22fc73a98177f8e4b01634219d0d7fc733f7555a9ea8d8d230c49f931b442668e88c	2965	06-07-26[04]	600
33bcdf77fb3fa48709278b717a18defef5ab7adbd004789d9d1b8490a7b8d6f0d5472c8c17665ab91b0275bfe80b5236b7fd24dbc3912b5f323875a39dfef008	2966	06-07-27[01]	365
09064f478027b2577725656b5d7bfbdb0f94524b3d8b215298f53b79b39313765cfb1a5848242f254c667000befa6b085b5bcb7fbe677922c182d9a1a8ee7c53	2967	06-07-28[01]	54
9ead4b17dc510f43afc4429ed1ea600da932b660d8683f91df4e7cab7e181f2437df48ec29a1c91ddbb54c4871c87825b35f69247e0333e842d8006e4d54cd1b	2968	06-07-28[03]	308
12777fe6934014f6eb56ad9842f470cedcb18fe4d0c6a7087332aeab11c1019aa6febd8470c624af9a82cdb8cbf005f736cd4c608b086bedc843005e90c5941b	2969	06-08-02[02]	116
275f90cacc8e254ee6e96e5544027aac54e97727e6ec97ca88bf4dcfd8016af83df0b6f2c8082701763e275ec1505314dc6e7b1e558b1e62afe04df60bbcfc71	2970	06-08-02[03]	98
6e0d55236ce21976d02e9a002a150cd014fa0d679a8678d6b7600b28df233308b7afb7538cff439621ce41d738570d7e725200e889d7a04387ba945fec74bbba	2971	06-08-03[03]	106
19698b6959d1d1acf2c619fed4445f2116319b95bb88e5b2f5738b958c4ce9690310694da514e28c8b98964e9d6b1646fd0f17ef3c4b9e3be87f4c3870eef04f	2972	06-08-04[01]	54
3f2ce9dd75f89dbfb09fee8302b5005ba27b23d92762f2cf4361910f1b4e496a6c0bd826f258b60712c6a55c055ff818ff2ba5ad2b2a2b8e5b8da5e080a29ef2	2973	06-08-05[04]	509
eb9cebf2d045763a0d7eb23c248c2b1d125b07a407f5f3f63d1f846c88997a07010e240ffb1b3b07996f01cda73ccca69386cdeb6c94bf7d7d6b1466ef92ee2e	2974	06-08-06[03]	165
a7dd6fe236693790872dd26c31cbae4503bcff810d1db8ae8a5fd65d6981d829c01e9be5325ba47fadc27a9beb1c9586dd57efad22d98185c9036e61f797af94	2975	06-08-06[05]	334
6cda2ec19a07d2313063c3be74bc727cec3bd12a977a662cef38479f5b4608fcb9d612ea57482e33b1a90130ef9db4071d47c883feebad458d317348ab552b6f	2976	06-08-06[06]	251
2ac20e8e470be79bf06d375ec754ff90ebaed4c941f7409f58d5c3ed943b23d4e5f4ad319a9e5a590ccad2043e8c99638976c0688c471395d05b4ac6224ef77c	2977	06-08-08[02]	79
096c978196f701487e6aec6ab88f2f538e4350e56d7aee9d4b99e3411759fc4686e111c3ca7ec5662aef6f160ccb9ef5027af28720d6d19b6fca5821ccd98f49	2978	06-08-08[03]	1006
4e49b14015bebb26d77f9654a4f79e53fe04c4a348ca2b498d7f3bfd69e915374b068213f08619523a3ff2d4ffba645b68ca0622e503cbc7eab73c87434f28bb	2979	06-08-09[01]	57
93a9fba008b2c19ac188f4ce671de68797bf2a964eccfcad4fe28f5c1e9547161a661f3bff43ae9a35c7269ba6b8a13fddd5c7da8f52a8d6c967f6132a16b828	2980	06-08-10[02]	96
e63815e8e4cc5494d8d2b30bec4dbe436d9e2b01a14248214adf984b4b89525d2f38f22db8d736420f33252109c48022a8aef9447d5958192a013fd5282668ea	2981	06-08-10[03]	129
2687be55d0780823f8e1042dbcdaabd8f0d7fce85d6c0c26e7ef1d86f3ab9c1b261212c2b769a21fcb88cf302f3a8feba1ebe91177bcb11807e4809ad2e2d350	2982	06-08-10[04]	424
b2452cc5cade3dbf296bfc68915b0bbf5a6e1b4a6c9041b2dc059073957a2c8494136dba5d92319c72b15b2479220c99f798858c1940b0b562d8c4c0133a50e6	2983	06-08-11[03]	1200
27d736b0cf6bd0bb0e4f6ba6c848abcb50f0cd059e84bdcb6a2e426f6758679074a4f8ccc674f5b23756338c916e2a2d818f374a2159b2e7ea6a666ee21fae69	2984	06-08-11[03]	777
3703b782bbe7358c968656ecd0ac6fba39ed198c5482173b5d24cedb6f3c56bcd8444485035e6d56ededece34686caffb059b2ab16de5a9e36d941836bc7773b	2985	06-08-15[03]	219
a1e4b861a67ba138bbdfaa5534d719f7c41c8287388b8a460b22e1ef7b0b2ff80b01eebc7eabcad7b158d16082bbb9f542bc5fc7d2393f15ea4cf2e3bc5c1e3f	2986	06-08-16[02]	488
c0ef9ae26583ebab03b9a876aa56b80bbc231dc909b7fbae78a353b26fed74f082ab2c594025fc73da4d687117704530e89d7bff5e8576847ed15394c8920ce7	2987	06-08-18[03]	121
eb75b2c297b18fe0ea1f0cdbe9387c5fd9f84592329bf2affcde6714be51de03f75196c6a75479d3285a9eb1f4034cec27bfc2aeefc8aea047e86c002d76e25c	2988	06-08-19[04]	64
e3208f91648e6bfcf7b54880939590717970b7cf2c9c7af071eb57a637eb6512c387caa0ce3a4625f6d6c8057dca9a19790fae8ee3460cbb0bd01bcc549fa151	2989	06-08-20[01]	53
05fec289a485cd6c33ca8d95a9a5b1b35565b3c13e838f688ee149cf9f2126955deb9c575a96a081042fc9ebfb1c3bbbd9bf433c2a205a2265f2e83cfadc8637	2990	06-08-20[03]	223
716ce54c8d7811eb508725e464cd983f428d246d3256c3078b05674f014676b386e6569b5bc228ab415c951792037b7504e3cdb1c045f2b32aee73bf62d83b5a	2991	06-08-20[05]	299
8776da0167bdd5b1ae5dd5f9269226c194332ba28fefc0e0f197f3c0f775571b8cf8a035b9f81a0deaad7f61ce715eb74d8b98d3cfdca0b37cdec4f8cd03f5cd	2992	06-08-21[03]	52
03bcb9da9fc474f37b385017d1dcfc5477e8879a31bb15e5ee53cc644bf3376ce572f3c4596e93b2f99462fc0ec0b240126c56dd815ecc272a4bd3a529dc6dd2	2993	06-08-21[04]	503
33ca0177f38690264043e775beba6bdda6c822d5dd83e28640a35862c3c1aa3ef65d04e673c40657b9ad65e7b367dbf60bead5c46d1dcb0469c461cae1926536	2994	06-08-21[05]	499
cadfeff3295c623234543bb3432d5e4a584f2987d9e6782561afb9c1587385955a8074fb43241e12838484f678e68f4439794b06ef9578083136a0bd9a49741f	2995	06-08-21[07]	152
7f9d831d4fa6c4dcab3319a33a291bfab605e3776c457a4dcf29a068d856e826321a5d7c7a7632f7e53abbffbfe2a3fb3b77fd2c6b103e0ca7e169c2694479ac	2996	06-08-21[08]	598
e1e09397fb5b2e5819d35bfbc96e7b55b6dadaf0ba8b1b08170d9f139da7092ab573511a0e251af1e35a51f3e76c678a5ac0d08b45353d70652790ff461a98ed	2997	06-08-25[01]	53
84333cfc99680d190a8968e1c6987f90b66fcf70f646e718856cac8ae5e04358437ce0967e8bb4e9f434ce024e6972f62b3905a0a0dab0354788e2d30736e983	2998	06-08-26[04]	91
17228b2dcc9cda196adfdc2b0528b4c0f61ce3d1f49488bf9380fe1ec5e8ecc339a57532e6ca8bd8bb0a9ff6524c13b51223d55a2e8da388518635f7f13bed54	2999	06-08-26[05]	47
7d2d7aad1d972de7f8323149a133f7c150d4a963ac7dd4a7647abdfffb1bbe60b032feb3c6c90bfc25b3b137266d28081784e2e9e973a911682a387c573af27c	3000	06-08-26[06]	457
cd0140dbb548545b8f855c9e2208d1fbb39e1886d5619d16b7a1d206ed8fcd2d173ebce2e7dd8a89c541ce60bf7acda7086d839cc2c889107caa5faa8314c625	3001	06-08-26[09]	263
7242b0fc281d1be43bf283cc6b5871fd4b958f6f136994636f8d1817c00b56e0ec1f9f20d43e07147993ed32b135590d1f6383b650f07d33ce8d1758bb0c84b0	3002	06-08-27[02]	563
80a6ffd54ca7f7d2a9ba0e49f1b2217f69ea3a455fce2163215087b25759bcedfd70b9b5fec901eadacc1466ccaaded6b6c5dfb87415efcc4c5c8449df3e0628	3003	06-08-29[02]	81
da506825431e0d0e8490a1f160313f583309a00953920d71ba41d01593a2b146fd0c05462589e784f5d8a2c2dbfeae7b88da1b2d95f6c3b29b9c6ae10a14d623	3004	06-08-29[03]	590
cfe2fa146b2509ddc2bb0dd35d81660fbbe05b9ed6c25fe42bdc27243e4e4043bc46b72a8c3eaab2bcd67ab6464884d89e6ed3262481e933295f2378c2ac936e	3005	06-08-30[03]	79
761f6105da71734ba0c5af917fcee6b828aa8087496626baac985cbf727e5dfa6cda4af823106adaec4f36f25e75276a9cf9b38bff9f863bba7ef4bb402cae9d	3006	06-09-01[01]	546
d139c72e7a36e21c55148dd3a978362c098fee24beda4244f5a263386bfae899bf24ebf9a4a50020be81d52e2ae80499a129d2fab50a64a2d20f35f98e029c3a	3007	06-09-01[05]	56
e7c5136db9572ed3d206120e50f2d9485ad9671be042117642d37c43efe68108c6257c509e9b300f41604f273c945413fe57c9e9ad9b6c44841a04dbd2d4255f	3008	06-09-02[01]	690
6cee1ac98740cfb7fc45f74eb3091cdd3bdc90b7133d10820cea657fa5496f45f16b205a7706f6969a2d691058eb2e0de1699eb01ef3058d7524b3e5a78277c9	3009	06-09-03[01]	113
1a5065563214127d79f44345d5bab2dde98dd0d19f258da71b70fdada5ba66c208b53480fd5c5f9fa68cf8f4fe0bf9e7d797d64c6410cfe325585f54419bafd3	3010	06-09-04[01]	115
0d07e7a43327bd1f1d6a952b5e3d56be533d69e228819ac65b01bb09e30d1fb7f5eceabc1e8d63f439ac26beadda0b23aa77a9561ec7bd6a4e0385f98201df27	3011	06-09-07[01]	123
1053870ba895ae1e8df20322be9869d04526a084187cb6b9b9de80b6b6672d72ed17658fa8a94c3d471310359d8f0520211be6be9968b2cc91216d239412c944	3012	06-09-07[02]	192
c892e3ff9c09eba1c25734951e1d0fc53c5c4388ffa037ebe068b49266d9fc76328d189919ea478532c7c381f54d4501dca59d1b565fdf938b7ed647e95b4538	3013	06-09-07[05]	95
81d1deaeff03e0a38df4ab4fed150bcda45e281fa7594c049998c0ec3abbdb765b9ac5dcd0e6ba3f52d17b68f8df7328a478f5fece239dce1fbb38e07821d6bc	3014	06-09-09[02]	78
fd827596907e48e8150eb95824207aae968c8de04dc1be4fd3dd51edb57b47c3b09443fdbcd55661d81fbef4148ffda5732be65211e5378445592ca984be01f5	3015	06-09-10[01]	902
e8db2cac491aa73dd67e418bd28873f9b59324d13000e0b016b24a7c35ba67e745c76ce22b1bccf0b415a04361fd8ae08c5e021dc22e67cfae602ac4de95aac6	3016	06-09-12[02]	208
7317d07763183d847bd2ac5474b8ed9008facd7d38048d018a6cd28d5511f267b4f5a83080e1b1c0d771c884e4217f779f78986fb16ab507c6a62935becc9fe5	3017	06-09-15[01]	160
f8d957c8fed0bb3f7a0062f6b6520c5ddafd589117c6d10f925ac586bc158456bfa0616eaba1c36a6f9543988cc374b7bb246da5b7b3939dec5e2e80471b080b	3018	06-09-17[01]	85
d9d748c62b5081c8cb4c0ddf68cda7a752b77d58fa2f02078a72f2d0235a237748ce97ddfa6065a8b4f2ff6852df9c1e5cae666533743c1f3430fa06440b5f3b	3019	06-09-17[05]	386
988ed4bc902e0419c063bb913af266d1765b95c148440e4ea1e977f72561a8a2fcafaaac8961244861ab6c2d436385b91e63c5ede737c672acf14e550b8fad2f	3020	06-09-18[01]	496
7f710c64e61689a948adedc81bcd1227f902187901d985bdd0927c192e3833fa27b4190e268242af3b3884a6ffadfcc54d40129afedfd89edef9f958757958ae	3021	06-09-19[01]	856
4fc092f7261323ffa727bee809edc18c57d515fc726015e3503d29f9d7fa9288399f881fb277de58f7ad62da21dd8a2c9859abbd15781882da09b826502bbdf5	3022	06-09-19[02]	141
0249a33165425599f1fc7aad74aee8008c9199d82cc2e81a9d87fd398cb9cb9b4a1b64e196fa5575dc05f8c82fc52c5fbac062e402a96e366a5c99b13801e2bc	3023	06-09-20[01]	342
4c2dd058af9243853c88c161b50ed44a7b466dae7aa762278860f57b8ff69de4998adbf1906196e58f04cf8834a8030c2991805304317a27c4240a9b824026a3	3024	06-09-21[02]	65
19c916efa82f5f02ddc4884d34273afb4d169cc40ec53e79a9cd4364c3735c39a13654ae1ca9737646d82ecd166fe0672b90edcc459715d40dae21631410b756	3025	06-09-21[04]	312
1cd38c3a5eefed2036a74444581839ed7627f3166ffc3a35237fdaeac5d7b04d1a009b834d70984f2aecab99f30694bad4e0514c3750850fc5f7c699ef68df8e	3026	06-09-23[01]	537
33d977075dc764765c36b74a1e8f6d822f3f282edf68db32d13c9b7b1cc14d5a1d939516a6ef09f388bf6dea627f9df7c7b1c6f541eed5604130caaa0e6c7110	3027	06-09-23[03]	71
eeecb97ea4df5db9675c81c27d276cbcaa76f60177dd565acb20e98857dca88f82f060d73f53e68501a34db3db8a64ec71a52910291a63bee82443f463e666b6	3028	06-09-23[04]	386
6466649c1309761f593ff875d7a2cdb9dcca7ee1080c29e858386b7c68952348ac24dc34b491127a7aa401abec4c8322d7ade04d0fe0f8bb34ef2162490f2b2b	3029	06-09-23[05]	507
f74cfa2072a222f7472f3b6cc728a6f0d7fab3398152175b38a478fe7d965c5ce7edd0456c806decca5d470490c628be42cfa78a8d71c61757e1202de6b527d1	3030	06-09-24[01]	298
c9d07370a5034f2e744c4328d69d7f558d61142e48e825defc381138fa25876fab0b758d8f82a1a1b6219d0c60786d1ea7c117ca66e4be2402b19a09d1a4fa2e	3031	06-09-25[03]	201
6b4a5ac3adac8a30f7af231b0e9e9d9cac515626282eee4c5a7395b291b51c2363dd62b492703421c555265503486d85edc26c2c43e8c753555c3bbe170c8a13	3032	06-09-25[07]	128
97827d5b7d8f8c1f20c234e9afe332e0113429a403a1211ec898d3f71da10ae7625894a1dc83536b3788ae94b1c076ce118fa1da4e0575680786cbe953ccc1f7	3033	06-09-25[08]	420
64e4b78fd3de137edaf651ddec54bc1a130da0cca3449caf369a6ab9e862b732868d3fdb34731de6d12ff12742b845991b56c8f7e5cf93070083af2ed99d30b2	3034	06-09-27[01]	448
e625687d1baf51f5aa24693d395ca4f0dd98cd6ab0944acf8f3e2b8ffad27fbecc7eef7e9c0596310f14e30a06244106ca67ad5c6dbb2d24ed9e5a3133539fe4	3035	06-10-01[01]	272
2ccd068fb540a64492fd77f8f922ad2c4d7cfd23e2246f66ea53058b29545d1ab98ee7591ada3455f826461ad9b8cf19a5d5ce19f8f62bcbe3aef45a66efae35	3036	06-10-03[01]	356
f3ffb6c752148a747e3f41d304e3c786a37ec09b282bb47ab628f18b6be8d07e1595e9e3e0161aec6c92a4cfd1d7f31a1718d4941b591750fc16f93bd9c1f4ad	3037	06-10-03[02]	502
c060acb5548053fa85027aea9f13a07b15857760170f3a0883ac0d252ca00294ce533009fdb03e1b32b53cb98784e441987e8ffc1d9b1537e992d6cc075913be	3038	06-10-04[01]	400
060404b8668a01ce01389ccc300b4a70b66f44686b9c8d7822e22320f00d22a29ff71613a2cd953604f3f163e1867e3953d0cdaecb30151c69f380cea12072b5	3039	06-10-05[02]	956
1a82f5e992ab4021a229bdbe2bf7a7b37cca212718a83a6e07b473795e3e8a30322c47e0da2d3afdfcd92778ecbfe478075567e90aba41b01c5689a9b1951354	3040	06-10-05[03]	224
2e419c7e60f3326e6cb789cd7193a352305e8cd74133f1160cdb776ad1041a81de36ef639603bcc0498d1d76b6bfa136c4f1df8cabf4fcc915d7092defb20510	3041	06-10-05[04]	66
afbcbb85793417ff8536accd966fe39fb443119996f045982bc9689e9a14de2165e724b864ff425999a0c64ea5cd5379fb887a1cfc2d2c85dc5b8ccabbd55ae0	3042	06-10-06[04]	153
71a737a5dd5fcc8e3fd731419cd178de968ed7ed875736d0c73c2453382026d7d80bda981873d2a8c331b548cbc4cbcabdd289bcf3ea33fec357934b12f5627a	3043	06-10-06[06]	90
ff743b52fa7d28ca72e402f7d8afdad9e6e085b8e6bbb3f2cc2b5df753da9826e410501f47f00b2433d39c48708c8a366357b53ec2af0e0eac876dabf9a5b815	3044	06-10-06[08]	384
38cdd9cdca50a032ee5dc2ee0e9779be95fa58f878e1221b5b89e7bc8f6c9dad9731d2000f362de6ced155f88a2643450ebd88a84b1ff96693591ec3e5561f28	3045	06-10-07[01]	301
abac7df6510c1977ca3ac917cff6b56f8c9bed383e172a232ccca84da6bcad85d0c8a11728c99ff1a4dfa5dcdf2e9ae7ac75131af50f1a39ffc6df1e9e1a8b98	3046	06-10-07[02]	223
80161ccb2a18f7dc432bcf9658676fad97fb15e63ef22e8117a238ce644f2889b67c27f8fa7539c440c5ef4ceb442c5aaeab58c94db56cdb0345e078a1945d6d	3047	06-10-08[01]	1200
469d5ca19a7e73c8afc96aa65f9b5de5e99570029d71703f1df2e373ec8c1dde786a393d874edec31b0fce185ce28108a88d12181c2364984d88ab3bd77815b8	3048	06-10-08[01]	152
079876a32d87d8966344851e0f32b3a74b97b085b6c034735c9aaa66246fd17d5507feff3220395ba912ed2693aaab8435b34ba793e4fd7468fdd91f373ed422	3049	06-10-10[02]	104
e55ea7ef9972fd3afad04fe7a96165a20240ca1045162b8a218d7fb7bf40fa0537f9bbc6ba8ca8ac6aefc9bddee9ddb9aea52f60725c5d6961812f469f308bec	3050	06-10-11[01]	572
80d4a9ac34a04f603b7f18041e0cc38adb5eb60b399e069a4fcf8ca304cab4447e79d0809ea2619e93cf276d8b4033759d7ceeef77195550c2830d33b0572aae	3051	06-10-11[03]	233
1a741b043bf2924d19f6cb217ba17cdef2b1eee12f03272bfaa4dda9fd1ddc8c0cec983fe3bbe0ddbebcb716e0d87aad0fc0087b8c0ed2ed31f2f09e5dc1f41b	3052	06-10-12[04]	201
322eda92491723c897ca20af5f13fbf82ec68181388ce205da1f666d0b219cade7a3665e5f086a945d075a182aeb4b63286867c781fb7667f0070e795e48476c	3053	06-10-13[02]	522
fb4a62c7bffc9d773ead58f04bcea3e859f474049bea99bb8d77a8a67a6c713549a09f0346f80b3e05f3384cfcecb54acbf2de841d12f0f52171757de67ed87b	3054	06-10-13[05]	153
ff611d1d8152e7e68c5c1cbbb78501dad53d583b841f62985f408b477b2fcf4feb5286f5c01dea90654563ed8a72fdee7ae75772fd05b95233e17b9a9a765c81	3055	06-10-15[01]	1200
d4088698c8b18a5ed82632f0749051cf387f1ed61b53a78a1304cffefb9cc08f2e62923da675fc77ae11ff39187ffa0831234ffe4f1e780e402fc180f2e4c415	3056	06-10-15[01]	1200
e6777d477357860d608bb9ed5c17c56c663405afca41ee4cc2f7679432d6c89e84ebde7ed3275ca1a152c2491f8ddd917a2f4b5324b992ef3a874d405f15604f	3057	06-10-15[01]	1200
aa53bd8e444711892ce91a8cf976674193fe4a71b4cbcfe3bad1ccf3e6dfbe576c27172523a8ef4ee723ca99ff5ecc9765468a3a2ed5b097e8da2669a777ff12	3058	06-10-15[01]	1200
8d8d5968ad625712ab62196b760b1431efc314dd5f660e3e2f8f500a96b3f55e6f0ad1268f06e553a050195a2e573789e981c91d04647ce13289b5fb0d44918b	3059	06-10-15[01]	1200
021e8d426916651ad218ee7ef1749b9626433bcf993d268189214c5056fbd101c2a940b5ab515a1c20580d8a20092be79bf540d73fbda2409a4ab88a48f4ebeb	3060	06-10-15[01]	280
c71b2a078393a1828e0bf0688f23d7139619628c5dd6216239479e118a8711633e277f1082c32a320aca47c2af03966b8f540e9631a7c94ff9817c90dd0a513d	3061	06-10-17[01]	95
c9b6b8d1b4f41aaf4ef99ba27eeded0bce2c9bebfe8b6a6093726994f753bdebc397739b25d8c32210fbc2f4aa2ea8b38097384f52b8312cd6ae4952316db701	3062	06-10-17[02]	1200
aad1238c01061eecf5b84ee6d8f9516513301ab3dd14ae29f3f3c3edf21a84f1fff97eb5a55cca19a26c3e06b36b6c742bbc6d2be9258b8a9c67d84a1e0b2ed7	3063	06-10-17[02]	1163
dc656d1c2183d7f76efa947d25a93bde6d0df3cee54b7ffe3040c1b93743118213b400444d80a9a137979b0ef9351ed8e10551e17a965d7d0d8edb4469932933	3064	06-10-18[01]	330
7c10a02ea47044c8c3b5f7fee1e08630ed5a7f04575dbd428b45b08916418887570d5b8416decb18ac5b8f1ee3e701d7ab4570c505d3127e1335972db2a321a2	3065	06-10-18[03]	138
7755f1210373217cdb209dc29d3a45cbf2713e3312bf340548a105f86678e4c132e3e09da257adadd868b893cd58ac2b8c99c68ff4d7c353990ea4d688f34408	3066	06-10-19[02]	239
2183ce1ec2851c5718bea3c54cd53b7fcbd530a0e97956bc8c1496b22ba7c6b6d7ba4a5f24ff0c2d1f9ce939cef400c4c6fc4e24b6092cf2afb9fe1459814078	3067	06-10-19[04]	84
bf0c5beda1841015175187b16b0cfa913beca0f4fbd28bf4eb9c300339fa4a2b703aa73c68f088fb32e08ffe26919ab4d4b8280f48554fd73ba2190c3a4924da	3068	06-10-20[01]	190
d66673d6b33f2b635adf0d141bda3e057afd02730db916bef10fa99231631c62b7f9aaee69843b61f9e27ba9df9d28f3b483185b22203e80af70515211ecf5c3	3069	06-10-20[03]	89
b4e214b7f46e32e56b83ed972c9c1a0fe247b35ca8e1f53b89ca4593c12d608f1985b57f5041c18c4b6f0f32c7e832664f32cf4d390b44dc135f7584118739fe	3070	06-10-20[04]	398
d65c5c744efa332992713704faf9c3a8f25a3435e7bbfd3eacb0edcc01ffaa22e80c716b0441c72066874985c51468351ae543b95a63601614b80e7431ee35d4	3071	06-10-20[05]	177
0718531f15123002685d02ba49dbc8fa5f5e8a8b7036db7d010b6cfc5e84c44d972c8ab57b81435fdd0b1080445c9518f7754354814ca618265c4004aebeaae6	3072	06-10-21[02]	357
42f1eaeaab8366d3949ff5958998f054a9bd6654ac3d4dfbbe622a113212f9dc34c28e31324b2ad057c4baaac89c78e000263803b68c765a9a87415208435352	3073	06-10-24[01]	62
31e4697e643c1b5d7935e6cb42e3bdf8d943a58af7cf9b6b2e5867cdfeef03c6aa9d4fe76a4968d6f5805c309be6c126e1cb44ca8a0c7375f16eab75202089cf	3074	06-10-25[02]	508
bbd2650578c2596d6b81b4fdd916fd2eebf47208be65120ea56ee3e641208af23c8bbcd2e0fec709a67d4193e4c04dc4ab2975945da85fae5020839d7240ee4a	3075	06-10-25[04]	226
1e8dcb75842cc44a1fd8d65ea76eb53cb5b9a62d9d5813f0aefdbbd64a81cb102fa9bb62bdcf38acd7d4dec7c52f6a8b3dac9a21d50c96fa15e12911b4ba2655	3076	06-10-26[03]	418
dae57f971e090f1e1264c18f6006ca64d47fa9e8cb36438a756841788d38774db3e0e5dedb3740f7fa30074a3bfdbaf4a0cfa9616893280a27bfd8d3892102d6	3077	06-10-26[04]	154
48a271200c4688132656f6de424e1957374e2096c21713f33630b23d811bc611dbb4b4a0b0c495220538ed33bf6176e5e7a1ab37cdd270b981f12b7bb94fab99	3078	06-10-27[01]	207
d55ecf2c6dd1746a967c23c741e277966b4826a4681b995207af07d094ce288728e2e17fb5c947199bb363c5fbf4271b25a1dc2d316bccdf1905c9f04c38f583	3079	06-10-27[02]	633
f6617c9240b3d884d3e9e4b0ac869e2a4a493614b788bfa1bdf774313cf397964264c5a7b410c421347209c9bd44daebc2e44683c3a530fc6269c1a06caaae2c	3080	06-10-30[02]	124
ed6c260cf30491c702cc8956fd9cafacaff1d1db10a471ba8d1e6803f9c039c5692880040f802158bbb5be3a712267ea1bb5ae35161e09e6a7cf59087d4591bb	3081	06-10-30[03]	128
fe4d9c92c4579b06992bcf70691696e0ab9e334afd92e3f8e34f60457334dfffe05f86aff868ab0d39fb62f4be0e0fed40decb6a010bf32bb67e79e9916c5e68	3082	06-10-30[04]	153
53d9f33e9aaa63c747559c5e772204dfcbb2e79e5f862a0fb3bf61a06ba20b81d5f308917fe5a10d0b472fa2daec110d05eb193c081cc8de48ec79f626f5b4e4	3083	06-11-01[02]	207
b68159b13f684b33293deea2911618c334f1bf40aa262b93570429a5ec4598cbc25da3ff63e7afeb0eaaabbab2f8255091684f36dbec0a9f0df84a986d9d1bf5	3084	06-11-02[02]	937
8173d8a82da078e2b546b6a791afbb7c43b9591744dceb435a80c8be35ab9a36e80cb4e4c295eae0685aaee9f1a66da7728834e09c3f5dd6d602c1cb0b16c05e	3085	06-11-02[03]	702
b1bb5ec189a346e9d1179e15296350d1d769de60860cfd82552fefeede034542942e19f19b37123c556dfb6d10e25c765dcfc0eaedbeffbbd21fb50e6aeda3a1	3086	06-11-02[04]	182
718e45724440e36380c6eba42f0a77fa7660d10e4a8ec344e4d6b6364c61b7cf49d1857b6094dcfe50b9fe6985dcaa64ba339c1730fc5b40f4efa8786a1cff40	3087	06-11-02[07]	138
f9bfc8521281d114904f7cd8d2d2f2bb56006e93accaacc031ee83793568fcf529de3c8169613d33ac3c492b548abeafbf6b18184fad9bcf6e1a366b6fca7665	3088	06-11-03[01]	62
057a82e2bde3b12c1b5e47dc37eab57a94f2cd072e7e889438beae1a8e40fd8d549b544f53e68b979729cc29d9f2a2e163b3b8b3005f6e032e6607e2eb2f57c8	3089	06-11-04[01]	329
28e33aee41584c9ce1a4bae49ba64d525ddb75971531abb192fa8ce3f7306adf659652c829878a56b9254e3b6bba7fe9709bd66f2e675f42dc9193a03ec5250b	3090	06-11-04[02]	93
3175a27800b8c1585a58dbf4589b41060bd8d03b5b229e7400d53e4c587e03aa97fa321a5e247a06d82ce6ce649d76b1066a81b40c89c5392046a7674f2358a1	3091	06-11-05[02]	936
ea7921bbd9351f77c4ec77e64edef100cd8408e0266a7f255c58fdee12f2021966c1d1df5f1e3db0fff0ee2145c97abf9f43e15fa7b538ec7dc6bbb9968676b5	3092	06-11-05[03]	576
83e8cca738b25bed2bd409c9943d6a188ed8e44a19b68bbe0950e75cb7c7926b09a3e4d87255846b8179a3cf5b1e533e370477148add6499457dd4f23bcb027a	3093	06-11-06[02]	809
47063c31289c2846ca47a8799809f0d5db2db5271042817a18fef5717fbfa36ad24657a5edf84f5d7a750412555c3aa4493b3c49921372b05d52439832210e53	3094	06-11-06[03]	338
2ae3c4b9db4d0cd3dd22a3b1d888035fb9ec0097261723690c5adb2008d8759f51fd07580d0b73e2f9f718ee234d47fe272db6b02d4df37450ef3a1917810853	3095	06-11-08[02]	175
db020bfd3d161e4ead881f9a9f8b69d7e247399720d1a8a2552830a93a709c71433c128b22bc7b98e7e66737cdcb6f9c640a1977d7d6d5d1d7858c3a169c6a35	3096	06-11-08[03]	175
2587a61a76e8bea9825235e6234b1793661cc65c9989a8c69dfa879c6d90d66ea828af8232ac3a2320206a025883c4cd00efab2d49c5ca20e873f08d0d17c404	3097	06-11-10[02]	272
b91bdedbc64eb1994e80d4093e715d4ba802bef61659078b09efdbeb42b22b1693b28552fce6f208a5c6eb9048687d10868f802b663d9ef81bdc41b402e72aa8	3098	06-11-11[03]	415
d96f42e7f6fd88a3f117809213bf4ba66986b7b3bebc06f3dde3cadc453c24f01852d1eeceaf424de096675a95778c83df492c709d565060c12b0e007e9244d7	3099	06-11-12[02]	65
6fa587257725fbb09233fa56824e1d750d58a371b7868b41d97a338b37217c6d8f1be76ea2eaf2cc1d4da983b6d877507e70bf4584e188220ea1a993a897a851	3100	06-11-14[06]	178
1389eb3b2b62361c3b8f7c3d5f25b6ca2a60522fd291fee590cd917529ba9110e744d834f03ab023a5fa8edf5488dc01be6b4e89bc178cbb9e5041b1c042fdaa	3101	06-11-14[07]	175
04891e122afcf313ccbf7f5caaa601183e0cb29e7f9f99a98b647a9cec3a58b7ee9e207d39246ae5911d861d375db5041e607f2701add6fc38e9427b451b2e49	3102	06-11-15[02]	337
7338e54eaf453391969bf52312d6095dde0236f142fbeefc7808425ea658a8a9a425825c348b8be4d99cec909b819ade97d267d51bc8b72666780337fb5f6080	3103	06-11-15[03]	395
17d7040b0cb5305f250d1c04d16fc51dafd794e42ef65b6a384328606b3ecd916a6fb284c71a7d8344d6ae27a09d196051deacc6c8bd2a86def058dacad4003a	3104	06-11-16[02]	107
07b164ab837818cfbe66ee80ece6f4281a5f6b96c5fa2e3d978e1d9f6132c871176315f3aecbfb31a7a4714b1f6db9cf30037deb7245144f0ed3fd842c1e8020	3105	06-11-16[03]	190
01efed54a05e047011c311a42e46e9a8f931fac98a64deb1196bf0c2e5af829e4d1cddcc745b2fdcd98115a679f05f9dec1db680acb54833ece24e34c56e10d6	3106	06-11-18[03]	473
f5fb29d86d4349defeface434026dd0f337bdcad0bf46163fa7bb9917ea5d23998c160d12dc1fc38f89812071f1b97ef70d3eba5ae4f042be12b9f7effe9bdb5	3107	06-11-19[02]	235
e0d4d3d48bae0a276c79a7e9fad5b87f28783a0985e0cea5d4585efc2dd40595a51f3d6619d6c3be5afa43f86aab3bbe570f0f35b99c882526045e118036d441	3108	06-11-20[02]	107
51ea287d3b01a6f92b58fcd1b2161b7b5439e3aaba7936785c841b52127ed7a5d79a970f798925893927f2c67c845ef45ee85bf3aa770f585da0e910a45268f5	3109	06-11-20[03]	157
6457a3525b3207ba05c24cdf74a257db7c81be7c9e0d46def5c2398b42dc801c59cff219845f4fcdff1d20713a96369377a9348f0f3d52a412846e5129acc39b	3110	06-11-21[03]	216
6af9fb0d5468191da43d7da6fa7b8fe413b87ca5a4bbf04a472bdc6dd221a8fada47ecd33993bd09f1927477db824722815c21132ff7d6a02d4cd3efb9035a5d	3111	06-11-22[01]	203
fa98ebcb027f4f8de0d5fe48057a6b4493bf4a3a908391c7cc5af2a534c862765c5d20b305c3d304db6e97ae9c4675de9f8e3f87bb8afb8bcdde8dbb788c55aa	3112	06-11-24[02]	94
234d286498e14ef6ffb3931308dc7dfb4c41bd3b8435564a333fc36755d3b1623c5c8b958cdb2527107965be746c05bed052e26408638b78dec2b5536cfa9577	3113	06-11-27[01]	337
b11999fb44217cfbd357b13237697aaec76ecd15db5f4fe048e4990046c3c1c0e857d16a43d5c738af1c5a08fbf3eadb10011c1a6e1f6ab2ff11a9053dbfb026	3114	06-11-29[02]	595
875cd4e9cc444f7eccf4868500177ee5bfd0e4391dad0077084c37d06ffca4eec17db74e2a2df3b37aa84675225d1d6d650a6d5a3b5e402c17f289fc3fba46eb	3115	06-11-29[03]	89
9eb8239625c56f64e5cfbe5fe9b5ecf9357441055bb5b3b23efa8c8ba3db52463e3979b5df492766eeb8fc11ed3b34107a6c97a67aaa97682eed68bc59333e29	3116	06-11-30[02]	131
9c87107b5902b2e6d1839b6d762031a99480f2a32cddcfeb8c20b6ac51e7dd38f496f8990c2d120410657d54943c6aba790a7b8011a5d12b2e5ec8724bad9d6a	3117	06-11-30[03]	189
23c084703f26c9a9f0134e8bbf8cb15f69d340b21cc18e110ba24da46855329ad7dd5c06b56e9511f1f0003ba88e303a654dad8ffbe90d1b9d7d69fc9533f36d	3118	06-12-01[01]	39
d1deeccd9818eaa0055a2aa88fce242362c2cc7b664def8262e3baaca40ba96d4f74ca818a324201191c52d14e9dfdf80ed615c82f96e9c984db48eb89ff5129	3119	06-12-01[02]	760
cd8742b9e08cc153a7584f7a6de057ead92057aad303b7aaccbf35fa2408d2d7aa7948c850132d5353547d7c25e49932b70fdd53afd284fcdea0a3962038f89f	3120	06-12-04[01]	424
5076299e2528cdd306ce8afa4f379431415b11dc469b2d878c771c7fc2b4a77836ca29539445345d28b4f269fd97a2265e1d7ffb0e1a8616fb893d50184a1fab	3121	06-12-04[03]	169
6c71811725ab73794d37f499fc83c0f7962604e806f8f1ecf0db5cf37ae12380aeb106dcf5c5aadae098523281aed2d8640a0ebd854ba36d617e32e586e9a828	3122	06-12-04[04]	119
b83a42215d585352415d9e79a764fcb1130141b19625cc8af4f43656999e1cd5fc14b27261a4ec7c223721e8a85e2ced4e64c67ab88bc043b1d8d9e0ec858e8e	3123	06-12-04[05]	374
d3bfc49b4fbdc5abb30de1de37c6ae09f7c6311dee2128960ad92e1aa8aefd20ce9243e25e3fbd08ce0e0e066740001cc8d5886f9e06bfe12575d67e6f8c9535	3124	06-12-05[02]	177
d4eb3a49d7d3fe33756f0422b3242dc5d19adb4560f68d56c499a9e9bc0c7168c6c4acd01aa6cc61a9f4a2d48566e4756fd574075a2a16791dbe481ea54341b2	3125	06-12-05[03]	55
7e1d9b9f00f06453d8b780012788fc4b24bfe4dd1ee7dcc1a5f2675b3f9cd9c650f951251f9cd9b40e8e4e8789b9fb18860ec4d533b4fb38d06b56fb6945e6cf	3126	06-12-07[02]	919
4d764172926e6aafc7d7876384f8e09b10e9fc4e1bab5dc0ac5f811b7da311673a6cbc802786dea05b94a09ab41554a78ae1df0749afd6af007c3f7e103aba19	3127	06-12-08[03]	69
c755b187caa5098dcd0aaa7d3d631e228b3ff38496abcb7b562b38ccb4f1a41ecfdcc3bc60f891b79c1fa186a23c316d4408f0783e8ff3207330c206fe17a479	3128	06-12-09[02]	145
5064527992846783fd4d8dfef511ee6e7eef85d9185792dcf607bb64540f0a62e4e189426acf0cda963730effec261335fe80bfd31643f973b89f60d6246c4e6	3129	06-12-10[02]	605
96fda2f73f3b844ae9f97cfa4754017cdb6e178736ce113bcba5796d821acfdfd7d839f921fa1ca8da40d6873e0494b4c04a267c40dec61f946f9b8d70656f1a	3130	06-12-12[02]	563
be256014a7613a41daf60a3aa4e5d861b2acc723b8eb0f2861dbaa5cc3152ec67a833de25272c766a17cc5e12180b5956a933903e1e12a305383dfc67b33da95	3131	06-12-12[03]	546
84099305c0415bcba45fbc4661af728b28e04516ff0d7fb4a1b0ea496d384e89c69205e9aff3c653cc252d1dd782f5655cc548f7e99ab7f4ea08eca45b358006	3132	06-12-13[02]	406
90b5e901f15d0ed7d9655334b5f14b6cf425fba298cf061fce5742d5f2507fec86146dc94897a4a89c9786eec907e30a300c549d2f7dc469be12e9fb62332db2	3133	06-12-14[03]	85
b91b2a9960cd85151db642ba647999db7f23c4f2fc08467e4128ef125266dcc4a02b020074778b2cc752d11186de48934d79575cf39bafe43dcdafce16bea19e	3134	06-12-15[01]	775
f0651139ac4cf8ce972f15d3d11db6dc2d6d9565ac6c9e825f6be4bd849ce314fde4e629f3e4181e87d36d54b7285d37810ddda338ce9c73e7a5c41b0d2abf30	3135	06-12-17[02]	182
8207a126d6d9cc58251bc560646cc9270f56028952601128d32ea8734413035796e0ad075fdd3dfff24354b5797bcd71550eaa4ba602b794384b3194b7f566e4	3136	06-12-17[03]	1200
cb184d0b631b5b850907c6c2112d50c8dabb495bab3b1e82cea0f41ee4758d89ea4a43a25300565b3b10963a00bf5df206e19a7e69b560565892b01b231deda5	3137	06-12-17[03]	1200
3e8d34d047d05d8dcba683d0b2b07bb3ae49c8cb361f7da12c482ff63b27936442bb7012a3d58f0ad8ed6acc8449bdea569eccb65c77ad9cb99a29aa305320a4	3138	06-12-17[03]	1200
406f774fc7bce9535b8408cfa95441b1a0a719a398a740775ebc3d0699032ee2e2b0dd6f781f30a6f805835eb762547cb989e2bcab3845eaf451396d1d65fbf3	3139	06-12-17[03]	1138
953eb362f70590930c1908a52bc008ec20739cb30247f69b98cdf6c479e08eb7db7ca275fbfd18b42e5a9861b71727248127e13c6fa171c6f1b78c97500b0596	3140	06-12-19[01]	1066
fa664046ee2e74ca9d298ef76b7c9ea1e9988b682592569ab1f3bee39a8c3dc95fe74df1950a74ce12d9d37e7144696325a199a04aa61ca842c5d88e564060ff	3141	06-12-19[02]	345
9ead8cc5d014fa5d5c350e99c1ef0be7582cb36cb3b4ade8bca2e31ea7d4fb54e18620cf13547510d69c46156234250967a9e76e20c4a0c331abd095f130a1c7	3142	06-12-20[01]	1038
8304621704e7caaaa38456d48ffb29eea9bec3bc2d597dd234c3d3b4ceff1cd24e0a7bd15cabf4fa38226f3109d0bae899abc5d58df216e3a8a2c35b75c8bdda	3143	06-12-20[02]	641
244f7272f2b97d0e7598d8efdedda5ae86e2c1043dabeff2cafd6cbcb20082fd4764c430615e4328d6441f14f01aeb27522bf4d8036a91f08f2e2af7b1a43d39	3144	06-12-22[02]	268
9de771a4ec362af64854c31c033452f6af8ac3af143dcb689e43b95dbaa9e603d6ee84cbaf05f1a2aee3dd08fdf254fc5b5853813dd1f16a9544920271b9773c	3145	06-12-25[02]	90
883671122aa0c28212b2f9938f5801f17dfc37006ddee322f4c0fc02c0b9549727eb4c41f44a5d1850fc7df054656d5cc698fa9f6707cdef9ad359cbdb70d561	3146	06-12-25[03]	1200
b6c7fcbe48ccd033f81a92d1210e4be3a90e974a69decb0072fd2e7a26bd96a198feb71b2db4326e175486ac9cb81400fdf0cb8c50dd6b29d4b3284c684c70b5	3147	06-12-25[03]	1200
db0849a08a36cbe2b75249508f8931442bafb9017b05d0944d200592e1930ea03c0f9d804cba8be105dc9362da9357eca3feb169228c9a8063744289ae7256af	3148	06-12-25[03]	129
722ad9a7a4d1dfd196d0094f3a68bf06469309c0c7cfefbb319f24c4363859fb00e884e585a9039894a3bdd29c1de39f593c4d713c3171ffde4f397ab69bf3a8	3149	06-12-26[02]	157
a43b60c3cb41c0ce817f4fcb35656375b5fed124b6efe1dec723ca85470cf86747b30e090700b87b74d210d92a12ca71c2c1dcff4650319b3a9029a94b721a3b	3150	06-12-27[01]	479
410fd410e11bfe68de9406fd3dd08dfba2f485be3e38a60e49a75f5ecb611a11ef63b0e232d1b4b15494b2fe591ec480967258ab69e26f6407a21f2a30f66dad	3151	06-12-27[04]	221
751e31f0f8be6c9fe32fee8c8934061627a232cec17b0d06f5531f47c44a087dc2182db9d770a8b89f949c17b6383b209bdf65bf22b20c883aba6faa9b8aec4b	3152	06-12-28[01]	115
8bf2e8813defd31335c9911ca300324e7975d5af7d11538878de50f518740ef0227c47b7ed5285bc89b3d004433cd60076edb162a340defaa85f4c02a3ba3ba3	3153	06-12-29[01]	164
fea21deb2c0c13a7e7cb5f95f36390e876fc99f1dd96077972fc95f8993868e2e4c3fe6834529ddca89bd3ea6eb10faf4143b6dfb17bf53425999a4a55ebbd55	3154	07-01-01[01]	729
11a87e2e110cb646f51a646ddcafb397ee31547d743b7596009b7a54d986e28006f5cec8a0a43f889e854c0f0b058237fa8d5e6764881756b78d79a3d09ab1b9	3155	07-01-01[02]	1195
c0ab1d0f687ca6e2c4e5da05a1fc83d33f29c2ce0ca516174c3975202120ad4e6820baf974c7237a5b3cea563f7264dab3ab321f8180b47abf4df3bc11f1836c	3156	07-01-03[01]	1200
9ff328368f3e541b5c5d656a619f631f27ef4e26b5e9e9f722b7d0d468781d4bf5c8184229a5bee047ca7ac3f0ba4891cec9747ae8832329851a74722c5b6026	3157	07-01-03[01]	177
507a25708e234bb01cb189b8fcab3670947a065750031cece10c544570b58d5cec98f9541b99bd2bd0b203814618b9c1e49f760ef21fa17fbe91c0eab3d11c8b	3158	07-01-05[01]	70
639cb47b53764cc14bb7c1dcfcf6510fa389acbd78b6490548b4ca7ded55fb19deb1d3724d2489f117d3d1813ddd2950ad9913ebd775eb0a8e5f53895d24efe3	3159	07-01-05[03]	334
055dee90dee9532ae7a3df74f9fbb34470f9788f145bb4f67152c6c40cbc1c407e5f17a8260ea27df840a05ceddc89b035a9ff9aecbabb4be906b1d3898b283c	3160	07-01-05[04]	162
6b2b0a96e483fd9e0cfaa26095e2e760b8f4af032227938c1518cb171d351675ec5b1f29ade22c38cdfc379fc3f30937e38a6c869ccab30061e647182c70c450	3161	07-01-05[06]	144
74f18235f24b0c2a452fb2ff97773a39df311d7fb523c5bd91211c0d73c079b9f08cf257d9d61b07d0c7dfbee10cf763a04ffdbf4729258ef607c41b6f12b1cc	3162	07-01-05[07]	355
9cfd0e2fa68697451908cf08b5d0c700fbc0cf16fd78651bbffd11936ec6542ec0d4076fad186e8c7043a6c2970203186260b157b706e048b9c861433f97832f	3163	07-01-09[02]	189
e7f06097234aa56f4ebf80bbee04a1b5de2fa9a6811ca840ba62b70f4ee6aa485076a21a61b074283f86820dce4203600572d972d759cafce17e8f8eb0927b24	3164	07-01-09[03]	32
6216c691d91f19271ae5ded3dd75c1d9f076b927d00d41c59d789c8cf2353d6e3248ff3f554ef4fdacff83a3d494b4a94e82d864d127a4d92d939d761cbe31db	3165	07-01-11[01]	92
c413d39becca8e4863a7ab855b5dbfca07bb5b1741942c0d71f08415f99ca642cee109a0f34ee98f7781e472d781b8accc7b70f1c29d6ce43a1476225a9efbe0	3166	07-01-11[02]	85
438615946bd99548a3ebe8135bbe767fd1f0f1395d199585e47980db6530e0897d05d596208e62e0f026a6c15e697920e4aa6cbaa55fe5aaa255e6c9489d55f2	3167	07-01-11[03]	158
c743472d91be6204a15753033083bfb04f760548ee9397eee5b2f8ced3fe153244e4aa45cdd1e05795b1b8c6883598a94bc2231694d3806707ee88a8b47bd1a9	3168	07-01-14[01]	476
da41d23185ce14ff22d23f16f56c21619a6392a59895dd57777a503c814d0822599f9905d79cc8f2b07e7f63550f32e39117974b560c6366871db40689a61761	3169	07-01-14[03]	114
37ecb1e7253e2bccc0ad854dc32f0bf947c6ca5c55a5b612b7a839289b5ea8b995d3fc458f271daf07f0aa5446dae5f3b83159c8f542c36a045b7c84f1d8d5ca	3170	07-01-14[04]	107
dc5c32ea4c2e0fe990fe391cd45f8b6a9a419d3ea82df58517d12ab1b5687d2c1878678653e75b022999471240760c6e0799a193924842ec1dfbae80048da304	3171	07-01-14[05]	1200
d932728aca8c9e5661b2b872ec46f4c7c10e53c7596dd7956c6384ce3acea247432da72c7164b74fe7229355a354278f2ea29f98d6cf957d851b52d4e14c56eb	3172	07-01-14[05]	1200
0617bdbc9a0e68b78e6e5a25032db6ac19166b91609a03fc9ebb560c5492b8af672ec7a4b327884043422b5958eb2a9446f48080022a707bdc2bab77d9a1204a	3173	07-01-14[05]	1200
33f390e0e1c345b27307b4367d76bec271090557599f618ddc13beee3f1d553932ba6642bf4839016687cd797afb65036326d4d619663ed414339a0cff3651e3	3174	07-01-14[05]	1200
c48815d7d23b95f12f8cd4a52ac7e82734006b424d88e9828ea0f5c93f84f202c798e10c2e1d0df4c0675d30be4e0714e0e2c9e3598e9e98aefacdb2d2cd010b	3175	07-01-14[05]	1200
d8c52b9a672bd1bc4e1e88bd232c7946c013d696e7ee22dcd45118f02bba0d5ac6f3491b13b9dc31f6ae066595319400996065562e1f65569d06fe2e9473a3a2	3176	07-01-14[05]	1200
6a83c2561371a0dec78ba4e0b35add9a3ddcce5f88486c8132e7d8368e31f95c5f0435f3c63d5a288ce40b7d01ff98a777c060159588fc4fb5845ac3c6ed003c	3177	07-01-14[05]	1200
58b03572f07002d4c3a11ec23fc30decee1c3985370b86abc037aa3379757c6b6a4da1ef82d381947da20dd4e13073f0aa62608f83549b4514411cae18492547	3178	07-01-14[05]	1200
9d4588dd84fb27a6e80932c0bcf945f4b4f4835bd2e190de5ca262ddfcd506054d0f95dc49dd5465134a6d299b3933febce41b1144617bde7f4b4fba2abc3bef	3179	07-01-14[05]	1200
9a8bb9fcab91dcda1913b243ed1411a19b167671cc5e653b854c80dd819e0b6145950be27fa65ba0ec77c16e0e49385dfdaa4141eaf1e246ee04a079c81d6abc	3180	07-01-14[05]	449
ebc30b495e0c53a9d2135874f942f3519f3a64a4a815b208dcaf1cf7b52aca1d93acd06f05b7073245d9c6b9376b43c8d0d1a53922400bcfa8f3194555dff465	3181	07-01-15[02]	81
328497541d43967aa4c0f2402ecf8b8a70a4a4293293e8bcfb193793603822f5ce2a2ad4a4100aade37e5c22af680c0fca8c9beda4ab790509b5f6593ac96a5d	3182	07-01-15[03]	50
eb300c3ff83967fdc7fa80d81c01910f67df2d7245a6268496eb8f5ee11f3e29e51ea37bf9b565210f03672e871bdc833ad52c9adcdee5e3ee236d3224af30c2	3183	07-01-15[04]	280
4b9b8bd7872fd55274610fd90b169880fa24bba96532994808aac46b5b96e8f24ddd609e1e1dc671694a40a613d7ddb021fd9c8b50514481b0b737258be69003	3184	07-01-16[01]	435
6c7d2a3799058fbfa1dd591b4055578de6cdb320663e66770168d34e9b49d891cb44f8a582b7519d13f443ff5a1f6676a7232f30aaa90affd01e2a91d1c04267	3185	07-01-16[02]	232
ab0d3275afdcca607a9843e502c547bdcb74758817018f68e32ab9b706ea1ff53c8ef2582b486980ac6ff23ac0791e606c0ab9ad9a432785e6a2795a1dd91cfd	3186	07-01-17[02]	64
3b02c463cea9ab9420c5d237390c722d4d09d53c4d7c01651f9af666991a04f61d58f9ab531ec92cc6102d2cc49b5b4b201f57bc237a7d373508cef889af8539	3187	07-01-17[04]	236
91db0be847108bce10450f387910df16be9898886135aee7f4bf7e332d67986f4f386d6236a0c79b93b5fd4a026101dc790ed71d9e236222c6a4871030790236	3188	07-01-17[05]	213
d85c05d9755662fdf2070c1ac4694ce86031e1905be1ca69ec0731297b6441ee26d26b3a7cdaa77d5adea1a5536eb254c7f67ddde4981ba1ae755771748c7d25	3189	07-01-17[06]	107
4280fb2ffc2c98a2459853fccee8519fd741fa2fd748e02b75b66b3babdef5458ea9a859dfef52d47b3fb8520a5c155b06e285d4993790cfc0567f3c2c21f6e0	3190	07-01-18[01]	391
d755a03ca7587228846e715ef4e292109727af3360668cdaa7d75b95e63ab87edb4d4dd4aba1265c413e5dfb790bdb78350272f29b31cac61bd611135aad66e9	3191	07-01-20[02]	115
cadf954a16f483c2abc33fc3c1a3a4920e9b80efddf4c24ffe0aad289b1e4097512652b793e5d1b1377c6205ebb033a0b4800a84ea739664a144b0ede4792ea1	3192	07-01-21[02]	213
608b281fc138cbd90eb2b7d0324d0e42e21021ecefc9823adff985d64720aac2434a5ff5e6d7903f4e618eb75701039d461c55ab5d7ab74fdec1961b3cfd076f	3193	07-01-21[03]	154
f1cf9717a9d5354cf7806c3477a463096cb0455c89283f7117a6c066c9a22ef160b3aee6532f409ef00c37fb7b90bad56f408eb3e080f093f23db57069aa616d	3194	07-01-22[01]	309
cf16875c71c697c42f93337224bff9a39dbe6e0f3a570758d4989e9735547b57fce13b8f996b19ed16eb1c5141718510a4f4c0b96c2b3d56fd8345c3a8aef548	3195	07-01-23[02]	149
8f286f06aec10c1248ded3e841b71fa236be09eaff217338f04b642882e58ad5ea1145549a88150bfd191f0e1d7b9a29b79e0a316ce1f542bfc308fa4e51aacc	3196	07-01-24[02]	139
ec43b38b1ee0c164da02194a16585cd0e9c994c504794b1211aa5a3c26d6daba0cc8fddacd7e26de2b16da373cbae98b89a971c49fb9f9d93155d0b46fa2da77	3197	07-01-24[04]	115
901a2e8a08a5e03717b854eb147477c2120cbbbdd82b73cebce72ca25be86401f60c0b2aa189a0cb15ff6166792d5e2fcb108dc3d893714d6258f902c3a3a79d	3198	07-01-25[03]	294
4422a2d255427cda0b011756a32cbf1c51a5002ca5f4fc733d2801e9b45423f094273c90174fc2bede5c2899a3bc2d13f669e8f2bf991c0fb25aa46862d7581a	3199	07-01-25[04]	1200
cf2ce86e0c49a359289fd3c466030f590b321cfb2b1335b8b9954c745261e1ff40703934c812d242f870ee1b950a50b29894bbaf9127c1f5092dc80115e57578	3200	07-01-25[04]	1042
17883c82db6ccf64168bf82b46ba75c7c477320a31dda20894352eec8a4fcc9be66d56f155958ddb981d7bfa4779b2d795d6fab503d11f88259d4335416f8916	3201	07-01-26[01]	68
a12b9213248047e9803a6598315efe25d77370c73ee8506d8c27dc5e46c08db5e6f72094bf170d045b7020db7f222ba9d03f9e9b73e13fb12cf7fb414ccf2492	3202	07-01-26[04]	241
c9235266f0c9e09dd09ba85c792aee4e0ff95a32ee9f2d5741fdcf9a15d15107ca933b3c26f39a3a461ce15f393316dc7176f0f7d9c5d367424f9cdd95e1dd0f	3203	07-01-26[05]	941
63e11817b4fd00959a4172070e4531f24c911fdf1f3a63b8254aef3f01b72bb85bd85df30193e967dddb9cdd7af8536c4113a2bcaf9eb3f7dcf77a2b0a264e5d	3204	07-01-29[03]	354
9bfbc58119248bdab3a31e22b3ef349b9d8dc1f7114a7f451411b0a53c7409c27e008688579acf50d679cbe1f22e0b73546e619d95a1bc5705d6fc2b53e95959	3205	07-01-29[04]	106
d997d445144e6e4880e8ebb595b06accb5353f9f5cdab9fbc199d3ada3ef8479a2c0c25e635c39c460f8eed43ef7bb44c44658eb0097e7f86e8cda22821ecd73	3206	07-02-01[01]	133
f8a911d97aebd7ad2abc08fdf1ace86a2cda96e6a57322de8e71622a84987d7d88c3fb459723825d0900a00828d6147b2c6aedec71c895b85926276a9ef53f7e	3207	07-02-02[02]	1200
d3b8844f4766161809b7d07cf3a23f0b43a7d50ad6f04500cc7f754b7b8adc621855e64b5a291e6ed68caee57f6b61e1eb707628257395c8c3f91a394fb2e405	3208	07-02-02[02]	134
129eaebeae10684037e5b2a4c56d4dbb1e2f9fe2d5061dff32634ae7b212521ef602b356389b0232ac4569ffd655859051b6d7c984d85bf3694288117fb8156b	3209	07-02-04[02]	155
4092d42df20f6f83dc73e7f0e14e934ea17ce48eebc388927e875fc2534f3aa1585d58b7d605ca78b5f4699fc7ddad80fc66857271792933c4c23de7ead54b23	3210	07-02-04[03]	500
54e738f42f6c8f34116307c1c9a3e7484ec267604fd2b7a0416b3ec2f598ec0657b78ffff473ebb38638d25fdf6bc581f6ef6be6027f311c529ff2f32ffbafbb	3211	07-02-05[04]	240
aab7ab3c864316bcf7cc7e9925fc57acda8aa0f8fe5bd818c3917eb035615623c174774a4e25e1c192b4ec9120cd33e52304cd728b6fbf6bcb04d6d58e1590e5	3212	07-02-06[02]	761
ecb1d599b8c91507a24c9ceaa7b87fd922d468a37edd9fb77158d110462b006e65b6e5bdffff401a5238ddbb2dc4f8990939638c95f481ea4c0c0d9546853f2d	3213	07-02-08[02]	183
3488556f685ef07a472c7be88b8a0f3764c1f386b30eee52a0f5c5cf5a8df172ee7121d2f35ceed196d140e747dba22d41bdbd3a2b8c6e85bd28a6fcc7195f2f	3214	07-02-08[03]	555
55ecc404f6928edc3721c552361fe2b7eee54b746b9c4627b5257f516f02723afd532733ddac443757b91fc2e56a4f4e61471db762a7dabc735898929e735c64	3215	07-02-08[05]	97
ce0e8bb15f096955738088f3f6d4e88942cbfd8868a2b11d3ffac7e489f97be96f44c1e0d221ed38e3dcd19d8b5551c5a6db5d966e827194941215b0bd3d53ee	3216	07-02-10[01]	1200
3f22716c8ca2909855f7e987296bd0509e143bd98ad98bb1f03f4121114785acbee5e963ac76dcfc7615b85d7f2517e1b0628b317ce5ce1802b6419383dd3e11	3217	07-02-10[01]	288
d868812c2b15569dd579769274b8f7a232ea6d84c8df86df481a125017be2b10852977f1ea7b68c243158a324de5356f1175632773fcff6cb7ed4d0f97571822	3218	07-02-11[01]	635
8b92e7ebde79dd3cfbb49a6ca661bb07767cce61ce138c44eede23d5e74ff99f5bc15bdbc52eb3f0f67ef3e793e4dd524dc5128b811bebf9ab9f36834592f763	3219	07-02-14[02]	817
9c8906a029a45bc0e74a98a3ed91edeb840d34be81e8351f78321c099703ee2d781222b98e91e124f4432d54b581897a68d00643b5690c94dedab43b48376fa0	3220	07-02-14[04]	981
a24ddd83c341b0cfb255b1f964b3c3fe0b1b66a1fb143e54a341bbaa3561330570bbcb1992412d6bcda767eb73095bf48148eeba3f656b0d5504b3bf87fbc932	3221	07-02-14[06]	89
e570a538884edf430cd90d8b0e67850ba918b07479165b55918528a727cc521e3586c2ad930426a2809b325e7b62caf0e9069f5e93a124cfc6e901f451b8f920	3222	07-02-14[07]	170
5de476eb778b01b8cebbcb30aea7e12f9c74281dc5c152fa70202e9caf04fd5e25944dcaf52ecb49cf97c27dc330de815981ec1b1caad3c3e07509dce027a2d4	3223	07-02-15[02]	426
a3f3c0cdd19e9e31a062824c0ba0a7525c72b3797a75851e153ed462558acb5f3494078164e25176d66ad5d33291ba0d73ad50755ca522be2a49ea6e541d54c9	3224	07-02-15[05]	97
cb7d0f82aa2b93db24983b2d84621b4a0e2d8cfb31fcacf7e89be29baf25a3d408aee9a6a82e0007d997205dfda1828171ed8359388eac2b280e8e3362744bf2	3225	07-02-16[02]	183
6f5933d4564534fa6f52227035b11f1085cc18aa542b71f9975fa94bb174f856d5df880d8715535e9310f2889ab5a294ab8ed3d3e9cfd9adda584800c9d486ab	3226	07-02-16[05]	676
50ccb591a4407b48f88da6541c921517b50467b4ff80110c8179517b859733c592cf2947ff0a196fbf2427b7f8c36ca8d6472efa75857b44d79279aade3ae439	3227	07-02-17[01]	177
a74380693c3a3ceffd0d799353ad19f933ce9a5e7745d058789e9553e0642a7b4f0a32caaea8ab0342b98b1d744a7d3f58af7eab815c6e76de7b3f128bd065f1	3228	07-02-17[02]	420
0878b1005553c75206c0b51ba9cbea1a7d8f63936a4bb9c016e4433599985739e0f01959981c578fc3902d1b0f41cb068365483688d4c8932969f20e7154ccc6	3229	07-02-18[02]	120
d03a2e1dcabac5c4c25fbe973233c8e432ae2a86225c56ca8580dc2026eab8faf254bf74e7bd3f430741a655dbfebcf297243d2eb8bee534540f140eec3ae87a	3230	07-02-18[03]	100
742501b59f2a028d703fbd7199f2843f0bf36fa92244ae01eede1d44ac98ef22860246c692e25775ecf5d03ca81ed66539f7ff3756433053a045bf0d16db1969	3231	07-02-19[01]	422
d738d279cba73a091a44ae75084163f7689b53e28e98b635761b2d4510a026b6d41f9c82563b8919dc0b39b67813b12ce83af9383938c36ee70cb1d08ab67dc4	3232	07-02-19[03]	86
efed9d3adf453c0c68e84d65d383c1b18ce537728b52490548137db8e55eb9c2b79ea4c783adf9d513dd8b5361939e68322e68f5012366490c4309363908a9b1	3233	07-02-20[02]	508
2e0107ae6fcbd49e97706c44e494bf9afd52d017a59fcfa7e5cfa41ae5a25c96161351e58a7a98deda85a19cf3c10b9579fd5c25d1d8fd92c94332340db51702	3234	07-02-20[03]	199
3393217677a05d54909a2f2821689803dc9657a1bfd9c638e949d1f4dec5a8e6009f326fa41b29717cce12542b240c9b7798306b42a68d3a46b3ff4ead3c4ac4	3235	07-02-20[09]	71
b3b451b84e66cd256d460e4f0c1780c96fdef3494c3fb0314dd147db080a08ab6e5852d3a0f36037e2cae56dea9a1dfc10e24e3092fe6b20f8a5d6be3580bba4	3236	07-02-20[11]	87
c0d3440c3ffb689b8982e63ba59675bcdfd384b562a9b80e9677c1ea9e38c2d21be1d90ba20425d9ff66d2ebff353d17462883ebb9991f64add7398309a20218	3237	07-02-20[12]	151
6adbe482b5ef5a19c4149bd7da27196a43faaafb4b8add6f1560b50326d3f96b7855b165aa6eb8e8b5046a6529513d3aa2f44d845848ab4ede6d8efe8854a054	3238	07-02-21[02]	1200
2046c36d985aedb617bb14598c675db42e6a91fad4411c3a0289c6f9abcb4ca2e9a72f8796c98820ba4b34dd0774352bcbe1f1f7dc00865614a35f9e3c78ccad	3239	07-02-21[02]	236
c79bc585dc3934e5e823267acfb1ffddd6e6babb13ebd91bd2714e32c0351f43822da8a32dbb04acd7fec7cc6a9ad659796599b8626387f9ea95bc5eebc5409d	3240	07-02-22[02]	410
7ae85a386316c79952f8b07ad3657013ecfeaf5c0357bd0fbfc11b212a3010226a88dd94705b4895ab3b9822bb42ef138543d48ec215a46934e89124fac4be81	3241	07-02-23[02]	754
2b006d5fa5a0df47866d14c34241fc1a89043a7581589ea7166eff0c6076fba9a0543bb9b4ce325df8cc2de1a5aa8f19fec2f2a10eae273bec67238b78cf7d73	3242	07-02-23[04]	255
3e8cdc2b91e94752f6723bca906ae657ae79f78c57151d859803edba4f9ab48c252d2d7438b7f49b57bc9634680595ee7fb220b27a7d984cd2ccff35dc301a27	3243	07-02-23[07]	131
294edc46ce91ef974f6869177d2243f49c3049e6d348e742f80f94dd0ba8f45581286b50fdf9fe8c0d72466ed54989713cb3c41b5faa26bd4c2dbfb8e0cd3a73	3244	07-02-24[03]	400
f9f2764aced0592290429308841d7fb84dcf3e2a97ca90177a587eed2365fdc50294a670be5e98859aec565cbcf8651b17ba73380df7e7949452948aecd54109	3245	07-02-24[04]	246
4511f9aaade7d301a21065b91b0d680f6bfc88995ab265a24f38a1c273ee86fb112091a541190d1b59d3ca18972967511cee55ae5bcf04815ebc40b7d39badde	3246	07-02-24[06]	83
d935148d649550ca84ff44605f38de8cc6f1aa8e365cf950fcc228755c07a2c1ee8827dd618cf52c69c7a676ed38c7b635c8b25fd681f53c2d04072dfcb3c050	3247	07-02-27[02]	1200
b0bac29a25d4e8e64406af99cdd099d939fe66f1bfaaa1eeb7dffda70517d5e544a35c5336a88998105004f28de7cdc9008f684cf7d139ec06d812fce496d4dc	3248	07-02-27[02]	159
3ef9420fd3a17d9b42fd32605e51f9bf0c51b621b4e7d1fd59adeaa6597abf080493e613f6cba30dddc59e05a5130b45cd6e69c224deca9ef5324fae80941ea6	3249	07-02-29[01]	646
94ae71587869517b3502a8a9b345783c06c3f991da6e77505542a3c319295437a18e7a90e7f7424acefb2e14674ac810ca97a1b908c8f8ade022adbaac9d3864	3250	07-02-30[03]	149
a7e401fa1d0a6eece05bcbb8be1444a1b40593419522ef78b3885f123b41b67cb01cc3e5543554b289bb4108774e38b787fd43bde91121f29f56350a1bc4214b	3251	07-03-01[01]	108
02ca685be754a0aee0c36057ed461ddb2fe21bcc12ea8721a20db0f9db0ff2206f5356b93093d6973261c4daaddfbd792f7e17bc69efb6ea2c2397b04a50c674	3252	07-03-01[02]	162
5c14742e39174cf3e67723e5dcc911700ae50386d8a2c61a5dc03bca3ebb8bc2250d69f1da0d81800074a13afedf93cf96b59fdd065c0d6c974b5fc04562572e	3253	07-03-02[02]	890
1d29f52941cf4e18ad131dc76deddd017f175c14ffe663b6688da1f3b2b1ab4b14551c0d2b95874727151bc9bd4468ea80acd417ed4768be5717421f0f57a9d4	3254	07-03-03[02]	112
ccae4a6ca5242a4c39e76c258b0c16e46e3e57c88c5f1f519bdb773f810718118e149bbc34c704e4004a638be50e232b041fbdb55a2aa26972b1a5e441652f40	3255	07-03-04[01]	1116
35ed4e13e1a38af5679ed83aaaf804fd844efb272fbab0d2b3c3b1e40e3e6396c27da22b19f402d50a9f5be8fbb75eeb2b2c1148c8d614a319484af000d1ff50	3256	07-03-05[01]	311
4b35354feb03c8295b8be025af7e1b2d578d8089da2fdaca65c05af147f689bc586dc1709c372e986a103f5492009aa94644fd394feb04f1669f5acce5d1fa03	3257	07-03-05[03]	157
7fc12c05f6aee17be1972242bdfc7560003bf16c720e2c87564fd90cbcc84a2dcfa2c86929f929cb15babeb5a1b86da64ad3337ebaeb9597f09c454eb541e1fc	3258	07-03-07[03]	352
c431e73e6083e0d0fe782f9de7294071e1ab65ff440621bf123d46cbcb0a2c3cd8b47f93e4a4904d7f8cd7e86dc2251d31300bb85f25872defc310f4594d8038	3259	07-03-09[01]	375
c1cdf9820be6465b7cfb65c5589f6063378451919f4f1649d011cf9614aa8bb7846249a5696f5deafe38a76dbcaed215a47e6de2736c43bd4a1bddff0a8ae322	3260	07-03-09[02]	640
e1b2aef2839cf1ed266697c10ca9e4a458ab3837ba81ceeefb7caad9f554ecca357c24bd73d053bf3865194dc97de876ec49e9c460203a1def51e1a080b4eb15	3261	07-03-11[01]	326
45f9dc95d3998e8979102251bde3db5d84f06eb68d148da1afd12fb50d39519c74936d2027ad4b10300ee1e32ed78fd343558e3c639e6cc1a7518385aa89d32f	3262	07-03-11[02]	218
5df511e02d3598545344fcec0f454e04204f0211c0f37ab25de6dbee632190f6eabe1f9ecf4b1f1ec24d20ceca568afd9f7bd1ac84f62c9b31b07de04b217b7e	3263	07-03-12[02]	281
7b6c6d5558a2ee454e9e2a7e45f5ae0ad06d3c2e51d8a3a827572fef2eb73728b56e7ea943e293d44e6fef0be7cf0dad8b3a5066e7685f2de1b03c405bb92253	3264	07-03-15[01]	179
75e8f955fb12e1ca5b966060a6526f8d701a8825b65ae33a28c792b63b8e3d030089def126b3b36a0ff8c472dfb3a2b181dfa3b0a33c55807947f355a82e84be	3265	07-03-16[01]	366
66f9a3cc7d0485a98c525bf4c612a92ae1c9328c8ea3403044ca2d56c9eb8fa0d82705ba4055b757aa6b2a89b7d30cae903b60d2b2b7b2c396239519aacfd6a8	3266	07-03-17[03]	51
b938a0243e6090bb9742ea18a72495e58786e319168ad73ef6c7c77d6cf927b4dfc59ac63b05b214507bc870e93a6653d7661ee35a6d7bde0f822287042642d5	3267	07-03-17[04]	527
cc20ca69567b0261d76e191ca0b334071b2319c17a5222be1a0b5e9a02af7d65a8545fb67cbc9aa261381744d3c8ad6018263ba7e7601455170daa5b5f764cad	3268	07-03-20[01]	89
d29e92fad26e68c9b5a4835b35beb999c7f16ef0b36197350859d812530c06d18f371aebccaa9bc1e27a828dfd2bd07559abfe5249d6476fc63d8e9121557eb1	3269	07-03-20[03]	369
d6eddb410ceb54d1e2515af53d87379b72eaed1260a9c5e0628a8406a408fa7a7a0ae34c9530f6f92a1a8e17183339b350972b81fb922f3381b2b873f552e7c2	3270	07-03-21[02]	109
0e59341b511a3beeb09f734ea9adeade14fb03ebb31a9f53e2f608579f962e6c4a3038ab93e00b98e341fdb3682422a26458b5dd07542e85b6bcf474ab9c8ddb	3271	07-03-21[03]	137
2da648079692bf6035d97c11787a631d03ec61b3cbb6e7562f46b742f3c803dc459f56fc4edfa6aad96bab4634bac671d63f7c5702976a13ba1ae371b6aefa10	3272	07-03-24[03]	287
6f52c9eea1c19cda35b8a8572048b153159c8ec53cdf4cabd58ce550eea4c7917a07fce8f59e8aae55270265d8214737904b87c44ee5f1bc15ed96249282e5fa	3273	07-03-24[04]	359
a7047122795e13342e8c8e1139cbd8cb3e069fdf9ebda136123e1dabed324b7ed18a3b2313662c0804a28f49d9a9d84a5d71f91e77dde4669be78eca83e80f1a	3274	07-03-26[04]	289
bc2d3203391d736056bd5d30dbbd7c17454ef36605d8fadf42c30dec1819208591d6b087d0dc1aa17955f6717b2132e3147212f11f27db4431aa2a59d8997362	3275	07-03-28[02]	344
fbc8f0b0201c71c4c5d979c57443cb68bcbab36ee4b43eb03db0855c13f70f6b1c1885207bc1c9687121fdada64bcafba10347f1caf4a154c12e55713b983078	3276	07-03-29[01]	158
bac7a98150f65e7523e48ae7241e0f48d100603b88ad4306161ee7bc5db7f358feb66325b4743016898383bba5b36fa8852e71db6cee3820e62f9f31a470faf2	3277	07-04-01[04]	260
abee0bd85eb7e2422670b7ddf1da1f59782be8b50b36bfaa74b8c4f45b5a5cc9cd5ab08f29f502822f5195228fcc8c5c023a564fba3406192818a2724243f31c	3278	07-04-01[07]	104
f8fea44ca1405049f80f580ca6857d10ae7058d84e4ed1b5bf19577bdd3e0e6c9fb837183e20dae55f75aa7f05f21949f6d279bfd43c2e2eca7c51b6b6f61003	3279	07-04-02[03]	102
4be507c0620ec5d953c2bc94f4581cfb3c3259153d504009d06783de657c9f9cd6da5d6d1dcd1073200e9bdd23395df3df785325f0a881a620e65b8e6129bdf3	3280	07-04-02[04]	100
d8845573b5b1efb925f3fe5e1c994df2af65d05a83fc650fec4e25c0b5edd5a5c048f379c94073f10fc033a41bafeec047ec45473c366813fc2878103a785db5	3281	07-04-02[05]	1200
713e9f387555850c62985f1fe0ad621ea6a586d6fc49e20791d69bf6851512a8d7ad8a3f8fba4a415b50678faab248bf1559e5340a8d62afdad5e09ab7cf9543	3282	07-04-02[05]	834
92bd7c126dc432b124ed1e28fb1dfe94f40cdf16b3a4e0594c0298838cf836dad82351bce36c6d28f9997ec1f4132bab417a7f2dccd3418370f5c58c668c962b	3283	07-04-03[01]	545
ee5bdd829d140abefb53cdaceb879041f704f77289e2792942555eb0299bd3e984a97a8cebf96c1a608affb30d8473e4ed10219061394d8d2aaf621bdfb30b62	3284	07-04-03[02]	381
97b9c94d5eafc49ca71e095dce212ed4bf58cae6b19348e4cbf3d819da8df38d636abf2b21bb5dc64d00f2c960b73024b26c0f2f5aa0614aa5135093f546a7d4	3285	07-04-03[03]	798
6745b9ccb0b8a26a6d3cd8fef2e44f8ec1402b8b8d8b682bf04e349d46d8f7255492d47cc8a8a04513fe88578a0f83f010fc57cd776ca66ea0ccb37ccdf09a9c	3286	07-04-03[04]	354
46aab9fca1ac3953ef017e5c6fd9a65b1f530e05015266b0948778218b9b052bc4c6716333a73b417fbf9059224b2b9bc060d3548844e522c8036badff716511	3287	07-04-04[02]	356
ca781056b73e2b1ddd0faccc65aa7f0c5539990fed8386b9e6cd37b68a4692309c17b32222858e22a3a34e7fb3bcfda7fe3424ef35055fc4e68f1d905d44a827	3288	07-04-04[03]	593
62f8f4370fff733eccd775ca17565fe100569d16abf3361d2fb3368210d84cc8f4539585b5cd783ee3181ce21444945859838af739617640f0602fa1b7872e99	3289	07-04-07[02]	110
a52b00512d3ace07ab888b6acd1db56fbbc7bfebd592faea875324fa3f695d265ab0e29666e535388a5aa1eb15ab52cd270643685cba3b57d0d29ab6d38fbee3	3290	07-04-11[02]	211
81dcea4cf2e86f2fd8c11fbf1afe4a9551f0990e06e5e40677dada97a3e0543dbae79b0b0f733601c50f1eb101283edfd0d1ebbd9d7a458e256a03f90f5c17f1	3291	07-04-12[01]	870
ec4d7cd3c9b9bf470a0ace15612ee5d4da10ebabc4e8aa06e8a3c59dc8ed4a45b7321868a00511b550ba6de87c4eff21d6e9fc0b0ada9fd4913ef4e94d84a13d	3292	07-04-13[02]	292
ff6f9c9f677273d04ffb02c4d4bb18632e73d45ad719ca1381b9edbd5266811e5cd71da1f2399b292c2b5cb82ebdf171e09d90ed08c73296ee16352cabb8aac2	3293	07-04-14[01]	990
cfbb87897191b21a883fb2dce95913cdd547193e1984abf4d45bb5f16f8aa6fa1db8833e88bad7213aa1aabfd74d8a3503be371167b62ca0dc8c41606c152f1e	3294	07-04-15[02]	1194
29a4a86f06168d6452d4cd9763632fa55ee1237eece49b06633a79d1fa03395a942a1cdc31da936f183ecffd0b35699c85fd11e9ea47f93e66d7348dbe432b86	3295	07-04-15[03]	345
6ca928a3b66c1292ae77a460b8f9e911ad9f7815457e0b82b24db162a3ca5155b0d2f61fcafbc8203bdd2ceca0d2ba57fca70cac04b3325ecfa0d7f2d25126cc	3296	07-04-17[03]	136
08e06f93da984cd8b9fe8aa5b83b82ea705e0ee43e6ebcdfcd8ccf529ee280960cbed7a5f7fc0e3a16d3712abe1d21331c08d6e24cf6f55276f8b50885c3383b	3297	07-04-18[03]	97
5a6f49738ea468fec6cb92a9f49a723322531105c7bcea5bc291a9d372e83731f28039dc3d01e453b53947698a83497434e47a5616ec39c8ae96ede03ae7035a	3298	07-04-19[04]	163
c21e42a02d9cb19574b5c749b3500f401c288acc8fd48c68c1d43eaab9acecb23c46d1838c0db7dccba4b8c7fae6e3cc1e5289fe980e3266f91867cb01db6059	3299	07-04-19[05]	405
87428e82ab6e9743b3d7ce2b4c8973f7531c67609b62258253078b123e9088149ade35c7c71e6f0890ea1d5028895cbb5e09fc9e4a63fa117c5dcda34913a0e7	3300	07-04-19[06]	204
9adeed5f9f67b32a2f0affb609ccde48eda9c1199524e841fa098b7475744e4795334c75c9460ded6bf6a572a2717a7c2b921abb5055e816b615b8fe1e38f33c	3301	07-04-19[07]	611
f14db8fb0b76a5cb7685566ce51406308c0d4965a1b6894af97e737c9cd1e65b96917e489abe6eae356257ff65d6843fbf507669e736172b236dd268fdbd80a7	3302	07-04-20[02]	70
b736118e34417c4ae74475a8b2d1dbb597db61917c5c54842fa4cbbe863db64b10cde010460e0bbf4df645ae75b20fc6ffd1c536fabc245e682cff52d06e9551	3303	07-04-22[02]	207
dd5894a963970b0bb3d483285aeac6a5e091d053f3181705bb3392fcdc18519b1a8af38146edec0c032a567385310dbc35de663203254569a0faf4887700661c	3304	07-04-22[03]	105
44640dc65f7fc51713dda574d80ff2f56abb87eb1d423155156f77792501a9a1f08770171875cbd09c1a6f1d1baedef8fc312deb5e78d0741df4754ad9ed1b93	3305	07-04-23[03]	871
927cdb1d88fcbb8b84249f9ce9c1bcf3eaa82b28aba17724bd0af60b4ea3b6d913e43435803f2ed51a9b51bc344a687fecdb41113e6283ebb8c365288b865882	3306	07-04-23[04]	162
4fd2268e6666e83b05072d9ba1f94b84543564402d2b0c75d85c9fa53fa68b22f036afb2e2533cdae64d432561b6b2e7c779a2c5c5f8de62ade160ea4f41c1ae	3307	07-04-29[01]	64
6f4a2f7232612e9b1431ce06a97f12a2223525cc1185fea3b89f60d10777e5a6ab88a05c6dddf864a77ef0689090fd62c5df25671ee0110bc35701b81c3e5b60	3308	07-04-29[03]	466
e5d9930e19a5eb77309e93ab115271f3292558b600a7a0a287effeae9ec57cb7b70edfd1e123922e0867a19bb0842b70150bb0b38d2ea8fbc9bd57d66d913ae7	3309	07-04-29[04]	86
a03940e3d271629c8f30eaf5d5e73231ef430536f87cce2fede65bbb3ec7c59f1852adc151acdf736a635ccbbc8761385f65fc0a709e3d762b27228efbb7a735	3310	07-05-01[02]	187
8153ab9369d197c9e80537449053f6f427d0d286fb24caa074132784f96bb24fb547c21869a9a56e00c1fb7eee6b224be74814674a0086e1474773689ccad516	3311	07-05-02[01]	67
528cb6104defcd27d453874dfa489d74b92ad334ee4a84dcde2eca8eabe192e0bbebe8a398f2a73da0f0f54ce5aa4f4714342269c0145ef4ef551022381d0d6d	3312	07-05-03[01]	495
21d0b15884b5e762649196118a250cc314da6ae427f17da24faf26adfa42df21c2a751ac3005555de0be006b4054a73e721f19e5c61bf4310c54055eaa25c14a	3313	07-05-03[02]	223
81a54370e0e2e5f4cc968ddccc5df413dc2ecf24db6a0c59e66e558157d6f83e254b2ad8c52618a3804e207734a54248692a640f6b02dfa0454986342ec4f4ce	3314	07-05-03[03]	495
156229c697d9fdfc0012e1c0daf57fd52cd19f82ef7795085cdfaf1fac15427100e3add63470c6a705143c4a937b9e2f2be4ff45175bd3ef5a935d731bf199aa	3315	07-05-06[01]	597
5ce6cd98de751e9881153b751c69753fa8fada3956d4906d492e6a33ed18b6e95f071f5e4405274e4d60c20b3007c4a9ff02d287be734dee5980c4034f520f0b	3316	07-05-06[02]	208
0edcd5717fde76783810246dba638fc4823294804b227599bcc523c28cc0238c9b953de2a23fcd686bf80e5b4054db2683632e5ffdc23fa175049241c0a40cfb	3317	07-05-08[02]	174
7a4eda81670bf1218a41a8bb35048912b1b4c314451b0c20b0d5428eb588893ac15b7397e6c510f7ba87b300eddd388a423eb78cd17ab548da4f0ea3aca8f4ea	3318	07-05-08[06]	232
a6b636ffd8b5b3725554be38d666e19a552024016215c47f7b41e0f49e6e876b1836948f4781098e52a5294617616de3698574ff88c6642486786b98fc623865	3319	07-05-09[02]	391
d35ce3af191250b36ff390a8c4d2eb726ea29f437a11192b6cc67fd1e43db210523173d679e5944f6a8eec6bc49163735f51541044c6762a87555345f1e3e038	3320	07-05-09[04]	279
c50948ff3baa6239faab56ad86bcc194cf00a7adf3fcf6c67e71a340b1452fb48ac96b1c9a02c5764d763b555af10f410b124024b1676ddb354eb0d21790ce1a	3321	07-05-11[02]	608
c789ddf3ed30604e0024164f6a1afe0d0b157b724fe441e78a0de7eb33d4b6817da8d82ea8b8842b899b303771d0a3557cf74b1997acbc3264a00bd54c750c6a	3322	07-05-11[03]	1200
f4bc1d52b76b9a1f02598d546b3cf303643bd2aca09d66f714e121e2969df48a737cb92cabc19bb1d61adc183eb488c14c088adc51edbe590a3cf59e7504b4a1	3323	07-05-11[03]	1019
78aa01cd80b25b6db53a9ecc9d8e6be016b7eef2e7844a5a586fbd112fd9bbb1177b64d3ed90d9a58763e98ce0848a4db1d23b274091c8a93dbaedffa99bdb73	3324	07-05-11[05]	145
fcf63599967de5b014b4579a00a363d79584c00bc040512cb24f1d3bccd87b025574ec8f7b8d6bafb6f8fea04d34f39903f1954b774af1481d7337bb642cce0a	3325	07-05-13[01]	660
8d50fea12b963a64a1dd335080b25d7d5a00a3972271c4119f736d831d403a9dc82276ae1eaaa8387f6957969ab97103d5d0f471e71fe2b735c3460e69a71182	3326	07-05-14[01]	696
63d3cbe81422594e8aa8dae1373471480d2cfd2a599e92ec9c434ddb9d77a3605697bda20aed91c7ba17e2d038070368c70b9668954a8c4449e14251781e2473	3327	07-05-14[05]	121
6d7a8f96381d4cbd0c557117c94dbac879f0c6290a9d480837cbb943b81e942f473b00b151fc6324f84bb210a6e4114c82ef5ca19e71cbe30fb8d2f249638591	3328	07-05-17[01]	63
d3f6ada6f45078002382cf548da9816866048b9df1e481d59c1a459e2d889a954d36b7b8e61e5a62fe019606e6df704936f0c761dbad8376f6c17ea4d5b56ef3	3329	07-05-17[03]	822
19180d6ac87ebcf4821abdcc4b1270dff3b910aa89d9c6deef0635eed1686b5864ba77ca08fcc53395c2a94a7731eb2e6d356f9dc75443fb18b236065c61cc0d	3330	07-05-19[02]	42
9e767d9663e4d518de68f63a4bef95bdeb20565521340608a839cf08faff4a4880fbbeda79f85f3fec68be7eb88cb30c41173a0d1b74d06f5f4ec011156019b4	3331	07-05-19[03]	642
dc973b6c3a59052fffd16c96b422625a46ddf53a96166ebe8acc2156631a53d08d77a5b7f5dc12b40be59afdfd4eaf2c83a29301c4ac61083006f21606d2e6d7	3332	07-05-19[05]	166
35256c6fc45213d077197a2a6de776e8c876b3aeae6a0dcb813bec057bea153919a334281fd7ad0ce4aed34436543578b54157e86c642d1d742ac3ecff10459d	3333	07-05-22[01]	1117
bf63e5c02571ea06b0e8121bfa5722aea049696c20c070700e63733c2a67223eda906625b0caf87b7f5880336df59fb5261410f2742b972fe06c2aba1d404840	3334	07-05-24[01]	300
c5ff684119282ac78755838d37c2e4803ba1e07afcadd698db43415f393d4e7a720c34800153e2316a83f9d0b4af36d9b9e772c5c648a3e52855ccffc4fcda6c	3335	07-05-25[02]	190
f09f31e6357249902473de9f3986416c310c06bb7a3a54f196f91948ef3e918a6a6ba94b11ff7eae4aab3fcd376f255f610375d7ed99f63933dcee7f43b91824	3336	07-05-26[03]	1048
67edf3b78a168e35e872ee464ab6735d9383ba9afceb5879bb24f24f54c116e1c3234819b126c2c1926b096c98ec57c8b37ee5894ed5c91e3bcb8963e7891359	3337	07-06-02[02]	1200
a0f25dd48d4c42ff9e168d5c4696604d39e6acb7c182991d12f727027c1007137d55109a6237f02454b4f4f06e3e305416dcdafe7f135f8b446d18e380f01472	3338	07-06-02[02]	1200
a3c47685a0bae538ee45a4bfbd1c9c71b599aba8c562b740fc2b25f88df06aac110ba25941a1304a9f4a84bbea4b6a0870fc3fb3c1b495c002c6d5cb100b31cd	3339	07-06-02[02]	876
2b9f4886746f904d7f1ac7b69ec3c7c620a95aff54c11dd6708345c2efe882b5f501d5c25576a1deca446a30d3bf5550bb5ccdba86c61ddd07076c5b18d7e6a2	3340	07-06-02[03]	825
a06eaaa6463f95f40dfa527bc6f3af2ba648ce24bd9c6b774bd984af63fb692b94ddb7093c470fbc86f606547127e7a745b9ca053119e53e82edef1ed82c6ff4	3341	07-06-02[07]	213
e505a5b5a67edfb5a8f0da9eb4475ffdeb1b84d0f9e5a0cf328948d8f524b769ce75bf36c7892b126f604df22ed402f3085bd1db73cc9fb491e3f8a7a6fbc4b2	3342	07-06-09[02]	748
ef52a9867550e7c46ddb955a7baf5b78a21868d65d94915d38036aea930d60d08d35a29b903e795dd419d35cc369b9912222313806237ceddb26d327074d0f6c	3343	07-06-13[01]	78
129112c6525b60feedf6288636c8981f695e25f1c33c8bd328856ea5cd62bd101438240f751c0753bb0bda9baa43905968ac7d6ddd880a944049c83d4ddd29cb	3344	07-06-16[03]	366
d42c1acf5ceabf56a9d305766dd8eb609dce72b27737a8420893fcaa237ad387e168c135ecaaf9d5738a6ee798053a1ab02d36bbcf35188a52fc5da6c588766c	3345	07-06-16[04]	171
a8cf03f11cb4f7b25187c194f8384f84d8e17692d45141ad649a820c3bd94c85c6a8d2551e651051dfa213e3bd300d534f1d9416753a335c3c64a83f3472a10d	3346	07-06-16[05]	101
2cd6d6c4819ffcbf020e870503a26af1dcaac6b6e2f5825d9496234389650b3cd0d0b4f76c28d0be9fa64578f61fccac135b7bbea06ce5926fac685b19a2a8de	3347	07-06-16[06]	109
003f14b4766c4be024c71841f7cc7b9efea4b1a73598bd62d82ea2f0d4176ba20814fe690ef3e8e79e5602c90e6a762718c64f801a9c5d48b933de5ebe544585	3348	07-06-16[07]	183
443d36fedfb3531d8b47bbec7fa1e965bc70182da2c1be93f8a913e7a047e6ebe57836d4c7e55b7a89f1b3f66958e175a8b4ea9dcbf0619ed192bc27e06e1bb1	3349	07-06-16[08]	576
9e682ae67546c7b1d7a0ac6e6d6c1a8038ffd3111cff41e4e8dc9a62d91627871c96e5389c9690042a2ac29cbbf8bab72a92de8e1ce883018133e5ca7d6d5038	3350	07-06-16[09]	352
ac2796330516421ca6da7e321e34c72763dfa298fd3a200c73a2ba4a89ccace463fcc87860071e55b9547f33180b53f6523bfe7304de202edf8141362c1cf96d	3351	07-06-17[04]	1012
61f47fa501f26c1de8276a9f422accc0e1584337fd57a11b1a6231ba61be74f104cc1446c212482fb96e6b28ec092a2bd59d6dacc890b8734c54eb846460ccfa	3352	07-06-17[05]	206
b6f04ef9eff457726a40277bca455e044c967ec89877b787f3596f0d8dd1a5a3cb2bf4ae3c6f6016e04681cb55f3635983cd7102320c914a8508bd7ac6b30d6b	3353	07-06-17[07]	757
93d4d400d15262ea9b702f1281e1d933a4bba7a8010ce8dbc66c1de1ba660b121da3d5356f90ee6509db4fd5d72eb37ac5a13ac160e39b9919b6122d3fef8f17	3354	07-06-18[01]	42
0a9f96ffe1bbb5b2cbee2b25f6306ef1b95143c7cccef66dec3443d36a9376130d61f32c6e0a257ab58ef8c3a0e6f4bf17e0fd8e18cc80d877dc74613dedd99b	3355	07-06-18[02]	204
c8d61b42713637aeff5f6bf47223f1971959c0a1b8bb45989c88da63c34099156da4dd234f9b31af29a63af7412ca59253e97ddfc68644b9e98b6567efea9f74	3356	07-06-18[03]	148
40990317a8efc5285c1731f417a3fa48ff8015f72d553777db83bfbdb0d88434417e8c3c6ef0dec13a58cec3bd2905ea8ce1d7ef4a063256e5225f2ba955f2de	3357	07-06-19[01]	67
fd1b57c188503e061002089f2683650f5ea7f6cba937cee9ad213ee65e12a3680d403aca72644e21134ad74f4c192fac853666209daf06e13bfd7c2f658a9c00	3358	07-06-20[01]	423
1ba4d8ad7edfdaa642a9ee933b5f9ca347a0adc3a1783f1f643541839f9972aceab4ddeec14cdb72508247270ce4ace6b59d4033fd3d94a09ef86fefe5de6156	3359	07-06-22[02]	552
19b65c8b1666d44c259610b453901a76720a9057451395bc36d40e3888b3ecc0692f0d706da5bb806895fed5ec5f20db16f1720943efae605d74bdce7726ecef	3360	07-06-22[03]	75
cf39c7706040f59448522c6fb7eabdcb28196c5b60930efa6f049d697f903d5b0693b7d9b3828ce01dc12b963082b5b5e8cec90b29e9ef54a48cbf0c8fb97ff1	3361	07-06-22[04]	775
c3048ed26dbe5c9d99e6d5680b076596734732d6e5c522d1c12d09ae78ec1022a162d35a66ca930b5d476a8f8c04d1ebcc8dc36de5d3de72e5d64da6043a47b9	3362	07-06-23[02]	232
f94ddfe1fcdbe1811cd876d096617b793a5f9a926cf61d76ad58b9a2fae099a82d8d9fa958e232ac1d5c04b032833f1851604307496296d16efed2d26e951051	3363	07-06-23[03]	356
088b99a963eac524f90f33714fb80616358c75d0a557464303e9bf3174f785588de8c213aa7fbb99c793c97f1356481c73e5016e4e232ae2cc7e86e2bfb7a07f	3364	07-06-23[04]	356
9f9e3f6c47b484ff58653090b1cf7be02c2b5eb9980e939ac306b181cb64941a862df78548a24e7d134afa1b80b76f5242cd60ac9421db531a750e530369c3da	3365	07-06-23[05]	215
d58076a8bc6c561a9c401917ee5390e41f858f705200afeba0a853fd641bbd20ed441f7ca4b05240dbdb4372a1bdc580184bf025705eaeed451048aae6091a91	3366	07-06-23[06]	1200
b323997127d1264936711e05b3de804b17757ed3f64ccffe9d1bf4762408bce7febad5e30342aa432b4b2cc1431a7a8255bfa9593949e48b4274c8578fbebbd6	3367	07-06-23[06]	1200
b95997f4c07e14716aa0504f2f53b8c5c3b219f38f86b8fcfaa9dd5976e4836eb608474f68e9b0cad3778b5e2f494db1c475f0a4978526ffb9686798ef55d4ab	3368	07-06-23[06]	1200
e491ed8a65aab3fb419e2d7b5559331d98a7cdaca47c386debee4963abc91f09366d918822d9a1aaa8cf7d0fbe8d12ea1e2fe6d40b5ed5922d84ef144c203644	3369	07-06-23[06]	1200
72ab878a2747129d9ecc1da887dd9583cee17f425185b26f620688d9a7a1f2c410d17808168e116e197985eaab907b0b4174b1d99f41afd79bb3b47e93ea015a	3370	07-06-23[06]	1200
7483243acdc655abc7657055431a35e9cba4b494ef3b9f940877cc3fb7c4667247d5587eb962df30edc6dd6d31c8b35859ef19f5b0b5aca01493571d6bddfec0	3371	07-06-23[06]	312
7cf4ad769152e8e93c16dab7bf17e00599aaf18fc1c120313821d3dadf26627e97a57fe7ff339fe68d58404702033d94c483e3266decf288e722d3d5ee70a3f4	3372	07-06-24[02]	673
17de2a6d9ba58f89d0c4d2166c1c0853c50a9d085e246805ed8817060214052954a26125a94e152eca53e0254df9ec7659cc4d5b28e353c4c0fc995f10c28417	3373	07-06-26[01]	75
047e3503101ce8ce793030dba871951b96dd53eebe099f19721c3aeb0b2d0d0aac23d82e022a85d34221ad0179a6583c409191b8ff696a720ac1905519085b87	3374	07-06-26[05]	344
4b64a17fa191261294c4ee1425d76f84d4217e3be32d2ed4efce615bae40f801029378fb882495ae53b7e145d7780646206dc56b0cee40399530fffdbd3120e2	3375	07-06-27[09]	1200
49ddc6e7562801f9c2af13530c0c8a0d32bd255945fa3b5b84fe69c780046c2c4f64ef76a18be708736940d8db34925922bd1303638638c6edfb3181fbcb6eb7	3376	07-06-27[09]	1200
dfc179c52b63481649af1f1b7592acbf6f1751c26f850ce3c6e03a2891367e725a6b90bc801dd8ec7ba903a5e36d9c7c68c8267ea535f6600b8ba1b0618456e7	3377	07-06-27[09]	117
8749a59d97720549030dce28f235f634574c7e274031f3fdc7bf548f7a3887e37ae0d3c228adaa8ef66f280eb2c4ea3907ddd75016bd6af1d24de6b0e339bdcd	3378	07-06-27[10]	337
3c440cf633f8081f4be1576d10d268c762df1f72132dfe65eea071277c96ce9d0c3698bbfbc6be7fe81dd4edd11583eac8da201cf8a3315ac396fb8a0e32d94b	3379	07-06-28[01]	85
501a987b60145ce98d1ac29d5eddc1acd7e269b78d8870b31cef325c06f52dd2128b1d7eccbaa6089a1e87f8b2e9d9b27b74332a86656a8f8816b6122cf389f9	3380	07-06-28[02]	395
5892a9d1c8b3295e856e382d1ef6dd74d1b53ff2388e6421a92ffd57cba53114b28f941b166a8a33561b7a5582289fdd9b8fe39d63da4efdb1d88f78c1b30ed4	3381	07-06-28[03]	115
9b500f233367ccd93137650e14d0479fedfdc2f938d21f38d5ff8a62523416544bbc544688adeaf94022b1e28d95b75f723ca236937e90520aadd5b2e57edd84	3382	07-07-01[01]	409
870fb8aa82b8bcd75889199f8637e992a252d74b8d5f911cf1d56d5d353c3e3ba163a02c8e6d9aa5b4acb619ef2f5a33ce58b340de68ad5d9f8a7f236de1189d	3383	07-07-02[01]	151
649f8d6c36e2cb5468ab8da6cf88442a80aa1e592efa2da436b385604f00682f67b1b046a8c0d19b60f2521a71c6cdab3e5094c2339241573a521ef3c2f0f85c	3384	07-07-04[03]	359
63b2ceb621bebce2ce68cf81a33b32e947d25c88974d29af8d6d1f5e460297fd6b0e5886230a6bffe0e8e4b1ca8c7389e27178d8366ce7a66750221cc119ce73	3385	07-07-04[05]	217
f47255c5d1403d373bb3e194513e661ba731797adeae17797d5a9c503ae5404f416e2a429f583a2f7360143c40085f0de6baaed8fcee1edaf934144e30ed4111	3386	07-07-04[06]	171
7163ba19fd592c905e53cee774d323525183d1dbde3321578ebc73e13504f9b467666a0e69a0699ccd58971c52ba63732924004f941ffbc6d4ffcb750f7bae3c	3387	07-07-05[02]	399
46c20df13a7d652a6fadf25e7d71667c03ed53d7e91b1af036b64c1d0b7923bc376371f04c0b86b4b44c988e9dc2f7be93fb33d3b5c306c44ccff61923b918e7	3388	07-07-07[01]	947
c1aa2c8b6fef1d5beb6cba0353087d7a1a5fa3bc0f12868b695ce1cfac9fe0729ee8a52d9eabac1199a2d2119e431ddcfdeef4ee1a14a0cb2a7546023c261d1a	3389	07-07-07[02]	187
d99e7068436e629ac10047ea6350e393dbe9a60c9bfefccfbce4802e631ea626fc278ddf6c2673f412e36219f578c50cb39b58616614e5d769d58d9702b42a82	3390	07-07-08[01]	228
c4d4ae2f6cda1b97dd45f66a287634bd579429969367ae39fb2dc1641771407e158c59861cb9d69e85c4936b3bcaf652a98286a0e87d1964ff49538042ddc548	3391	07-07-09[02]	253
7d5eb06d3aaf1b933bc216c470eb49f095da950bfe5db13bf485ba38d9f5de3cf1fb088aa7e4ed0dfedb1f04a864d508a2ab94817270121966e3e2cc381870db	3392	07-07-09[06]	342
4fa5e4a4f639676e9948dbb8beb71107f76cafaad6e03f33b7121b0d0f21ce21d08bfb4f6c514516d2e50f4747722c9a0b59a0e9a5271c65460f1e21c6f7010c	3393	07-07-11[08]	184
d545bd24f831867feee45f390374fb767d23d08a58ab7a349f8b506a5df0abcd0b7a39cc6e9380da1d29041ea4d9bacac2b85f0e6f44cbd4a662106f0bb1ae1b	3394	07-07-11[10]	531
910264b03ddd4b2489da979379ff7a574278febc3d02c3c6e0072e0381c05b953b07ba514bf87dae0b9579a00fcc73ef1e5b82808237a4b9d75bafd7fe17f263	3395	07-07-15[02]	86
68882082e786729b5b9460afde373bbd079a9a473217dd5905d8c819d72bd5158d6dda376d0c3439629173832989da5e1e52967d46720f4fb1fb13bb50b7adcb	3396	07-07-18[01]	708
1d08ac6b6c77b9aef737cd60d53716d9763afed406f1a866de611bafe3bba7f6ebbfd773355ae4c899599bae7a3012d328876139b82738dbc0664e092493135d	3397	07-07-19[01]	289
37c8f86c1e9fd2870b544588c4ce89701150ec4e1510c87df236fa94c1d6aa3ce1c6b530af367d7c0843eb532fce0500483673181e528531ee1f8779b6e1ea10	3398	07-07-19[02]	461
0749488063b9f96d61ac565d47a1d6958b98d17c860b295eb50f9c2597eae0958334877213fa64b4d25759be6cf0ba5a9369ad18dffa3de98583d442e289a41e	3399	07-07-20[01]	43
591a9368a72c60d42419caa7c3cb969d0544d9cb8b7cd7fd12d513f70c65ee0072a5bec706ddacbc6b6898dda75e4033de61ea175cc1c8197bc7fca65c0fc416	3400	07-07-20[02]	607
c027392a9dec82b725c251f4bcc2451baec3a1a3254351e307b54cfd12f7c55f4c741ab68195611c41f8216fa91385506fc306da871e134ba28fccdc1e58211a	3401	07-07-21[02]	1200
353988093458ea94188ffe6e539d138f5ae8bea07d20722eb67d47f97c0a9bbe40024615c4afc55e4f2e686d1a7eada0dcc17dd8349934b4d5a18d12924218fe	3402	07-07-21[02]	718
72181edc77966f9ed33a0ccfcb6444aa010ea5282b2b02bae8b788206a22a749a5bc057286bbd89bab36ee3300f835afe9c935c7ea7792fee08c3177396f6a9d	3403	07-07-25[01]	168
3385a229f825af28a72099d8039843fe183476d56153926e782a9980213de3078c6561a26e9f188bcf425d2450da9d67e7c8c23700313b4722158187e3b5a89f	3404	07-07-25[02]	309
563364827563d311eaa7aba8e0820e5d7e21c2de8a5c2b20e84e24dbc08efd97de039488d359032ca3d2d555b2f0876b470bd9a2f6142feecb3bb1fa700348fd	3405	07-07-28[02]	132
b75095c510e26116f723913a231772d6f857a0da10e720b4df0dd2c69fca2301eb4aed6eae808508b3ab3b94f5abc6a5267b662b04e854b427f88d3a0e29e7c8	3406	07-07-29[01]	614
a3a9f476626a9000cd36baaa415fb788b92fd07545a064875d1d361df23b35f6fcc5462a0b398ba99efb4766664aa6c07f2da78ba287f69ecd754b7a1be929e0	3407	07-07-29[02]	454
fbb33f1061844f69e918277f53207a8f69024cf0a6439910b86e983296d8733d341f616446f2d89f2e4260e572400f84e7f8804b9a6e611357532b7366d92f5e	3408	07-07-30[02]	166
6534f45274eeae9eef0dfa6115852cacd4888ebaf73cf749e2aa22dab3a5979cd12614050b58e34b42b8d5fa5111b8dae2148d60153cfb99f9e38f493fbbd2f3	3409	07-08-01[01]	638
c435ad795e6c72b464900fd50f3260d550681feda53088d0fb76b765876b85e7ba9496a479787ea8995ad50e5d1dc62b20ea81ff126dfe1152dafccaf2b9c96d	3410	07-08-05[02]	186
3fb8217a995e7325d65790f7e5b65710188fd85b62355374c463647c644c2611a97d3f7f211e16c71fe028f6d93e426ca28a7b35a78ea6ad11574e039c3eec1c	3411	07-08-08[01]	348
25080056901bff258594bfb2c3603447f7f05816466def0c3da1df80290610cc182982488695fb8e3e8adca6427ba2b6465c4662b0bc2c31c387dacf764e9651	3412	07-08-08[02]	335
7b25ee2089123a1707250d1bb363ff6cb3765e357e8e929a7461f77c55753ef6348937de289d9d5a181ba69d51c90f7b0a25074b5dd93a9bc171cf910bd19160	3413	07-08-14[01]	184
8d88e145007ed0f94cc466c552789ff2d7de9a881fbfc35d09b28d6fed5e3b35498abcd4b20fba64670a197ce5c581004002689ed574870145f69e7a4a97ae24	3414	07-08-15[01]	206
8ca97409341d97a42a2e9081f0010514ef8380e5eb97bd273decf2acb3384da288dd93643f87e12fffbf1578d25ae30676008a5352488ada8f2d76c3a88a3cd3	3415	07-08-16[01]	59
2f56650371074583d33202efb96ef994a47f75e99b5ea1412fa31c36f33a8b5ecd7b30885c333cf51d9c84c18148e4f6dff0dc490e91f09b3e90e2c423bd5a1f	3416	07-08-19[01]	72
a409060dcbd62772268365578d270dc24bc64357099c4ac7d1a7185cd12169e3fa9ce0013f89e4d2ad3a9d5e1682b1d269642c405561b6bf4b54bce169be6ac5	3417	07-08-20[01]	72
978bd62f96428099e193be16376dbe7beaeca336bfefcd25713d6753431bc2bf2215042e9c5e20ad9afd1de428223376bd8fe5d571158150c51ee3f2060f3977	3418	07-08-21[01]	245
c7ee6d81c7019213b4285ce78ae541bb50f2a99ebb0747c4592d231b5263b53575671bc778389e54e2c76c7d47e082a4c051ea1fe783bcdadd1807777fdd321e	3419	07-08-23[01]	352
9e2beab2222a5295698f1a7b60fbc24eec2c5b9827dbf123c333439242e1e16b6214934a510569f825d9452ee0197f18fe8b7ab52b57b11f4a302a716a09e09e	3420	07-08-23[02]	562
004ccb174aec524e9a1159330c7a580e9fa7f136d37dcfe596b4ee3d2421e9bf65bee26f0336c3d9c2172d61c7cdfbf560c780cf01a9315cf7ebca1329ca7c9c	3421	07-08-23[03]	168
27c12e0094258e64351148ea92853980b4f7f79c311ab2dfb24d0c9b86d5ac6a674be80ec5b9ed1c0800d04bb5ce5a1ae3936ffeeb11baa832b5e58e29441ee0	3422	07-08-24[01]	77
0f9f81353ddff968a9d083fa9ccba0a63a38f967372288b269517a6a4d00bbb7e216c0029a460abeff3894b9c7726ba40226c5cbf944f0b6ab17f99c91fa5127	3423	07-08-24[02]	326
6e5ad729e1243020ee5ff58c1314999df88b38d42b9253aa5b6fdf26ac8d8c22daadff2eb7f7deaaa516fe1c9b626d0446372614d2e4c323139243f41ad71c8a	3424	07-08-25[02]	64
83e0e71582b74c47146a7593ecd7d8c99739c9681543fa5c386eacdcf47eca426b2827bb16ce31d409d06f4eca063f3401b04ffd1aa63e3415c348146da75f7f	3425	07-08-26[01]	507
f0e6ffcea539c4724ffdbf837c2190a4c2091988a8727c75535f413afaa1a8cd02ea55d6c712230c9b49e04dd8170b3f95461460f718d61b7163a0cec2a93658	3426	07-08-26[02]	176
72e527fef22094f7153682713367865cd47a63d241d654e02e4a7cdd2abb99a320e42fc05b2400aa854d374c1da1698bf2a18b12eaa4e6cf65d8d6488fc0560d	3427	07-08-26[03]	136
5c9f1a66f1e6d8b2606b1b2abc5c15536d8708efc551ac6cd63613fc53b5b1be4dfbae50b9df48ee965d715d0aed5104193120bd4e73d72b5db4c5253b203204	3428	07-08-27[02]	83
145dbfd59339bc42bad0411ff51ef278c6a6e80cb5340eed7966a88ec76193e25943990b43d3d914cc504c79f10af0989a42f659d6c05cfb8fcb697fad3c5106	3429	07-08-29[01]	180
f169d841de66b90bdd6c8e7790a953ad6a0040f869a0a3bcc305cf9013327161a2b0c13965db5805f5bf1ff520fb0aa302f53e6abfae4802c31b5a3ff4069e27	3430	07-08-30[02]	54
26fde699fd559a6dab284dbf3207dcb1d61f2248a1ecf13f0231dbd6705b2a5ff157f18c468f05fa1c58d71ce9bb653e7cfe2aa9a2e86b59926736a545ddacfd	3431	07-09-03[01]	184
fdd634e0a72b32bd96ffc47b8b03d9be4af2253ea31c0e430194b05825e35366c3bf2377b473eaa2ed31e96f4e1bb36c37efb0b55baec66781db98c52be174c8	3432	07-09-05[04]	55
3d1cb7f8a521c1dd93a2447f0ac8201976b24b817936b7884cf54cdc516f4f8b9091c98b0fed0749c8563108119d74de9e7bb2aa72fd206d3502108397e42d13	3433	07-09-08[01]	111
c48f703a1e6ab788b34911ea56762548688234202f2e424707975c98e80a19b0f536c1d38cf845addecb30886f0b6012c96136bcea4ff6b7b23e2bd1c70e957e	3434	07-09-11[01]	320
76b6364fa73369df28e11d381ad580db40d07896ed06da66236266fe7437d903125c435f12c2d1659cd9a75cdc7fc593746da447526e47da16b7b64e41042a54	3435	07-09-11[02]	55
3b8b2506306bdf0d8f67e75efdece05eca9220294a1e0f425f33170c167b3c72204d23ecebf674dd47b8e8de9a3d4cd1452d9ced3111ebd7434905742571d986	3436	07-09-13[02]	163
bf391a7aa3e065e1e24bc0b5e0d0084f7b71b576094f0fda130a71fcfbe56e65226a96099b0a809f8c9e2acd8a357196ad5eba7f1797aa1262d11c76408873f0	3437	07-09-14[01]	417
2e3f3a3266505f1351fb0640fc1596f8f5705f0f0edcdd846faeed2f8296431973024fef76bb2bf612bb8040d1b7a3f8099f5599bf859f53366eab0b829882d1	3438	07-09-17[01]	169
7fcd5df3bab1d9378c28b8c710875fd96cedc54af2ec9cd1d838b6076988788ec1d1bad19642636046f382d600feee4b87df7b3311647795c2dd27aadb0153ca	3439	07-09-17[02]	123
d43f461791df38433df17fd78b3a7f436f51b3f0e0e26c39254aabe58171ff3c6baecaae205566483878f9e29b52b5838e7cc2254672e1f1c9084dd4e34ec4eb	3440	07-09-18[01]	250
93354abf662251c0519ff26a59562e3774031ba35b3ebb04d65b6517572ab7442a3ef3f836c6f0032b09ccb458c2ed39b8f861251c2668e6c78bfbaabbcf203b	3441	07-09-19[01]	152
20fa1a7c0098fb94928ad86db2e166fe36e8885df24a2d68638baf07b89198ce632ddfd9264246be2ffc88bc899042a8f09eb98962caa1cefe5b8e657b50c3f1	3442	07-09-22[01]	164
15f138df038c2c985a1d2c6dbb45394699269ab7e881d3a87cc0775df5430f6990babefc8996bd12206a5e8f8c4af08e0f7073803d4703205cc1efa85d6cb1cf	3443	07-09-25[04]	1094
968239858f427b21a8b95cc9b712d09e5a4286ab7777bd078afe24070c756375e770c080a0cb43ba25845fe7da6e4e3a9989d3171a2ca4da2380151d72c203fb	3444	07-09-27[01]	742
67bb01707d5b45f78118c3f725d0277a0d9d0b700a1112e42e4e082bc44352834b6abe118e31ad889fdb06631e448157908ce6617b35fa2cab61f7e532fe68dc	3445	07-09-28[01]	521
33fc66f73e396aa4c860d5f42fc590dcea592756b26df5d3fc2ef12c4ca0df67bab60a178344ad91be6f3dd096cc908ecb191163a062968227fa2676ce756636	3446	07-09-28[02]	266
491ac0f1091d9b973f54f61ca09f888fb8cecc24a37f9835f2fa7166d4271e20d3aa3b3d3a5f7607103be3cba0163227a41e2321edc08d1b2a43b73b4f0439bf	3447	07-09-29[01]	528
5ec6751b0e2e2dc3ab0b862bfa6e998271b56f828701404cb510777060d2765f943e40502b3e0660947eaee73855c5e80e706b0c9334e7d228ba0741f73a61d6	3448	07-10-02[01]	260
9d27ca44a086703915094eb292dc3a1cb6c5946b9ba37f41e258d76feee5b8f7403a1fd70cd6fe23372186670fa941cf461b0f69d9d59f482a374ce87c33a99e	3449	07-10-03[01]	131
de5ed1c55d0e5848f0857d2dedc4cb5fc7c78c7eb22382f6eb609394c8fad9f551c263651343384e26e44dd1b1685e5b41db67fbf7cbc72c76e4d82e9f139e06	3450	07-10-04[01]	508
df025245764620e0c00e5e63197dc571b90d8778b71e49d474d423f8058595b1ae26007b56339cef8f6db25756e3aeef236c85366581c6f970eb889c15fc5682	3451	07-10-08[06]	197
6665aa906a6fff749f93ab2dc669435b974bb7d0ea3d53dec4ca35dcdc3bf310a76aa02632a27f91c4e27a0b19aab5269a5ecd524e347546ca70fcb30d96cec8	3452	07-10-09[02]	566
392a1923838263dd383015fcb6ad369d78455b3c2543fee1b8ed27013e1718bfc32806f4ed84449095c887202bc1ae5cf6a6f0cd102019f6ec5e9fa809a685e4	3453	07-10-09[08]	578
e1d627eb238ddd421d9b2c97aec5cc28559253fa51c0c8b15208ef66cb3f63f0f25a85a94a31a468d4ae708ab76223fb17ec9f2062a548a87ed0bd0ef206aa4a	3454	07-10-10[02]	453
c1854827c84a2ef80e74c479f8d2dcee7cb48a1eb184fb877f170d363e72c9bd9ebeb0bbdecd0712f0444c7fae8b2f7cd6e8f5668893d89209707bc0de16ebd7	3455	07-10-12[02]	623
c60803c0226308a300d0f44ae0caa90a97b363aba6430df6e975be9847e4e4894c4878af1c562aff30efabf75d73bd5efe9126ed19edf45de06343d56a158f3e	3456	07-10-14[04]	102
74dd0621b33e2e3e89bdc0690863b1db7f777c6c43c0da0458edee5a8424a78f90288691282db7f2dd6c970c8401815abb39c1393cb5c5e6fd78adcda04eb9ab	3457	07-10-15[02]	95
64875aa90b0c3f8b0f08f91cad9120e817ce8588ae722bdfacd45e38427cc55f8ba67fc4cab5749a2500bd51295a35f59d405c77a9ec8869807658485aeb2927	3458	07-10-15[05]	256
c74e19c0eee010e5e11cd2595ea97df548421b0d6c6fc898136d4d65772aa55c24367bbe4790e568f457427a5e38f13d0386acb5c0162d4210e3e62e95a975fc	3459	07-10-16[08]	165
9da95a7f484372197001988fea1bbaf0bccb5fae9479518d052c43cb5d411426bd9727bb2074408aadc572e4185f183d7e779cc1a2b22fdf4c96c72acd207b94	3460	07-10-16[10]	621
7d4d931470afa0f839d54b094a7e69fb75cb0993a3e0ce8b416de7321a99eeac99677e6a58a6948ef2534d4c9997548a0b8b9724a3af257c55ed5ad3a1730353	3461	07-10-20[03]	387
f3f88b5746ec7acc8bfcc7845ad398bdace58e7748eb06b4c650b4594ae9d2bf4bffa4ac32e20da96b7fbf4b9becd316f047c3b52d08d573a30ee15f0ccf1de3	3462	07-10-21[03]	428
435983f49cfee1240eb8bca8437b003fa468398beb6bde3f8b9467c986350d7ea4befd0ab406b63d41bb86c3d14a2f41d54f2ff1935bb04af5d3dda4865b7a3f	3463	07-10-21[04]	335
b70958205db692238b2ced0ed42a2d6e3f454cbd9ece56f2e12eaf942e8f34977ca40fa7144e7a493383d79eafaccf89961951b546e1d1f798ba65467c55dd94	3464	07-10-22[03]	470
e07247175296b7597c57808f2d7ec4899712a621876131d679db4ccf890e10e1cba05a75364180670f17ab861be84fba1cb5ba117e3ac66225b1bfd7c8c6e960	3465	07-10-23[04]	456
738a97943f552c615570984f43ebccb518eb136debced12931ed6ff978a3146363fb92fb1ce21f568880f7e4bdc77aa21b703e4decc91f503cabc52374105bf7	3466	07-10-25[02]	252
c4186da80021f7e7998f513d1c9cd073c3bda6834d032b2e9e1fa33ffbd668f739accacb74ec871e1e4520e4a1c05a285d491a020470441bf5d8d312f36495a6	3467	07-10-26[03]	112
90d2443cb2b57f0437d387ec8bda2ee0dd4410ae9dc45781f493c10875afb5d7d921630514f56615b8363684e84ea0509193552ab7c41bc3c1f809150462c420	3468	07-10-27[02]	233
e34ba143edf59e947655e0d90e2b764fc217ed1e4148b88ce19f77c62cc2096b247e39c088056e3c16807062d6d557be5de35556cb38caab4319239d8308aedb	3469	07-11-01[01]	351
bdcf3891efb74a91849e5c87e7777c9dee8ec4ddd2c4d3fe8206fc8f018d6051cf6f9dd3011c5d3ec28cb941bc6884a90fb29d4a1bbe098235b4be2c7046ef38	3470	07-11-02[03]	160
534973fe2f6fce3e496132ca062fd3c72a6a85595087ecf983da2c9fe598e20d32d3e537d2bbb13ff77137f9f92f96fd84749845d871d14d7dc48f7c773acd77	3471	07-11-02[07]	1200
94bcdb97f7f548b1ef995c1921615f137ced786006a918f808145aa725fd449f77982a357451b21994ad9298d2b748de33113e0168bb9da09de43f6b9d577e99	3472	07-11-02[07]	800
2dc0aaf0528a588e107298ece1d9af905b2607f3d094a41a23959cd124ac54fa5cea7845fdd2b7a850dc33a7245aa196d980ff84a83013c3f0103293078f5398	3473	07-11-03[03]	432
1dfa0e4073912dbb8075b60e72500af35a4e6a663c236ea1c46298798689f69e839ef39fc33f94633ef9402fe76395742420eb60e9b09838fa14b2a111d86f69	3474	07-11-07[01]	511
5f899af3cca7bf5809c7a4adb1716dc0fb7531ef9a6dd71d2cfe2598c6e7b2fc9e6a14892931c377f5eb96d7fcf62d6de0d61e21fc8bab86474b575911e35f1a	3475	07-11-08[08]	77
67fe032cbf692714582d9be806afd4c366472a2440e5b5956d64ff53651f28df5a84e9dacf2ddd182f10ce22293c71beb1ed6097773642bd5798fd50d5a00600	3476	07-11-11[01]	616
c2f1ca59b81824b13ec37f3d2b3e32b3f47fb4539ccafb5d700b39a8767ea0f70841f7e25383b19c24346543e3e611250af35823b412a5e6d104f928e287a599	3477	07-11-11[03]	120
ccd8773a34598c5335d3ba9752400f7748bb1bf80f7c24210b0579b73c7537133bd1091895076849772ec247726297e29a1c98352c87e4b1335af00838882844	3478	07-11-14[01]	738
7488ab06cbbe1a2db7b8c73137fcded59c7f5b948cd8d541532fd3714d9fb5d9c9052aa47649cbc82900ae593765fe633eb66ddc61c70deaa46b02ebef7e331d	3479	07-11-14[02]	436
d348757ac5550e15ff767f4b1e81d2aa62ee047513b358bf03ecd749c468c72cab3e9118c5585cbaf487262a72ebf5f031f61e8caf63fac9973c7addf578e7c3	3480	07-11-18[02]	202
7bd4a1f3d3f376cdd016f9a32050e926da289399774eba2cae40b0416d9c5f6919be78c7f8260e858552514f58229b297db5537ce3222cef670fc24170e66230	3481	07-11-20[01]	1030
aa06bf6ccf382a89d95d354bb862f79befdc0e21e87d59eefdfcbb34ef2b7ca80950694b7c5ee7ee5541989b117622e2e42fc8a25b96707658e7fc6743c2da4b	3482	07-11-20[03]	150
d38b83637b90cac77b2acb84c5d74814ec230afd7c4a595803a4f38f36eeae32375fbf62bae0c622e1d1ac2ac5664338d16432fea1311caf78bb6c048c350dec	3483	07-11-20[04]	250
744beeae1f587441f1cb4c3b2c01819d2f94d82c5dfe5c0791a6700a952a04cdcbbb45d91fd962d22784760577200ecc0dd20d86d9f168e0163269937e22613c	3484	07-11-22[02]	477
28c4654ee55da4784b3b64e53cf681437ddb8d20cfc083f64d074744eb78e6f94de58bd69a80180a215a746261b4d5773020a4a3734f6d31a27dafb7d57c2581	3485	07-11-22[04]	238
9adeddc32fa10bb61ba3435dc8dff5d208573b8366ae050279eecb13d817dcc1712077c1320191036998bd82d722a68ce696bba152591aca7235dcc573b2ccea	3486	07-11-23[03]	284
fdaf324ee22dc2a8eee124aecd70a27af0a463d5075628807ebfedda4be3eda50be6a08d17afccdbea1b073a5728e2b2e7769590a698d22b92167a6ce70c8301	3487	07-11-24[02]	65
0cbd40d5e05601d45758c6d6df9e246d2f3960865e2c0869d59bd550057a7b150e680ed9a4324ff89771b398a409f37b7fed566be7e57ec0b303ac5f7a91a741	3488	07-11-25[02]	104
c2ba933af5dd8b68a21a8fe72fdbf1d3bf57f8866b2d4b8ff2f16bcda09384237ce3111085d1bb3e72d59c87685c568414b223c0c5915e0a6c8f99a9bb4f4075	3489	07-11-29[05]	415
58b300eea113ba7367f2bbd8a80c405ad8860578260cf6177ffb641af0f1990d2f3bfffb2cbc0542b2e02d3479b3b599f53ebb4a3fa10578b6b2ab4e1f432e4b	3490	07-11-29[07]	431
f8a900aca3d53279191e0c49fc1939e4915adcb1c81e1e1e3683e0b4c9fbcc84f645ffaab9a093fc2727f1cd98bb531be8d515ccf6c6af7364ca68bc95e5016a	3491	07-11-29[08]	289
3e016f306664787c4c1bcfcd58622dce465fa8972f034fab4749062d95deaebd61575c84850cfa6d040c639b75d87547d16ddd445fc507a7d9d05726b38fb339	3492	07-11-29[09]	279
50aed0956700296df93c442b6ae4948d0ba31c47aa72756a41b0ea9f7f3994941b293e4d8f7b787df70d9ce82ef8b7839a5504c7fa5dcf8200d93b6caea8e4d2	3493	07-12-02[03]	63
bea61316a2b86f83ff09ed093fa6d8fdc825d99f4e7bc39a4889b2810132ac100e714881dd7e6de3f2c0a0f2f0601af19df72ee040bf5209fa34d9f2e7561a6d	3494	07-12-04[03]	323
66c5f0a49cd9a59101a1809fefee987e5283156d15fa33ecaf22316d2ee6a716573787765ceef1efdd0d3bf9311cb4b3159a57c82482d034ec990d4a8a404aed	3495	07-12-05[02]	241
8b59b99ceb2cadedca1aa5aef1141d86083925b0e6f21c3ecb261970a8b1d2bf7285d70f164117007f360e1297056b44541e914ee787404d9d6466e31b0bb08c	3496	07-12-05[03]	945
064c68bb3b735f1cddade968de8b49495141830b544891ea7f3495f0df189e1bfe32bbccfcb1c90c37d282a35b3fcead4a8c5b53a810da88f91d64bfe1c07373	3497	07-12-05[04]	248
494fe519b564b8b57d95618d73e604216c033c29baf2d267d9df8cbc236b039018d64156aa079750848ecbe725d2ad3cf3ab37a4821388e6104a8b52c39a8576	3498	07-12-07[02]	351
fc2ebf2ccec538cecf8112ec5a4800f4f97a760f5e84b762eea8ac2e35483666ca2d3f230a951b2c4d53881605aaa1b86191c6a12444a32c06d2fb62c8c8cd94	3499	07-12-08[01]	1200
89baa8e3e7abf87cb14a3d3ab1ebcafc4c77206499335a4dfd1cad39657bf6cf82cef5aefbd5aa6b94cd54d6bd6227da05cd5460728c10cb9bfbab6211afc538	3500	07-12-08[01]	359
0f4ea29fb58e31a373bf5d8e6d939a24a3e2e9cbb70d90a0be9e2552802199bb1fcbd481ec01b39d574648f8c5bd88fa10be2f8a7c98c290259d898710f258f3	3501	07-12-08[03]	50
01034d29d18069ff567e656747814cce83e81a2d27c1ee4b88ca02877bc3168e219e0c1e5aeb7c55a3c3d61fa1806ad6f9f198e26c272c9c68c31f8ecb1148c9	3502	07-12-08[04]	129
37da4453fd12c85780d2561d6db660f661e90aa78a0e037b8624cb48bd71d177f3800c2847492c3e9a4fcec47add4189b1cbf9f505e64cdb88d46a7439f23bb2	3503	07-12-10[03]	830
668c5e0ddaed85f829aac06a00dbfe481cdbe450c9c48c9e20a081182ffd0afb771405387c8ff6f90beb597356932bae5c2849b60f9e38631049ac987404f66d	3504	07-12-10[04]	997
6239b4419c1c3979c3d1326038a888f985b0a354040007caf5808f687c9d59fa5ee0abe59a9cdb4a907bbec07e7de75ec9bf0603cb1901a84a690d06885f0517	3505	07-12-11[02]	288
6406d4a504ea43fbc38df648393267d766d592972e56af85384e84720f37de06067a8799ac13636bf022f37d91558bdcab8891a101e3ab42e9ce9c61b89f1c09	3506	07-12-11[03]	72
423bfd5954d000cd808efcd32b63099c41194e26eb81cfc67d1d052c3a4c605693dc8165f0de06f38954cc2eef7b037f223a0ba5d9869d368b13778f21e5ba7c	3507	07-12-11[04]	247
b1c2d0edd3cf4d3eac93ab871f01d94528f809670a9bc710302a56bebfa1e6ecbb2c0de9e7b261bb6436d2c3eefd23d72c2e96cccd338ce6ea86c1b4b4a86f41	3508	07-12-12[01]	58
b6577612ef4c92e9cbf6eef5685bd547e24bda2d106e1a458b23ec98628d548e7dca44e85e71eab48787a7cb523ddfb395273c1e2648fa7aeeee9adb6d32c643	3509	07-12-12[03]	419
0c5add655abfd7229758f994854071187cebca027d86af8cc96a7eb8e4adb1e01691b4f8ad10b4546da73ef0bb7e643078416dc2f32b6c4ccff64f51228517f6	3510	07-12-13[02]	68
ba805611b42efd1b4c542defcbf20556c0b71d026e784bdca67cb252a27f80404d1295ab3f4622442fed181043bd6cdc65edaf076493c68917f635f1db367982	3511	07-12-16[01]	1200
bfa997d5ce757dc5d0954e0f660c84d8be5e3a0c1c627759fbb1d2e43f81043143031949fa726c71756f093b4e6c3400835567e653d1bbd0dbbf3cec9fb2b3d4	3512	07-12-16[01]	387
d02f9c01fac9c7857cc273634019a3ad08bf4cb3d83c2cd17c2867a45d29d0243a9c926e56f12471c2c52ee2a9069ac35e917784dc392459de925a6eea9de131	3513	07-12-16[02]	157
93911d6c5caad3bb5b55e30d22d84f206a2942688a4e1e97d551719563503cf117afa712a9f637254c7fa1c97307b881bbb46574a4c6cf8fe7af3806d5ef336c	3514	07-12-19[07]	155
73951d8c2a3c57972b74bb00b23e6037673d5dedd37ba31fbb070ba08e5aaec91fcea42a02550649c091d858d00f4a73f24a6ebe8abb3fc5b60cd122dd5a009f	3515	07-12-22[04]	183
7395cb6d6cdb0b9edff3edd01449421eebac62c47ac5f980165d3605f45b084179ae6ea9fac3bfa0b2fdceff90b4cadcc7224a7a6dd8c462e13357bab4a379be	3516	07-12-22[05]	493
d906e2f1ea00e04120a50d182b09399416823a4edc15186eee650e0e3f09f03195d182712e5bad0d1602a47f68f374faeb504194554fff77eedef5a4a2bd1166	3517	07-12-22[06]	185
17da1d3e3e9e7119c6a9727982d15cb0f3ffbcce5e6dfa031f2f607e15a30e1edefdc41bb2420bcb1c8563f2eb287807f3bc58e557d53f2a207c5bf24da43668	3518	07-12-28[02]	820
796a6d443a4dd2ab04562675d30ff89450fad0a1eb84aed1da1a784683f9d1bf6f48d34ff3493e305bb211eb331ba691e4978a16a2683654ac126d7359ce0b11	3519	07-12-28[03]	897
556bc8bb6b4d00e8fa6ceea3cb64a3f8b40c24a84cfd0d634df90f448e6c2d3b422091e769863e0f402cd7d0aee05dd3fcd431d891857d1095a117702593ef46	3520	07-12-29[02]	362
aa20a8fff1288b0970038b4d4c895c5c0db4eb80f478faa58f04fb5fa80bebddfe86b8ca35d9a26a8d32b7db8c009cd6171a413c528ba8aa08d7227a5cf9987d	3521	07-윤07-01[01]	704
5c46da29f7bf6943ab9029c25ea938481f5069fb4fe443d946b50ebb2eb2d99c9af95805e2004d5b30049c4d88789930ad0353db3a3446becd1857ca73f748d3	3522	07-윤07-02[02]	113
5384cca3101052e17312f4a357b6287d12897d7ee4029eae6389ba9bea2af516f23ffcc58865bea160a6bafa9b51e909eaf0dfea547d0308a05ea8a2a1b6707a	3523	07-윤07-02[03]	126
8d90f388b4d87cf56b95e60201bcd06ff0a6e1e76f8d422f5fda4ca62033b1ef5e9e3479ff41a19e936a7ac5ccdfc2027f4aeb64e6a09e7263f8eb84231f7126	3524	07-윤07-03[02]	123
6c72ad67fbaffc6f031d97b8921def6aa69657265e99ebf76cc577e1424f403f3a448747d6f1527e4d3acc393e7bb586c43b181dae1eb14b3c47c2d7fc0b0b3a	3525	07-윤07-06[04]	73
32bc24e2f53669615ae9c688d13d6412bcc04c7e35788b8ec3792a54eebc6c80d036ae44b851a905552554be457f265ca7d4e7ff983035852d6749c76bd518b7	3526	07-윤07-07[04]	67
96b6c05f06024e6b087f73f5a6d49b121bbb133177c35cb419f2d4c9e0a693f02968568e07f6831398530f9f4110cbb41992df039b44b1052d1d9f687390352a	3527	07-윤07-09[05]	101
44faf99c1b78db3775cba5d0d55bcee68594751515170e9a2d5490b09e203958b4c3825893c9921492035f5df1ebf27ae59e6ec4220f6ecdd3531e7c40d2b269	3528	07-윤07-10[02]	543
aacb37083efc3966d8efcad9bb26c2108f869fa0e049449e4819e03b5058106bc205da06768a6e04235a583e61e9a9e0971fd5bfe3d2c67f43d8903e0dac225d	3529	07-윤07-13[01]	175
bd8797217aa483ae9644ad40e0940484c315e02f932dabe45b6fc83af2e0f630045e0530ddeaad3b109bb90eaed676998a396437aa497d58c7a04de25e58fc28	3530	07-윤07-14[01]	233
c238dd825f15dc04fd639afcbbec301a932dae4ec4311b29812c989ddb89012d1028dc4ff4de4e31e5eb5c914e9d0818f8b5d84c27a192b351cad921910f99b3	3531	07-윤07-15[01]	104
cb03947315eb658cabf96b0912f502ee8351311083a3fa713e7d059fc52b69539cbfb34459f88c8738acd41ff6a9b3403f20166b71e985b977a34901ac9de026	3532	07-윤07-16[01]	531
343a35daf45962e73da9e3b6610f06ad8846823ff7b31a9a08df3396069ac0130a66a631bdd13a408969a7eac8a041efafb9a450983802a7c8e5be53df22345e	3533	07-윤07-17[01]	97
78073f04f08fef42e2b631a2eb44c7e36405bd77873d132b14b58b2c722565d3140129cc51721aedbe0957ab72a36fa628eedb2c83881c6ef018af299e2523d2	3534	07-윤07-19[01]	310
a766235f24e049162192b6eed860c4bcdc718ca8c951a46bf25ae36ce0753c0b27c05d2cf26198b979866d205c73ecbd31551b6b26ec7e82442108e03295f374	3535	07-윤07-19[02]	102
b3a60f7af873ccf2729db45ab8280e75b069eab6d57a8055e3852e8ef3de599576b9728cb70ebacb9092c2c78cedc26ed879344aa3247cf7a8f47af839eccaf9	3536	07-윤07-19[04]	97
69134943b9cecb1c5ff0706fadc73170d1d15a03efe25df07ab3176685787ca2c7b68fb81f161b711d04779c302c7bf6ebf1ef1a621fb581e0f7c58c65acea69	3537	07-윤07-19[07]	70
7867d855af65b2b43008d2739cb4a0f110b65c345d1769947f229e490805f102dd81599efc9bcdbe468e0b519826d0dfbafc61feac0b510d8f503138f0addfbf	3538	07-윤07-20[02]	291
99c12d86b165933040d7d072afebebbc53ddb61891eb27db77ed8b8622f9e466a2191b1334cb1778a450dc0795f5abd635f0c0875737b12320b07eac24752e28	3539	07-윤07-20[03]	173
9ae82c7a6424d09d9defa414878615d7aa769964dd3dd7a9755cb611be5b28c607eac14efead995643d3570443a6365de382b11503d679007026f73b3cf8e974	3540	07-윤07-22[01]	193
4eb67380ba65b182ce81ee8e8ddbf33015a88e2530a28f0a6a5cc36885a89946a2056b69e9694497f1a8d16a8898af1bbd9350f691d927b11e87348267b76de2	3541	07-윤07-22[02]	522
03a59d1d6298f476c94b931bd5c1546b4cd8af9f7fbdbbf9058ce580c4f08f0e7eb1295b3afbc9bf4cbbacb8775c4f24d0f0bdbeec620c88881973501ca4baa4	3542	07-윤07-22[04]	288
e30c1a06537c807d5820f215dc065162399a3998ef2eac0df489a65ba241d2de396b35fe31e6df7d8697c94431b5b27e71f7be8bf6a3541813b79b4f48751605	3543	07-윤07-24[02]	81
62867f36ce3b04d3c133c0e718ade507906841e39e582be8b8a70b43c2462afdc0faf097c56f9ee8bef2ac4a39fbde6707c787fd0fdc04234477e5f7e3ee9151	3544	07-윤07-24[03]	481
fe8e0679a0bf117765cc9dcfb22469877ab98d7146159147d5598abfeb360354c821cb5ec7d2f7994d4db5849df01018f8445b5266e32fa1bb5c15bfcc5cc63c	3545	07-윤07-25[01]	250
37462583c840c7b1650e3683a4c39bf2c98979edeb978f25a9ae46fb7b68efccffeb920243bedb16f19d297f1374f08f73fa0fef3d7db48d3af5a9009754bdc7	3546	07-윤07-25[02]	179
33a0bafedc13c811542130713ed2a44856d087d719756795b69ff47770b8d6c3a64c6b8a92d446e1a78a5a89186c4d832db25d449e9f2cb8964a7a04a8cae003	3547	07-윤07-25[03]	514
c066f14027bd087598de7dfee2c90d0bd6dccc2392cb5e50be26cc048e1773545fdc21fa0e5056bef7c95b90af5e9a8a3ad57d45919446ea1e2bc6dc83aad875	3548	07-윤07-26[01]	153
e6cfc24f4e6ab591c204a572955da836e95623dd035e51dc3463be4771158de7e22d944e0045b21bbd42d22810e8571fda10c1d49faa44b5fc8142187ead2f1a	3549	07-윤07-27[03]	204
3b702a9f99af6e02c9d06c884f17ad475e3e80cf399c405bbd8da891dcfe5e5b74b40a7c9505ade43e97111cadc04711fe6e944c6c81680bd9f93f5369fdef87	3550	07-윤07-28[02]	103
754d0f3a6040bb2aae36d7803ea55f6425c4b92defa8938a4f1e494be38ae2cd0b1d855bb12bfba16a8b807d6cf1a0e62b2d0f83d5d46831f731aca1fb5d5bd9	3551	07-윤07-28[03]	415
0282ce8b6090e896ad05808a10c976af6228825d6afebd5528227257f0299d338df748492bec722671061c5be312af457b57b16152a13d8abe1f52d0e7cff53f	3552	07-윤07-28[05]	145
8312d8e21613647eab4601154e70ac88b37a3f861378a7970021dc90985502834cc44ab3ed6cb9cf9acd97cf55edfc90c1333df5720c891ca2efc14b57734d86	3553	08-01-01[04]	681
82a121c01cd18e477ffc5d476402158fa73525603a9608dec546c4e3e3f352b8ea21f116f7e932c8d94138991409d7bda0c6e7fc4c8deaabadfef37c5bcb4093	3554	08-01-03[01]	186
8d7a4cebe36c366a74cd4834ea440a93fb9d8a3d39bbe80683ccba66b4de0cf4ccd2ea6651abf56ea2598b21a9376d7d66ea5fa13d7b43928b5eebe8c4110a65	3555	08-01-10[03]	478
875daf12b916cc7f54c7c4b2dac8e1c28a8cc79dcfa0ad8195166a2c18956bd2ef54b27cadcd0b00e3358bf1166fc1a41f5d382bc50642626b1c5006145ad17f	3556	08-01-16[01]	853
618e1b435d7a425b113255dbd6d9d3a3db8e4327169e452a48c4a1a4181d03e0cce7dfbfcb9e56657c865894f7ca32bab2b9f8ff34ac039c79bd337ff7cc6552	3557	08-01-18[01]	1167
06a6e14f382757b1366a656c37b53cdefa353a91253db5b5ae7dce58a16111ed5fb8c7898d948e12f4cf75059f1b34ccf62997b4c87f104b398c9ae60c88fb60	3558	08-01-18[03]	369
ae6cd6ecdfc275a659eba60e3188878b84ad4d1006a16af08bb8cf81450f7ea9436341521e5972d16f4b5f61db470ed077faff4a7c25ee81748b1e3e3220837e	3559	08-01-24[02]	720
42223f578cdbfb1d73b2fe5e99c84917dc249db701310616d72c1c5aa1b77e1917f3aabc4ef1fba5199f8f4419a7ab69f6338b5b205b7894405202cc11d6fd85	3560	08-01-24[05]	1146
10881f95c91c02a4ae24326d8c02e8e0e1c066b2455e0dc4e17ecfe17cdbc9b0250beafb50b6f58cc004ede9a14bcd42b37ba872e8df7c102d1c74cb22b83203	3561	08-01-25[03]	159
ffa04402d04b01ec8725579f7eb0808288a38484e1f904b01eb40587da80186e432e7dac82a942ef1615e7683a71d9814a4dcc95d222035eace902401a85da0e	3562	08-01-26[02]	827
c0e6c082a5bafff42a8f44cc620af936c7ddf1d1f34c4926e64302bcae039c39f338f035ba854f8dfd519442b4dae075c5ed8c06b7c0b520f7f70f3d23ba4c7a	3563	08-01-27[04]	147
b80596f167fb41815d4d56b72c3b314fdc11d8f3a194bad74e165ec1764d470947aae7936e6194b7600bb0e0027c705c0030a590fd6dd08f7434b390e8fd264c	3564	08-02-02[03]	1200
6ef3c439ca0527d6b0c009434f78f04e9690a0df99bc8aa3de857b618883e96442484bef5e61787f60bfeb2256b2c93e4d7742b1b4306ada5e85ba3111d0c1e2	3565	08-02-02[03]	782
26d379fcb35fd32efd91e74653cba03cc6da6ecc84775ae3aa7c6e0fd7287d72a81cc2f16ab0c3d140f7f3edabea5daaa0d9f9e4d162155d339c2ae1673355e7	3566	08-02-03[05]	324
e36623ea3904834b6cc95b771cd4ff0d675c6ebe7bc43ca196d9e3a9acdf21f24b98b093facc7af148b7b2bb5f160beab89de911a8062a96d53228a5ee1b9fac	3567	08-02-08[04]	138
3c2db9227d5fb7ff551c861ee6cd6280dd9436016e62a119c6f32be425aee6b9853961f90478cf75f3c3329664c3cd4dfae81625b73e910cad87ec406b4cbaec	3568	08-02-09[06]	195
1628b21ed05f61e15181db2bf7db823e453c57270ecc2412fe6cc487b7d85abd5f0ef64e18e141080b8f24d00a6bff0f9c56fd443d01ec3d5638d2fcf22cde06	3569	08-02-12[01]	1200
1470a90fd5f00fb054b6c95817d65c8c78381f111b65f95f59766bd32d0ccb01da6a48854b51faaf3f3de5a02bc42f7645f18ead0d3994756b019ae0af0f6358	3570	08-02-12[01]	312
48e6b5633ca418c43f7f5a30a8f2db1f552eb18b17d0c2cf1b6dabd3f081a21616e99fe1699cbf679e524768b0bcd2ae8aa81923e32828359ecdcdf16938dbde	3571	08-02-13[01]	494
9841f13d1d175b8e30b39204a30784232fd2dd0da92001c72b7b458aa704c95d4859b90053776d9f59d45a95b5b4cd5d7b910e2b22a9e856550501bd741adb94	3572	08-02-14[02]	79
6012c9907a5d488bacd17ef20e52ce29527a56653667131db7831ed0af509ee26158592d021d20a3c8f2b239af7df1ad28625a682cff765378494c918d9ff332	3573	08-02-15[03]	326
81eff4bceaf4631ce824863dac72c02f559aa512c6b6d9758faac4d08d230f2263d88b6bf58cccc63a8c6ee13adf90ee3ac7135e098c924a5335807c57cbee49	3574	08-02-15[04]	109
c40e7458752a544b7921d611a122d56c62c6ea843934bbe01c796a5d8dee56e279481e3fa0256992976b0633d649a28c1addc619788e9a16ad9fddfbc2641ccc	3575	08-02-16[01]	267
536baf95a5dccd4fd4112e722fa540b18788b05f23e7d266394d00a36a88477770955de9e8167b0cbd848a82fbc72093540f109945f8330f4d654287cb4cfe24	3576	08-02-16[02]	207
7f715ceadf96c93126807ac7ddbfa6a5e8bd8d01c1aedfe10e079d09e7e9b90569061997904b4cfb97cf84ff76f57469a6b1c9855a62ca568ea3dcb9cbad8ae5	3577	08-02-16[04]	179
efb2a97e3fc74d18863414efe90ce51487806eb4139a5cd610a9ce1da1001fd788bf9366d9252af0dd9630d8642b1f6605de328ce19b3632170e3a03f77b176e	3578	08-02-19[04]	126
1ea2c8def295bf74e31986bbb833b49dc17c93dba12674c8966e5598c9700be235cb9ffc8725171685fe913bc1aa6edab4d71a6e29735acb2627dbc4c470f854	3579	08-02-21[02]	49
f73926f36420e80a2fba37c23237493e7acfbcc2fdb488a7f3730e765808c8d2a5aa0fda889859d7c2cd35ce0a078010e0f6c2bcda7749b340e950ceb576091b	3580	08-02-26[04]	1200
868950847326984a48c8af4cba893abaedd9e0c0d011313bfc510529f01fc57deb34a6ca0fbd78008f8a9d7e238f25ecf6895e0ef0790ac24db7db9ad757155e	3581	08-02-26[04]	789
48b17b849d00ce84e4902e71963837708328903b696692c2cdac604c05941dc5ce9ac7b84ee882668c17e3a1f46cb50a0f1ea272c3e6edf34c0cdb1a642b7094	3582	08-02-26[05]	465
d7393eef419d4091e77419c55ffdb0f72f8ea5668446ce9776ea2e969c5bf2e83d9c04c7fdba0ec05eec36a7a360bced025fd42c5becd8697cee029e3ac97751	3583	08-02-27[04]	71
b439da90c2918ad743a48b6d393a44c8bb110a2374776adec82def90173dd9abdcaa2d9aaef6764d7ccf635d5cf0636873a2ffcb16ab01052a4df2100cbe8b63	3584	08-02-28[06]	600
312d5b1f2a135b5648a0ab4dbecfede9f85a8a3ba71d9a4933e4b44f9d7e0c2cfe1d254d82629143be08ec9c30caba4c032b7acf018bbf8325d6427191ff10b2	3585	08-02-28[07]	346
fc6f17bad66e24d7d9323af174855e52dee652f1d78aef0238377de5c3c3b83b3ecc52609d0544d11e6c0b8dae354b98413ac16f17148c7184256a17a6ebef75	3586	08-02-29[02]	525
873c95378134cd7ca0a9eddd26fcb5fc22063e93e82fa865a1e7a769542fe25f5f4248afab97592a55563f5bcdb9b30fcd9f42652487375b7537372ac5690f83	3587	08-03-04[05]	1200
56eec3ca2ad75bc2e3806649ef8153c807f65d1edde987f0a58ed57ce084b63ca30d62164fb65c69c5fe6c9ba129358421de6ac7900e69a472c4edcdf44fc844	3588	08-03-04[05]	276
9ff4f2d9680e01ca061e46e6f34ebc5a0ee831a0416eac1ee7c4f84ee6cfa788dae8697d11f9db9ccb090e8d931dae4fead9ac52ad050df0cae2753f0aa66c6e	3589	08-03-05[02]	204
591da91455aaaaf7037d4d8f86f9b87d6007cb12b50f234e45f8d30297bf859f137cca45358abbc68b7a2011965dd8d3a0ec6e147a240531fb3baa55c8b347bc	3590	08-03-07[01]	335
7dd66f919b839fa619d3c19b61a0c7c67a8027b6aaea8db76afde0462e688ac65aff392a75b04729b356539dacc4710c3dc75beae40221a6df1005495d6d4fb8	3591	08-03-07[05]	122
fc3bea96cfdae8bb25280f904a6a4e1b87e8c64170128521083f377edbe04c99c101d824486fc3f92386ec8077f026117584b30d67bf023fbc29d3078ec4d1ae	3592	08-03-12[01]	560
fd1b552b0989167be426ccd8c7b90719042f3895046de620088a283f73357f15ecccb4ec48bff285a71ebaf4e94e8c249118b1bb82443d3688ec736d162b2ccf	3593	08-03-12[02]	160
d42e55e7c98b7bd7a6b2a8250a1ff46bdf7f4691f4ff598f7c9d66e42c5fab7e9de3f7401bb68dc2cddd8bfe7b29ced5ad1915ec066ac67f82ff36a22b705fc0	3594	08-03-15[02]	990
118e691f347767264f7823e672acce9bf7b6777fe216b3091aa95cb553b69630fc23517f97ad1362e56c8123ef85ecb33048a769a5bb2c0893e9419069024491	3595	08-03-15[04]	276
3a1a4db84b73ec973a4be8775822892fd09ba951e1ee55cd00cb2e163194305a7149e8e136a6816e07f386dc4a967ef767ce37d18faba3586c9cbe378de90f23	3596	08-03-15[05]	735
868728fb4a92575a64e49cd5865d36e8fae2286e111798e7cf065e231caae435871f5da0d4865dc17d8db20fde22145cc30d77104e4bf27e7efb55105553a773	3597	08-03-15[06]	489
05960a1e85819c187312db6ed3e7f920228b43d6f2307a3ca0245f52004e0e802e074d8a802d063af42dfc2031ececf8815e03c23ca10fbd30282c53c522021b	3598	08-03-16[03]	765
afa5094649f4aca3ba277a9c1f61d4f6b13e526dd8a86a32f3eebfb730af672ca7194d85c070b080c109cb3aff453274644f1f9484dd67a7418fdc4dc15b07c9	3599	08-03-17[02]	219
576fbf8b15c44c064ac99105a48c2a4d706f24d196422f9ac84b1570f01965008778d7a311a137b59533ae1a0a862d0efded87373d9a8942294123a37b417a26	3600	08-03-20[03]	556
10b659194e7e0fd2256e416a951291e5a3c64dc4d7741c055550ebccfe6bbd42e31b987a9b692419e53e19b0ac8c3d5e6eeae7012c83bf9d727ba6f3be478ae5	3601	08-03-22[04]	130
2bf8783b3a7d992b270cc0fcf4d905a83f400a51890986e01754812f9802a5d1aaf6f561840274402bb5f843e8893a6c601b5236e460b588397caf95aae3c30f	3602	08-03-28[01]	44
549ca0a811fcad83bd9861ee11a1429644b5847f8502cf386d094ef6a4d2bb3d6969da8aa1e0c204cebcc8501810e0f6d3cb257fb0db3d6b2ce5a9eae45b80cb	3603	08-03-29[03]	90
f23e2a3cb6f067857c2254a3d6f7397c8cfc71c162d7012a89ded338f783a21826a666028931cea427989fac4417b3780a1230cbaeadb9186f3239ceb4403371	3604	08-04-05[02]	53
7e41c71f26e828ddb0030a438ba678df47b405a37020ea7295cfa4d2f8dd77687deced9266d2d002db8d21dea6a78941ea4b08b6c76c117d511fb97385baa7a5	3605	08-04-05[06]	156
e7d955ac926702c8169b3ae08dfccf6d1c95079df18593207f9e7a8637325909c0c0f10e86f6446318d452ecb4e0fe16e4451f3da20ebef820252d1e55418ab9	3606	08-04-06[01]	329
9e18cde872d1a1e32eceeaa368cbaa95a687eceae45808702cf9ea74d62336d6447434d7b1706c77004fee93f0ce9a5dd9616efd3e902b1086fe7ce6b72d638a	3607	08-04-08[01]	224
61b85bbb9c6388234b8194575a2a76b532dc5e2556f71ccc9fb6b789fc2c8a5d95f3a51af3a2cd3e7ba2388cf8cbbcbfcabcbc3125c59bd0bdc1088c175dae9d	3608	08-04-09[05]	900
ae910e871330b46e1cd655e9ac4a9ebceb5543039e55a2064b5abb91e2fe40a573761d12f15fc31a1106d6e3831a292210e66257bb0da2601815c9d02198fb3e	3609	08-04-11[02]	1012
c7f2887a9f74fac1fcd4ba2f8ff6112281500793940e2ca9b2f94b903b96b7eb81a0de616219c7b8c940cf2cca4ebfa4020cf9abbb6450c52a654ee4a0e57ccb	3610	08-04-12[02]	1200
11478b4cfba25a8fef28672b7ad635d7de2461ac6f606c82ea2c1deb55edc8469fd8d951e35895aa1ca459dac2c9409ee95a67da090f7def78957e177e6dd4a6	3611	08-04-12[02]	1200
96c7b9acdeed330a0446125a427df2840ef986c62c36ebd27d787ee6c2252c7e21825648f62c4c3e14ee29a347d37cd7bf10e02749951d1bda246d2e209853eb	3612	08-04-12[02]	931
8908781c1eda6741cbdc64b34d49d559df5160e9bf070360477299708179e2b38b4fa20860eb3bfdb2c457ccbfe0c6e4fadfe5477632e8ecf9a1d8d8097fc4c9	3613	08-04-13[02]	109
f1176e89118976e51180e56e6b3214eddae2a1dca726ac7977a311cbb1b1a6d558e1e8a8f188aa4e9f93d7b671d7d457ab732103e0b8220218d7f79ad3d134a7	3614	08-04-13[03]	307
1ed7a829b2bc5573eb71f917f8ed58d88da1618ad68122e2554bf786c3d461f11c2ff23821a16b583960396187e43668b9801657c959de19d9b17166c332fef7	3615	08-04-13[08]	231
1efd220aff837851a23a742f9a3feea49e3aa2f703656cf8fce5e182b89cdbe99b31466e30d1457f1a191d87c90aebed434c34015b5292fd37e54206b9d122b6	3616	08-04-15[07]	250
4389418951c1b107f55bb152bf24ab74a081160fc2901772f2021ad141f0932dc6bebfc8a6edec6a2dd7b80a0a273a0e95c00d3aa5e60cdb7ed983c223bacd0e	3617	08-04-16[02]	518
d4a898be5493aa963baa458e5b2cb06568f33c01cec662955f48fcbde853284c896238c312d9b3eaac14102db9a5b963c0208f20b8e43f706aea44a706826bf3	3618	08-04-17[02]	120
86c58bc78f69ccdb873223261204bf85446463d540155ccb0f933a224ee9b243a850657890fabb5652b0c43a6b7ea9611933aed7674fd6adbdf5d025db52f1f4	3619	08-04-17[04]	88
b2056fcd88601015b90bafa493b096e04d6f9fa51358c7977e7055db4a25118565f1863f40fcb77add1cda4a60c29a7bed1002451230806e81f57006958106c0	3620	08-04-18[03]	66
65e199a8624a780ba93837109be024b3fb36a6abe191c2bf336d2df6d77a12bd1ccf8d338159af1088967c32d1802017854289c8c00bef0518a543b3922e5126	3621	08-04-19[04]	952
f468fb27ef54e671dd0968ea49770e4688347b910f40e698be94a1239aeea78608ab161cb90d6eb059669bd9fdbbe93a5040308123f3ba80ce99d2fa9fcf7414	3622	08-04-21[05]	108
df6669e587b37f1b3c3d66d1c09ed40a7b2360c74e8dbd85220b01f02f6c18bda74e43b13756efd07661869ed7f773ad672164aa273cd9e31788a5be973169e2	3623	08-04-21[06]	402
99e27929b38c27695b5be7472c563a8506c07005b3a4c4d03d03800850f2d6bf906211b3ca70eb798f7653918082380529826b0b0c49f4f07ef71337973dc501	3624	08-04-22[03]	1037
c4a15622dc15db717ceb3f491fcdb8365bc42b1806880fb5a303bf05f4bff052875fdb75ca09fa6773ae2dcf1f7cf7c61f81cc19c8d82172f577fe9a831250b7	3625	08-04-22[08]	367
88787c56be0f08dd2d38e1a1d3d7cb55ccd66a33041d9131f02cacf1accbdae744b77e6c5dedaf5f4ba1031d35a347793c4cc528ec4ad54707d09e364b2919c3	3626	08-04-23[05]	117
d09f96ee19c5cd950358ef82cefa503100c305637f7fb088a7203427bede9a2800c47ab704c9458e34b418f4c64203a08692689416413a1653e1673890cb4263	3627	08-04-24[02]	99
896cb854103b80ad4e663f085345c3ce8b64b6a4b2b50ca2712dcf96833f785df4c11f207b455882c81cbef7a1d9a2da7b58837ddab9cf244599fdaf0ecac1b6	3628	08-04-25[01]	1200
67314021424e4f538bf5809b2dc19425a2a2fa152ecb5549cd5a67345ca228a2e9814f7ab0e9f63071f73ab4365d247c0aff2e0a23fd008c507c62c8d883d3f4	3629	08-04-25[01]	1200
5d33dd65638a02b81be1134c29061db28921bd1a4b4df735ee32822c5c35fea36c704898e7247f95a8420adf0aa1be27dd0d4471e80233ad700c9a6970de6caf	3630	08-04-25[01]	1200
566f31d8bb31aa3f4f048924504e8f0e766ab6f4c40aa86e16788f26f3d0d9fee3b558577bc8ee540eaab13f677c6c593de30e6e7bcbe87fab36e1f122a61e6a	3631	08-04-25[01]	762
51e7c6fb9d7edbf011684573a839145b1262a206d7c37277608bbb839fd78debfa53f881e44a1943907b17b5f170f76050a096a61ce29e1133203820b588876e	3632	08-04-25[02]	173
4256eb502771d9802d95257ee6dd5ccd95577697b0e3106d55b48d3a83b252195baa275117ff3604b8b8846d7b375357a717b1f0e4ac673d130e9c7fc35ea27f	3633	08-04-26[03]	416
e895e26e83833bafdc1cdb909ab911e1a3b19de5fffc94fd8d6ee734ec820aeb36c222a1052e626fcfb518c36d038603b654a299ee28d231021b22a614ec03f9	3634	08-04-26[05]	772
e808ea50384d817ce359bb1009de0355bbbb96e78fbb8bf96e43d13d3842fe320c41aab340a814b11fcea0157b93263a9e83bead78348b38ee0c94d0de9c7465	3635	08-04-28[01]	568
e38d9f95cf54d2c602a9d50500c80f9eba4fc42adb832f53dc222fa08147b703607d4376b74ab1eec3d084667eef7b3e22284d4808e089a7e7dd835c8248d519	3636	08-04-28[02]	1200
21957910c69a6fbc17f913f50d10614219878b3016c7c02d16402d567f5d33a4c452685ff627e85355849d1807f02ca3d11fdd0835af1424e2d6ddc9f7b0f4a9	3637	08-04-28[02]	1200
b0b4cdd8a0d091919fa6280940a6265a64a09c12249842bf2fe06a90505857acc973305b0bd7d0744738490fd40406f4fd7c265d617ae393a5c4246f36d6fd2e	3638	08-04-28[02]	483
a1d031c689b6855927a45b99be58db044fd250d3e5ca98f89709882b0c38f057e2599b04bbba604da878ccaa8e11d4760a9d8fa2635d323e2d69dd37a63e81a3	3639	08-04-28[03]	221
9754a3d8d639e038b3ba271cdf858ac249b72d76c667018466242332604b73c0410757099ccabefd0680cd8ea61ce8f9377f021ecad45ce134de1795a8b2c03d	3640	08-04-29[02]	94
adac1c424633cc3e002e956ff005deb2a2f4d328c2fa9dfe80690368fcfd70dfbdc145ed4371fa51cf296ca5385690440d8721ddb7e47a5cc34648232e48589e	3641	08-05-01[02]	61
0ecadadb5b2947661eb4b59d5d9a88ac68149d6f51377f64a055272430e9c66a1defd0ddcd74b50833d261bb9e656e03a04860a71db9ea0d8696ce19713b0704	3642	08-05-04[06]	111
20b92fca815aed49adc03f49c5c1c3f73b9d6f92fbedae0ed30b943bc9edf684d80c1875b4d1eec98e89a3e2914a27d4cacc870e9448834cbb67135dd457b866	3643	08-05-04[07]	489
6db1b5f30feebdf3e99c2be59cd3ddb9abefa3337d542d44cb53fb6a42de421be12985ba735b31dc2c1eabbc5d2f79ea9158f313ab7ff29937714fc7908959bb	3644	08-05-04[09]	152
209e8666382f2d1b31e3728303f890e90cc7276424e976b39c7df3d2121819879b7b48b55cd9884e3cf465d18bc28f52c6265772e752c2d64aac8f5b78965e3a	3645	08-05-06[02]	746
2b0553d240b42dad296af284104825ff5e12ef35ab63da040cb4bb3c57e3c94507dce8f261f2113f141cc67125133cf6f7daad98da01144f7a637b2cf1731a99	3646	08-05-06[03]	178
ccf7a9caf1f0e3016dc024eeb1f6e5a680f58e4cad8dab578d153f868ecfd6c6bdff73544c91a681b585c54129cd0428dea94194bf52799f2e15a899f35eadf5	3647	08-05-06[04]	577
92419efb01b7d66bbc57808b8dcccc77c0faaa8f270a26970b0dca761e7f1f9712481a8efac8699e35e292cb00e0870128568bb0ac2f91609f78e7a2e147ebf5	3648	08-05-08[01]	594
c6d52c8d328e9bc9ae5ad8fecd45901ef43621fc66cd6a566135a2b20f24bf7356a9fd6adb7920672d0445526d9a078581aa71b89425301dd8e055339aa3b678	3649	08-05-09[02]	59
f644710e205db4a5b239dc866b09591f0b8e459990a018949c49febc0786dc03f4d912b87b6b0fe9d97e078fb94973cc4d999b2f76257bc5e1767f836a7fc041	3650	08-05-11[03]	72
702c7f39b692eef63a8d1639719ad5de1ddcc2158d6fd45c494e13b32e418239a8ef5e1b636e1e82d87a0778e9c1aa5a84a76a1f5e76ff2d8424cbe9b8f4f5fb	3651	08-05-11[04]	160
014b4decff8a0e19f87866046cddd15253f5a36fcf8186ca1b8669e6d40615c8b011c35afe2ab1f0b7e686c52b74d3f89240d0e3edaae370bfcf3f488dc1f3f6	3652	08-05-13[02]	183
2087fe54e2f79677359d5fd5140b486575ca119f71f703a04ff64e9057d1e2f6b07501b2c02ecc2f456fb2c605c7f8131e1130f9618d6bc4529ae6a57550c794	3653	08-05-13[03]	276
c41d4337785a23e9fa998b54ac926a365fcafdba20671a9a8a6872eb65855cce3e1326a8c70cf3f344758bf95071ae8f752d6bbdc84e613569db6837cb62baf1	3654	08-05-13[05]	699
12b0015777343240df15b5c043ce8fe201ed5e37f70f986ca3ce109d1d6ce3000bfd0893d769144606d9e82a19d435c79040e5ca8272c9439f71a0649cf31a80	3655	08-05-14[02]	424
1a5e46a3b0f7967ee1481b0aa1465b8a21e04c3385e735555dea7e52313154c9ddfe65987d17c7bd330f0b8a20ad74c695d5992a255a339bc2a2a430936350d0	3656	08-05-14[03]	183
e7521be302058bb7aaa7aa5f25a6ab62b385528dcf2a84037bce852dc37838e2e6212cad5167b3fa136b331b2608bb95e4a46e0c70a911ab6194aec3241b6eb9	3657	08-05-15[01]	141
b0fac3fcc3092116ed6caca59ec14dd21f10cc282b5e042ab2424fffc1a89bdea1cf3475f4e6532b9f05a3a3c4bda7cc6abf7ff6e4b04e8c2c89127df39c00b3	3658	08-05-15[03]	428
50d12de48e9dd95264093debd7fc8f652e89c102f476df48399d96e5bf2cfcb69980f07275093a54b9f0c17930b8cd96ac1bdbc97a842745cd1ddb97ac26cf15	3659	08-05-15[04]	1024
82956d24e6b1f70919bd9c753092e0622c2d6d73835219020e6657de984203a8abe5400da6eff93e95e0d62c5af94a5f32a36066729adb56e7ac63eaf5070aa8	3660	08-05-16[01]	425
1beb714e2e881752b6c75daeeb5104fdc9eeceae717a7ab076b8664c47395a2ccc04ac124467609aeb32694e0f7ad97b841de60e4126c4684b8f968125e571f1	3661	08-05-17[02]	841
d97d7cd60cda912df66d2dd5a2724653f0b30e46f29fcd263c8e9f2b1a2c3e88cba8a148f92f4d0e57f2b353a8983ccfc807ea6d4de5bb67d8b5b8f9f5e13779	3662	08-05-19[02]	1200
c7347c69c5f89a84da856e707a7f67523b9965545bdc6786450c24531b6bccfe2e6a242f715f3de56c2115fc76d5b3e32756e358a089c7543586d17ef63f35c6	3663	08-05-19[02]	119
68ff57cc06b16c9915063bd854c4432bc257d909546f4393246d529cf15be397fbf595076bb9330e3fef8e02ebfadd8ae4c5da4c584782d0f4dee0ca3b3a01d6	3664	08-05-19[03]	62
8a8c2723febeea0e6c914eaeeb960cbd849e9e37f048f9eaad3bc845ac352494a58aac043f4fe0c6386d7da72a1e549a6216130af3fe85485630c06e05395055	3665	08-05-19[04]	87
5f7da0b574d263d4ab437efb5447d9f16e522a14a562389b371c91969e80a45aeb0ffebcc8b1ae48d9edba481fba38eb9b7b9c6a31eeffca86503eabea380b25	3666	08-05-19[07]	291
61139a3920c50890ff5bc79778196c58ab4688498597625d68b092e2599ab82f3d9e40c3c355ed8f1b16b536348e3970ce4928338c2e945cc9d5cfd69d7fa64f	3667	08-05-19[08]	209
dee42562cfc569c216b4580795e1fee2437b3ac61f80c376d2c03d1f4818e85cb534fcdc78bd345be0ce09dc6b3409156e2c149a436e79ab18aefd65d2609b42	3668	08-05-19[09]	135
5cb5f01e20df9392a500e10726185dc9063bee2b1193ad2188577941cd45e0fe2fefa751bd926a9dd8b543e4c1526ee99cf45b24c04e715a823ff49de25fd5f2	3669	08-05-20[01]	520
04c5016a5406f88cd6ba32431768aff517e7d35cceea95bb6915b3dcf626d4af5a762670d3dada05daf2b3388ad26a6460be7c0e1eceb6b51a1d85ecbd415a4e	3670	08-05-20[02]	54
0828937708f308d4282280419d76d1a102f384ed0d66acf1f1a6e63b990c576d646013e72dc2bd066891839bebdd1ec90fe8f7b0602daba0332fe83ba2f16a96	3671	08-05-21[02]	987
51c057981d2f33a848105388febd559ef656131c097c6bc80889ca805b4be9c9f28ae88c20f903c19427f78bde4bb2760090a05fbaf8ee37c28110a6d71050a2	3672	08-05-21[03]	61
ed2bcd15f9a543109683093fd1c59c944c39c4769ebdca1d0374e8acc11e0fa053bf755f271b0f7081c96426cc816ff88a9aa6d59bb85b30a4a965d35a28a9b9	3673	08-05-21[04]	286
fd3972b298cbc9a54de3ae9b0b543c901a2d43dea3a8264a72a1ffcf38b72b3741b5e7fdaeac9cd46fffb5594d70ff8c6636a2ad18bbfe3b6fe81572eb37d0ee	3674	08-05-23[01]	125
600c8e8d1ce534f10974b3f68495afc142e2afbd15c31ebb4eadb5925fa089bd1edadb6c04234d95ab1185778d58dc780dbc8c526848d53688dbfc292d180232	3675	08-05-23[02]	111
b9e09de96d646f8ca53af84c6348a1c32414945815fead075a5eaabc132d06bfd41776d9423b27d90d550f142c6724bd44f45aad43ae271e101d259349bbdfec	3676	08-05-25[04]	310
e60825af2e92f78aba6eaa8d464374d54266d7f468cde71ca4e1e9a14c7235495880cab373ce667676737252b6d2414289e03c1c1eecba182d7150d343008879	3677	08-05-25[05]	401
34e2d4f734c62148fb7d444fb6d0e3e8a9eaab0587322a28a2e3e4d0bea5076b583d2fcbec66a8e366371d0e9e14394b7743b42c79a3465d73b6b5d8ae8e739c	3678	08-05-27[03]	754
b0b234e1d5c7826fd0a1b75fa35ed9509fff4bb833c267bb6841475202f519ca60425433edc763efecb12b277f304de2692ebc9de8b03f1077a10946adc78574	3679	08-05-27[04]	920
f1ea408a6b5cebb9ddd25d47b6428f675d2b14cf1319ab0fe5cfa52b6ffcc4a1fd91e3859dea4de5ca48d666fe27276f604733b4cdb225447dc3d3aeab755be9	3680	08-05-28[03]	996
05ef9d0c2d66999381c6b884a682cb3b4cc358c21991d368681d3dbcce7dd3da15186b388f7b3c955bdbe968a1d535770ce63a44eab567a9f880e2be234b915b	3681	08-05-28[05]	62
5f4a4e243742db01fc4e7904f206904fb53e6f9477040e569677ba624de9e2817db997ee90539815572bfaefc162749b11c0db1cb6cfcd014cdeee087953ac64	3682	08-05-29[01]	130
fef06bf73e3fdb69ef8d01143ff963df4db0a307886115e83ae53dbdf90bb98d20f62f00bd89bbc5c747835add0c3aa036ff3ad889edbdbb9e29acf073fc797a	3683	08-05-29[02]	617
4181b005bb1cc2014addcacf5c2c9d4712733da7a142a1985db26507051079ef8a1dcd4f5cacb6a5c63eb35a23ce1c83bd8df5d5fd9f3a256ddfa0dfd087594d	3684	08-05-29[03]	97
1909bfcc159225b5556ef9549dab52a1833891c1b7becad9df8bba562944c9fffb18605357bc51a5545b0d53b9ea1a731cfae3978f13d4afef18bd6453c97705	3685	08-06-01[04]	737
ae0580165f90c6ddcf7d0fd080074ba7f91fb87ed42b355aea7501c5908103e1e80163ab4c20bc9fb20c556e80ddbfed8a9061803a81e1e7c1134efbf60c09b5	3686	08-06-01[05]	152
f69eba30ff9b4dca06084eb859d17dc3f51540ebac90389c48adc8c7ce0347b32d4a260efa83d327cd1dc6df67a97d6be4b4da89d34cd842f81519138f9a4203	3687	08-06-01[06]	77
505a3696382c4f325a75525a61e9c5fbff59625b199f465bca1171737b72a213a8265cf3f2696968aeafa347851158c26485a54e4a01a81dc1005191086f01be	3688	08-06-02[01]	921
63369357d1526bc15fec5b7e1d1e523eea8bdcfd21103251198d0fe343e467cfdb12f3bd486c492ec6c2812794d8c70daac771e91951a6e48db608f119d60128	3689	08-06-02[04]	60
0d80bf282fde06daec5734eb08551a378f7f32800bc6cde265bd7c6714033545bdaf918c8dacedc03591f0aa0eb2cdfafd525e22a8469e61fe8983dc0c8cba15	3690	08-06-02[05]	374
964b69cc23a7e19095ebcd3ae87ca868de64d5ad99a0a10b343f8b95383af19216bea2ca003f3c4dcc79b42bef3380deb21a0957342c825deced0f81c63ed591	3691	08-06-04[01]	50
e23f5c3d5cd5de134391a27522437d9841df4463b7a488b4507b42e8861844b8702002c324f2ea9b0008a4af2e4369ac91f38c85ba63199fc0a9f9a0df9518e4	3692	08-06-04[02]	93
c88b488ffb9faf5a59f7c48cb3a258abd013fef77b04b0ba18bf270b682fe6fc88f648be3836e72cf47f7e8f8c2d9f1b58d49fc491c02c9f2bcf68cc635d1bd0	3693	08-06-06[02]	488
450ffa069e8d4107b5ede32c4da81c3e487186fab3b8792c0474389d88717ff7c5f065a3b9e8ec4bea3e44a83a27e17031aced26ef13cdf3dca49603b347a677	3694	08-06-06[03]	176
04737c3e72050e3ea2ff08990bb491ff225bbf7212cbb8b1596e524cafe6a1af86988f9c9df48d9cf27cbb05eb80f602993fb9e3b141f90ea151a7cfdd914092	3695	08-06-06[05]	241
b3d29873ae1144b35c26cf9c7e08abcfb6ac3a6f61da12d94e1bb4b713d5fed141ed1c427a07b824d047715bdca66cfeb2453a0610cbff711450df815feb2d63	3696	08-06-08[02]	639
72e9510ed48236ea111370d2b4e2bd4ed2571fabcd4d13d702d1bf0e7d2cd5fddf98575447804c161c6cfb32017ae16ad67978e0875877981810ad56886f9255	3697	08-06-08[03]	55
7e57bf06337404e92bcbabbb1856a109c359f42ade2c30d37e168f83e004c07d2dd68366a81022907c31c35f53e330be0550b0ea2f717a9363127d2931960f52	3698	08-06-09[02]	129
43c5fff572b6ceb0cd521769526b3e0c1baf7f84ad623fce1b121e97b2cde44e03451eacdb94019344faf4ff2b46537302d45666870b6f0e19d1fa4f2346aac8	3699	08-06-09[03]	215
6e0b2388816803f46a7b98d54a7352c2a0551639c3010f5c9efe9042c1708a1c5a6fa11bb85454c80d21a88518a5c1ccbc8564d4b3002c4c128f15b3366fc0b6	3700	08-06-09[04]	507
16f6e43ec6f74e4157cce6a3772814d82f996b24989c2e0b953ae14eb90573be9ac3f733143a1fb3d2303b21e1d32c85acef6c6ae09b31f57812638101145dee	3701	08-06-09[05]	879
0dd01ec4df0efa56d011c4611a3ba5b794fae68c51d8617ca68a0eaa67e87848144b498fa8d3453930272adec55347209ea981cf0c5e6db086009313da7eff4c	3702	08-06-11[02]	1200
6d9aff13eafc056fc39b0e719d33113c96989b95996a0029d1374fa9dc547d91e88c517f04e12d74a5b9d6a899d901e085fb61e21aae6aeedb30cc0bef55e506	3703	08-06-11[02]	1171
baa30ea38bcecd7e22d66ab0984a1a9d482b6d4c0ba45318373d17c43f827b2690ed0238e70af27e66fc20efb29ea69724a965011ffb8b97ba308a87d69f0f07	3704	08-06-11[03]	175
bb1c7978281caba21fc949ff37345afc39541acc0a2170aa5848139ee0f2f00b32c568892b128863ef18e356f1f45b717f52145f725d7ee2b335478983eb8850	3705	08-06-12[02]	867
97744eec2baaf40fd94cc3be76c41b8f14af610da2955383d70ad552b05dc13a0d8311ebc9b300b57ca3c1fd68ebcf238949d5dc6b972957190801ea29f5142d	3706	08-06-14[04]	314
35720efa8c85a07d307f0d8344bc74ac0ac3f99689ecd1d5c2b4adacc02a3196bbfee2501dbee04c40486abb7350c86144c1b89ed9630c4987f2f07dca8d3bf9	3707	08-06-15[03]	1197
303c40b6ad0525e1dd5601df54221e822c7cd78659c3d77143845940ea4b2e4aa33975212943178ae7507db795e0f064283dcf3d7e41a7e4309d23faf26dbe4e	3708	08-06-16[02]	116
4314ab14d3e057793e87dadf9167438578bd3775503cba23671db39db9572a4da6fcd584e9284d0773882c0b86428d4c736dc2f2a556e35b62a03273203603d7	3709	08-06-16[04]	620
93ec24808e222aea60030b1585beccf4c0720847a25990d5e2115ae4055f610818da108af34bffaf5a942e1f4dc3dd2e94fcaf69e981e5a871536b4e162260d4	3710	08-06-16[05]	230
ce23ebab9dfe77cfad1b4e56f230d9c826137b71bf6fd6d614489956e545e00872255cd600a7203e4fd0e9a81932cbcae32fd065eaea13e1cbc8d097d61d13d6	3711	08-06-16[07]	293
e6d35bba2e924a3e3c36ec36bafaf8dc258a40cbd4d82d417178ee66c4a3409cb5f70d4ad14a159275c710bd4e748d13251342d256d84525e85a2336f73c84df	3712	08-06-17[03]	91
d78a44d5496870856baf82b6111cc061bfbe8d6e57e22e60973f7b628e132ab0b2fe396782d69fc4f4d3e37dfc6c2df60b9a6c78c31748bc81d4c59257b7459a	3713	08-06-19[02]	162
1250db1dee847459505cab30b7386db8dbcd8b9f266c58844f42e576ce5d31c6d5a6de91a6be4df457e525cab2bc4e707b10859952e345e0274822383a0e7198	3714	08-06-19[03]	104
5512d3ea3817ae4505da2db9df8201149147320a9c6871b2c34f955b206b09fc00d390b8c4e8f1c73461740f80c0548c04865abd9a1b32496f285843b1152da7	3715	08-06-21[01]	450
0ab128b256cd5b4198290421dea24944b6665974c210f300c32598d681f27b29b737c6dad6b2090b0b253a15cd11155a997e7ce5d24a7e3583471830382b460b	3716	08-06-22[02]	181
c6f2b3fe5347d666bc0b227beebc7613f5dec4d5a60a5f995ee1704977a255f9cc014ddb6c92efa8757a9e41dd4abb51aaed32fc6f4fd73a58511dcaef16e345	3717	08-06-23[01]	264
0d50455425c3e7b6136040b034a9b353e07fe973c9a30893449bb366a1bc1c10dffea2867b06d9a3ab6466859a3c2b6d94459fd73dbd7fed73721f6928d80198	3718	08-06-24[01]	404
2fc55844b397c05ec26cea8414208c348c492336b586e45cdee3ef654247a887e27d3fe192f967073cce888f8883d7b44427b87c47dec40f08df27952800d2ce	3719	08-06-24[02]	500
208d8e664ba820b8ab3eba6d0cd381f62d410fe0e2175f98af482c8a4a091e98145c24f97ebe0e29b4757f7784ce0dcde4c169bd03232ad6c48f2573b20c9720	3720	08-06-26[01]	150
6faf43d7fba19429026532a85776669e694e5671de571804c876bb4c16ab5875842fc35fa75a4835b4d33294b5ef5767b2ee30926c776c371ae12e0f338c9e25	3721	08-06-26[05]	263
f7da6a83185347a5fa9e74399f46e437c77c51b0a434b0c50f2e696b5cbbb63495d15816f13473b3521b99a8917c5deb588d05adbe745439101aa15ee6ca2e6d	3722	08-06-27[03]	69
555aa62062ab6a11d095dfdac53fecb898d2b42f43dce8afb0f6063c327d677db0c3ef71e8d7c7a709654cda24f65d99af37c700f9cfe16ba8dc4da3dd601362	3723	08-06-28[03]	231
5978a12dba19ad3305e47c76e50719c9c044cf5409752f51a1b96e8b0df5d5f86cd0b00d3f8629593923f3a22aa295fdc5e2b0dbe6fca1d538734a96e9be7cb7	3724	08-06-29[05]	264
f919e9686e3b348a411b069062a1c9375bac68a1c762f7113f98548bb05b335e3faea1980af21c09b2a2ccc801ab3291bf86e05ce132c3c114a9e3bbe7bb260c	3725	08-07-01[03]	364
886ee3c0e1214af7faa2b9ce6b4da33239691206665ec7267e38c365e5d9aac6b2a026c98e7f5e42b6305dabaae9c120498cd51db2a447a94a91b83e2cc7e891	3726	08-07-01[06]	1021
f9cb8ce5883cf2450567a2a95f49a330441d18f20f3e52ba7dcd53670510faf9b0a4118c18facc0fef888ba6dc4ae4ac4d09809b08bb322d520c75ef44089391	3727	08-07-02[03]	156
ac5d8c37688b1612e2cb91a46c65040d0ad74fda1eb5e72ce911563565ee8eeb10b785353c20e7071c755046648cc76fd159f0a192956ea83c46af7e02fd459c	3728	08-07-02[04]	120
f9784c163f47ca3ec03081bd2de053851a79a2c69d7ac76ba54c6876d806fc60271872ee099cfb7b53466e913d68eec13bbd52801d5f5023b727d853b7faae8b	3729	08-07-04[01]	76
7eabcf3271f0cf110423c93a77525dbca75e58e9c40d89f17e021e5443170ac7c130e7b6058566540710591d55d88b4010f9e7455d355a6bb88d86914006cc4a	3730	08-07-07[02]	165
8618ad39e953e0036675aad0910aac3cc2daf92fe43686145dbdc28a7d9d3073751c31e50cc43f6ef78877989dcb60aa3b573f09fa93f82d768459a44d0a5550	3731	08-07-08[03]	91
224761d5eee86fc714468dc5d28185839f443719b317cbe7637e0d13977d76626ce7104a544608ad9258f697210ea89aaaa90a44bd260011d1c64f63614ab9ca	3732	08-07-08[04]	80
23fde2c3521496564286c8f5e82c078a90ebfc5f3cbc10290b18fbc3e54bd8c824de9511def76eadad973e81811858dc6b1e2301ad8b77c6e5e44ac1f5b63dcc	3733	08-07-08[05]	104
5b78ed0595b97aa5dc5a53744b8562ab002fe8c2ef7b8704275b2bec45094a12aa33f59164f4a527743b797f5c67d471f8e3cd185bdec7edaa1489ebbb4d0654	3734	08-07-08[07]	395
4aada9b41ed0cdc3d611e9d6a2c8a78e0266c4811f715697bbaf291c5e317545b85de2016be95e8791db2afae4e31eb8124af9e85996df9120ec22a5af15e19d	3735	08-07-08[08]	104
39a3874ced782bb0bdc823fa40d6284c9541a6a2bf3655d1149ff833c00adc64cc8c83ca5fa4d3ec18504c6f8f99171d1e40ad71ad852f8464b8aba5c5261f9b	3736	08-07-08[09]	304
a02d7e376cb1e9451be0cb8ce39c5dd87c5361821cfe4c4270813a59ae0c6e9a267ac39b58ddafc65d2da8c4adc934f0ecc8124a649d7909abb56411732ccff5	3737	08-07-11[01]	1200
1e94702f9a52755958abdbf304d0a162951c05e91fa731e8643fdf5ae208be2f533eb2118371471afdf2dcb40da0f8dc2e2f0c4b9c9ab8068ceb794fcfde8ba4	3738	08-07-11[01]	297
cfc5f050b899bccbbd96e058278a97c2bafadc48d2dadadd741bd2c0c9014d1563a7dc7dae46f10da42ef3aa00194c468e330e6d08ee636bf3393d0ba2ea165d	3739	08-07-12[02]	946
5babef01cdc872444e8ef711a72cbda23db5dee8b3dcc06b5dc3060baafd8c5f3182df74cafa4f1bef457a98452257144171c0be5e923d9150b375e6907ec341	3740	08-07-15[02]	368
d1b3dd8a3bd9b9fb54c1705052f482e19c3a8c06d70dd5aa136c5cb8c2d3252455a7fbbd5d8ffe3c77f79107a1e404928eac9ed288f749870129dbd74cc85c4a	3741	08-07-15[03]	758
8a0e4854be6540d17c9bf86d44daebdd5b6750efc1abec6b7b56c293518ac5c165dc5ac476774328f77ff8cfa5c46e7049537cb21659b39369ddd2c6d5649c41	3742	08-07-15[04]	96
06b62fe8928fac7639150eaf7a745ffc96a20cf8e466498b9ee968fc4db4116da89c892061b9792d9c13c7d26a5609ed44cb61e4454c9d0205fb40ed3bd7614e	3743	08-07-17[01]	674
6d84575b00cfbd60514da387482d37c2f9e3429c7311d8fb0453916094ab688d488817b243957290f3b7e7cd2d0c075a28a27b5e6738e49ddec994b7c072f641	3744	08-07-17[02]	341
66894e69131ca1dcd6dbe0bfb16a49440702e7009fae6edefb29f9013dfed2b973949d836a6b8ab9490374450b7e66d9bf877a4d70db3c6ea4595f5fbcde8140	3745	08-07-18[01]	71
ced09b4ec4f94082321bebe977dd8036e379fabb2d008c42fde1b1dabdd6afdf6b9737f3e0e815449de41da27f12dce0b00c6b035f87d35b147ad217ac6f8332	3746	08-07-18[02]	90
8a98684e24dd6d9bf470b5963a5683452db9f5b3fc365a7565c7b46733c67f49d02610f1d04569e58bbd3b46c8e4b618da522947c65b40cc07cb22abd5277550	3747	08-07-18[04]	316
612348e5969e8ea2ed58260f10cd1bb6bd25d2a14e5a09eb23533efa8b2c3a2a35fc20006d76faa7d90f37a064e81a856efcad61b3d45c4f4e8598becce663ae	3748	08-07-19[01]	38
67e9a69b6e43d05af566e750e69196a433216e09ebf84854bd670ca985e0111115683ca2677272608accac2a43b8226d2a5237f16aca5d6ee78f536aaea9aff8	3749	08-07-19[02]	67
d3e4b77de185d56c99daf0dc2334a25c92cc1b943f0b2e2dfd8cdd1a13727eea7eb4861dd9a0a22ceac8dc93637394057be8ce7b26ebb2d6005a896e06aaed74	3750	08-07-20[02]	60
f102a06875b821086bacbcd8f5de75a9e1507bd7b0899994db447c84ee6e71d2da219583ec18d193893910c65b6e338a5669f08c03473750ae341a51e7d66c17	3751	08-07-24[01]	56
f6df316325313960da3d3432c10798cc74529fcc72a6e9ebb8902fc7a82b0ec18d01cb2503ab5597f2876dbacae68e2441b22328ba72ca6f3090cf934eb500ea	3752	08-07-25[01]	116
4ef39a3243458b338a402cedb17fb49a71c0076b8bec3e4f35689ea3024b74266673ed8c10860a5113545a04f82b78ea8987b5b2645177266f1662305967d49d	3753	08-07-25[03]	678
bf30754f21e6de1ca52481002d18f98e039c9826d051920c15b5de26fed845e1a6c9f95e04349ef4e86b4e4a7f4f7a3890288f80cae3bc005b3e9c85f0f92808	3754	08-07-26[01]	53
988ecf9ece0d7520b759bbac190e980158ad7aff050a2a0ea3723612b2c0e1d4c8611a5ca7be86f8cc22a60d1f7496530fff0be3aa8d11b005df158d21675ee3	3755	08-07-26[02]	181
6a436b8cb6f9e3014602e087f0363711e7bf3b3316d6220e488d6edfbed342521fc261bb046e12e95ad4cd56f708434aa4d1101037658c3555f01d6b223c4e62	3756	08-07-27[01]	335
4eabcab356fb1b1ea4ac6b6245fe21c030b7e09c58773d1cf8b9cbacea90a9a56bdf3bf97bb4cc2371a60d4b747bff8d037cf4a1006375d55668dad6b5281e5e	3757	08-07-28[01]	191
ae6eba4f88a194e8430bccfc38a9d15f663032b75c40c989c40bf8ad00aa6378506105f358063989a79c0d0080d41db0336d10face922d0958532c3174864b69	3758	08-08-01[02]	81
dd8042fbc6bb49414b0fce1740f9031e6f2c8d7ab825a6916240deefb6330b9f2f33c563372bb80451a3d8f0990b6b1924036b4369bcd2b87d51d8fddb253e57	3759	08-08-02[03]	32
cb1f524d87ac64b6b37df886ff856a61d9c46f7973942941c105a9b33577f015fd5f83ba481a1d8573062a9e051b318457f5e14c678ca63256d57f69a6534b5d	3760	08-08-03[03]	129
fe9f90eb9082aa8f95f0e339879c032eaa171eaa46f5a4f64fe25fdf5f7985e0e0a785dfb59d6ed9210e3d190f206662e1a4464a8e3dfe6526292d592de23c94	3761	08-08-05[01]	502
e4a6a507028e870b2e124134b319fbb44ac3d0913606a1e55243938db829bec8ebccd350828fcdfb49581553197c40c9518139a9a7eb4e3d77cf07de196107f4	3762	08-08-07[01]	411
312c80c9dc3e3f590036e6ce419589a4772076993cb850f2efd8ef7eb4ef4a42ecd6cddab3204cb5090e3c96e9d7c1c6c35f5aefe28c97842a7d0f8615a6b4ed	3763	08-08-08[01]	349
3b98926baa9ef69d308cc2fe1a41881e67394082d3748fb6525b8ac4ec5ff0c791ecc0b61ae7ca52d0df09f60177fa86c1e97b64830b7999c2ec1a0836803dab	3764	08-08-08[02]	402
6537c0b857aa0c6042212b1102f2de3e73d1294fd5239f7e206e98d4bf1a76826837f5335da8abb311a420bf31ad48a3cd848231b988dfc25ddacda5b40adeeb	3765	08-08-10[02]	237
5380fcc4a71833bcc51b0d866a7baf39303a42b74ed7c3712cb63f36464f67377bb6bd2a408e78a9abc59be43ffe477d42a66c2ae6d3642e46ece47442acb758	3766	08-08-15[01]	320
7e5acb35a631e224825663ffcaac30f68da318535ebd198f1ac6518a84dc74a3a9969450a68cd9fde7129e0b89a9ff28c95c9f3ee47adb4362d288e80386e666	3767	08-08-15[02]	61
b142f1fe8892a1e5cb4b3e77173b2619823450f03cc94c0b86f8103f2f383caa8a8b47ff5bdccc0dd75499bc89c92647202752ca619fddb8bd206ea711f4d142	3768	08-08-15[03]	907
2167b844eaf1b4f47b152904976da1584d13475f67a5e6beff758f0095e275fd1fc75a139eb84efa1939676aa3440b4649c3d64650b22d2fec39492302adb1d8	3769	08-08-16[02]	140
bdbe3cddcf08cdc955b220f7c67f2ee8cb169fa36b4237d8ea777d87092749d1b37ab282b6fed5c0d4b664c734dd4419c3ba398af0af4d33d560ee6b1795cea0	3770	08-08-16[04]	87
c6d94e05719c5b31e0eeb2e30f1c089a2978239d15b49613f4c79c44ad7f18faee4ededd0efe09ef909e5901e05ffc48a21e446597ada1033b5258b0f3251621	3771	08-08-16[05]	639
e3a8532df2e1b54f04ea2ed01186f7de0d24f2ed6e756094d835fae36c621757061541b52966ee021b8c7d36c35266d7645a98e2c7188dbae8163ae458afddca	3772	08-08-16[06]	366
b3a3247812a1a87e4fd6c15659fdc30030ff5bc5707282ba276e6974f13eef6d5e3e43e84e74e0e859619484a15182c9d4ff9769ed708341e62862c91b2b3d81	3773	08-08-16[09]	91
9777f802af1e8b0f09280bd554dfdf034d80140fb5ed354281af275b7da91b8e62b76f7a2a3a3a9d32ad646eb1338834d48375b4e967e4ff300e1e946dac7f48	3774	08-08-17[02]	95
4e11bbc53902b0999131c323e1b9db6e0273b7152490e01c752246af54623e71eabb1066017b173adaf1f775665f2fde533ea1364e1e2053c0b2b3c03ee1ebb1	3775	08-08-17[04]	92
a83f0a72119c1bf8010bae707dd16bb7a1053ce2643275d6d5748a3f87a68e5bf80539db38b22d349bc449aa9c7d0744c39dbf40d1e450f204541e0dd1fdfa16	3776	08-08-17[06]	211
2ab426b55ece5f75748ae4557cd99d86a37c4867758486bb6a0f9c8538d2f27cd74606e69d18c671a4d3c4c54ad67d606674baa4076186a6074be0334b05836f	3777	08-08-17[07]	243
2a70ef9f663f96749c9a5d793f8193d604d3b0e0338dad4431018916dd527e3999c872b2be3df67e4edb775c66e0b9fad7703f82237b2936e114304f6c2154e4	3778	08-08-18[01]	201
070a6189e7a589e9dc8817a4ddef39e4e067dc4bb97197b317b2a49b4fbb7c9159aff471925c18349e9f710e6596784a62788fb6a66f7ffd010c07aa562fd9f0	3779	08-08-19[02]	246
17179cc34387df58496a76c4197457f9642765f3ae76490b24ab31f412f0586628c75a7895347cdabe270d07d594e9c01e6ba74aaa2e7a308f50737b0bb55d10	3780	08-08-22[02]	422
f723f5a9a58906572b5e21ccec801e99c6f19bcc0213e59eb4abe145662234df7f1271c19a25efac390749ea604a5c64c8c813216aee6a404c4e5ea568bdab98	3781	08-08-23[06]	382
7b2588620083c95de745fcdae5eb2a6b13a30223522ca4480eb974051d57f30fedd6d70e8abbf2e298e8e5861db1bced12a07efdf889da5cc9c2deef8d81428c	3782	08-08-24[02]	134
618844ab238dfae6be173f51c40e94d156ef00c1f94af6a69cc632c92f73dffda1eb9f8f8d267320c13d7aa7eeaea2562b0d02edc4c78fbf6cfbb9522a3f4618	3783	08-08-25[02]	179
925ed2699b0f5c0813c9a6af0da2ea03b059b191b47f3435793317fa7a63e6d0f094695e99d3b7341a5d4976c946dc46e3d31a52979ef160257bcf2fe455efda	3784	08-08-25[03]	109
eb3adcc1c616998a35972f93207daf25b1e59bf63825cf740679bbb255938650078a4fb39c2332f225c9a8df38ccd12a9808395f38b2120d492344655c633cf3	3785	08-08-26[02]	80
0b345b4a8df4915df66bf5847e169a2467181db363892bc7312cad2c1cc94a465178041c63101e1169e279973546299e475ce557f44789751b96450efef83477	3786	08-08-26[03]	252
2fdf3a4391917d3fdd7cce449fc72d0c200bf00b605c6c9379a7f552a5451ac30804a59ce608095a948aaeb74300d0d33a1679ebe1ac8505437ba7baa6dbdc6c	3787	08-08-26[04]	703
e895eaeccfdf727284a1282f5812d8222478712485bfac0a562fc9d459b556f8d934ee07f907845f0276bd0024ec1d1e6b8f48266b3a77560c158aae27eb13dd	3788	08-08-27[02]	1200
c0df6de30d0f02fa05591f468b92d7d59d625c84d697e3efc9e7bf367f264806d315e9191da5c42a1c1dcc21a9760ff45143206b006ba7b03131b68b9ad5772d	3789	08-08-27[02]	1200
faab8561cef810ad686ac79fe121cf5a9f01e4f3cc9fb2710c387712083e9286f6fc84f2d335e1484d5f494577260c64bf0909965e854eb0602c1273a7bed8e8	3790	08-08-27[02]	173
21c4cb8cf6cacbe932d8d1a844c455fe5d6b20fdc2c22152ad72f796906fc35ea6d04fc2e7e6d80a7a7e4ff79caf9058230f19f42c08a31418bfbcb717d238ef	3791	08-08-27[03]	194
fbe1804035545c05e6a78e2b22c6fd2ce06603c49da2c4a26ebe9ac9ce2c02b94675d3a2eabe5cf6dd9149bf19c39b082943cecbf92e0b016ad785ad877c77af	3792	08-08-28[02]	588
581612c8eba9c1ac50087820f7016fae6851a1b658794ee2231579a5b1a7d69c47f41758768776da6cf3ac7f7b76e0512c4b73018bebf11ddb828feadee2f4d1	3793	08-09-02[01]	169
09a5b2c75e4b3b485367e0790b44a7b60ceaf3cf8b13ece81e47f71796309bf7333cd86e14574002bbe2d502c685b7e037cdb70304b3c66ee8fa77ac65369a2f	3794	08-09-03[01]	90
5c2753d734217cf48171bbc84dc09de6016781fcad33f1aedbe3a7779e153983308d8159177f7cbe5aed40f8e8ef0b4b565ab873e9abbc05dc539cdceb23296f	3795	08-09-03[02]	305
a6ea5b3fab8acf1d23ec72db5cb1828b1b0a6956525ef7b67da29872376120f283d2323b74a00b8ad5767ef77910fd5e61160fa2d3945d70f7c67be4939f16c5	3796	08-09-04[02]	118
443fed551556c5b1f4fd2c84229391c0ef9ce10fb3e28826899347195f610ebc751e0ebb02a5ef14e52d3d6a8587aede4f419c5452f0fad508dc86604c7785fc	3797	08-09-04[03]	138
415e277845e3244ec413a7eb79dac9ae4e22abaab1813c375a70d81b2d875fc5a9e67afd003a6e2aa7d0ba06a23e25d9398ad5d5aefc39d64a83b84b74f378ed	3798	08-09-04[04]	284
8279bbebc946bf2a224cefcb69ff679188dc8ac98b495be67175e311c814f2389cbc427da1fd1cb220fe27719b62b1851e0d181af392f1e7d18fe5ed087b8f3d	3799	08-09-05[01]	170
6a901cc4dbb639f390bb307141d894ac5fce076ef1d15d7fc592d7c3dc3b51514742cf62892a8c90be3aee2c1541bde8444deef4243308477b6d54df186dee23	3800	08-09-05[02]	297
f86a3689cf1d5305b21758e600b0d8ffaf15d7de1354e48ffe3694e04b53377d835ff22864825ac67c790d4053fa7dadec6e0b748285b14d5dd6dd111d3f16f2	3801	08-09-06[02]	1005
46030fdb514b3127817ac4b6e4c9ff19c65fbf5b3af6a678f563a839e840cc0875bd4792eebad8d3ba6fb07fabbaa2c9a8d6a45dee9b38009172779f3df59027	3802	08-09-06[03]	480
bfaf6f73a29fa8b63b9498e27a8294cf9e5c627e013299fd4f32a70af6de26a9dacabe76c141bfa43090022e3779bc144caa58d308506540243a9fa06f77cff9	3803	08-09-07[02]	846
735ed27fbeafcc357f8beb3030c87e50b92895755139e15f9d40202fa8c8baf91a6a5131799ac25249ab2da68d110a91087e962ffff9345230f483040383c4b7	3804	08-09-07[03]	585
9a00e1ead77b9ec01cb3d48befa0779548995c59220fbd1b898922fc3f768159459daf6e71f4cd237e146eafec5bb0333db1db1707bfe4689ae6308b6655a568	3805	08-09-08[02]	156
a82122f3800ce286916402a6d5f57404387bf0eb6c5d0d4f5ea1606946b2b3204575232b8b7cde33e25e9ee10f928434e7d20bab2ff32f476834054beaf7b616	3806	08-09-09[01]	75
200f0b023870d41ed0d759a090aa45a1c1c200e8bf34225adbf68e4edeaac4f1b5fddc7fbc8baa714b1e88b1756c620161992594d9cced304ed137d3265e0043	3807	08-09-09[03]	230
2b252d92643529173dfbcce9c90e9481fc1bfa4524a62252f8c22b22c32a553662be8b00542bf0d96aa28cb4f4b948355e6f9932321e0c7734e2fb45bea9d749	3808	08-09-11[02]	540
ceb25f5d26eeb0d82b723a623b176f381487711538c19205bec9c25b83bce4a78bc5920be44b31be5807ebd8eab753f9f84c8b38ac8341305a614bb42bb79867	3809	08-09-11[03]	104
dc0e98e5dc8afcfc927e5bd023e05d4aaa26d40b63836ac3e50824db3a9bb1b3a92bef21d3fb193a8640bdf3e19675f4e9f6b30dd8538836c81aaf5c9615cf18	3810	08-09-12[02]	262
1fbc74b28aeb85a4397420bb86bc8b51c144e8fa796e4ec0f6508d5c30e9ed4a800bf51ed3ebb1193fea1153e59d83fc218da8e228e1fa024479cc2f8bb96c74	3811	08-09-12[04]	72
0167835566d35161d4abd022e95a960476e013bd8ec7019ba08bf94b890d608a8a103387c29db89fe5405c12310764498729ca4e18825585099f464bef8ebf59	3812	08-09-15[02]	140
b97c2c5bc116a88c53afb0b9d293b89bd148e1b40ed75608a0050976b6e2356b73e3ccb6b50c5b68c7b35308d4e9cbf1be7535f7578812e4b143fee103674f74	3813	08-09-16[02]	82
16536f40b9acdcc8dcfd0da221009e291b9487b5a04462e169a29165b2cf98e95514411cce5b61c9dcf128bda8acea60ab1f3b460216a9e03ff593ff1242d6a4	3814	08-09-16[05]	247
3343b7f51f9b446bc0413154cd6b7a67b4608f8efa37903d310ce040b3a049cb2d36ff06a5576ef0af63490703dcded0435cd45ba8e14fe1f2289de534d783fd	3815	08-09-19[02]	79
5b16b1bbd047529b6826622eaceb1c213b516039300bfebd24473ff7eb5f8a389618703b43afb324cde2039627a80435374291a466b92a258d47baba7e608087	3816	08-09-21[02]	172
0a535c59af7019b3b1976ca7992202626e30149b433007cccebe54ee9fae5b0e068f8f69d51a5066046f57d2f777dfd96f3894349a7bdda30e696bb7ec556e81	3817	08-09-22[05]	148
504b067423a40f7e55fc76ce54e7a3e31efab73d0ed79f6986b766a0d8fb734c31b348ac353cbedbef81a6b86419bd78b0187054b53e10a7ebf066053c4dd837	3818	08-09-24[01]	566
d4d7fd5111a2223e3352d8ceb8db3cd912c26dbab6b877f3b118437ce561461ae7b9fcd0ed2816dec11dcc3d47c9e9193d0b1d9835035f48580ee2f195dc0bb6	3819	08-09-27[04]	119
4dd60994df1aaee32bb5877f109aa6167cc86985ad3f79a4701e8427802b282101afe348a4b474397218d7a76c189b9bdc508561411af8600bbe529eff6f9c93	3820	08-09-28[02]	76
77490a63d0303f776a7dd1291f1ab96d20e2a4c1e4c911e45fa57c02ebb2d9929cd1d0361c9077a506c88a40ff4150db88f0dbbd74e9da52fb60ed7820bab8c6	3821	08-09-29[01]	411
41d0cadb98d67127bfec34dd7c849a678d2fa08ad6f904b5c739c12aa834ca438a301c323756c6d10bf952f40ea58eb99ffa1ead66f2c33b5fa055b4db2e4db9	3822	08-10-01[02]	803
83e04aea63d36cdabd8964718c0b9f7d1d19f85bd788d403da3265cd56d1575329f7762a65b579d56b0df20618e4fe2de59b45a1ec37832e8361ad64727075a8	3823	08-10-03[02]	839
5bb3eb5fde03a6fccdceeaf7db724672f92206dc665cc170a0472e67aa67c0cdb70eb01b3fb34f42a11ca2339faca077956145bd63888fbe595328584501e339	3824	08-10-03[03]	488
06c0617234a43f9d31fba1dc5667d6691e2593c4c0a2ceed796c13961219f36c92a6648ad25bf95af392464f625b2b72930a01b63af3c8f18889174c46ce31d4	3825	08-10-04[01]	193
eb102fa38e6d8c8482388f5897a4e5562921a97ffa9af4d8fb1ced66e078a9ec2a46a068d2814df3a453907bac0bc7a4d0f0946e1a5a9cfda42f50269d292bdc	3826	08-10-06[03]	60
e89628783c56eb9d379bdd30f21058e16320e746f50cad39a9b32cfbffb70f560fe6e2d4db38ecf61380ded0a302313878457a3552aa866276ee3f4cd2a31aec	3827	08-10-08[03]	241
fbc47ff0c24bf966ceb448e867ba02282c23c145aac0082f83209a1b09e8c0e8a29dd3e02a68ac8f01e13665745b912216d1723d61bf3a4b0a5d8ac451d35950	3828	08-10-11[02]	187
dde66d3e00fe1ce053c7966c695e8bafe3b032dc39cbd9e3db65714ad1e0f3370142ccbc199ee726e1ae4bef5f7053936d9c3f6775604fcb8cd58cf9bf78ed40	3829	08-10-13[01]	67
3c0812ff77ee2ab8c508ad24ada728b0e13f615478baa5fe711c08848c3c6bdf458c995484fab4f2f608dca76a4914e943cdd7ceb9ed21b729fdd7a7a2ccfda6	3830	08-10-13[02]	139
5091bff26816b6d7ea2acb0f0e90b8d8fc2ebb76f0930ace1aa12a1016225e30c3cbe9dda2e6c8fb40edb93874af3f867fdb4d2d7577df75583b55a60cc7fbf6	3831	08-10-14[03]	191
8a55024fc236f8afa0196ea4e16d3c1517e898b8036f1f4e75b4221bd4bb5e27ee8c349135416df6de4c495b1a9d075448e500789f18e52fc1495e766920e263	3832	08-10-16[02]	155
668ca92efcc0cdf34ebf0815a55f44aeafdae140a437edf3df6680dff32a81f279032247ed3afeabc1c2cf575875c35fb33dbdf337cd37c9a7a716d556bdfc87	3833	08-10-17[01]	121
1b39b73720630e0e7ed03b6d32ea3c10ef58338ee12882b2ec8a9e1d9b7c99de56c37605b11c79b0483c0f2de3a1d8073d1906653f26872f9fcbbb39f54b5f7b	3834	08-10-20[02]	241
29c6094e8cde2475b3e3a6068f8b2930432e22c1ab7b16ad535dc3c5352e7a74f3e5d772c729c061956cb0c5f4412b746fdcc7e132f379c4d4b78fc89d6cdcc6	3835	08-10-21[01]	120
256100f5e90812b1623c8e622d2b0db4dc99816a13a03f04f1cab2b62bce63e2973ada5c6b7c87d707abbf4d90e613a8e303e6b0f547b045dfd3e2480e269317	3836	08-10-21[02]	244
614ec8dbf40b67caa936db3e4dcba79f6971ec3ead082a6ad2864367511d9836140788b1d155d80c1e6645e2dfeb5edb9858f5a4d539ef8648eed5e6940e4533	3837	08-10-25[02]	70
25fbbe465abecf6e2f700eec593db468136885bad25b55b4f6a9cd966fdc92a098dd3392899fb8a0a380a359428d29f60c4348e2f517e3a8b5a6cf3a6bef23fc	3838	08-10-26[02]	85
44905e16b7e2c948ecd084ce76810c1f977e05d0c18d22851ed6f7c28247dd98d84cf4ed38f17a9724c7b9ea32f14cf661e0086c38d1d38901d4c8c0659372ed	3839	08-10-26[03]	194
763aca8f5462355f72c57768bb673b36092c3c428550c92443d743a7818fadd3d2d5f7724d2298f2679350a4964d21aa13c8b159131040a417cb87038fb5ba23	3840	08-10-27[02]	863
6401eee95dda999312f143034d93c4e047f9e5da4f26f6b4c126c57c80becff2e1c44e8f04a9cfaff215e81cb5f4a2a3388fdc3b56ed797f27154751b9315b8c	3841	08-10-27[03]	233
e9d5b0a76ce66a6bc5df23e3db94bcf6f8656f544e08d12ce6e30f0911b1a3c58c976bc0fa52764533a7ca18a0dcbfb3c88ca12c31f9e80be5fb78be60fb14dc	3842	08-10-27[04]	80
8313fcc91c81f40865fb9c1e89b4006520b830761c5d9fa9678944f578ba312e7674ff0b7894bfb46b136333db8fd3dc82dc890cbcada3412acf50214b29fd96	3843	08-10-29[04]	321
84852dfeba955b408ed5dcdc90c5a7a0ce610f61f9fda0ac6f18021246d3bc00d4b12fcfd6e95e9e2f54602cd4a8a86a4c0fcddccb45490af455b0ff106b75dc	3844	08-10-29[07]	174
d6c01ed4836d1056caee2783b8ca7091df38c103427865b819f715143b73345fdfca2382489ca06abf5c14da67d43a4ce3cf230b004e20422e24a84182bb0c5e	3845	08-11-01[03]	82
531a461832cc8460d018ab6b8adf875c3aa776e5a3d2eb4ef170c94db32e2e144b67001ab65bdebf0af625f0f74ad0edd90fed090d9dd7e97462d2073e9759cb	3846	08-11-01[04]	272
da0705324c24ffec3f5629f83eca08e83e565e97c8cd279c6da140c9a71ba4407e9f86e363b030c959dbb9b4e5bf94c6991a611ff48ddf2c0aa2e8a33295deb2	3847	08-11-01[05]	659
e5e390fc02bae44a21be1dc6ce6227ba1e558f6cab6f64440f759002791fe97354c22dd83e6271329bf416ace86ff87971b590e3d4d1b860a3237d5b3ffabc7b	3848	08-11-02[01]	185
c87e48d2d698ae9276fe8278152fbd1c8b12ae14b0818fe933a5bb5a7fe237b547937c164bd905305fb5e64beea40afb451599511ae9c5a060027c9d33c85860	3849	08-11-03[01]	756
1942bec722acac03aa1e9b55c95d9c94ff032b72cccf5467adbc42da1f005a4ceabd0ee36a702f70cbd2cb1b81a69e608ddd47d607901ebd0c1c2d1d6b08e62a	3850	08-11-05[02]	235
ca7a3fcdaeba92f23c36e6b2481829ddd454af599dfaeddfe1596fe2ac4918f177d0305b82867969c2e3d5e20cad167be6b9c3b3e1e2b0defc92bb76b1d46fb0	3851	08-11-05[03]	305
22b8a0206effeef9f7f41b5f03fdb962d21a02abeef5803276961d04612aacef6fc97fc19973ee08a4577f742e45a0dcdfa1692502092cb5cdf37a333f1c6b85	3852	08-11-05[05]	132
d45e10245a2227d1d0d28850f7bb0fa22f3c2dbc5cca276a03b9e74e0a8e5e5f79381d76bc11651f2fce0e258e5f6f327e6aade4b35f86f6b32c892895b870c6	3853	08-11-05[07]	316
0810f14926947a4f370fb889d1685758b9fec0311c67da8e51430cf4ad74e9d7ce3a69b756fac09d01dd00ea91467a15a7424b16c85bffca37906147c60ce77c	3854	08-11-06[02]	234
966219bee3d1815fbdf4102e21674578a7f28cafa56887f0a331f8d5634f2788488a224bc1a8d00c69ae8b400fc2ade0c83e543629e28e324ea8a29367f17acb	3855	08-11-07[01]	1075
75020f07c6be97b2438ed0e960e4f1daebbdec81496c55bc020329e9830d0443d543a3220cd622c154611ecd71c696cebe934a37a931dc6856218cb3cde0b93c	3856	08-11-09[01]	287
45410082509d523bc76f03a54d74aa094b331cbd324769c7c182650d1c583c06d35a63f9bc87958e1ed267bbea5c81350c4df4cab743813f30111383c1ceb96f	3857	08-11-10[02]	153
51e0631f6170554957c1186efa8c8099bb070f7a365018bfd5711eb8eac9d84b14d9982b122c6af364607d560373fb81e4df02b1b67547c3b9a11e6584553de5	3858	08-11-12[02]	972
197f53b63a46a603e5f9356c606602217cc1b8efbd1df9a0988dc29425fe9baa29059050e299b5946319c56626309a0af1c4cb3f4399fbe409dcd8e3576477bd	3859	08-11-12[03]	128
af07457df3462f02803f6321d26457b09eec2972f99c5638c227557c9f765e1936afeaa5f10eba8df718e298d831d18b72e08c67c7b3a51de5f2d6938f5dae18	3860	08-11-12[06]	166
496787c4bdfaa2a380087e9ae6509f58deaa4746b75161ceafc9cda3db0c93c01e0208cfcfa679321798b8123c712eb8cb7757531541b9c1432a310f845d8ee8	3861	08-11-14[02]	105
94f7f7dbfe4ea6062d04a1a024250197a39646fae07c6837fe8e4f395c274cd2dad8f2dde9fc29e72d4461c913e9e9d512e9800c979c2c9b1897e34dc9563a07	3862	08-11-15[01]	155
4a03125fb72f7ccac8197e96e4af58427b97ca0e36e1679cdadd3d5638416d8bd1c7edcffbd1cbbd82352625e242241fc55f7665f59b92c3f968ae5793fcd8b6	3863	08-11-15[02]	80
df26ad7c11e3e3bce6c10b51e54c3c6fddc5377c2ee4a8704cc8e757440fb5d0fa95d6a056f9057a21105ec712e2c5538e4770aaa0c498c9e3e7eea3666b98e2	3864	08-11-17[02]	264
0915a9d8ac8600688b4abd68f2e9144de7236e4dffe4e46c5fb923a356971d125785354e45b3ce71b46130a8df118f5ec3c47c47d4feff6e6d9eaa2018cf97dc	3865	08-11-17[03]	476
4ff0ceed2031eaee60415de74ac913c79e4cd2c87c1b42bbf67d9e9d2fed91856fa8a0fe5246e0683284db6953bd603bb872ee87860cde91aa0eb149c987901c	3866	08-11-18[02]	413
eb9d3a5e63826fce7b43d092401b5be37a26cd96218b5ac0ab5c2cb2ba78086d1454923b04526c3501f67fa8b01a77a8e17c968d90e954cc11e92e57b07f110d	3867	08-11-19[02]	131
2bd16579726db0a926950e186fa0bc77ffa5fc5522265945c1f62a847a6216fade8799abf0a22fc4e5680b8f2c1b4968b14f9a28ec6ad1d63ab3cf007b075d99	3868	08-11-19[03]	49
96db6b291210dd47c255ceb518ba86ec415d505d440f2c8851f6ecb2ea9644c380538d5c12da5bfe97d1bfdcdae5510a29d8724bca700d609ef41ce6027166ff	3869	08-11-20[03]	175
cc97a1b9da8e3e8c478130a64e6197eb5ca7b02a9bc329046d8c0d0e7bb5bc0843c062cac2af53c8f1eb7473000ee3e5b0e471706a23b226c1c33f57432a0050	3870	08-11-22[02]	343
94949ab4eab18a2f12caf0ef6dd56fb646ba2fd344a10c9d98c36802bb6b731dcbd5c51863f0ffb5992a29fa33ff39270e2ba2ac4e934d6338243d538d42738d	3871	08-11-23[02]	659
b15db696eadd89c52e9e57664a0cafb86f54de32cceefc0b4cab4310b56c30c4629d062e03487ea752d1a0e7977566f74cd8be572270e6105bfe8ea3764d909b	3872	08-11-24[01]	357
ca40f42be1d8216d0b8d1ceb5608a3b9cefbe7a0fd7a4f7126126ea991cd432f0f853648c31db81af9c72daa5be0260d9f7d3937becc0d17ce2ead68aa48bf66	3873	08-11-24[02]	1200
7c4b51d0ca5a9c858d500b4a2e3a506a8c018f807eb012d327944a46318d1713baf5e99f5ca79688c8126a5c167ea07eb7fdb45c0f6fa1e5aa19f8c217338f82	3874	08-11-24[02]	427
c043b20ba5f32098b7fda26f9aae95c32a8e0748e343b06c3483473c0880adecee1a3c63c024825aaa1ada480bd370884a44139d22a03eee53fcb711a93fcecf	3875	08-11-25[02]	176
f987a9236ae8c2677df440081d49203c78606a083233455f069bd26dd2af3a8d10f93a74a134b13874ff0ba687dc00df9fc275eef763ed31b8a870c30e647234	3876	08-11-26[02]	899
1dc090adc014e4cd4542cf65d93aac23708e5a45bfef7ffe96ba1cd0cfa96f649b6a5f135cf57020105fc3aa7c682efb58d3f9dcb5a8fb61cb539399c259724f	3877	08-11-27[01]	1040
ebdb38476bd93d9ea65f090d8d6700159ac6eb5eac0ac5819203049fe823de02539954127d6367d5784848730db642d4f6e5c57ddab8575e66b7c22948d5f901	3878	08-11-27[02]	110
b9d3d8a93f8ed95d911dc42f9261688acf35a8f410c3702a0decdfba27bb08f29777acacab245191170701ba32ddf6659d4ec043ad71378aeb0bb486026a1f4f	3879	08-11-28[01]	654
b7ac3820451bbed1ba51133b362bba6d369551a8110ae303f38d5174c7d09f6ed728fdc7aa8efbcc871d535d82a7a4ceeb9cc2a70be85e54569768376e594c5f	3880	08-11-28[03]	106
8da7b30614f04c7e9cd019508f74b2c64a15217182ac8e05019d99f1e27a3493a679ec8b8509feffdf7de6943c99bb008b32551ee4ec1890278ccba9be5fb76f	3881	08-11-30[03]	50
87e29e6483cf9042faf00226e2679280a20dde5a3e25ff1d8fa6984c7c49a1e807e709ef8ed3374b99daf49aa23062c36d07417dbd49c5229c59707881bc4fdd	3882	08-12-01[04]	440
cc6457228e287c0db884c4ef65648c2f7150639dd510da2160ac8e238a1556bffc7845f39f75b2d2aa4b519f4579a56fc9c49eee0edabb7029e5877526479652	3883	08-12-01[05]	104
8c3e5c41cd6b90f2ef97facfa40dca18ac78fafa33c3db11c481b627ec058b5403d3e4dd49ffbc23d302e7434678d83a3020475a433beb854fef38ee0d7b197d	3884	08-12-03[02]	117
1ea3dbda13904e598405fd43a0701e2ae079312ed0aac99b7440cf0c3284966d053378d59dd200676bd6a2e6b510599a331f781415f5fbdb1c3f59b07ff3214e	3885	08-12-03[03]	189
05ca600d4f26743055633fcc018c2e1a044fce4b1906a2b69e7d84c7ce2d90b8b9e71a7aaa938a9c7f577082ab7b14464bcdf9f21c3abb5db4aac8358dc9bcd2	3886	08-12-03[04]	909
77823b1e29d8bd772745de7e0097f44e4411ced16bd5eefaf3211de38cdf36306a40aa3606f376035bbff972e0a4880ca617152acf6465a4ab080b2373de9c65	3887	08-12-03[05]	158
ae3894a4ef3fc245736e8058a3f2d63682bce593482a6bea23480ce0dd5d493684e45e9c710851a03ae43788e1e1c319bc290fd22c18a9591c92f7f64d6d1f5d	3888	08-12-04[01]	68
2f2dd7f221f896730582e42528ae9886d93204a514defd3e3875817fc0284f5ade2517243c196ec284ae97f1523498e0c39ce5c833a9580e2bd1faa564983a74	3889	08-12-06[02]	429
a8292199c894e22054219d72679779052350e78f5d0d8f9aa139b50c5d89974473da0d5d86d26203ec4869fcb1862450110f36cfd0dc786f27192be5abc21da8	3890	08-12-07[02]	1200
079ac8498ac601e50e36193553b5d15a03b88baeee7aeffa81362cd810d87a5792e1077e5f23c94f39cff82b4d6b397ba6fc3cd3d69b380c722900820b9ccdd0	3891	08-12-07[02]	440
abdc007f29952b6d4684057d646298f510b9fdce1d804a094a40ff5b09193e7b35f154af817391dca90466ff08f7fd3814817066c24c3f6d7a12ebe5919ff268	3892	08-12-08[02]	318
5e00d69593f46950264787385f788249b28f4ba6e61a343ba8bb58fd2b5ff3e9f4e16e6a8f0b05141270717175e946efa308c03f4a73f0d130048b9ce16185a6	3893	08-12-08[03]	322
010034f13e4004dc0529539512f0561bcfc4f465df9b44dd2e5f5092dcf632951053a967612fbe84aeec8cd3edb313623cc833766deff068c4b32d10f01d765a	3894	08-12-08[05]	269
2bfc9fa764a5cdcf4a0c6a191d9fd9506282d83ef0153d346936143041c366167f274aecf170c3a6dc3f2d50357937c6da90bd9424ad975955053c3e53a9e191	3895	08-12-08[08]	116
1e80d1daae31919358cac8a3b1f5716a0c5475098e1e2a0026199d48676f5243e845903dfa3a33a914e3126460890eb85cb8203c166ea8b391bd4ef09d82858d	3896	08-12-10[01]	216
f4ab4aaf4fbe7c9fed812f1f993bab2b93f1415fe106eab38101da70b90d544b059cc313b4b1f00bad7e7a5c5028692cb0545b1163166732cae74a8079c466e1	3897	08-12-11[04]	214
eed9c17f4be7db71d7a263c0e641e8f97f7a8bc126caaacea20c1f0284d4e09a53e55fe8879ec8ab55ca0588aed4199d1edc56c7d11492a391ec2a6885124aa6	3898	08-12-13[03]	224
63d594030c5bbb1f45e217068ee1b3bf3ec01db68cb2c92957e323108f8e9cb8057b7187d6a2666a405f92285c5a02f4c0d0cafa01a13d327315308a06cf8750	3899	08-12-14[04]	247
52042e14c19f7615d312361b854b71eca53c275daf8fcf9f92f446817349bdba6be6a346bb4f96796cb4b50cb558f6a5f8c0664bbf7b3d0148e31dcd0af3b97c	3900	08-12-14[10]	117
e32b89825ee9722a4fdee7975523ea8e8f98ea9d41fa35b44f558ae17f84a0bb2a11480a05857536812954c26ed9953683c05a56f4418a1186b3ec47c787a8c0	3901	08-12-15[02]	407
9c072873fcb5b0b899b2305fd73f72ca12b82d1d7777369bc7e1c09da718d7734c4c558b2bda4bb8e301b8762d742f99331d95f58b598c64f2c62350d0e0f50e	3902	08-12-15[03]	162
4609814baa699dd587502c72ea7f7b40ad2f653bba8d34c5cde13891628c95635105807f208e078f26b45e7a7595fce6a9d4392f6971ca6421ec546394f9f4e1	3903	08-12-15[04]	321
33a8172578a64bf2e70f3d15e82083d55ca156f5f3d1b21e8fe6a6e48ac7ef49b1d927963420b2472d52a63af07ee6cb564afc6ec789af256be7d21cf4f83b27	3904	08-12-15[05]	149
b7975b34fa4e1d51f6ed6f51334b79c9b37034a7544ef79cc7f66ead681e6c2666599072932323af14b01c85bf21ad3832c1e865ffa4e2109da9466354b96094	3905	08-12-16[04]	332
7ab99cfbfa86b5e0c90f1054066d7d6910e7f9165e4985c51dbcdcc8f75bf7859363f46b078d265e00444c8e1cbab7bf5dee504b1473b3a11c9961c693d630ea	3906	08-12-19[02]	61
464da4bfc0deaba487e612fc3b188fc7cc6131122445f4d92107c7f6a817d2bc9e08d7b5e533e152c0d439f6141b7a7505488882516b7787d2e3feb20fa610bf	3907	08-12-20[04]	887
28e8f3bb868ebc6ca4dbadc79272c0ca4014ced2104b1fcce862ab0bb573ee955810c160813b32ccb02e366bcac9f7e7561295a7646cf603b405277978330737	3908	08-12-25[01]	174
069d0348282ec019cc5002bcbfb67ba3cc43a4bc6934c3b71bac66fefba0850000110adb9d08d0dbfdcab23cbf2319a285bc2aa1e7e2f8f55b63dc42e10829a9	3909	08-12-28[02]	100
81c565371f4faeec0974922d0896e276a65685bd59656dfe1c8bfa5f6f6015ae0b1aa107d5d9a6e476e0750a9939d27b407657414884f4d17168d90e326ba4e2	3910	08-12-28[03]	196
d7cb6e627f55435ffbc27b3e5d474f3d930b5ada2ce5485bf4a5978c116b28f78e7df9a9db9b09591f159013409aeffe01d1ef81fd10b32631a5fc193a0becef	3911	08-12-29[02]	219
ac1735677ecc20f1906cf85604ed9318d8ef48424fb2256d07d43eb7744b2d3e9e46736e273a60923aa21cc1978c8680f71f694d95670b3cfcb50603f2b0afbb	3912	08-12-29[03]	153
31bdbc8134e301a7c92eaba32986c27cd9c7d4aa47f514894adf4b200c4eb6544545733b1a68507148d5f499025fb1fb4bc94cc92927771c5564738a963d62f3	3913	09-01-01[01]	229
85d9610d9d44b456266d0cfbd454084285bf923b9e1480ffd986f96fbc0d96b58584b0cd85ea2b3c4026f1f77796aca6cdff43c3c9d1be29d3ef9c31cda1648b	3914	09-01-03[01]	104
c8cf2ae4fbb3e22a124431edd021a8c403201314bd3bded95523c9280f4c5c670effa42ea172645281e76eb297980e75e28b0c95899a5ed30546496799070900	3915	09-01-03[02]	1065
f7cf0d31642ea60397040486d13aae5ac9c65a17b101f2e56372e52202f795853ddd2248792c6ce4c2d1db46f98a26b0a59a1101686a4070bdbb704e5df00c1d	3916	09-01-03[03]	225
389f939d9591f73c9de782f661ad903ff6138e36cf2ab656e047ca4b40437c573a2fb81384058e42b0bfe56cecc4b6c920175352e61aebdce8fa89566fda89f7	3917	09-01-04[01]	89
6603c9c5b0022b1442ec53a3ddecb7497c0c8af0bc5e185f42cea3ef110c315d4e0a64374ff21f1c1b89faa89e81c28a31bba2a94f00052ce486517c19d357f1	3918	09-01-07[03]	52
98a4ba7098d065f8a2d6382e26375c9b8b1b81b6924dfb8bc55c1d364a89396d282e1b348626c5a5669d6fa5c0990b86a449b46d540edc04c982415aad5d7ceb	3919	09-01-07[05]	75
c8d5c9aee49067ca1f1e948980c43cbc35d50025f072e947e81b29581546f8cf4391486af535598b23786f9607ff2dbe0b0c5943a1dcf3d45b5defd47d2921b6	3920	09-01-07[06]	624
b3ae651b4cd0dc1d710911a93c3288f531fadadafb7cdfe2fcf41791f60a27372a024ed3accb36eed19612ffc7e070a2f38facdecaa95e82c28d04320ff4659d	3921	09-01-07[07]	554
53a2b1ddb20ef4db7986ce2abc7a0b8e8cc2e817230818c9348f2b9c7af0a428819630db027670777ddb8d751b00209233cca48c6e4c78dbc6e13759833760a9	3922	09-01-07[08]	249
ab21f522aa68c0e1dc83aec8fbd83b15f0c8082f24d58d380d4a63b0bdcf8d3cfd74e23fb668ca50b0db9e2d53c183367f9b7d5d3e370061c3154653cce7dac2	3923	09-01-07[09]	299
285999f0ce88e8df028a8634a256ef0e3ca81f25ed34279de3b39a6d7cf35a7b39b5a5f2c3035c86b87c1d4656d5ce0b3e704f1d93006c548296619df1736cbb	3924	09-01-07[11]	164
7cf25e2fb8cbce7702a6be4c780551546a0f138d92ad9ead01a628798d35f18ed19f4dc1bdb5c16e9d22b1556226eaa83ad19b5a25f6c9f49b011c193057ee7d	3925	09-01-07[13]	195
fde66c366bb4b707d1728eaf5927f30a1b843d7fdaa93d7090129d9b18a704c032b7c046b8af6e86ead4e2fa5176606aca5e63ffede55f33c2c502848c7c6254	3926	09-01-07[14]	206
69dc89f2e83f3449d68a95071087443bf46bcbccf4d8fda8f81af3109caf096c88779406b2164f5c3d36072e46cd83575995bf5044d568747056932363ba9705	3927	09-01-08[02]	424
98e6b6ccc381be34d7a1347e16dd98250a3a76a771c259c9253399b22c540228fc80fe9e57bb189a5401a5b295033ad4091fff6f9f75b411b1b4326683c34749	3928	09-01-08[05]	453
b1a59596f032b511339f97f13adb3155ed4c4dc7d4c5ffcb1c7d658768330a05a1003f2b9d1b74dc2870b35445c441d89db27d9f6ba49c9fef5d783d77f3267c	3929	09-01-08[06]	356
06a8ef19cf3b54bfe6d313fba32c996e2ff5c1487032724fb7fa26093f15e011892577d344d5e84cf27678cf915bd31ff24f189b4f690d1cf054fbbbefedf3fc	3930	09-01-09[03]	915
5b5a416a7a441782e1cedbdc8ee6c34e590289734dfe83ef272f68bd4691d060aab72154828dbb3db586cda29135a301514a0d6ad1a36413bc90c0a311f1568a	3931	09-01-10[01]	307
3a7fd996c9a7ed29eb50bcc2e27dbdef96d9acdc7ea346710b76a94862b675ce5026709d26b3fa5ae393e35e0bed0ab5d461611912572ddaa4761789c98a5f1a	3932	09-01-10[04]	279
26d0781737f1c87df9168db3c31a0634199bbe9e5ed1526c23bc30ec8fe5a20dc6f00dc97095f0c7560244de0e2574b8594ca6ec5829b8cf82d4c9a689330326	3933	09-01-10[05]	121
e70a3ce55cbd5475ef7768ea07dfdaed82d44dbe17f3ca139b7f341f8ae5a021e58a9c7b0ba4ebb9a79c15175ec08f2f4ef9ab5ce0e7ef6c51a15a1e9bdd1b43	3934	09-01-10[06]	341
15ec99bb8b74ec6e69bbcc51a638a841e2ad61e94acf898811324d2ca9c346745479df0e949a015af357d7915e12c16469072002747f66c40ed22d7dac0937c6	3935	09-01-11[01]	44
6dafa4391493fe952c21f59c1d8c294ad0fc671cde95c908138421bd1051957a6378fbe82e89610afdf3833b76924eb59dc079eb0d33c5621fc286340d52807b	3936	09-01-11[03]	944
738b9d735829b3a70a15935df8132ca915162d282fd377d23ae8de3dd98fe486ad9555db42a9cda155d044192afbf116bf11fc240a72c7172977a7a2e16a9acd	3937	09-01-11[04]	120
9ccd659b565447ef591e60fb0c2f5d3f54cde1dfea3e0e08325a7160c89477dadb4e22110c12e7edaec35bbf89e85315a85203b77485edd255900835f4e2096f	3938	09-01-12[02]	417
f1078e6e2796724cc22997619341bf44865bee7769d165743b76269cbfbdb8d9916d7ad203ca7e4e59ef3b5567f0356687fe7ed4d481512d6d4bc0659524d558	3939	09-01-12[03]	373
444c19c67ca250dfa8f57408dea6490d5d142a76c88ae5ccc9e81b6ab145498b0a29069256ce6f8e1e4eeeab8d956057ccbc2f584ec7164ee0f23c8ed3816437	3940	09-01-13[02]	132
72179fe8d4f711c80ab32331321e9821874b9235c3169293eb6ebc67d1367b7b593b5798a43d61a77459fbe89bcba64d16b9138f6ac780a79715960b73c5b0bd	3941	09-01-13[04]	307
1666f459cc28c860289684edae2ecbba07fc71edec1aa13778069a45596d6d394ce4bda92dd36d386fe1a098a653c2ba623711d70b9561cc3fdbbe1af3b59885	3942	09-01-13[05]	1200
2ac4c19c8f7616c1b43d2baaddaebe8196300b9e18c8ad0fd430920d4075537f088461974fe3837c6c491c95b37c45b5424bce97dbf3f43255bd2b44f67a3b90	3943	09-01-13[05]	125
fcb6d1f7d0612d511a632a6e1f1ffa6534a334286c6cd116a7c6de2add85bab6bde076210bc63189695ed5e85ceb800dfcaaf72ac4f9524fde187d42e31373c2	3944	09-01-13[07]	245
21453064a3d07f479188dcda418f42febf208d6bdf82b453a903de96f6a93ec49d26a3af9e171302c9e83736ccf28033534c790655e065b661260506f766e522	3945	09-01-13[08]	188
c52691af5efe644ea357b64622b5b0be4dfc8fc22bac565331d0bb2857d3e1f8f4454496293ec2c2dcdea4eb721418095cb929e5ef91e6a54d217082c0301538	3946	09-01-14[01]	144
a4c6b58a2c7b239fbb6ebe3e8906376fdc6c111b289c241bf7f5fc3cdbf30178ab9f43e64f50a345631d87cfab65bc8baef631378dc984ae509d8da8730bd5f0	3947	09-01-14[04]	87
1b8042407ccae41b31ca256c5b86a6b476e264477a0e16047661ee1a6be69322955500f72accc61ff491b2eb245891bc647e4f609a3eb5d18ed4a3d21f1660d2	3948	09-01-14[05]	89
99df4590cba7dc4ffcf34b1d16fc1dbd43fc785bc4dbb9b031e69ed1d1b0296da9895e6eafb435a970a14c4538a849713432e01443ef2dc4416489ff3760dbee	3949	09-01-18[01]	246
5c22c9aad04b5011d309f2f9ef9fa6e9eb525b16abd551dea9d783e825b0b967429abcc6ae8b080217c849d0b825aeeffddc935c87bab02b2a8c5b195807672c	3950	09-01-18[02]	287
5ba8c985a3eb7629d1aa44534b98056e3ee0702b98808d289f279a89ca08af084506e3b37ba81772d9326526438114b25a5838d26b6a704ce63994208a9f6fe3	3951	09-01-19[02]	343
35ceddca65147a2cba4718b918bfa50d223c176704f3ec44b0fc6f9e5742f2db61f5b945f7bdc86072cd2d91a90e726be530863d694d9f84ad43fcb2fce1da77	3952	09-01-19[04]	180
c96492881654afa80757701f411d1b4bc5a3fa073dd06c64bff399e0d680bd528ade00ba1e825e348016cab61898dfa9487a30d7c6b50517ac222b686b316ac4	3953	09-01-19[07]	78
c129929bcc8a688dd701ef4ec0a3af8121c4af84f73d04f745d0cb63e7f70b46b6c7fbe8abca41cb1eb556202736ffe2d4b3e1d08d434f766fb28b95ed089175	3954	09-01-19[08]	78
84df06dd52494f2d3ef4ca0e3cfaa00f8aebede40625b34df6c6ee5d0d0a94f8638fbd0e6cc711934093e9477eff66801ecdc47ea68a1a36cb0e310ac4355f93	3955	09-01-20[01]	270
e05c6cef6b0b6d253c6477f95d2c334acf1bfcb1ac9896f05472c8f79413c8b93b109bcc833846028ab1e44ed63320373e8b4151c1ff20cd5835f0103795c974	3956	09-01-21[01]	351
e649d5a0027c69acd587822f4f54f45bd4b2661e8b08c55d567ddae8dc209e180696987d2e647cfc289495cfc75423ca56114f12ab0f95b4aad19fd25e4139f2	3957	09-01-22[01]	236
65c08e33ae72426f61e6d4b9826266e3d6358ff15961472d82bebaec8b6661adafbaafd83320f80b585db0a74923034b77c8d17b8c64b01fdb64f9b7e93233e8	3958	09-01-24[01]	355
950b10296f9459de7a31505f1d0ce0dc8e2663dc8afa169125567394664fd4485776fc224b2aa0c2f4874b630885dc55f6485802b807f89705bebbf20a94d8b1	3959	09-01-25[01]	44
f915fe72c2dc5cc9a22877e8a91893c96acae237420eb0b105859a0f13c83030336c1e9f876381410cbb4e1826fb0105b8ec0492ee395f8844a50bd15e598ee9	3960	09-01-25[03]	243
84f22444a63e38bcd4c8bc175106707ecb27aee090df806d8d51b10488f1f013e23ea98313505dec2ad4b6f9ecc6030d83c75039fda843d5552267b63abd8fa5	3961	09-01-26[01]	329
8e578152c5a521f5d9b2f62e0f92d929fccd0a1f32326a3abdcd11f408a85750eb0925e51e176900ca4ebe350ffb25cf4b8f0ca272e5e97c12b8be40c0965e83	3962	09-01-26[03]	1134
e7a00d087c2fab5688c8e61e3c84d829e2999c549918e0d91dda8e0ec0963cf14174dcb6bd860f99631c50fb7651f4d1062d5ff8a9442917d6d354d858688d95	3963	09-01-26[04]	171
04b0a0cb3c472c12223b1cbb6cfb0f78e7ec5358d37ea1a0636cacbe8f9b9f22ab42533813a14432f6ca63e9249e8441012738838eed3cc58601be863bdea25e	3964	09-01-27[01]	44
4210234bf7702badf81749ea300192a73da3991de112fe4d1855152c14207db9a0332c99acee8453c69ac601202729132a5cc315577acf6cbdc17a74d43abdcd	3965	09-01-27[02]	964
f768dbc048ec6cade23bf0122463bd25fbb6490fddca0e4cff1b33fec417c7a7917cadfefb9dc0cdfc6a87b9e71d20daf3ca782f1bada7903ec17c3c1e34bad2	3966	09-01-27[03]	1200
565cc9169d376df58788de6bbc0cab09f2d65939df8b03430444d02f2249a65ba00c6db853693a6d10f94045d81b18a86ec028793ac2bd37371ebfaa04a1eba0	3967	09-01-27[03]	178
f37199ebbb8002e78811f8fd3bfe2440db1bf10f321c00d9b7e10683dd21b54c223b142a6e319af6361c510198d71ffc3b8e9433becc50d7e869a065fa54dd61	3968	09-01-28[01]	72
52974b0b597c0038d857bb4f75b552a99f0e23d3e4a3550f5d4c0da26b9a7dbb3072a97d5df169346256aad4875554d7a8cbf67366fa8f4c0a2c52b77a5697d9	3969	09-01-29[01]	128
d8909f9c90287929b7ef7891f74b5e4f62db9bceeb49b5c870efa6e5eac18cb89b9692bd654648a58341c5a07369dbb8fc92aff3f1b7458a66607e394a88e301	3970	09-02-01[02]	699
30814e5e6e4fd432d7363cfc60f61df46ccdba07d6f2635cc94e5e0cedb9f2dc9a22fda2bdfe7a64354987381ae5c95330da565e1383a689f44bf32ebea12a7c	3971	09-02-02[04]	65
aeaf79e90bbba8d9d5b46713991845d2aa6f6bc37f4d504004d97f7005efd789cdd021b9d230982cc963bcd082c7f9d5b33c086ce43630dcb3da4b10bf897f66	3972	09-02-02[05]	278
2ce44b55fad95654f633776ac9d9b87000edbbd2a389cc7e3ca89a463ed960d6ee708f953c64a0d88e3156cdbf35811f63d191e863b49c6a199b709a951bc905	3973	09-02-02[06]	210
ed250678cb0d447bec70e961de9e3a072e7a1d00eb4fd3a225567295f8be71a9eedb4e4ade8a6b6da3f5680e8b581c76ae2ecc622c663c09e515a377923347cf	3974	09-02-02[07]	49
0ccbaed466ded104913e8d3864bd5b4587857abd6f12e871cb82aa81f764f3d7103b4a8feeb2f6f190a854c239583e6cbcfaf0fd3c6640901f0ecc8378be4bcd	3975	09-02-02[08]	103
d6ec42057129d1f2c27b507613d7b2e335583380ae33a14e950242b11ad8b59dbb34e82914a348db377a1fc0d34fdb2f50e4f99e0622ad31a9947385a9bfae76	3976	09-02-03[01]	43
5752c7defe48a329004663de7b2d90afbebdfea34605fc854808666dff4ea6b521f02aa5da29c0497a89298e115cc0cf73ae50067aff8294a4732962202ff664	3977	09-02-06[03]	52
721a13edc1751a81c5246ca59e45a67ea175dde364f5e5b29aef07b4bc037613decbbf76e2e597d87b945cf0b75a5b763b29e02d9a702d7aa13c6a8a62ad14ce	3978	09-02-06[04]	131
fc99089cf1eb29b7225c8c54dfce4279c285bfe6dbe119ce552479bbf92eafb76af753bf28a4ba08f9eb1cf50181052ef7ea86f8647fcac0339bdc1f7a11be50	3979	09-02-07[03]	60
0fc14f0bb5c2f0547907955629de4834b2c92d60127ddbdcbeccfbdc2da9d27854d41d7e8b5dd4d9dd3de2db2af7bf2d13b243265ec2d78b280835c949599d04	3980	09-02-07[04]	131
16595884db11348a64dea1e8781d8b51640dfa743d925799286168f361ccf31a6be33cf44c0caee9b6614f0eaddbc177470112bc3665dd5de20a140b22975de2	3981	09-02-08[01]	223
06527c462eaefbe00e549d7d57fc89541b09aa08c874ef6553ef3603512fe085744a7d61f0f8529952d11631dec3c76c03539d99b8ed3f7e949d075da06e6a84	3982	09-02-08[02]	1200
e14028bdd6d7e32f3b94d4f61f1673f5af34227357e801ff564498e697152f788eea15630e2088671f62cf3cd030a7f2a1ecbda24883d21e8d59a32c64462da2	3983	09-02-08[02]	1200
94f60c9e3b6bea315ca8ff02ad91947257d49db7bd0dc5920abc3bf3659bad4d615e86a97b78281fd8cf6aa7369506afac40ac6a3f14b6973c3c67abf6ff04b6	3984	09-02-08[02]	960
bb4a36f56855c5e67d84fc894bb975d4ffb94ccae0a2335a54d8f11ab7d366507e9d37312e30971bbc7eda7e108a9229d2a3af3510cb9bde451c2e6009d888ac	3985	09-02-10[02]	208
c0843721c0a1c39976d1b3a86ad14da28a5845227ccce8414a2b22bda138ef0ec1784d7d76db8f553284d646ea65c7f529d4af61c927752753e09334bd5c3503	3986	09-02-10[04]	270
2ddfef0ed6e9af469cab327da781c6b44c655fc4b634cdf55062db7ab1222863cef5f687b5a0ae65a03607fbf378eaa95fcd2d7390de950d9559fd2bcc55d483	3987	09-02-10[05]	94
839435a81545f682d46467c636585569243fc8d0abca0f9f286d241843750b6d66e23824d8fa7218957f8a7edfb583d1c2b1f022643f13810fc942410ded11f0	3988	09-02-11[04]	113
6cca6fa3280ad52ddddb183991a471e93bb2fa28ba226a903c4f931abd77f968d365fe7f1464b4c4aa95096beda6192c13e6a2c378254359de6b2c8ebbe28ff5	3989	09-02-12[02]	326
4c0060a02819f93072f2cd2be6a02c28f2ffc91fb2c2471924b1a1b677bb70cfd07f6f86cd001746339172357c64952161be56d23b5699c6a5758c002e7459e1	3990	09-02-14[04]	580
ab412df25f237804e84964f0e3887f64c34b3c5b929ffb8c84f60a14ab0aa807bb9068c265c923cd58eac3d18d76b85b7f2768cbee3467bee0ed821f0f162c63	3991	09-02-14[05]	466
34580a570622102f2eb2ee72259f0f5f0bc20a488ef58027ea32f6f41d64d5f623d95eb78a1529f786c95781c27bbff7cc33eda6c481edb2da32df86bb5cc1c2	3992	09-02-14[06]	128
85395bbd924902783a14b88b480c508baae3dee869a9d4bd79af74da3113562b24b9acfd9eef25b999a623d75f9ea65ab5b484ca6d51375263bd81be5edda8af	3993	09-02-15[02]	448
856f2de5d08175d2174f102f4289c0e89315202a6ad40f6bc8003c4636a363b51a640e849a3f70f9a3108fd2c16fb384eaf9bb032b13d85a20cb2413cdb74f6d	3994	09-02-16[02]	200
8ec706ab273752177af2b90517468584c71eae8deb8efc3eed2265cf48b7c6a73b75d71f3a8015f9d5fbfa731aa9e950b6fcf3b9b94b91de57ecf75f96a68992	3995	09-02-19[03]	472
ed8844647a958e2455d78d0984efe3928bef61dfc7fec3381eb522d9e05afb8c308547517bf5d2c0fafb885c1e5096793405657723f6e8c29a197cd6944bc341	3996	09-02-19[04]	790
0c26dc75bf4de356da0a08df123b478e9892f30219a4fafd79755bf4460830db46c6c526062647c270b7397bed8811bd1bc40fc46718e6f8aa287ccc2cb1f354	3997	09-02-19[05]	145
2051ea410bbe7d68108ac3608d05185279a89514b1d4a46232899044e50d516d68c0765b085a87c30405a63c9e99cee41f991d5dbcc45978bb1b5e933dd48ae0	3998	09-02-19[06]	228
435a1147a380f90787292ed976423a1b3f766f33749868185aee858baa69a9e76bc069f163e298158769a10331aa410e4b54d322d4848e409840166623ccc089	3999	09-02-19[07]	444
593f42d76f398f31b0df78bde2ddc481188a13551828108ecacbe65e50e4e21e5fb76d15cf199734918c4d14874e03db7aad20fa07c0d2e5521961a21070e630	4000	09-02-19[08]	1200
8416123042f1b18162460f35a545eca88d99e6578c8e7329a1a5f8ee450162101795ab3de9d91b642ed1b27ce73b7726392766e41070f3d20fd4e2fa1ce2d4bd	4001	09-02-19[08]	1200
28047fd3c070bb8b144245c150d76242d51a3bf83947f713e636c73abd5669763790699367ee21812033a0c145443aefb0b7fcf752af911c3631118dd24bf9ed	4002	09-02-19[08]	722
63420cd025f2c62087043a089c962fe6c8d163517a1240fca9ebf2963bbfe0ce636b7a22e75c9299563a774d9316f16ad514d6bb7a149f11612306f3dbd77aed	4003	09-02-19[10]	88
1b86a63b167a8b4093252a8f1a40f35fa69f49b65f508d583918877d105056ccca69c6a328e70d8df3f689e2b11db6c4ba1be72d3b8241c73787ffb921a40f8d	4004	09-02-21[02]	236
a3bcb856394a0c676ab96454a07d715fc9663cd89489413377ba35e151cf560251847f254e49c9a6380559e66c0f8305283266bcab8e9d41d7da463e86d1de34	4005	09-02-21[03]	585
86e262ca21ca9157f70a2d08582f497bac7439609edc966ceef68c6521134f0207d5b6c336daaf0daf6da5f5ae13478e8bcc4f8c00f8f82e2a4611919f5ef398	4006	09-02-22[07]	78
b57ac1ee20a1d181ea1ed8e99c292651d66882fba50d61a130eb5831dbe23610211fc729b3f7c08f1faa1a3149d61b0b0bc818c38c7ef614b898e2a101a025e2	4007	09-02-23[04]	172
e0718cd3a99f37cc39f821d3ba0967b852b36c42685e607bd62c1bfe80fc86a3125df4ec64c0e52661b3f726a99aad47c11c69442adb23f8340b663fcb4d8bb6	4008	09-02-24[01]	596
bf2a9b532df367f1493b7dab6a34e4681f40c5643fcf8f44fab55cb2be6c9e1685959266c69d04d4713888d5d97011ba83550005af62ce98f4e1380af6f7e5c7	4009	09-02-25[02]	386
00672e81bae9272d1607fc958a8c4b4a6623b0aeb6b02f3d26d17fa6c8664e0f116b1f39b478c2ef9d18cfcd68ae27d6fc9b7f63557ab3fbf177dd27468b10c4	4010	09-02-25[05]	93
ce0814043a3106b8757b4c7f992a5dd71076e9d557f43b53424402d602391fe23bfa1592bf2dd6cdea4ee308ceb09f51ba0ff2a0cb42eba4949d06284dfe7f8a	4011	09-02-26[02]	106
58f9d51fc080101213211fb7da92b190623d9dfa7612f5db743aee9dcca51a2affae120a561a8099a288790aef87a3864790d55e7f03217ebc30d5b22fcfff88	4012	09-02-28[02]	184
869088a85cb72fa87e1e03b432d1fa729759d8831bc479f377d168beb0e34534af5cd7e7b2a31c5c9bcbff4e50f518bb411f1cc0d754fd9814a99f178150b796	4013	09-02-29[01]	180
a861b662094e4d22fb6bfce36f195d33b27987ee52f8245dfefc3c094c01de2f756d16e49441e3280d914b6720094d69837154df92ae0d3a5f79a0a20dc1d83f	4014	09-03-03[02]	289
bef1fc9f0ad197615ccdf803d258603eed359e31e7ad2604711718238f4bee22b9aaec6e2ee052770868394796ce04db0e094069d57846f413987a0ba79ce9a6	4015	09-03-03[03]	245
c463770d7b10a991aacee7c94c8d163ce935c020c64f61ece311232bb3b6ccf302697b43be289a886a16dc0b14c7c52824b1e749483ff4a5daed60ed55bcc2d2	4016	09-03-04[02]	147
1212df6c24308cbcb5596e96c4aa07040d625f0f50f58c7f502b3f8ce3d0f926b503fed83a1a8e7e954cfc006e04b45ae4ab1fbac845562d80efa403d1390564	4017	09-03-04[04]	148
bff619af7c7ee4ab66868ffb1438b765caadf7f2b68d2cf74f15d3a39d6817e781710da01b28ddd2a3166502ced8334e4f192d187a00471d07d3caa6e7c3fcaa	4018	09-03-06[02]	778
d52919c9590f47c240cde18f7993f36b5885b1205263edbb81b1b0be7941e9e7cd5b3294d46e7e6274f4a2470532537b8cf941b26a555dd3c43fd35116aed44b	4019	09-03-10[01]	377
b90b9830c848c51e374392512bed63e7e9315fca9b4e0834f78dc871fe1eb577c55f8c368c8430fd06566a3b2abdd50ffa4eecce711d2c5f4a052d6b0f021e63	4020	09-03-11[02]	179
e8f85e0c43039702f05f6446c571730a4b212cbc0e02851da76f8013e3ad04d4a8800dbbac1b2a7900fbf723d3c774d6e05b20b758cf3c6edb113285d38e3bf7	4021	09-03-11[03]	72
3eca2698cb5e23c2f0576eba84415adeb71670efcf09a5b5403d4b2c03a198b1672dea66894262a90eb2458e5055e47f75b722c384ab658b44b57f002b0af258	4022	09-03-13[01]	308
f9678726f824dd71bcb80db18993762870eb4aad70c858b76f3bb9f0f4fc8c441d965a4f26d52ce43925e765f8b19cd89901bb49b3cbc67d7cb314313c8c89cf	4023	09-03-13[03]	105
49fdaa9a0f6af78fe667642f21485c427805922a8f59490baf5beb7e1a0aa4595145d33feff728040f3a7bdbf7ab017edd8a99ba67e2379a4a5c605a95489df1	4024	09-03-14[01]	184
63951fd950467b9597457a951587cbfff0cdaa3c6ebb64288bf6e39b27629e647ba61615a81bd34689807890bc7462abe6f9dd6da14cc871d85dec40e276da83	4025	09-03-15[02]	55
056faf07fcc7cfc60cc732f34d0290b12ceec4f2227adf7696c6ecd6cdddc83aa7bb6e5b972798a1be85d760b2a87480517f4f20e6bde668616585d7454824f6	4026	09-03-16[01]	1200
4d3340fcc706a15a2e9a2d8421951d1d1097e4068f6933946e45d604955dab371678e5b41f8b0c38b9094b325ebe4cfe1e3df022b8482697da88c87847af453d	4027	09-03-16[01]	326
22d74c0242edc69a96c7cfacfa135e880bfc754ad8c5c810a9eaedd64220fbb4d03a6be3862f2b675e37ebf75032942f042c64a7cd4ce4b5aab0f1484296e851	4028	09-03-16[02]	120
eda0eed84d5dd6796dd667b8ffc1d877731919630c8291fa6c0dbb9c07e9f9f2f525863297cc52181eb3554181c180481c900bd2629ecabf7c3c879e745e8f3e	4029	09-03-19[02]	103
861d73ce2a96fe7f58866e8da174b27f1ef08b70ccc874e3a137910b199a985fa09debd8de7dad4b94ce559e413a87190cb14b57cb4b8a860de5a5d2a42d21ba	4030	09-03-20[01]	770
264346431663622ef83e1f4f512b7d2ce486141f0a1baa65f20add54148ebec4d14ce26ce8cae8cb85c85383ee198c7390406528dc804bc81450face902b7648	4031	09-03-23[02]	288
83b53261630dc6cbed4f604ebacf84f0e863200f10009c00503f5378f1d7dc5d1547246e6630aeeb679a2beb48f95044014926209779e4e3410cf2a529c975f1	4032	09-03-23[03]	72
44528a6390f9090fd238b78e44a6f8d15b939c7026fb0ac3138d8c13fb9318ad508a411d1476e513725e5b281d81c3d9343d34926d9004420ec6f72a796b265e	4033	09-03-24[02]	128
93a158a3ccc51ce25804819851afd959242184086e63e51056e0daf18f3160ad762c053a1e150d4baf29dbc5c37deedb4ebed72f1bcc6a374e35f8dff19b04fc	4034	09-03-25[02]	483
be912b7fae46b7c06a17448878e6bb4116e2e54f901608943991c449f94b4c3c98b0504d8d5562826e03895951a64532d2766a545047406b0bd49752652f5f1e	4035	09-03-25[03]	96
62d1bfa1d897b37929eede3df84b1413e56da1e7a3ff3a78c419ae6b750d6cdb1e096f47da07a0b51f7fdf330ebca76d7e6405ba2e95723c4a406f138f91cadf	4036	09-03-25[04]	351
3dd7a15150a66722cd15617e24f8cc1b6d29333e55d7640d327f1386b4da5b37673b41fdc81071a952d70bf44514c7f14a019216c7fa62ebdffb3c056572a16d	4037	09-03-25[05]	74
bbf6b7c96e2ce2dcdfa44fe9f28cf71d46f21453091e7189cd05fbb674074216201b12d8bcf029021092ffa344c05205d5096434cc9cb7c3f46886b978a88d68	4038	09-03-27[02]	67
87989436e6b710550286157a2fc63a3b99c3e92e3b2ca87a330c1ec314781ad4b4312d1d194c53bf8ef90b5ec40f1449618451412440e3c570340f842569e7aa	4039	09-03-27[03]	429
b4bfda13db66af6e30522ab729d6d8f00cd6ec82b135822c81c7bb182bb8c4403d92d9da0fe61bd16898f79f4cb2f128bef9c06fd5f0affc760b687c58e58fc7	4040	09-03-27[04]	241
dbaa101a939d7a62b76729347bda668f138e38725a91dd7d9c05d42ebb716421a43073bf5dac1ded95e752dda905b509bacb66d7aa1a6ba8a183ed8ff7ee2c19	4041	09-03-28[03]	308
97cfaa0487846c21da6fb71945172ef2cb93eadc6683759f922090ced3753ba8eabfdf5bef9c1c5ed6185d6dc6df1ef50968db90e1f4b33e5467e553fa1c9d5d	4042	09-03-28[04]	50
7b06fc78360b97e8faec02e8ebc71b29ad3c362d0b0189987218101c137e2c5deb1e460b390e9dbb08a6c52f7da0a5bd005bb780882b2439347fa0b967217595	4043	09-03-29[02]	583
24149a5bee1b4e4f16acef0e53eb9f53ef75eca0abd91809927b78f78946446249e4b8e9b62ae1254ef3a75e21ea0f4cefd92461a82fe744b0c8789398cc4cb1	4044	09-04-04[04]	361
df5197bb5275ea5d4a7d4c3025bc93d3b30fa19f1818e2c203f2f402a7f1c9f4104bbaee6597527e9144ed70a7380d11e1b89f7bc907e90cc012d0233a5a9950	4045	09-04-04[05]	202
b8c27c6ecabae00bc513a1d7f0153b665aeeb7e1fae3b7fe15c1b20ce8d102ff53b74c44b18a8e501af861c9b5d4a0ab334570f52cf1a4ebb49e6ae298a3aba2	4046	09-04-04[06]	351
83e2497b0e7194d9ca48b697f8fab24306b09685ed19a7483871894a7db5e22e80fcc040ffd689178f40fa537f7f8347b89b9bcc1a4c16f20f07773670de159b	4047	09-04-06[02]	726
ce9d0e2777b622eaf918e566df357534ecb6851aace98d1a4606d018d5bc44ee3b9ee50d4048b28bd59a6619cb30bf6866fa03c4f90ed8a86c6c83f7cd7c66b6	4048	09-04-06[03]	351
e3219fe62d2495337a04323bc074e8252a81e88c9595b941b4fba86f7a8b7ce0f812e6c7e098b4f42882f70eb1937f7f431e6c1d2ddde5c49b01edec097099ff	4049	09-04-08[01]	227
c126d4a3db60e001a0459df07e40873e9d613821dfcb97a0f8b1eeae41f2bc0b5562774260c180b7970bbb6088bbb306acfac6f93b0c812c542167be8ed9d566	4050	09-04-08[02]	56
dbd912fa4d24fe98c4448b103bb0ab503f2aaf7aeb2c9b83b7b2ea74880971996d2955f4bec38b1157b969848adf4b56019e0cf2eac288bc0b7eaf23a5d3cf63	4051	09-04-09[01]	200
f4c240e14dbcd4e3a8bd73ffa19cca99d7dc6879ff62f793b9989be9629cbe97cf637118a045462c3f7f257d1dfeea77b05a7c19cd28dedc20c910dc07eab99f	4052	09-04-09[02]	1200
1f95f46b2923868839c777ceccd53bfd4d96a8798f5bc3f327b591a788e4de09489c1b80715dce6f10c40dfa1d141273d3389bdaf89f9b535b8aa8ed4dad6684	4053	09-04-09[02]	1200
0ae0e489f11c715d9d13c12ef58e1d1db9ec646d47d92146b60d5ffdd3f3c27459d59a0491ecc7ecd228ddf7ff730bb7c07028036e54b6965b055b15a8e79ba5	4054	09-04-09[02]	1200
646948447049168bbee373274eecf700ef95691d02c2005f9adc29fc13c4655f1a7a3ccef4e55b42adb368510b5aef06986b3376f7cdc3bd5db1956147dacc5c	4055	09-04-09[02]	313
f4a9d127aea614d647c736c32b4bdd5c7b9c3eb0c8641e394eb432cee4dea732123daf698a28a4a6c029b38a13cb05c770bcafa7244cd75fb276115b6ce489bc	4056	09-04-10[02]	143
4d706acd37ca8c9327f37d3579feb860e7774d5f6ba255462dd2203f8ba85eab3e8fd5ac85be69e9b14807b6b54e24edc6a30d2b874392554bae956cfacc96f1	4057	09-04-11[01]	806
3bb076721d0a0e0bc2ef4218609807273bcaea6997bcbee2e8ed08277a61d5a244ac980ca8ccfa07e43fab8d70b1919cef563cdbe23dbe64aae6927649ebe566	4058	09-04-12[03]	287
0cb69e7265e0e93109ba5da04407049615b1be1eb188cb576797f5b0028108367dbf960acc323c44d3262f4b18415cbe18a2c0f7d482931ce0cf71fde610035f	4059	09-04-12[04]	75
c6acaac689233cec27a289bf8355c8f3dfad78bfd29fe1cd5a55c9469a6ae04de01086c216d8bfd3aada940c5d109e0ab24b2a5261917439595610bce6085ff2	4060	09-04-14[01]	144
b85adb739b4a59d4e0ef36812d46b35383363704af14c62fc329625c9d6a1671c958f39b810201b5621ed16d558abf9386ca8a9c7472358bcef4ace5e925b149	4061	09-04-16[01]	77
eab3ea5244357a5279d701edb68f35f2c4e42650cd89e5d7d21451e7e366987ac0589252cd76c70b84d50d114ca5bb0bb6efc99b9eddcf2fa130257b1ad00d77	4062	09-04-16[04]	72
2b0994e4c32dd9e81c8dcb27c45f0866010d2920daad49d672140b32b032431591f6114b7435abbc74e7d53f3090b0a7114b2e9ab9b9eafe4401474ca60f9e86	4063	09-04-16[05]	243
bf7d2b04e9693fbd698157cdabc3b521507f3ec261da784adc122e29f5511eab5dfb04f3f88794965e9d5f84a375ba6eb290c11901d6088b7582cf540de5a8a7	4064	09-04-17[01]	111
a107dd8d6305f428acf2951a5ded5e61687510ae3008793d38002a31b5320d1906fbcfca06532aa820840956aef926d520740e3c77148b1e13f1d31d3edbd6cd	4065	09-04-18[01]	63
e268b9f699a1d30472be8502cf4c16355db39b88b37764bfc98b9c3314d863a360edde5e15542afff3358863e6007aa76103562fddf0c73c11fa954c91642d72	4066	09-04-18[02]	219
f7d7b1a39c6b44015fd88f7bab97153ebe73a514088e316e00e034c853c212be492d5f37b6ca6edef37d79627b970d013132314805b99588ad45aacf7ed31480	4067	09-04-20[01]	319
753087902956ce77be3a623129dc2337a863f9e47507b1472cd9f4270ee494773051b50aeb772006dc126a2abfb6082688e9434c882950311c0e0ec1276f0521	4068	09-04-21[01]	525
632f2683d242b0f99692ccf0efa438411ff5b444bbfe9d92e4e0948a6d3296d8e5fcfe0a906a68e1e351f34723c6b5242ccee9c5b591beeb9661667c011dfca3	4069	09-04-21[02]	113
b90f6d4d4d6970ee5f6eab8c03fc4a42465146748c861fff1905dd209f8008604d445a0aaeba496b793e992056dd9a8f5b2ac03ff60dd799087c6f936207ca5b	4070	09-04-22[01]	57
f4108f881ddc494d7f2081cc3455d356d81e8614d7ed903902681ecdfdd263c1c4a1fe9f18846ae792d956b8eeb138f91728ed09b858bd5db3fe25c072be9576	4071	09-04-23[01]	83
7cdc32b9d3488e9ae12cb20789e026baa84a5b69a895021598ff5f928bd065523deda05492f7d802fad66694325bc777752931bd0978613022e8a9501cf8243a	4072	09-04-23[03]	64
810b25204ca3853935008b8c32d1e741b136186e6959528e0d47edbfd58908c9ed8431f20755ab14c5b3255675a939bd763d01f30fd9007bc77bb863d2b5b428	4073	09-04-24[02]	90
f43502ee7784035b45984e0a2d5f0ae8bb32e2f9341ff96a211da7920f7ec636fc325e29282df46049b86d593d414c1693152269ce55f2c705281ed16c3e1254	4074	09-04-24[03]	353
eaf18b898988318e795ec8011baa84ab593ce5f866181ccb303111a8ced7e38dc3f6a08f4d53eef70dbb51b69e3fcab5adb4a9c2a05656819355ab476ee28b1e	4075	09-04-24[04]	496
270ecc7b0bdcbff7f1b41b1daad2766481499c9c9420b2f12cf102c398c95cd706de8897a3b0bad5ab39a984c263fc266df2db10fb31042f3b6e4d53374d141d	4076	09-04-24[05]	467
f25689d99d902bbe2b21468600aabe3251eeb0731380df0c26b2b76a0ec97a4e2edca0d815b5b6fa261f784171989f8c3607ab33eacc70e546e3f7aac7be2128	4077	09-04-24[06]	116
469f231851f76b175a423865b0ef750e10a9ab33955fa0c6a6de9098e5d29e3dc577c1cde9fd20a2ce246fb8217f351f03f5659f3cd29618bbef59fa8916e12e	4078	09-04-25[01]	225
fbd84ebf9fda494940dee7708f5ab663a83329c586a0c628422ef44de4bb08c7b9396b6c3465a0b57d31b8d74d69064ab7874a1738e7233467ada4aa46b3ec46	4079	09-04-26[01]	194
88a4eeffadc9576e752c354002ac6c881d5b2c6620895d6e72884844d7765c3a0cc6abde9790ae882bba3405bf8c90826aac9a94e994c6b0dbb0fae058baf9d9	4080	09-04-26[02]	1200
eb93d119ed5802de9cc89b63ae012d74a9c1c5b6e2fb633efb66dae334b8399bd6428f7b5b00ea40ad105d2b7d8f5c6fbccf78ed9e59c69db978cbd2a5428256	4081	09-04-26[02]	1200
2c2e8ad42144387503c9974b87983736c1291945057cde06e4e5e8479b0098af6918d7af8367c5f15e8ff1ec0af9e8fe87d7379c3052ecaf0519fdf542489e91	4082	09-04-26[02]	1200
968f6bd32f8173246a163bd0cdb3dc4436784aedbe070e7a22b5a600ab536649a4d8c6e040584f1f1e08faa8fda0e38894e9810c28a70055f2f2c6517ba25937	4083	09-04-26[02]	1200
12098f1a326b0b595bfec01480ce27d4e43c0dc950c2f12ad2537b663e1ce4ccd56954c60b0e053ed76947f60edd672e5e1634d9f6c7c4de4bdc28ae6ea73ce1	4084	09-04-26[02]	1200
02ed2f466885e635421f080a0427b0a849e46178de79827876b0ee14bbaf3655fa5b657e3b5ddc6eadfac329fe3a3fa118e60b2c19ae782275eac74b08e20755	4085	09-04-26[02]	1200
a7f1e2b930c9f19245921274b9016fc0560d25163bf56d8726724114121bade37b7634f677efe34207ed96f88b5c396c03f2cb5ed605643a0c26469a01c4c05f	4086	09-04-26[02]	360
f73215ecefa4125ebe4ece90cf11bb0cc07c4cf822ce0b65d4a6c28e9857715d46870f6a6fc509db8e82bb49040ad074f1fb6306351cb5cb6d10b353c1574b64	4087	09-04-26[04]	95
c25b7f39679ca7808389bf76a34360c43a2d69361011849947e84275a7711bbacfec5b76ff7c29e7943125a06e2cb99ac8ca0b6d243f40625fb69192b08c30c9	4088	09-04-27[01]	766
9a5da3bf65d4a8900c3d0ee2815c65c3467fe0dfdccab8a851d69188da4b5b908c6abc7ece0a5f9f1df083cd5d6b4c2af0800f27662e5dbbf574c94908b4c919	4089	09-04-28[01]	241
15a652fa0a58cbbe7823b2511d7ffc5b2ef9da87d25bc6d45f51e1773a55dc324fef4c2ad5fb6309c26353c4396787aa3cca0d4736cf2a9fce5d6d45dcfca928	4090	09-04-28[02]	156
4ca49804cdb4f9006b55d813f7fc3b3d16c3a6e39b9d1c423b8ee50edb1e074eaa4747ffd5b9df6b5b6d3903435d01a92ac4c67ea07ad625fd3d34d6baa8133b	4091	09-04-28[03]	359
a092b61b2f786518cc2bd5379adc7bb8fd992806d371d6a948cc21e520151d380e587e910ae2d7b85a65c66bad47c056f8a1e192c1d1e320f8f05a94633a8cc3	4092	09-04-29[01]	50
a7431a356cc1a4716f8e2ae996fdc40f051978ab0d9c4071c912d47ba7ce65551d65d43f7f0e9db45246367d529fd929d3ac1b079c99ae07bf9982b472b66c78	4093	09-05-01[02]	59
9bc43db71ee9a398cd9a264b1f17fa4bc049b20b05e535f918b7a2b772a90c51a343650b6e2ea02b6b462f3e3915e3be92fd41ec62b413849a6e63d75ab99f3d	4094	09-05-01[03]	55
18bdcf61699ca0764201c9e7df055dd12ab55cf90721204e9c641b3538e5f3d60c82d01e2063e9f5ee084418b36a882583c8777cb69425f653d54aafacf2aa62	4095	09-05-01[04]	257
f04ccd4b0ca5a6e3b0f69a64e94ba5cfadad1460acd5287b0b07e256230ab466f5e150210851e1dd03c75141025169ee9579acb99be22e8b829e534d45d48ad2	4096	09-05-02[02]	94
5b32dabeedcc274e771ab3a8e8a13d55ed9f0c2059c54b11221d0303501943b064a3132a6ecfd4e44cc5653aea1d043eeac35a17b6c379d90e6edbe43f521a77	4097	09-05-02[04]	90
8f6432dfe68d114369881894c1acea9c4247cd6592eda8396f576cae7a4fe21c49c5d5095edcbb9f4043c89b3ba382a72753cd265abff3dc3b9499d11330b6b8	4098	09-05-03[02]	365
b28f15dd930836d3b2137ae990cd0ee3ce0684c90e60ab76636f5b1b009752f7ec035069f1d0ca83de29b0b94d3c9c481cfd54264bfbb2732ab3bf1900b495f8	4099	09-05-03[03]	58
0917aa99d4a4e410088252a8d12ec71ea821cafed8b7d32ceb2c2edc4b2e6cc3489433f14907bf734ab1abf82ceab8f7bc99b62cbe31a17923b73743484d005a	4100	09-05-03[04]	142
377e1efc186ff84565cd9e17809f4e6b8488d28d21f657af99985027eba56f819a4f9ebcbc08f413942bdffc79edf7c8b086e28957518f0dae60915e27c005fb	4101	09-05-04[01]	70
3b25164b58345dca8b780eb922b8eb0ea7a784c1fc85ab96947c6015849e63c30209d66ca26ef268ac44511753295b41a191e5beb3c7bc597feab523dc9a5391	4102	09-05-04[02]	69
851b398adef71ce0fbe302f047b3667e02b56938a1149385e3191b849515d4df17a99f7745c43291ae04be5376d479950eb7bba758b6987d4e9ec43ed0a65bb1	4103	09-05-04[03]	113
9b0827485656908c852a73f3a8e53d6ff3f2538c1bd0438838f25406f841fb1011a5beaaa0724043efd662393322b4aef833eafba8b087112033c3fdc7481593	4104	09-05-04[06]	55
a3992d078506790f0fbd15b235516d8225f75c71bc1d67144d4ff80495247a2e60114ec6cbeb429903ae3bd683c2448a215e65de47175342e7d852899a5ec043	4105	09-05-04[07]	394
e4393836c8fdeadd130e8005829ce84ade495b7c243935f510d738e75ec09922bc4d0ec4f799411a5cbb635aa7b107011391ac6bd5b484f35f960d64a5864ede	4106	09-05-05[01]	121
9826d1a0d6b81ad3eb4399eb8edc111cfe53afafd79e4d75fad668698aa60046852038932daebd5d88c5a32fea7d58165a7c0db84a60314fd8c7a40c4d0296cc	4107	09-05-05[02]	80
8d97023197151b35c9ec8ce804d21a2e6fb7c9978e4913a9d51a113bb6c16e80f9f3682229d6cb3ecab8c7c627686e7eae89286149a3e4a76896a9218d1cbb39	4108	09-05-05[03]	107
a0106c75dcf08aa634030e974400c149d0f01c1ae377b84549b3b545f26a4b03798a2604350b12f4b95c55c266407bf9c5992d9b5e99353a112a69b53ad3c681	4109	09-05-05[04]	192
19ef147a969fca2b1252366498e04fcd11c472fd5414258fafa6a9c7a7e2d30a939bb927b1836ed544617fb9433b85983b25936a0d35ea5f236ef4f222b74c46	4110	09-05-06[03]	132
6921eebdcd3c2f16472cbbc2765a556f0fa83db661a78c721203399973acc2e16a9174dc5e854c54725d1b2799df98d1860e20758f16bcd5a65ea1a1aeb318d2	4111	09-05-06[04]	258
dd3bc678d97ba4d0fa54c9fe8163876d4fcaf46ca8e659c5e99068d3bec2c3f58e7906f3964f9a284e2405cb8157fab6589215158104ab55541c50989642d12a	4112	09-05-06[05]	110
a3b567d275bd9ecb8b7a3b1374df24df8d9599a6b58bdc32fa1cc1434c17b8ec66a52266009840f3e72c86779ed1604462f9d07cda41c76450c827918daecf79	4113	09-05-06[06]	67
fcdf096072caf157f4de7a19a2906080e76defbe2a472d2428d8e6182f69a7fbf5c3e8ab795a1652f196a127be2ec43c5fe0643fa3975112807d2bfdb4271adc	4114	09-05-07[02]	320
71a9491c9a856a6bce1e29e4a79896116834ab06c9bc80c60b3b9ca0c6c30333a688c37a27bd464729d87c8c542c9cefe79ee324333d8ea008e1e34836727fd5	4115	09-05-07[04]	126
de10310d1ec8c54b7c63f8c54078fe36e26caa9cbb7f0f58c84ebdc51f8dc06e185a0afb07103b52b41fb60d603b88e5c7a2810a575540f25458d0e53961ffd3	4116	09-05-07[05]	501
d70026f794572b0c16efb9dc9b7304599bff794e97f930b01001c9a674e531393c0670bc6037e71600b03ac402c1faa7c31d22c5c5f40d1d2671a10aee954a67	4117	09-05-07[06]	112
c01408d2ae742d9e093160207035e75ea9dc36ba830e59a480d565424b1754ea1ec6d3ba2ccbf72a75d61b274d911df4a7f4ee96085f29162af9e79507e35025	4118	09-05-07[07]	93
cda93c9b069e5071a4586c8a85950540c5536e3bf374baae2fb09bd5ed7c0a979d2d46cfe9631111bb5ab8e2df9edae5f964c36727e1dfb1dfe7f64044ae958f	4119	09-05-08[01]	68
2a3efbafc72659bde9f7721db27069095ffddbc3c0ca0e52e97443dc1aea0fa7a0584260d92a5f15fd8dbfbc378172b1a5b4b7fc671f17d03fb3608dc44b46d2	4120	09-05-08[02]	675
711eb74d2515b27a204089f05512b355a445fdbab964fd02d7fad06264bfb194f63649cf2d48d84a6c10e8c3526229c8e56b90c39cd2e48a92bc2c24eb23608c	4121	09-05-09[02]	522
f1c9cd0572345b87f695ebb54dd681b4ff222e9c68ad2913fbd9c8167513e98b87ce138f4753bdd70238abf1db9ce00e48126e62331c899284f48eea3eb6c886	4122	09-05-11[01]	725
16bdb3460212230e7198e4dd69d0e98f4f398d57429fb6d05fdd031e69158063c8dae7bf779c8bc819cc2f417973b7b3be592ed4cb08b857aa9e72b5e5be9c95	4123	09-05-11[02]	1200
fdc1783273e99288d4e7a3affe30051380f8210582aae2e6f0c37ce58b397ff8bcc2a49333096ea1b5d1621b75e385c0f76f54c4b7b44b55e133901592a54f1f	4124	09-05-11[02]	1200
f15e7a186a514d5b87cfaf6b9f3a549ea4296e2581108a718e2aa8ffdf1b122456886cb6762c5639026d17f55b6e0f8318b9b246ffc0ea28eb2c917d61b76a24	4125	09-05-11[02]	168
2b322bcf864b230535810d905b49ccccf30989b90931ebf1ea378b9896b85988e51f3308e3f466aa49a49895f5b6037d3660665e13a09221d8d0457465a88af2	4126	09-05-11[03]	67
4f627575ca1c4783074efbdbbc2e04eede0f8fc07d6d9b3c43085a86e8782323919ef159be4f71987005dc5bc7e5fc1a96a950758b7b1f086249c40e2585ba8f	4127	09-05-11[04]	338
c49240b2aa6b36a1372df71e9892440951cd3f1948da3b984746c1a7e8106b90eef641659c38d363f9a26171442d5df54581be5c335f3d5bc9c89791cec39939	4128	09-05-12[01]	557
ac09c037083d54d7103746bb592d392d3bf32980659d3b13d4dba36149f724b9ec8520417806b678ae7cae719047d9f4838103e9d7fb113459ac13abf2bcfbe0	4129	09-05-12[02]	49
71de1821735f67276bc66886e97cd7238f96692750a1bcdcd77bf214003d538978721b94ea818806c1f80ef6b5e44d340805658736ab872a32d705cd69a22d25	4130	09-05-12[03]	76
b382509b98a53a35a0da52cfe1135a5b7644b4a7bacd89014dbf41349bef029dda2d2962643e44d5d212a37e54d20f0262a101bc6d64811f01dab9aa50b70c58	4131	09-05-13[01]	107
68788cc2ddcf8801dac34b4fe92f028a0d0e2f87ef853027800d30fbee3df35218cc349548acfa1611b0750a45a8ce3bc802904c48cb93171645631ba70fdeef	4132	09-05-14[04]	607
dd9acabf7226adbd2013564e82380266fe3aaccc986179e69679eb90d1ed4711be32515f80e4dfcf4d0d5e6089437d0e272e0843c71f2bdd0f8529d168e7134f	4133	09-05-14[08]	97
81ad96f8578b81b06549471a90347197a9f6250f6978279388625f0c668678669941f4cc49bfbc50f98701110d884f27853eb366e71aa84bdac7bdce05b79fe6	4134	09-05-15[01]	451
3ae895a53b0fcb5bca8e570b7dfc9ecb37bc9158ba8096bfbe3641384abf0e19968d02fb6b02da0186b2310406ea6d5f843ee97adff5b594762cc59e940bc5cf	4135	09-05-15[02]	207
62639e9f3499acab8ec900fb195bbbbc05a519476e43d1bed5dd7915e6f5a73c5723e8d0a290c67f43bcbd1e6370017a8a25b7b0be27aac74964b8950d03f9d3	4136	09-05-17[02]	164
6fce6507ef2e48f08c62ac19232961300319572e8f76f708e18bf661ad08b8b9d050d8b86f338347fe6203c0b5ec774cc5eaa8112cde0cf375922d1daa52ff80	4137	09-05-18[01]	115
b14d8efcdf511ad09b8aa4c7ed2d2c0dff69f19fb77fd7d82292eef1557cbe3a58a0bcf147c86eea0f59cceb14621d0054ce8cafa2ba0b90cebe0a09dc226f43	4138	09-05-18[02]	53
c6b101d8841a95ce5a713e06ca170d421c7841bd8e858606f6abf2974cfa702fc3c0bcfe3c48627c17db5c7fb1ef9b785dd1ac6ff1f27579fbef14301c3b20ba	4139	09-05-18[04]	98
65883e6052f73a30cc3754034eb8b8720d8e5a82fe1c95ba44fcabba3a70cf6a6fde47c03ff0314951d2fd5c9f204a2ed456e306a4f9f5bef0b1897fa3787027	4140	09-05-19[02]	90
1abcb0b6132c6cea06a5b740ce4a95f9d01a3d9ef83caafd7e97343c7429accbf0c94a62409056471f0635bc39ec7b6972e69a727ffed9b0e6eccbb5b04bf202	4141	09-05-19[04]	87
507ffd20be98f6af57855e2745454e0d9ba18a49f2f3a68099353690db59d4aec9e6bca52e91eaa5a95f9eb7be816ddbd3f74aaca8e2a5312743daafb92488e0	4142	09-05-19[06]	200
9d3d806dbe851aeb163fe6f6bc8d234bd4f478de9ec4880be08a02ca33bdb85715f14ed175f93cf13829d6834a63256d6f6ac1e8cb8ce4d81cf0914a0df30766	4143	09-05-19[08]	403
9df4a2fde5c18572afa3d83965af1145cba8af74395dfe8dfaaf6021fcea5f5752235c097fa4da15f3c93fbf4a5ae32e9d211590832885bc499f9122e3d9a857	4144	09-05-20[02]	131
539771aacfa37e0718de1338ff1859a4dc67680ed814c5a1dc13c34078feb6aaac5f1f26d05c9235bff69b68cc98638de120e469675137cda3c331e8a4ba8fae	4145	09-05-20[04]	77
b2aa1f0e76e8165a395b4c698c3726f1cdbea47a3580f2958e5d501ba4dc0ffed06a9a342ab68367fd5826c5cff20022e33d94e8736752ed754eb68652fb3d59	4146	09-05-21[01]	506
b0d567d3cfdfc48bfb93fd18332fe0f57fe66084786c2d8cb35d97507d1c494ebdecaed8f4e457659b49effbb44a26aa86cdf029b560f9e23f95e61c7599d942	4147	09-05-21[03]	551
6f0b3baea7bab5b136e295cb6f9b7e5f424001874606e93af9a37180dd4d835e6829fda0fcffa4636b867a3abad16291488bb24935ae8370ad2da0a3df4a3832	4148	09-05-21[04]	56
3e00b7fdfb39a4b916b8809757b65be048576437b2e8ce24ea62595ce3e01fc6fb35335bf20728b478c4fcc768a32202df598be648353fd46c6849540fafa69a	4149	09-05-21[05]	122
fc4cc832428ca1b0dec6b8380bc81ccc1480dcff6349b6963973bfc0155eb3219e14eec6239eb6fcd8b7b86d2bac0442bc5454482e3910060b169f9c1d8ac153	4150	09-05-21[06]	109
0b18ed2acc5099fb18b8d127b791a866e2538c525234b4da91844fe5523ff6e3bdcda759ba7aedddfca06eeae5dcf6481fbca3befdffd23f7add2d6bb41b21db	4151	09-05-22[01]	905
3ffea8e0e3d7139a66a96f3a7389c5ff0ebef458f0449a43da194d4e0c69c2a9c6de22ef7cb67e0ff99d59fc8feda2bbbd4f3d6c82629c88dc14ec94a15c1727	4152	09-05-22[02]	68
633e61e80e7da95c75f9a35819834fde3b95209aaf2cecc3db15bcfcfb48199b636b49393229322e85ecdac8cd3ad30e6ce6fe2e352b0996dedf3d1294599663	4153	09-05-22[04]	97
c216a925cf27fa5a7fdf2efc3af12ca843f56e44e9086a01e9108bcdef0f78f281a6a7e0c86c63a8ac6fb4ae84659a33cfc5d7efdfacfb56439f8116535c3ce9	4154	09-05-23[02]	137
f1679e1e54fe22dfded6f6ca4fc0a4ef802381924aaf99d686abc7979df59be67d8d20683a5c3005b6d13b35f50f6aa83a59173400e7297958f15bc1f8e864e1	4155	09-05-24[01]	46
7b21240d8deb9eddf97b188ae45beb367de1e0cecbc34cc01c539f985b8735dfe2f7532a5e573fd6f812b30c0c1efd5068c614abbb503e758b88fe5512e20252	4156	09-05-25[03]	78
6d9bcb2c8d570c84bb399dd439c7f6554b07a480126290ce6dbfeab722044b124c46a677dd847e009740473369394e3e80d190942c2d951cae173529a749dd13	4157	09-05-26[03]	88
bafe7525e0fe68c25739caca48d3ad162a29ffc27c53b10bed898fe9e4aabfe17ea73d74eaabd29f1c459cd3308e16e26f29c7441027b2f8111926834d80cd1a	4158	09-05-26[04]	64
c832b89dc0fb0f31d43dea9f7b4a0abce2594d0ea1e19fec0a7d1f33c3833afffb194a283cd566df3779c7eac1ae717f9a681a4d41e7f5e41d8a3f4decf1a466	4159	09-05-26[05]	94
f6ba8f70eb30ada9b76a6035a02714e33e8329e4db769790030997b832d9b940f262863ead4a20ec3f65618da443c5ecd63dca2e5bb9fc03f439bbfe96da961b	4160	09-05-27[01]	135
008f33ac54ba5b94c5ccb5f03e1e36f3089398fd0de88ebd56a2220929e569a3bc92bb36d4dfb5a98ae374d7df302e054e69b440a42a1db831e9e2098314ea3e	4161	09-05-27[02]	130
5cb08e9c3203df1583fbb004f942edac67bf06a9365ea71d8875c39723c2f66ef9db5bf9ce23cf2e42ab3f0571e12d56fe5aaa50a61523c7f39529c31e50ba0a	4162	09-05-28[02]	1200
79842ec1d09f786d58de35ec2b189f9c886638af087b81cee5d3a8a664be9491a6e760bda72cd646cb1d9ebc2d66520988a425e7bda2bec3009c8de6518d5ab7	4163	09-05-28[02]	588
df01933065ba1ce3889ff8de7cf27d50c0b7defa9f31b5a4e7d8bf3f83a92980253b32378dde257ce560ed88fa5d943ce3705a68bc8e0ce5774de7bc609e1121	4164	09-05-29[01]	47
27727dfd4de6332eb6bf1e8c590e087d4f265ee710abdb80f248046fc7dc919f9bd99098b2604577f2e22a8b283deac25a285acb2388b6ab87f6827fc0d93482	4165	09-05-29[02]	108
6c0fb83118a2190a49a7cfc6def0f516e5b9ce2f1d0b24411dbb6b0a931d324c61d357d141601569451a0b0fc7ddbf96245159f4c6bb1372f9fea67832697597	4166	09-05-29[03]	347
bb21bef0fd7dd724e9182e3f216aa86cac750324176bf50fc9efbf7a4157004a652a32b9c2b4d1ed78239d305daf05857ce3772c1fe05489fd1fb27b2f3c46be	4167	09-05-30[01]	495
1d971da5fe6622ca6b227ffcbb3fb50b6ad75ffc045fe52e7084587a7b7f60498835a91608bd89dc13a49facf9efe7401e30e0a06548a4f06da2febf4fbb03e1	4168	09-05-30[02]	91
53e96e72de326b0e6f5ea3939e0c17344c669decd1d1836ac7505ad87f8280375e48e1a1d7a36e6c529fc8f13306239b0ddb2e3eadf0d9d5fb54b303f871ed9c	4169	09-06-01[01]	38
c44a3bd1c6aae9e471961092e068b7955f968273fbf9f86a4e555d0d2c5ecdc5a3da60f722a07347c4efdccf034e547e983cccf2c1c7bdb1d142e0cb95978241	4170	09-06-01[02]	682
f0ca945c359d90f4af6c37ab907763e4815aaa3aa9683803fb9387a8082a6319589cae1999d13515ee3d1d1d271d2bafffd4f3dd14f1ed9fa7960f4c2fc1ad78	4171	09-06-02[01]	100
285c966e205511ab2a3375cb3ae674e8d642faaa71360e556af008c45692cd4c46d2967c980f51806dd098ad1ab0fabe9198d8062ef0869c135740d5272ea0e9	4172	09-06-02[02]	606
9e9bf552005ca279505ba658bb4470d205b75904ca7f10f21b7027fb990091ba72679119f1bdc7e3b65c6c37ecfcec95faf7ca249cc3e499618bbe6fb4c5ebc1	4173	09-06-02[03]	120
1c91774df321fc91b6556d223146437d08b541fabeee221661dcaf0f72f644c986864acb668d5e9e8a42a1bf5e5ad286320d36d728ea50af59d0c1062779f96d	4174	09-06-02[04]	39
8569f4620c223d975b13d13d041fb62a64451f212dd78901dcc160d0c30ee945fdb1de3e8b9d9e9e0314b28415ee46fea67a66e6cb944f032fc967cbcb607c6f	4175	09-06-02[05]	135
b44a3718de7b89fa40a99a8859ff77d5ad7f1b9376831438c584e3aa7f6d43acf06b8d91d097633d18326b2cd1bd492c225940a72181d06affaeba392032fc1c	4176	09-06-02[06]	216
7ca716c0b16464dfa0b020b0c29d1efb41942d019b6deb6ed52f2aaa7bf246a1ee16166c7d5068f1375c70855d6d865301c52fa2e5daec43362dfe9b9de2cab8	4177	09-06-04[03]	415
8d224cc995d4255b2a504152d10eb3c652fdd8cbf10caf68867775a08d7bf8e2afb0b471daec89cd5bb30ef311a6b76bb4fee27e7829b0b02b0e5e665d59afda	4178	09-06-04[04]	141
11f33bcb0809ef8441f36d818e63a583904b78bb96bdfeefbfa735956a34d45a05493d9380e82b84bea3b96f51060177035ee13cdd739fee1bc5d6284d3efca3	4179	09-06-05[01]	75
16fe46e3217ff890e1d6f0b58ff574691ddf544c1758bcdaa87ccb503016866ffbba424666683d4d30a743c80c8cace04c1bd285e8bd319c2ab8b0a9c231b47f	4180	09-06-06[01]	50
35d512fc97111d0ed466f7caa1bebb5a26b4d33fb9e94d04b9ae02d067a1697b0b6ede5d96267f0739c6f5c22a2da9cc27fd9f82df7054900ee8856a9bf2d2bc	4181	09-06-06[02]	114
d539f7eae956a06ae206fcf3e34b581f49609566f76f127159a05473797e008c3f173a44d5d1bfce9be35ced41b2dc9c269706dfca3aa64d6292978883878fc2	4182	09-06-06[03]	57
4b4eaef831a5445c8d103014eae56c1ea6f89a729ea2451aa156a91fc3de074f9c54a607e6af282b2f6a579f37270c57288506e73970138c7e6c8fce798a2b13	4183	09-06-08[02]	64
2c8f0fd3eef85cf9306a811a59714787c20124f055a360240cbbba16fabeb9f86183a5cf61c01795c35b3a1bb0ed5088b7546c8eb118e8814d8fc50eefac66b8	4184	09-06-08[03]	239
c33ce5f7175197712f287a8b526671786434b30a969cf0f3f599499177c83b26d208e89cce03e9a299bb9f4f75949b81dfe6290dcf45fe9c5c0e54f0eaf43591	4185	09-06-08[04]	86
292038f7c0644cd4467a8612d36837f94d68018113e6b04d5cedf32747ec91000528018a7ab17d0989ca937689cc8b4d3e0a48db8bef3b525ef826080adbc1f7	4186	09-06-09[02]	503
66b9b02083f79edb46fd49c37a309373c0a83ae4227abfc534bb9da9c210e6ebb791fe9af909abac78782166f3208743b9186d0b4d5c3e4077273c4ce8c3fa06	4187	09-06-09[03]	318
3c008edfcdb0d8b8e2114acc88d812c2440ab666dbdf90a9a83fbf20dfc704d163162ab02e0e96efdf3911002cd4bd12c895b77bd240918bac26862a1dcbc3d5	4188	09-06-10[01]	112
6aa985857411a3f2841524a5f6aab1dd0a6f26989c1e063197840d024c0cc6517d72f160658016a6e4f463a6a9d90605fa6eb2c5c9520271a9727b0391001a29	4189	09-06-10[02]	47
c9dd5746eb45262dafc9800359f3b1eaff9bd15f23f11cc8772ba0fa04968c22c7b2ccf87d13a2fb352421b92b1376d669a21504e6cee1b4581ce9aaa816b3dc	4190	09-06-10[03]	1200
a6c746e31a5f6adf52f4c986a9f80526c44a32bbcea6da1b031d48060236c2c1e070b23cc448e9238e4028719127d331d41c7544f9d2d7c4acc7ad413b9c60ca	4191	09-06-10[03]	1200
1eab8bc8255a8c71f4569d3f486eb1ccf71aaafee166e88f9687473771af9ff0a81fa70a6cf48d6b372296517781136f498a1c41e21aa79dbcec45be4ad2cebd	4192	09-06-10[03]	763
03e3fa27ab72a03e6deb8665599b66d48f55567a1652c5e5cbfe09d0565d7534f0a4c7df436c0b9910fc70df9a9a64719657af62e684d1ec4b80277139c1aaef	4193	09-06-11[01]	62
6b110f44805925f0ab10ee466f4e1bc4195d761a3e3bac5a4e896bcab5ad058da029eb8ffddc1aa1783f45aaca60f429d7584b1b82473b97b7a40418da655855	4194	09-06-11[02]	591
1946968aacb312f5f19e4ddc226c7146bb3cd9ce21763133710cdbfe610b86063578a57f6ffd5c0d11b4bdbd1f01d451f5f1acefbee0cd9b9b00efae5499cf09	4195	09-06-11[03]	73
10a387b5798dc883b47a135a0bcac21930540d5f4046be30b21abae3046ce885b811e926fc4711a6e45bd49ba4be904875e0796a0f87bcaab8afc066859b463a	4196	09-06-12[03]	63
322e665075323dcef71857e4ab810723efa9a64c4c06474b8e6022bcab528c0fa2f69930aca33bee9b8c2c09465a4e6541cf4cc0452e65494613a863b3bc7832	4197	09-06-12[04]	55
540eaa1c4f579de2673898a141ac93fac17028eb354fcfb2bee9dbbfb43b98fe8e322dfc42293e37b30d9827b7ed297827061dc5e19890e7c606ad7f28affb85	4198	09-06-13[01]	174
774860905a54881d07e312e933cb45890353f019011f123c87116f2120f875e8aa662b15504bdfd860e45f7189f31e3d0c8ff79e5fc87ab06acd51c25e823c08	4199	09-06-13[02]	128
c0458fb9b054bc4b2124c94a276f598b4118e280f3d02c6c31ce39804c9ce821cca471c2e899bcdddd3cd4b26b8a994da1c960739df8b5ba146a981219ade99e	4200	09-06-14[01]	1200
70b1b35b7642b9b1f20c0b0076ba3e322415dfdf0f9672f5e51099b7c0922f541cab03c1cdf2316bf6ecd7ef6e7383046f53c87fde1437bcc76a6874ee84e236	4201	09-06-14[01]	1133
0cbae30daa8c184db1e3c2c322fe2537506cf310e14021041af4d2da8a098ec7951d85f57be2b84d9b36970ce55deeb2bb4de20a25b205a11b2975dd8f7c1626	4202	09-06-14[04]	906
8c76ecaa7f338b4818b1204eecba495c7eb4c1208cf06921eff4256b19b7aa996ee8b75b4f0e73f38e78dcece2bfdcc1d9c73845c70c86164b988f7a5582ee62	4203	09-06-14[05]	1078
6c8aad0531bdb2ed143a773e6cb50c0dda4d06065ab242d5ed5b62eb57a53ed318b3a0db975d626191395232608519ec5aa7f483398797657049705a4646180d	4204	09-06-15[01]	93
0348d28a2f5cc7f6d2c86d39725849ed847ed91eaedfbcf2c20077f9c844a9455245934ce5cbe2ed1e2114325dc029358bff0d29c847e47d5c73b1b60b28e970	4205	09-06-16[02]	49
1987109d649388e6f29634f634b95b4c9dad1ef42f0e060c5087a07c22d0226b74e22a25e01b00b2fef41718174dc72279cfd3bae63f1ecd327080e34f4ba605	4206	09-06-16[04]	112
f80ae5fb762dcfd6f6745c09c40cd2c3177e4f9f43548325855364cb6bbb9479818ee6a3e1d6da66d471cefdaa13737cc0e99a71caa4eddf437304ef3643a05b	4207	09-06-17[01]	237
379e3bcc41a8224175bc5703813a0c60ba0f6581e2385c0352b58f1cc378e582fac5676b416a95f687a55690669a88c5161115093567b1f3514e6112d12e0ec6	4208	09-06-17[02]	99
4ad81d0100692e7b85581e5e6c212421fd3c4b53ec849a0a577fb28721c053b525ae7f95b8ecbc021f4fc7e3a3573f0b80cd0346c4ae36978968bf8876fd8200	4209	09-06-17[03]	106
c4a2aef1888f702ddb7a23a1faecee71c1b69d82481d6854f550c7d93cd38609cc1d33b89800975b4b0264ffb2493084dfee6c88b04e0a5deed047b8f3881157	4210	09-06-17[04]	196
7d77fcec08b6ed820f2c56a5b8edb5c99d51801129afc969a7e0fc0e40f8e7f930d62a79904c64833bffc701bd42b05c5b3577d342d4fa38bf9e93aba198f6df	4211	09-06-17[05]	233
8bd6909986d5d5dae0079dc0b8436e31bb847f1f1031bea44d6504b1297f340188c0fdd784938ba62b6cf9e6a86d64c62db5960014baff0606a651f8fb66cc04	4212	09-06-18[02]	66
d5dbfc2d8f515a2d6015d590ba41dc4b818a9b200b54ea3180f1fc480837a245edab2ce40c7d8c4084963ae59297e6e36f6053910bdc9fd84e582018681070b5	4213	09-06-18[03]	83
a915beadd1800a6f43fa1f8b3be80919304f359b30f96c4d03783fa2ca5e00120640a30f161d0b723cd01d96c80fd1641cf1b5829549a397fa4ea92dd63c2b03	4214	09-06-19[01]	69
668e7e47a9e66055e8f2e9c88d495a6af253b6c991fe11adba88e48cf6376967cb3e253251b2c6efc4fe8cbbd105dc7a2057aa0559aa885a4a220944b532f2b0	4215	09-06-20[01]	88
f87bbef615a2908d65fb8337fad27db3dee50904809ba72450c64bf35b08cf194f33a35905f9c738fab481b843cde7141b85b61f363368532e5c6ad79e3df0ff	4216	09-06-21[01]	37
cb6b173ad8c62047587f1edffdd77956b934d20ba3a93e587437ad6dd82cdcb909979ea20fcf33bd448004f3ba9f6f1e212aeb171c98fc9d425d2e2bd581284f	4217	09-06-21[03]	1200
fd5b047147eb8791965800acbb3c920b11c721769f7f8a0d855ee69b32f99b9325915730094f401b6eb9ea1610aa4c7917f69f8c3a39508644e8adebb7854f78	4218	09-06-21[03]	499
2acb8f4d6aa5b3333f9b38d29dde3ab30d5391f3bfa89a466340390f1781a061421d808be7e45bb8777d000e173bac5b67ed4e62df7169159ac5364014aacd22	4219	09-06-22[01]	100
58fc086ce44cdcbfb80d4dae40a28b1bdcee44aa74ead9e93943131355d15044727606c39d919413b753b00b4c057b6d5be65f1d3b6c6d69d6a46b8391b609ca	4220	09-06-22[03]	149
90df991ad18da8fb9332829ac8bf63eee6ad3306fa763ddd55b68bd01f8bd4f8c1e76154b135beb7c277643b8cc05d0daa559bf05e83bda2e5a8737b6adf5142	4221	09-06-23[01]	627
425a6fd2119832df0f617e04de2da7f51146d7a8ece253ffc080973504d5c7fbfbdeebac984bfb06d53c78a07e60bd7a8a80e0cd3e367112b4ea7fc4c5eafccf	4222	09-06-23[02]	167
efe08d10912bd41d810645c11a45c0ceade049699880c5f6e751720118cf80106623978dcf7b9904385ca24f74cc3008d892ed8eac3f29ba47585d072c8579d3	4223	09-06-23[05]	192
6816c9a82faf1d66d0944f032d309d50e5045b7c12e5c8fd61955015e5dfdbe187869b34acfcf338a001021a34da9df9c14837e3f77a0e29d48bde9f56925af0	4224	09-06-23[06]	556
945e2ac677e285c77df6706f2eeaef5d4fc43dd15c4af40e66d8dbc5221c3fd2f2c9e05214a7dc533e42d28d874cc8d590ed01517eaece467551d208b3d70bf1	4225	09-06-25[01]	437
8af4613fdd1fe24a4d4ae186bca3d072cf374101311b080b95f97beb1d378f747c5dcdf61cdab084add4b859add7b0dd27a116784fad14c86a35dc08ba66e7f3	4226	09-06-26[02]	59
3adb310b91f0ae429c5a854f282e39c37b04e9792d478f6ae4baa7d2691b0023c9db95adc2efc0b138855b15e1e6bd6452cacac2fe04b658620933fc5cde3c8a	4227	09-06-26[03]	174
0f62275f53c35baedcefbf9dbe1cc5e4879490dbf92e1766dc53ef9ceedb42f785ae5933f02d908f372edf2f83e69bc9ee874c2800e99af8754d1a62d28abe0f	4228	09-06-28[02]	161
a480cb9fbffe01f3f833e00bde153bf850079da379e3ccd9997ee69450e88d005b696f0a3783eb31f9a74133cefdf68146c2f38ff0b4d18a23722979a2ca5147	4229	09-07-01[03]	287
cb8f0a0b6f1b5891d7e729275db483971955653c8e6d7e1b84f57a241fe2a18f69920056d49d5a53cb99b2d5d4ea7b99fec8515536f1078ce3e73f5f7193a02f	4230	09-07-01[04]	78
291640d670e32df925f5c4c9a59636e5f6fb4940834aa68d2d103ab647c559744da50f192f87a590b34d4148c02cdb16660139c598a1471d8ccfdd25f467c0a5	4231	09-07-03[01]	47
5b6fa59b0ad73f5f78b663d724377eb326ed42a661ee673f32a9be12c3bbc9d96dcb62efc157f215f4311d525368ec8ef20e1d72e78b3fd7444bf266876a5418	4232	09-07-03[02]	428
bef39902d8c17e2562f577604cbcdf57c7bf9330009f27c0525f443b579f6c46b8dad3ff454b54af71d6496b9a0bd6090f97b42e30a4ea7b472f0385dc4a72f5	4233	09-07-04[02]	468
03e6b464bd2daa38aa5a9565f4249524bf2ba8638d1a7027f706f89d852cf2bda21cb1aa449fb2170672bb47ebb9d184cd4f4c059fe55dae9f6c411b1ff6d19d	4234	09-07-04[04]	94
7cde78f196db2b7a49f51979d3ec370c06d9fe921ea24b6b9a6e353d7b1316e73fce28a569987ea03158a70cf4cef0fb147f75e18a0a43271f9f24f3a4917141	4235	09-07-06[02]	137
e391f4467d251ef2deb51524bfd4447dfa6e79adf15c10e36dc05a66ade1e12fcf9f1c496de07b6ce5c0193e018d04dfb17b5f98ad7252c921e5e702e563932f	4236	09-07-07[02]	365
0c7c3e897783d1909fed2e82ea0b61abe771459ca8d7fcb34e37820bc81d33d2bc4842ecba2d7d00f84b019ef233f59e4b9e2ab8d537a4172f6144d3efc45f61	4237	09-07-08[05]	92
6ea9d7cd65bb34157bf3a3a213aa5326b2d322edec8fe20c4032fcb72b108633dfd507c73e84198e94a5078155328359fd6860b50cb0fdeca05f0bbe09cfa485	4238	09-07-08[06]	377
5f999f3beca52b215b6eaae64d349089dbae35cd36aafc3bd79d9e8ceafd0ef3165d4ec94162cecc85188d6cd00c228d9fd5711b394f3252eae96dfa56c3b9a4	4239	09-07-08[07]	217
f7adfcb0c5218a723b04155b81a681be39573aa1c18a151de675a8954b587784bd08b9b44f52594a071e6ac1091d136b4bb9141c2c72bf219ca5536191019672	4240	09-07-09[01]	53
c6155062c835dc0cc6ce13fd3b3d15f6dae5821feb2a96ee5bba0caf297e828cefdb94770b8b3e3d79448340366eabcd9d2c3e3e45289b43556f52e4de915dc3	4241	09-07-09[03]	228
ea2eec7ac6a2f5205c75a9321b70652dffc03f79417a03367b7583f70a547773e8b458db0284ce62620cc021858ca1a16c71151eae22d7f81de948a5e438bd81	4242	09-07-10[02]	108
457467d2c1d73bc8c42b25cf3a1042d96fc43778ec49dcfc436a1c7b5da8c38f4280bf9429510f3348d1b0026eaca076893a2db72c3eec8ce96b20f396b4f18f	4243	09-07-11[04]	764
b37b44fc77f211db98d4661d880959074ae11de531b829d04594e70ddcacd6656fcc1cb45834c2735a4501ec1485fdd29fe6db782bdb7e67c7c7fbca36fc06d1	4244	09-07-11[05]	209
8e1c0faac80fb76e0204148ff12d959cb8d2cc2e5e90a94bef0928fc840a28ed0fed70e2a230515e72bf9c20562ef5caf705b94b4ea5739166da4aa5b6f798d9	4245	09-07-11[06]	69
54f8cb292b48f07d20b04751ba720026daf621a96110de29550859e4ee74226cb95503c8df7af0ef64f0d7f98c0e97411a0b15ea1dbd76d911d0d2b9fa149143	4246	09-07-13[01]	37
c48eb5e369196d874f7e3b3bbecee828bdc7ae9cb22aa88930e988d83dd40944ddde0ee55225ac20c4d2e42a25e9bb6d2704611acd4c175713cc1b8a8c2013f3	4247	09-07-13[02]	316
2004b8d9be399871a66d9b158be9cb901ef51961eddc969f399f502bf9bd5c4eb6ffb95db65ff6ad7b0f5a12600e2ac30c347b49c9c0af954af92fad6a787348	4248	09-07-13[04]	128
b19f1676c657096ae0d6c59e70148009f505b1dc3181dda5957523b46a60802d8a220658d3735707f3201bbd2dd583157c13a0dc585141fd896d8538de40cef3	4249	09-07-13[05]	79
d5e7c2461b417f5fa9fa2bf351a0205e23a810f1b4fceba299840aa4abae378943d368b12d9f165576e0082c950542519dccbcdc9dd2202097171144b8bbff7e	4250	09-07-14[01]	37
e4b535402ea726d43a3369df1ed35b22951de68f8d91eaf14caced5567df3220358cfb3da833cdbc3f1acd81a61a5424d41363d704979b1fd77858cd45affa05	4251	09-07-14[03]	153
a701650c4cd1e9b93a5e9552bc9e82324e511d0d0acaaecf4fb20caa29187740edb7eeff04353c3c5250206777b276c773c27ebacadf7fdc4dac74d70a93a200	4252	09-07-15[02]	692
511a93073a92afc6b0eeb5ffd04403cf0acb72ef5db1249df7c395605816c84c2045d1419c3c5569799c4b0375e53deb08c5fc68751645f889fa137b02d5dd71	4253	09-07-15[04]	144
9b3c51dce2cb9c1f0c365722eaddb42694f8a0b4604a14b530e636af3fed49c9b925e814259e7a06f54e8206abbec3b8c1a3130d2c2f22c44e6b03e7cab76c32	4254	09-07-15[06]	132
c3fbfae5de7c4b1e1f66dc87637e0efcefc935e3a9c924105e3428544e40512666aa1215b1c36261102c28ff06ff58e0409610b2bd96ba036536a26e6e584110	4255	09-07-16[03]	524
748dbdec2e498a97de6ee720bfe8dba5a3af61898f98923b0d7e75f29a703794f2f199e766501333e206c73f555f898d882e58abb1cb19985705bdc0a7531298	4256	09-07-16[05]	240
3fbfa121a60a73e931edba877b26690cc144cf08094f664d37c52435dd145e947ea9ff0f1e5d2ef905f68dd9f080da360fd33b684fe1539c1ea90615aad939bb	4257	09-07-17[01]	55
8e371bdcac632be7dbf2ee8c6a923164f37658dc2128b47cdcde8ec6a0291edbe778de1b42328faa862f6f1a565e4e52bf115979053209bdd2b9837112728daf	4258	09-07-18[02]	62
7e41077a27ea3d40d5c828e15d143b1aacc37a6150481f181219c1cf7d6aa96ba1d3ff05f02cd7b58e91a108bfc956a9e997b988cfeb124b9caa95d1803db48a	4259	09-07-18[03]	186
f87ccf5873d2652811f24abf128565797967b930a69d582d9ab4614aae034005c5cfe7c27d0276dc84bc3c70f63176fb7a486dbfa0bee7c16466ec8cc5cbe004	4260	09-07-18[04]	71
f5768ec2b6017c8788945efcfbdee2fe955739ac1e5bae3d6303be0db7d5dfa2802f93b838bf86b253c9d71ddc1e918527863e1f9df02490ca0f32b1976cfb37	4261	09-07-19[01]	99
16989f43a080e4fd529ab5fe9ed7ec8683c18ab4417e986c588e3de79a858b57d64bb289933470f1856c7fbb85f01e526614601f65dcbeaba13e977f7532ca06	4262	09-07-19[03]	92
7388c06ebb81ad38b473ab9fb07bba3500647f64aa460ce236376c5d38617d6a86c387822f048bdf4fbd932b8d8918795723a77b8598d0d27e1bd5b5800781ba	4263	09-07-19[04]	274
7a7ced38452f5991ecd13344cceb0d093318938ec0a55fe5ab47898923b4449c0caa1bcbb1a82de5c6d7d809c689d272a3cc7c04c1c0eeacd22e3607ce82465d	4264	09-07-19[05]	94
e97ec66a9c49afab884422636601d06ad51a4d4c730ec49dcc3f2c79ae65d9a2356ffdea1e878e4950098d0bcbae90ad600c615fd8efaa1f1f2468389d9f12ad	4265	09-07-20[01]	234
5a97bb07e4e7ec518559c4b2e6eeea44ec1468557d7f954345b1bc19e04717671555e92c906b436f81c397857209da6a8945872f6ac2c2c5eb25e1af1571efde	4266	09-07-20[02]	163
c5eacf54cca790189326ed6b0a95d699eff074d8d93d54379b0331890e58159b9abfc68767999b9343c60c782984ecaf579517c15fe2c861a984267b8a1cbcb6	4267	09-07-20[04]	1200
ac15e99fd36a173066a80a17f3ee22e4caee9b3aa89c6a61e17393501ecafb5fce2b9c30f71fdd004660be5ce4382ebc21d3344e30605dd4608120dbca2b264f	4268	09-07-20[04]	499
a8c0645ec991e988725a0efec61154f7cd6ed07fbdc314d145ee17c4998eea4f352325e9369489696863d9906a4f902efe7e1b836e3f64049647e074f5ade8e0	4269	09-07-21[02]	131
2d71a1b4c3776b53660bac052c24856a886d71e1f3a4b304cac4e07acc07f7026c1ab7413e55c5c15696fd4e8661615bf78e2447f3426cffd66d0626e367ec6d	4270	09-07-21[03]	222
366d4dbc5e4a0d41dd70c13f888831fd0d3fede6fb9c7e6e9e6c627f5031a816d9a89f6ee47767d591d6b96111339e656db2d093d7f71fef3eacd6af7f6c6fa4	4271	09-07-21[05]	61
ca9f1853b43c4115008eb68ff4c6ecb05a361eda39117376150f4b7e1cbb00b79478544afe7f0a54427f77d70721c5b7e7cfee2b7987bc864bdb3fa503b44f89	4272	09-07-21[06]	43
f2469cdb778410de20df12b66a105289aab8d92804bccbf0ddcd74a07a9520ffba67c340b705eef72dc67e96dc31c0b0faf784212ebb6627a7e5b5c814bc03dc	4273	09-07-21[07]	499
546c7020679668995d44f78273f612a64b491631b0b6430b0dd0a98dcfb2183a22d8ad4f86b35f7c30ca76f8d5a3a2d6be8bbdd79813ab22e5318439afecbb1c	4274	09-07-22[02]	413
3397b11bb77ae204bc9cda57c144941ac7e0730edca2372c368881ecf3f15e5f07b949754385c646fa30e1efa3e3681cabd0c370dd34b43ff5d4ae7196ff0a4b	4275	09-07-22[03]	102
d9efee0c46e5c94d8a47174355cb63f42a248c7af331a89c109142c3dac211dada8c0780a19628951c78e5d0da11da14be83ed46533e8adbd4cb0cdbb494092e	4276	09-07-22[05]	178
51922bbcc3e01bd62c952537b260f4bc379b2a549fd5d0295953e986d14902f5c1cef343e4cb5c0d9a2c147fb55a884546e9100b09eb8ad1e7eab06eba5adfcb	4277	09-07-23[01]	781
2bcfa519bc28e45c2731e31c361cedab2249b195fdf0acb0b122fb9dcf7c287ffa66d51dd800bc9dcf5795ebc83515e87e4acfe5607aeadf248ec7826d86afe2	4278	09-07-25[01]	1200
e742f45bebf41371fe104f4476519863ec6b29bd6ef08876a444d7195a878509824837fc1cdf077f0d7c8b29015c121faffe4386313d386412dbd003786cd3df	4279	09-07-25[01]	257
04f4445e0f8a960bad5197298560079332375979e37d8ae1a2b6e03502ba6aad8b9f25435a875ebc89801e76bd72664690448cb6ad3ba0d3528fb2e26c65d936	4280	09-07-26[02]	63
67ada4346c596aaebd1c4e2cf72194232660f67ceb49279fdbe9ca64f805f62884e2f1eeaf02e7603b07da76ac1f7ba272d7ca405b03f6cd49c118a5cb6b4ff0	4281	09-07-26[03]	252
0733e1ea6eefa15ddf23a777c38a8e36fa382b9abe977bd4ef5e8d4862f8a5b95cbcad961ec8171b6f28b782c7d94c1e2e773db51390d836ba340f0b8e432de2	4282	09-07-27[02]	502
bfece17cfe4fa1110da5bafe593cd72319a47bd260ff5076baee285febac7de6612cb71e1e6e0eaddf68785e21623d126617864831239447c69d024dbc37e697	4283	09-07-27[03]	88
ec11cb0f8ed5e2bbd002e38c3fb7709c5cd756cc13928e7c2edccaf3fbab720313cac759a34977d5061f7dc12f93912125e627b8ca054d72caf9f0ebd3f260fd	4284	09-07-27[04]	102
3dc8bd9a55fa41a1e65b580e0f9559a34ebf8eb4830d38da2315357138cbf69c881428778d731dc7e805dec8fed605a7a34bfde5232f16deac962898f55329a1	4285	09-07-28[02]	416
fa8fbf5fbad556dbbe23ddd190599896034b7462229851799c2a59f77ceb517b1605900a067124eb716e3cc9d5dd79a2b9e362de6a7ef43b6e3b97d4ad551998	4286	09-07-28[03]	61
25a0f3b64fa5f7558960874a04f46019c538da9a35597d2efd4aac2ccf5efc8090371eeea5bca116ae3e6e94a6e7bedd7f6635b4e57bce11d44731c3e9a02510	4287	09-07-29[06]	157
f6cbe4c73fccda7abce7819fc66585e81e262f0c5b020d7e419643cc43b7b09a8e7f02a913fb300200fa28806ae4bb2e78ad673a9008561d3de789413c2b3326	4288	09-07-29[07]	102
3e90f434545f3b1aff450397bc868b1890579b39fa9d090a85c3b5c46f678e6398875e0d4cd71cb45ba987af80710d36f8d6f9a7cef079e3ed70bee236baa377	4289	09-07-29[08]	297
397831cecad06e17da1053d195e5acd4d63a6856a0382ac5daf2a3150d9149165c4ba400f75df4e0abdba661942de613a27145f025ec03f909bf746d1085cb21	4290	09-07-29[09]	64
3cef5fb153202a8f19e6382a710bf4689e3f1da9ff769f8b18900ea413949305f8b312b37b39df6cf7c6938dd4386e45e3f87c06c36ee564b88f67c553adfcd3	4291	09-08-01[01]	462
c86ad1189b6f3f448d301b700583a1a5b44916b9fa585ce72d99c98edf125e52a1fad76ac07898a150017ca86aa418e0c8587bfc170b5c2f212d0b7ba9fd5ded	4292	09-08-01[03]	615
b583284cd647906a74b35be92c7b2ab52f98120d8b35f97cf0e0273d160f5ba2052c8c1008285f0eec3269dcadb268624c55a9318591404028b5e0d3a8b01f86	4293	09-08-03[01]	69
430e62ca7cd9795802ef1faeb1db22e719ea96ac51876601084bff5e380298edf0ab2d5d66d99f76bd1f179ea89e6ecfe9d93dc1b61eb41f6f0866268d271844	4294	09-08-03[02]	229
b4d047da89d1d3c91dc7f18d736e13744861f83dcdb1b6153e6a4c80a2622eabc704adb1f0eb6bac38e9f88b115dc8f469f5afce1314bdbebadff9f03c61d126	4295	09-08-03[03]	266
c4800fcdaade0aeaf6fafa074e49c83ed1d9d2f62af30ea13fa0866782cf58d55505e25b9d6a5b4f336cf778f839cff0dd03f09d1421ebe8be7f1f4e881d4a5a	4296	09-08-04[02]	230
53009cb9303785d81436a21d4f186c29c4971be0b53233a60daa812ceabaa78f7bf8f15f39bb725d871f5f5f7376d2eb0127ce7dc40366bfb0a62837e25a1755	4297	09-08-06[01]	108
ad35cd042d7c8c5bfd3bf2856831a0dc2b0876b5b9a15f001cbc18b49cb57dca73a01f087202f46499e2334e7b88937fb7522fb9411387388a860fb7e374427c	4298	09-08-06[02]	477
d1941aaa96f805351c54392890a9842f2dfe3499fc4788bc509426381767706cc8b7600259f87188f4935f6639c116e280a4e8b040902495c05b65f016eeb89f	4299	09-08-07[01]	58
e629b69fb029d46c35171c32771a106ff4d3bcf3fb9321c6fd7ea00c1ed7fa1e803da335040fed1a0dad86015683cd242e5916dea9a9cc0c914cc64422cdda51	4300	09-08-07[02]	181
8260d95b955d80748090dc3cd44ae4dcdb30a4749f8074f4b75be38a18d6813e5f88d7b3a4a2d81a103aafd78c679ac4d4104d71ede711209c4bd9d79e87963d	4301	09-08-08[01]	74
26138e01aabf2da5a1217fa5ec5a79d00122f7bf336d85145b21f5dec610e28b27440c050711d755f135175ba5c1c03cc8374017aa475c403ffc6838f86b7cdd	4302	09-08-08[02]	1200
7003b98c3dd292e1dfedb82f870cfa6ef1a3ba1a72e5b71c80ce60e0395c523e6f81ed62423304c8e00e9527e8b4dc4a67eb4dd4fc8c04a5d19335260f9be114	4303	09-08-08[02]	261
a89bab75a7d1b10e348120be94f8f923bbe40b1fa217f27cf7653865487b1f966cf772f681b66633de0b5ff4a7be06a9b034e055afc382d465b7da12cb3c484d	4304	09-08-10[01]	786
77657358f9f22b77e8ca854483f0afe8893962097f8a953c3dc1424b25c96ff0b351724e0278a77e623e891b32c1b9fb7ad4d964e5937aae90eb9ef4ebfc55a4	4305	09-08-10[02]	907
bfdafef2cae746ff2d8cbc0d11e9ffe617078e4fd35a3a8eaa79f75428b55b5401a4925dede6f0e20a2ae40f0c0f183cd43cab15c96accc02ba83812bab4f5f3	4306	09-08-10[03]	299
6b5469199ff2bffb7bab98b0abffe0b986bea3d3211f21de595a7aa898c0ebe7f4e11814179b66b4d9d5ba302e139a10f8531aa39f86ca8630ea7d23ec88e8c3	4307	09-08-11[01]	37
7eda684a0eabf9bf86c4df21f8ed3c05dca6476a09120e10371cfa4b39fdcdb0616354650d68644e9aea3d238bfd1a70e1e189062ec8633954d852740f76b166	4308	09-08-12[02]	499
eef7bc5e972239566de9643cf4499937800a8455cefd5c582fc52ea91e266e58d42cf007e34431f86451ad59dd1bf64f3ec02277e053a9461917a635b787a417	4309	09-08-12[03]	138
6a99121a629a709276cfddf3a6a3a10fc7030ef66a63865a5bccd90f3401545cb4625983752c46dd2793b80a36439be6d01e36e15d7cced8ec69ad2ca5755e71	4310	09-08-12[04]	47
21bdb4dfab6c054d3f437488c3aaf8a2764884476b1936e6088abc526e8df9c958762d9be273077610663ad928352583cf51e05f7043d3ed64b9add070505696	4311	09-08-12[05]	57
2c31908fe404273e255a49f61dc2af57026bd46fdfe2684fcd12b4af9718af3144f2225c4e3161294da18371d75b4687209751885715d1846ce16e021715279a	4312	09-08-13[03]	263
a64c7e35623dc8cd253cd5a81c6712fb7aada42fa7eb29b9c69fee727e3a747b7b1b3bb44440779f96f58dc5db1d43922facbc25aa440c4c9da09e202a54ec23	4313	09-08-13[04]	221
75aa02c442ab5ad7c685f369c83fa058d5ff702bb421cb6173ae39e222c1c6277997a1908126f9d60c9440462bdae9204511bdb39278a8e46f686073f4dbf8db	4314	09-08-14[02]	50
1aa954d296f36e2a124c956826e1b8921b666b1ae22ad65ae3e72167f24c3a75f852416d1599ce3de3da85617d4fad8ec927b7d262059e21041456e28b6c57da	4315	09-08-15[03]	516
66d2bb659932c5a0ae79d338fcbb19ae7079357828f0da06a04ce1388b0294cf57dc9a42d02f337fbbc4950f22f1d62bd02e2c70960ea99e9595535110bfb94e	4316	09-08-16[02]	180
3a4a99e1cdcc84180b6853ae6e52611aea94eab932c1e652ab666546a10ddfa58c40988796251bc4a31179495b68640dfb231de99314fb0345966bad7792a096	4317	09-08-16[03]	663
ade2c339fdb996cf6929ea691c76fcf98ef88741897937a891c0f450a71d360794e758e5d75f9f1f76ddc9b6f5b144ddb3eb2a0eaf12f72d7d248fbb70838bfd	4318	09-08-17[01]	405
8cae91e92272e42f7c6a112605e8a880a0fcc7e8a37790a2dfb8f4e70038e44f76daab586dfdeb71362918e24f849900a924018b8e36a6f6bd52c1c70885a304	4319	09-08-17[02]	315
fd073b4b79dd5e22901a8204eeceb4703b61ae5ec8f10cf21d15be3100b1b72bd50202977f5a4aa688485af2d912c4387feea0c13d4bde4c34ff302aaca8e237	4320	09-08-18[01]	66
831ef5705378f7b3d5bb6571da0da0f09b7eb11f8b3f589825d173695b583358689aafcc04f8a7576253a3f420d1b182173840fcb7d18d23635b24713e1e5ec1	4321	09-08-18[03]	224
a04a764fd2ad4ceaf55d852e510fcd647fb73efe07f5b3bb29a5c69f3c38047afe3d62343209d31594ca8afc4155e11d4446e52f297f6f17716fda7b15f8ebc2	4322	09-08-18[04]	74
84ec33cf7f5bdfcae4ed0cd678388dbdef14e92608e1cabfdafb70210917d5a20ca80152657621324cce4824c511f28aa0789fac1b753ba2e26979fc93fae314	4323	09-08-19[03]	129
499c6b11b1266fa1f6f96653d4259a56dbb80ea7bfba01facea4c85f36f97e9cc53e6ce83fa06bb6fa583f1c115e86fd0b1fccc20b8d7eac66469d2bc9f11c04	4324	09-08-20[03]	521
52a934bd0b8ba4b3cdeb734e329cdde8364aae0a382449f034b88bf642feb841badce3019319aaf95f812f3fb6ecfd3437295166ea2eedf80a87cf2e2c022161	4325	09-08-20[04]	587
1c5cc224b414ec8ef3b1a55784cbb3a2f429c7d77f2be632157e8df1fcc55671633c7359afc56ed9bc445ff21d3c57c5d2ebd17de309551bf262e86612fd5884	4326	09-08-20[05]	241
b43c25f1c31c17034393c5da90aaede8e50db559b4b5448e02d4d2442dd4da0f2e4cf0d8eaedcc8e0857cd4a9c906da3043c7aef7f2770bfa77919ad0fbabe5b	4327	09-08-20[06]	209
9c78e5a341ad78fb3b3621de73f5a45c30f618ab28910d053a64fc29358e543f520f2939295143b6115f6f1213feaf0d7b05b4898cf67fbaae73b366301fc572	4328	09-08-21[03]	132
faeaa7481495506a5ceaa803626c1f4cfe41414a77d62e5de7b33df2945df5ca0204b7d83328ac93723cbe42493f6b38fa26d8b2394c648cc5388939248b8314	4329	09-08-23[01]	72
07c1b8aebc25c37abd809f062717590233dd8f66ff634c93996021748eb36bf8cbd707fb6d89d60e643d467ed20f77107a1f9c0fe754ff71d08fc25978eacd32	4330	09-08-24[02]	487
3b7c2332adee79a2ed96e2932fcdfcfa9ae2af42a22cc4ce8528ddfb3c304dca554d3d70304dab71cc603e7832b60890aaa8989e18013899c2a48397d5f69302	4331	09-08-24[03]	279
58cc6f18d905bc577a4d571d3ef00d2ddb1ccdb8ba34337de6f5b34ed965aff7b2bf3d560f9ee80da6b1b129563fd035266c310fe9893fda54f54afcf9a5acd7	4332	09-08-24[04]	197
33629fee459fc07cfcce642bac4f23cb0c49256691d6dd2d4ff98fc8207e452202b3bf612d32a5e7374e3bcbc77c14bdf92bcb9aa428be48a8d8c92f9c5e3b87	4333	09-08-26[02]	1053
74449fe09544b96ad468e061391e785a0cc5dd3b1656157f04563b2ea4143f3e198794e3408f6aea086a9a53d32ec54011c7a6eaad356d4296a8bfa2fdb9a1ea	4334	09-08-26[03]	361
71e99b54cd9f69bbea51684979628fdb4f439e89c2979d589e232b9c7c96002a1570bbf71782cdb7af24b846aad26dedd6ed97242f8c8cc29ab0ae8c081f9f56	4335	09-08-26[04]	431
9a7f925261f5c13fdd49316fd227a542f2c2a002d259bf5222ace6cf8078790c4148f0e7779ace3a8968f44c0a60b2dfdea3ac50c2ac3bc7f5ef030da2883dd8	4336	09-08-26[05]	121
ae581599e884ba81db507f38354238b92b15427b79b52d5a1632d6819f0c0dec2026bce6ded135dd05e3f15e616e1878f3d715af8e150b0ec357f8b66e36fcd2	4337	09-08-27[02]	429
80ce04a7587fa93165dbd01d1eb7e12a8960eb96fcb9fc92039a352da782f9e6d5ad28e3844979afce42b0016b633edea3aeb33739744e2a5e0c074de4de5892	4338	09-08-27[03]	122
8fcf8bcf8bc5c34bc27b9fc20fc411439421c84302f0fefb3db394a2b2b6c1c60e592c9b2ab50e1a45d687d550c1a37120cdd57bb2b9b4082af886a062022c94	4339	09-08-28[02]	186
883a0eaadd1ed2cc30fa69102a8d3e7cc54e57cd811ec5d5c71082de68b5e35c17511ac05f71c24329bf88339520bed5e1605c4d1b1ca19fc2ef5c9ffaca57c9	4340	09-08-28[03]	237
0b6be72748cbb961fc1dd0522a94049f8708117b32ac5f0cf27ffa385f1de9386ce170b78aa55e63577133fb30e574ad2b7a15501d02702221ad79f6cf8dedf9	4341	09-08-29[02]	880
21cfdaba65b2b975da48a2e6176d2a6bc4eed5e9355b393093c980e06ff8d1250ebf46edcd8e740756b29393be4833587c813f9ee1daac19af05877921802b65	4342	09-08-29[03]	268
5b2950d020382d56b000e4fd478664384c41100ee4f8c20af5fdbacac822f889c7fb8824accf59bb126bd6d23f930206ddd27e6013bd00f63bab3faf0f1bb7e3	4343	09-08-29[04]	235
53e14e29fba32858179c683fe85e9a213518aeb6244fa9ed97282cae2b7e44cff14524ee55e3b2e4ff736330f5ae27816f9e976e8dbb58d5d891e415a176b285	4344	09-08-30[03]	333
70294bb9df40aca21dc7c7649df4bff7817620b0b2a02cdc7668b28975024af5f9f12ba1c2fb3f95ceefe79aa2b139264ea1fca40c227bc735ca864674060543	4345	09-08-30[04]	301
d659c615d6a572239bc65aa501794504faacae9fc57b034e6e4534d5f7f40a451e3fbbaab54c4c5702482b1a905ac863eb6f9fbf5107ba664812bf41322b1059	4346	09-08-○○[01]	1200
10f07ee5cfec58d35b5a03b02775ca634215f4fd9ab0061b8caa0a5b47b926cc86e801e7f95f6a9c3630d8c39300b59ac25475750b2456db203fb63224702307	4347	09-08-○○[01]	1200
d40bf80300c19b4f3b7cc91d67d0994da1288398baada183bc1cbf54409123bb8557ced021886919928af6eff6df0101dd588752f485d16448af2375534070a4	4348	09-08-○○[01]	1200
8af84c1a14be4a3d4cb44edd22f1723f73a8ea1817e253a2f5f8ff133b30210afb4184c631748eade0c7768e5f2e5381c0619fc32275b5a0b21531d5832b1333	4349	09-08-○○[01]	747
4992dc2770c8d43294edcfe9ab78879e567796978b6372cb0916ecc3793d7e2213b2b4b73122be67699e0dbbc0462d3749ba8903d6a28c9a3ae1a93ceb9aaa26	4350	09-09-01[02]	280
70c558c284d0c7c03108c69b67f22e8523bc39f7fe4f003c010c176237f79a0882c9506e153011c205fec2a18f2ee5046bd9628d23b76842f242f1dbbcb32c7a	4351	09-09-01[05]	290
7ee0a703193f134ed4f05073441028e87391653ea82ba5dccfc0a3933b6a6d784e7a1ad4fc21d344cb493142a2aa6c11dd61e5bcf8ea3be52d6b8d6090fd73e6	4352	09-09-02[02]	124
d3cf53ccda009089c7f37cfe3ab862b3ec9d7dbbaf70ac43b013dd1b8f1f9d45c4aec5c054033aa560a99248d2562bcbc1e1a28f3644dd679c6bd538dee1a140	4353	09-09-02[04]	348
b94344e72882c9ddbda10e7841b47807114a94682a458e38243fa20d2b7957a9b285fff6537eda718be928d68dbe187060dda58d87b87650feece2f3b70da705	4354	09-09-03[02]	237
9c99a2ace2c21e13037e6d50690da2d6df046f37874fc49cb819bc8ba93df0d2c8bf9621c9ad3c635f81976e1f38a81cca5a3fcd25c65799ae63f5afdb638045	4355	09-09-03[03]	109
ec8da5f1eef5f4c658b2d9791701dbafe1fbcea63618352357abbdcea0a38171d93e95e3f7d8022735da731f6f5ebcc45c0841a900309b24721c8179a438e0b3	4356	09-09-04[02]	291
965b8040f5c77551b9e19724fe376883d6fcff3dd4dc6883e6b915996896664ac25d00286abaf1f5e20ab8268b1e4999425c414f0013c868221c243b90194232	4357	09-09-04[03]	580
9ccd9ea0f0bcf208a7f06623f539ac5a4dcc2f9ca34c5a678d1233da1444560d6a4a91c4236095b63d4e7eb19343d8967cbcfbf7bb01e29bb92c1e8e8646d73e	4358	09-09-04[04]	214
e7efbb1c5812bab750d21e4941ba13e9ee66a8e1b6a76464fa1500f0f32ad7544beac9f54181b6b1ab6e1ee81d72c8d0559d7a3bf2e1149132cb7a26cb6e3e6d	4359	09-09-04[05]	306
338e9c588f06d4ec1b232b7c7a0d6d7ed7f80022f9246c016695a3234ced88268378a0ad13466772fcdad85daaae15e7debc96775f99aee66b46ee9de86d5ea4	4360	09-09-04[06]	1200
7827b2fb686952b3e30d8dbe5b098057c3b3deef9a22f961ed12f64af0477cfdc392a4736da34a9b4041beb897b603fdd29286e3adf4e893f1407f592fee20c5	4361	09-09-04[06]	558
ce024c3f654fd7c980fdc64e15c1a4edfb6929fcfd29de65f733efce9c4f9cd6341acac15e715b278d612ed11323568d71da1416091c76a044651897c1de09c2	4362	09-09-04[07]	708
91a445d61de38988d0960ccfb561865adc4c7c7dd7e5f015313a9835273e2bed2de57e33377743bf64d4a8d8d98ed3f92a900d5d02e8abff95ca2446683026d4	4363	09-09-04[08]	174
59ed301a2de79691d28f4c1a306bf0d6a584110f20128304672aae482faf3124901c84461bd92e5869d46f3b71e583e6508982d8474921172a7e596164f047ce	4364	09-09-05[02]	655
5c7a991b3bc38fbf3790bd5b70f3184f7734c6c42028fbeeb26be490af0a7464f659f88a671af321282df5f3bd4e0ebe12d1ea93c836027a4a5a266949021dde	4365	09-09-06[02]	179
5b587c6cca0075723473f4330aaf73d3cd39b39fa709386d05c1410296c171f70c0af8bbbaef078725c01eeb2ae98891dcbca6a54e70dbf6aff8517010f38543	4366	09-09-07[03]	476
47a964aca5aad8c5bb027e763cd7ba3b5536dec9d49f4f0a7af46b1fc40d7dc32152589260a66abe15fce39391e3dd570bb1dc5411122dff29e204f97a0292af	4367	09-09-08[02]	267
d6d37777bb057e52c8c7dd7f7c039dcf4b9030a4cf83e353dceb9b495ffa64360cafbb23ec13fbfca87969c87477bc2b6df066e72c690914f3f61b868e439ef6	4368	09-09-08[03]	258
fe9baf57764804320d1dc472969177bee029b28181c4bf06fff42852196115e3dc4fae7b25a62592032cb892d7f8ad1f51c0ac68ca99d963990ea3ad446a2425	4369	09-09-11[03]	99
db37f7b56a5445cc45bc1781a15454e5b185d2c9a49d6c81e08b7ff5ec27494d6c533c73b5b13729b1518d03d37947358a0649230fa2a5e67513d064df99fb6d	4370	09-09-11[04]	117
23c8c34e9cbe38183829ebbe7908db170cd754d7dc716426fd1851969691ba3c61b59a30195e68b5deeb715d82fcfd69f63631213d5d7e5fd447e511328eaf52	4371	09-09-11[05]	96
a7468e45a55b620148f5725191bb971f6575006d49f6aa5c9592aab998b8ed7bb0059c66523ddcba5e152fa20a7187aa2c49a74a9572bb34bd5c26202cf31e67	4372	09-09-12[02]	426
350577b1e7356001447cd52c95567f724a1123e3a1b375b3721d468c7103ca1f5382ef0bc9a248b53d7b8d3e143407cc5e4a4993cf66b555e0919111f6b4f1da	4373	09-09-12[03]	581
10ce3bdefa9728852b9344a2ebafbda479eab51de5cd37e9a01ea44f1ee781afaf792b7e29ba63db58c6aab3f2ff27e5069f3e63dfbf4d02121df9f46fb91a05	4374	09-09-14[01]	501
f21f76d26ed437d9b26f65fc7eeebc41240cf4236b591547bec4c6bc8de8e2c76294d89c523b7e98396fa4be2551c0a55b04ec9fd92166646ec62877ea0d440f	4375	09-09-15[02]	190
b49ad8fbedc3a41a3bc080b3be53b616371b4af5b59ff334656c8ddfd202b1fce13b4a1105e4187238e86cd6b376fcfcd3470489fdb521cbf2a20649a452ac26	4376	09-09-15[03]	182
916d414f06dca5d9a5f444f59685342bd2d951297156848cb4cbbbd2f49e2089cb3275477e2cc14fefb2d7131fd5b641cc90e84eda32121a850f6535720a0669	4377	09-09-16[01]	1200
fb4aa69c3fbb3571b45a384361eefdfb6978fa5ab3ab92fedc5a8154ae5eaf54decc2a8cdc18f073540016e798c3ede6ec659ef032ef0a76595c030b7349fe94	4378	09-09-16[01]	769
c1b566852fceaec33c3afa0e3ecfe784995205c937924eaf0d7ea80d6c2738e45a2a14858936dae97419a2ff92b6507da4669c0111a172a5c7d525808985b613	4379	09-09-16[02]	401
6b761fdf1adb3f043646d7e840401e89bf1ae093afff271b62847050c7f195f3e7191d191169be592e03defa1891085877288db42ad7648a0ad920493e1109b1	4380	09-09-16[03]	273
7b8717c3534895634ea3df784d1cad904fbbe2fbc90713c78b8b62fc8b24ea3a133d7ec9a346c1bfc9d77a9e099e54ddd37a8898e4a21f7d68362877802396d7	4381	09-09-17[01]	543
3ceb1483ecdde07aeb884714c9aeb51353d645e2d14c3e346b94daa1a09ae0568ab86f7bba719e829f95ec5763e9db3e1a6fb92878980be9913fb1bff3822b4d	4382	09-09-18[01]	1200
a60198062a365cf133fd5e376e8a30850753eb1bc152c679dc27b16fe999eec5ddf984262d9b235f5e3f83cca25d63391a3b5ee8bab8fe080d00fd11a6cf344b	4383	09-09-18[01]	346
6f5e7dcef53d24e0c85cdd85370611786ef26965f4eced0fb8f594e129bb3d21476267c6e9e5314e425751b86fd06b7d4aa2fcfc6d5763427c6924d759c8fa13	4384	09-09-19[02]	63
11a895a24163af1d83dec4fab3580e86ffa28ca9e56cb92cabfe2275c1f14cc74451faa4ca57135aaae0b91086fa8a89b24acc773c2967d095bbe4e849700cea	4385	09-09-21[02]	93
95926ccf749c84a8365f80fbd60e1970760be82efc8013e72c3b2e4c582d46ab591723f289689884b12bdf8b2db740ec34a00a2ce126614cc0d551c52ed6c5f6	4386	09-09-21[03]	81
ff403bbb4a426c5ba8c660059198e378add08739ffdbc20041496d44d7d77bb46d8876cbfb3e704de0ef09bb58dd710a1832f12c3b9eb4f79149a69aa3e8c60e	4387	09-09-22[03]	337
cbe88965f992d1225e01154e02558a4825b0fe8aab5298b6a03574f345b996cee1198b563553b11ba0590a1150f2796b49752b33968e6a1fd0e8036cbf55d0c3	4388	09-09-22[04]	629
f962edf37694eb04c506a65e2273c27d9962fcaa0ec42634f8939b53222ddcdecf0ffe374a405688c259d1cd3245ec957c6ade8669c96a9ae2f342c7536cb0cd	4389	09-09-24[01]	608
4248398d388a800e49178bc428cd1cd213cd6ef24fe7a02a9f62791daa7c611df47210134ed562719ab367bd365dd372abbafc295711c3f18e13ea2b2b60d0dd	4390	09-09-24[02]	604
345a3d879377d18ceda344897389c00965296f1835beb7c31b2df11a1b82be22e29e542521a672bae8dbd6a38ef860f6d55c1e139aa9274afd6fde423315e212	4391	09-09-25[02]	311
ce14089d04baa4070b3039b3622c254bea0896964ed2e5bea9ac034ea54c66a8e39b1cfed9c205a2c28126007e2276ac7fce92296657d66332cbc6c31a18f095	4392	09-09-27[02]	355
1b9abd0f9962b7023ffb2ba3c4b9119639057c6ef74c5ef893f296211f9d76f6944d0599f4955b0a75eee104ea82f7e4924b56fc1b7dd72bc73097353865f1ef	4393	09-09-27[03]	213
bbde792e3e33e3e458b09e2a5457cf914a4ab36a08dc2d2376fb4eaf00a3f05ccc1244c7d37f5102befb720494d2234689d4b6468acdc376bc7f0c7aeb58f172	4394	09-09-27[04]	371
3519bddd7c3377ebee300455f36d5a24cceb982c0770fb3feba032e78668d3ea69014ceb3e9d0953bcddcd471526a3ae71739e40f81b93c91b7af6d50f5c6add	4395	09-09-27[05]	71
444713731147b62c6a933c4c989627d41069f41d27633c27603649b3f336d3570337a2b1ebe2374453185ec1823a3ee8614efcd73ab2145f1d031be07f56e5da	4396	09-09-28[02]	150
07197f630aed2caca16f534bc809f538a281c6a34dbc192b73fb6ec7841c58cf97847bc7f90fb6acf6777c6f4e027517241c06d9dfc02e1121d0f4484c0be52e	4397	09-09-29[02]	1085
678317ef0aef0cbaf17d422e045f732cfc76076be7ccc1b95ebe97c9fef724c4dbb303497ecac6d60424bf09c5ff5610d8e88c5ce1c97a7de5239f32cab1b6fa	4398	09-09-29[03]	1013
8de076a5436e48f2f6461ef9c74e493b345816ce86cb5d195405abc48ef4b8046d6f2d190edb61a69a4887407d1bc5742207d458b3e6aeeb29ee1aa715aa6ec2	4399	09-09-29[04]	217
4886c74dda52e83a455cf2bb125b2c26fd2fe1af43edd672fe700b2d71e7eda75dc0d57290203c0752f15d0478e9ea8875bcec0bf807f8d42b836830d4feaf32	4400	09-10-01[01]	166
6e8b2954299001900a74846fb1e466d6975e3c40b7e7be671ef5cfe75769a8a1a59cc537b8c16b8abbdab664edac20ac81d4c1556bf81b2a8dadc64d04916e3f	4401	09-10-02[01]	155
5492abfef6a39d722e844886b00a00bb87a68ab2ea0aa3099d81f58b79a4dda5861b634780c0a15eb77db7247d8aa322f53f50f9e98ff110994bfd5d9d801d98	4402	09-10-02[03]	81
7b44b3d4f494062d6581e464e26e19a7092bfe78d2fc599d0efe00315641c36c4bb91d207ca0eb107de0d9d5c2ef80046654d6f3f1621eeb2aa5dab5e3ce3160	4403	09-10-03[02]	155
34fe8f29c242ca0f1ab4a44acfe2f294454c18a3d2d37b5daab9b98a96fc5c1ef48b1b5d044accda5141f5e5441a9ab0f14b49ef4e40974b62b6e3be91c62bf7	4404	09-10-04[01]	152
79edd75e476f47442bcfcbba8471f7af6e61a92201bd7b68a205ff83e449f7dba7de240d69972508696429186207a1d118df3b45d2519a3671967a0e26654b2c	4405	09-10-05[01]	107
d79339077f6f3f70b73c4183dd9322cf1ec95dfaf8d2dcfe14d192f7ca43cee5027707b7aea654724963606d7805822f79f0769e7cb703dc68c685bba30b3e24	4406	09-10-07[01]	273
8dbc6cdf31c392e1ee2d72eb35b8036f58f3d9e84183c15c6fb9509c5e83a09d183ecb2184a577d95f9aad6ddb0267ef1aa6ed5524bb57702ea8d47abbb0e205	4407	09-10-08[02]	1200
4c99376cbb6b965ea49548fb03eb65ff0ffdf8e109028e3fad7892967f6410b87ba1b6ea493f014209a5116e6ccf105d31e145eb7fb75992d00e06910c61e561	4408	09-10-08[02]	1200
9102ac55b118ef39180031203aac87db6a11a6493424e330c2e1034d47417ae94f8449335c2b8569ded46df13e4e9405e4b1c4da45abf9349a9aa9d275a9aecc	4409	09-10-08[02]	235
1bc7aca6d5a897945a50d1ffab383e9fd1f4fa0728947b87c2f0b1a67b5c1fff22030b865e68240567a71ed5f3108553bcf471dedc88dceec8b9640a69b02c74	4410	09-10-08[03]	161
87c3786e42a306d85f993527576a8b53721e0e00878f534fff6fe780c37aeab2a5109ff602a19ba3fecc818f1ddf35de916411010e0005793e41c78921684174	4411	09-10-08[04]	50
2677fcd3698380eecf9421856ec265b3446204c2578e405fd0a3316e9b84b2bcc318b4df6d432aad690e057882a4ecf5c71aa4297cc374e0acc67c55632992da	4412	09-10-08[05]	181
a9b47f48b710f558cfd801d905ae3dbfbbeeb26844599d20eb4412d8eb6790a51049ac6425ce8d677962afea1bafc3eb7db9a92bed7b75f969c228bd741d882b	4413	09-10-10[02]	101
174eb9453374b2341a4757494d24fe3eca20fc1fdb5d14addbe9efca33fcb4b25ea7c764e7b692de8bed121076f5b2b1888be82d35508f922a02ec38fc77f38a	4414	09-10-11[01]	178
b9c1f5d0465ed06bcf77d8605af749d4875b24e00d8fe5fbfe8f8578be6883dca65a29645f62f736069e789ed6c3a9dcb58694d6b643d28d6d18746282911bc2	4415	09-10-12[02]	101
9440d10c9ce9179f72ee3d29b477ca58c05a1ae2cfeee0a19e066734d02b82cffc419e03aa461fd8fddc7db7d317bb2d01dbfa8bdb2ba99e9db2f0214b1e0be2	4416	09-10-12[03]	180
c84f79f128128de155891d34061b4a56a858525e03875cbfa8241df873b6358776561ff7800793c645450de9ea5979ac66974b2f4dc77b1a1983f7cec0397a49	4417	09-10-12[04]	585
281e743242932ec53466224d6d0d8df1df10e9b326bbe188ec2104ba635f7c88628a81908723c8eb0e63fbf2596c8d7c2e128a39a0ddc90471df1fefe3dc1a5e	4418	09-10-13[02]	154
38b83d661886ab0ce5cd307282fdd8bb6d0f8807ac6d2d4a7080650eebb9ff1730b6df611945e51e0a1ba6f0e916365aa9cf3ada6cc2d97af151adc2339e6df5	4419	09-10-13[03]	79
abe0fd55a5ad96b001d2a9dbf7fb91021745976783ee54b0e0c094b876c72c83cb380edb829abd2e5b229f2a49b65ec93163e9fc1f8e95efc159a6475773786b	4420	09-10-14[02]	104
1046248cb385e5fee7806e5c37e709693e514f9d3f0bcb785c2b6bd03e797ff3e3afd02fc4576bacb8447f0562de1f981a479e09d59c0e9c2e04925f3b4cbf94	4421	09-10-14[03]	96
23880a8be56a024924a1840a5ae2b0f5e26ea0e39fa3a8964d8cb32700f9aa62233d96a7300796a17780ff622b00b9052c7115a55124ac50b2277aacec78bb5f	4422	09-10-14[04]	97
7d7a7fbee4c846e5be6e2eb32e0a6cdd7b7b232f9d44b7c279f20d2bedd933296b6fff35650bc2e47d883ee65c48eb9b7b837a7a4754b937164d96460667c31e	4423	09-10-15[02]	113
732e113afddfa9cd71086bdc101da1d25fbb99508f883f543a2c307a79a69393307729406cb32f433ed793220fdb6b6dc06d9e3940302e326f6f3cb4a6e161e6	4424	09-10-15[03]	73
1754c1dd6ce362692541bc5519e6deeefc84821df73ada485628a8c7d4896a68c9b72cf0db0c731e97dfd603c7757203240e61d9c2c9db116f0567e91e344447	4425	09-10-16[01]	1200
b99c9e4e49678547d989b51e4e98443ab7305c58f5169924034d82843707c1c305f1b2841628577f1eafde6cfdc46fbe939ce9290f4c6c709ee3797a67be0517	4426	09-10-16[01]	368
f0858c04fee9eb709a0cafd4cfa5f1232907fbde785cdacefa9b2d2af6030c591dd156f16e5a77ece81ee0c4b2d6ed6b36b2a205b8237ef9360decb80aa279d4	4427	09-10-16[03]	229
0008fa961526d92c55a669c23818e150f23d2e4aeca31e6ec219ff18cf404e84c1dc3691e28e3df8f343eea3f85597e5699c8aea2732802139f6d6680ee06fae	4428	09-10-16[05]	225
44405db2673cbb9af7195ab19a8ac6055df62ba0c34b87274fa891c8443375cd9485bd71dd455bd848a7cd3fa2fcd30a1d338f4155e88f1853d61293e36df2ad	4429	09-10-16[06]	137
ada01c2f946f9c6db85c0195647cefd763e8d9aa6cd1a2e445e23a9392f80d2ca70c1d4e19b5e29f55d6038014601cc2afb3d4115ef6b28a95bd36ba865ce3b9	4430	09-10-16[07]	995
4988691edf344e235f0c29f1827f7d2e2d829e351e31185d59b4a36018cd4c1f54219ac4d589bb1ee74d20cdb6fc994766758b67d6c16ce8eefeea5d53ff1656	4431	09-10-17[02]	49
0573ad8ee2dd52b167d00bd1e811f349892de63d4c69aa6593ccded3d61dfb921c9bde8ae0278d3a8352bc5170364417f42d002f76d62fc2dd6ee2f850caee45	4432	09-10-17[03]	438
a2df6e9467b215d3f2da47ac49ffd47ed093d02db7ece576911a6a0e610cc3b9dfb5448aabdc1b0fa64b338eb41c75697ff47cbe82adf900067cc827c7ffa166	4433	09-10-17[04]	76
178001357e96b34bbfe6a8dbf746f6d90f6d4222d68cf7da76e383189791a1db08e0a357d5a3121cc5bc6ad26ffba1004c3f33793c125514fd8b4d88206d7954	4434	09-10-18[02]	236
feab8829b268e218eeeae8545ef5b258cf4c60ea6d907ebb4840937461785a061f392e7a161efc534b2724c353edd31e098973ef59e14e23f320fec3d5b96e44	4435	09-10-18[03]	88
64915648936eb4139066d5f5d71ef60c53d3aceb3be93ca67f31701550c26da77df3a23b31abb3128fb346c1c7a41a392bb0e557448e53fbce9da08cb0856c20	4436	09-10-18[04]	424
de678be0dbbe59d455078d12fdd85b359b766c98b81387e600a7c7ab184d2400cd3d93b0c45b3ca236885f78bbe6dcf808d8defed546b3c737992a7b67a03d8d	4437	09-10-19[01]	362
8b021e4a3d235bf6fa9277ea475e5af0772fdab9204faa5a7845e8653f8dfdd4fbdc1365191ec0905cb65ff7cab725d7aed16486f91b941d53c24e52e884d934	4438	09-10-19[02]	742
235b83aa2cdb74688dbb498e3f81928402ee3e3512f62d651c3363ebbd9ba7306a4a4085cbb04cc42cd6beb3726c91293e0e2e95eaee31589d6e3b80ee3dc7fd	4439	09-10-21[02]	91
1d3983beb9ac0584a94c0c65a37e648ad869ebacb468d7d93b4bb6b3f9e21d4ace5f82a2127f54703d4d515f867258e3842d2c09749425c7c6bf1e236414cbfa	4440	09-10-24[01]	266
c58e7a2ae6e5cbba247b131c5dd15642b9ea4d30f7be547bc5c03d48ffe60658bdae24c2f3c4583271476a246cb4b7ab560ad0984cc8701613834615d516220e	4441	09-10-25[01]	416
2ce99c20ce3560be04d81222ae2ecd73b54c288ea34db335fc288b8fdbd4221ef8783b1c2d791997df5d807873aa4119f5c563b3c0a8325ef299328be8d54c11	4442	09-10-26[02]	77
810da6203b7538da8006ee4b57f16f419bb177d398d4116a35c47878b7e9d7fbcf842631669783fa3b142c28f348ca30cfe8602dfd6a84fdc9c3d9631c6aafef	4443	09-10-26[04]	615
429278da93f87d5ac4e719ee7af6ac949f6c3d27e69bf25c846a5c8406624c5fbd655fe68fcb94002eebfcd16d530a2c00a019fcb53e5c7b3e92a13e16ed3131	4444	09-10-26[05]	80
ccaa6ccc46fb58f3d974d0f88d761911b5eb9095da75935c868419afd09e09812d794f8fd40c529cb73c9ae875cc605a93ca118bdb90f5af9d78d976002db3c6	4445	09-10-27[02]	117
5bae891dd9bb729d1ee3a0358a81d67b939a3fca1029658740285be29afa157cf4cbb863ddc2b40294f7edc0f5c3ab8aae6cc0e6512784e6450cbb35dceaddd3	4446	09-10-27[04]	160
a2d0dcebb8f35c1c5145e34c5cca1f7006c729e02aa24f76dee3cb3a2e916dc83cad80a1cc3c89f80e408775412b5bf3bd49fb1a9ecf4afefbf86d51691a0ef0	4447	09-10-27[05]	236
36bbc6998bd04478eb24aee9d2189598e3f9fbd7d49f94f4dc7f1fdcfdfa4e6dc2f967c8152b8faf8c647f623889829450522e25cba3ab5a9f09edb79b467d47	4448	09-10-28[01]	567
094135b54a91415e136f004a31fb1398d08efa3da9e1b42b6408c8aaccf4ce1a522de3f6edcc7069fb7948e5bd89ab9a87064877315791525680992925ae061d	4449	09-10-28[04]	239
5250351fe494b0ade172656c03154457a3170b4f53aa33fc826a989ae0a5108c18d41e917a4403992c08c1d9c03ab495f688017876d582a9fe2965bb6c0cbe4e	4450	09-10-28[05]	98
fe939b8f1fa9de69d6fa6ac6bd867db07937d4acc615227b298ef6b6fdef7d659e6e7cd799f7404ee909e7c5f2926155f76dc5f9e077b879fc9d3e7b4272cf35	4451	09-10-30[01]	292
c3c49a1f10436f8d07427adbf1169204c332d04c25da29f6fa0d2364342feb188e3b9300202a54e0431d443cdd86fe2395595460d2a97b1fbf3acbd2ba994174	4452	09-10-30[02]	257
2610af120bd0ddb4b4d2159ad416017389d47dce706dfe4e0053f4a000c90eb5e50984f1b21eb3b6baecbe8f3d9b0f6f517d1506c211cce6e363524333675a76	4453	09-10-30[03]	170
1faf59250e674bdbe8ec72661be3123835c7d124e157b39e4c7551a256d9eaf0a788be49d197862927b3794205a8114998864e01ac4a6c922d939f85c8dc6066	4454	09-10-30[06]	279
eecd998f1d8712560a1cad0aa5c6a8edb20fd2ce71aa9c7766acab569e47b87f66851442740a9da5c6d711a94405f213bbf1ac8b70941addb7c4c5f317b0cd40	4455	09-11-01[03]	86
28bfff20f695ddd0d12f1bd60bc133635fa269a0e42cb9ae8b66fb9833183f29e4e2e4ab1d2b1bd98409c2a8d000e212618e24ce6790f4ad57dbee25ab071d04	4456	09-11-02[03]	115
5b3160236c059e44587914d5abb26b0bbb46d8d691ef85a55f1be1a39a421436345d740eea740beb6b3a1dedc0eb69df6cabea7fd0a291fca1270c80c2df159e	4457	09-11-02[04]	270
7fb5fe719a5dba9b6d17ef5df1b9421a7b2487cc6865c6e79dda755d2bd25600fe52de48eaefa247600a540be6741016da904e140895999c928ec412a55fd463	4458	09-11-02[06]	197
1de1a5ac54538270e085db71900f4369f41c674f4329998794d1ba89a51797263369e82c5cd0a7fa2bcfeafe49a0fa8ee305e0354c0f47ef85f63d7f1b56e2eb	4459	09-11-02[07]	292
01801bfabae14512e65a0c2664b61778715e473064e5eade0225b664b5f74b1e5023969687aa98e33b0a1f10ea504a28bc869c4cda129f2974cfffca4565a673	4460	09-11-03[01]	175
16dd7e6acfcd3a64f23ed9d859306a78e7ba4f504d1c6b8e37f5b770cb2ccc5cbdb7acaf47e342880ab7958226b2472736aacdc8000281cd35a882f9653f108b	4461	09-11-03[02]	90
c3d4fd9a604e05c3de9d923a7d77c96634c71c43e996173a55f97235b1821eca7ff9c0a59f05280cc2394867dbf9736e879cef111951442e95807fd8ff624233	4462	09-11-05[02]	572
943378abf8a878acac92fed38d74bab9296fc34d3e45b54a8a7bb4ca59619053672097d1715ae79ffe4c4d6c22ac1abe791c16c7f5fcdd2c40459db3cdcd1221	4463	09-11-05[04]	90
d12f30082353f674322dcf1dd4ca74727b97c0aaf0f23c0fd1bc1ff13bfd38fd110471f7bf107db5c4b13a22b92d8ec333f467d5550880c9f004f6d1f2953df8	4464	09-11-07[01]	74
980111e4ed2c953302708bebbffa73786cc0a50a4cf0cd6e6b0eb6a8803a5c0c767f1a97d83f1dbeb71168f5447d5fcdbe42478e0e30ad09adbcf5116c47550d	4465	09-11-07[02]	1200
d7381a4ba574f119457c0b5d171c5c974ec8ab53cefdac60ea5f04cb355e8ef5f30803fc9c87ee2cd26db5411e197db3c188eeb2aeef910d8dd926ffa2f58cd6	4466	09-11-07[02]	293
b8c897bc107a112cd3c5649e1f99165e249e7c15cabce0b73d16d807ef665b8be8ce5b971a002101bd70900ca8e80f9187f233d507152fa4a99fb3b9e05e70d7	4467	09-11-08[01]	400
2412aebb07ecabe85940a38ed37b7cdf4add74b2674a7c6cb321badcc7e8f8e8c81e9e612f237c1677bbe42656770241e569f05c9f8618849de5895e1b0906eb	4468	09-11-08[02]	387
6f200e9e60b54c7c34ca7d52516bb9b675a1bd92a735eeab7b510e04f4866ced8e27326500877c46902b4928fa921efff05b0a1a31dd2b10491c35dd603c7dbb	4469	09-11-08[04]	817
2ad221030d145dd96fec05892d9aac15147824f66043f15534b5570e6adee6d69a945e42628e2ff1bac281f303fe49684221c0dc2427f5cdeb5ff0512749e3ed	4470	09-11-08[05]	76
1cf3c6c3847f71d297ade43d95799a9792caff6a32591b549f01715249c1ec346016e6d7c4bdd8a8584f73d733b831f2f193291ddb2ee7f315c8fd508faa8fb1	4471	09-11-09[02]	125
34fb8575ea9474dc82328d1a5e0b15a8ad895df7fdd123d81eff641d36e6833d51cd01b8e15954866b465da802563b30a1c7221dc2936f08500328323ba6b4a3	4472	09-11-09[04]	397
140fa80b7211dd9371175365cadadd77be52f541820eb2f1223cd6615121185c42275d37f27ba5c953c5d944b4089dc8e354ddf310e1b7bcd1d3199a9769d244	4473	09-11-10[01]	300
fefdeb9569dc6ba4081ede5d215de3488f32bd040a6d6ba14aef7e18a6f8add29e224c5f69c93add3ff269935a6f78c9837053df606d60f90a8e379fa730e5f1	4474	09-11-10[02]	308
0fba75c105a1b1db677a775d1f81280810f6c6e35e831f5e651870863f1eac6bf96c90d1256c1d5ca0f2ef7b99d0dd98d4d4e1547e49a86704517e89635a0f9b	4475	09-11-10[03]	422
bd7cce73f1cd0ca505e440b4ba9156b8d77915421a0f71a737d96ba208bbaba4d76502fd6dbdf264cb7249bfa1e5eaec98281fb8ae2f1795161c4c872f8b7eed	4476	09-11-11[02]	1185
ba356a83e99d7592b7464177fff9262b6e97b95e2af3bfa5122aff853f2ca21decfaab384962e68b340b2f98577a05819ecc85cf30c6771abd2bbdff5c016894	4477	09-11-11[03]	409
60495e453794ba9c1d400936f6790ef68f4b0f1585a17a87abe451e1427dc8d867542723be0c5fd111e3bda5c4374bd3d26efc50503928e3b6cc898667f42fb1	4478	09-11-12[02]	570
fdd534e381d6869d21c4fb0ab8e9fd9ac8b6cc557a5b738027098b40ed412d86f090b06c64713031c8afd9cc9c7f9d45caaecfe6b5c2e123c9a3110c63de16f7	4479	09-11-12[03]	308
57e8dd33ae94e11c88f0d28fce92cb2ee832e591cf689beba2e3d958195cc432c2fa90e08810748aad2241d7375ea4386f07146860c68a4e77d4873fd9a4e475	4480	09-11-12[04]	471
85dabd63ba591d039b01983f241b980cc5f291ad4c8da1a1a3a98554da2cf06a626035124fb56f36437d56d49a94230d3e9d323523bbd4ddc22619dca0794a42	4481	09-11-13[02]	151
c2ca9cf2bd28b43e6aeb3d1b4186bce29ed081f039f5864cfa61ef7d32153d0937214159f3482cf3578d35d4f8d984d8c2fdc5c095126e77dcce5d0739e2061e	4482	09-11-13[03]	150
fea17889db7fc6fef60c3021800ff6b1b7c2fb67f4ad3c7877ad0724cca8026f712078eb08d5e1c14d5586cf8e112827d0245d457a8d3074be09783390cf036a	4483	09-11-13[04]	276
3ebe0dc60ba528c44be719cf1a6dd81da6f3680f335d70dd977c81d47bab08aa3eec215e01bbc992bdd3474f016ca9204850f9f376a2a8a5c6fea89e4f1a3dfe	4484	09-11-17[04]	195
584694acd64c2c11c7ea43eeac7732db19fbe3cad9693db7ee802390403acf9564b641747c357af500635fe5bb898e8af85459f2fe35c216543d2fec67938769	4485	09-11-18[01]	66
5a982e2ccf8dcb190e6d66d9d52065fd22d41964712cb4c00874d7a4212026434a763947e1cceaba1484aa64dfe4942e7a24dc7585eb1e240dadb6853e68bb19	4486	09-11-18[03]	572
171ba836898e964cf8bde75f7d47b9330e1696c73418b75e4f1b73bf0dc6a8e22401f9ff8fc7313f2f268e34049eb1328ffaf9dbf180536d46cec2f87e5d44b7	4487	09-11-20[01]	123
90ca2b82d88d44201e94ae7208f76fa9b0f945af6c819813bbf07aa98e0eacad77f01a72932c4c1094b1ec5bd4a4df901a5eedce4fbe9d87cf47685b354f50cc	4488	09-11-21[02]	71
8e959f6986cbbe089eefd2e4a1e12ef6ed314307b09f50b3a51d99fe46670380e88996111d8ed10e0f274e1f7452b08a25c16797850ec5528fd2f5db0fd5e43a	4489	09-11-22[01]	114
fc109be5813ec40cdf7fe34b4bce9361f2b556d4c4a19376afe4e3c98faf77fc9af7f9527c3f0add865767bf35d32e9a69710a265f9f8badd9efe2976f1c59f5	4490	09-11-23[01]	366
3b2331259576bd3ff0a002c3b14660b6dd155178102cddcbcea050f591f27a900443ee62ce4782b46803a8d2ba57734532a816ecec7242327ea8788661377c8a	4491	09-11-24[02]	92
7a8eaec407b5187bdb20083d601f135d6518604b035193b403bafba5cef6e04d651724a6450a4daddda831be4881322283b0fbdfdefd5537a9aa0c5f1b7f723e	4492	09-11-27[01]	195
fb44571905ad5d940d65252765c905cd645270d8a1f9cbff37bcf087e5ccda5efb341f40ac0a4559861794e233886789e4f9f2038a14d76b71e1c4842ab020a3	4493	09-11-27[02]	551
aa6b384b2d1133188266e272ff654a55d0728eccec66fc11ba8649551276570171d4640dc2fef925c57dd94d948e7176f7616ca9f845c5c3bd1956405d10dcb4	4494	09-12-01[02]	97
b2794ac1dd704202c045cb59537c231180066a2e1a22daaba351eb0beade28733915b3ee8a39479124d7066b9cc7d0389a421b2e91e59e588c6bf3cfe03207bf	4495	09-12-03[02]	332
275ca8a50bb0d8e823c8f8bc5416f71a0abefe31b2a59e52a0ff9e1c20cccad43ce54e5a2c6c8143f1ea46533f6f6f2db83875b9ee7b78be5207217f907d56ef	4496	09-12-05[02]	102
37861ffa33706e52cbcd7726678b8ad3b133d639015356146026189861d944034b0aaab6e97ffa66533fbfa4c442a7f4ec94a2b683a463482cb8f9f8c7cd1bdf	4497	09-12-06[02]	56
9469eb4f8e433656e8d69b9abaf2e081e45422a7e2f19d7ad84032ff9e32c9b1a55db0cee0d83db6f563b0fb8acdbe932596024e554dcb564638e739f4f4ba80	4498	09-12-06[03]	224
a375a1ccec371d8bebbdbf9ed81a312fe3f5f9312c723b8ac597c4d1c7e522294c257c11819e2f138114e758a5b61be7c35fb79d3711589c40c37dc130df218d	4499	09-12-06[04]	187
284ed9aab61c0e51ad91436a4b212c3049bb2a89e51b73d37c38c7bcbf703ca8915ee25737aa7022f36744ac74ee6f6d5d0a762536fb6ad3e46b34650cdc5e3f	4500	09-12-06[05]	197
2c75d7343e653ba8734551e459d0a37485730837b6855d3038279cac5223e71cb4879c50e548c0e1a9132303967c87c4d4a5ff3203e748e45edc8662b2f8c9c3	4501	09-12-06[06]	114
1e5c5a6b026d71c78c4eb1dcf11acebb8007a16c0488d905a91b38552284feaf320c9d5df452915ec480b98e5390afe71b43c429a762931d425872118aefee79	4502	09-12-08[02]	243
c497e41f51842cfade611a3c6b416013fa28db5492342d7f42735f864de645cae89d1b5d5f802d42f28c5264e39d174e1e407dac88ac3d9d6214c3696c6201af	4503	09-12-10[01]	68
b13db2c8fa7ed5fbff639b6d3e9a658c9d15ca53a777137198a546a7d34c37fdcd690319abdc176b76833bc235ddf93c21df6e98ee31f142282841da347c2b9c	4504	09-12-11[02]	244
c8014d903ba448b4c374dac12f71b64f327c1fbd9b9e5282d96de0d065dfd9eb0ac552748b64fa71397270b8000e67b9790c0ddce20c7489eafe14a1c83a06bf	4505	09-12-12[01]	316
2c3dfddeea61c182983c26d11f50469e1c78218449365bfc667c62a988bf003952b56fad43beddc9abed3ea6f43acbe5b71800ae6e65112a68c6ff844f710b83	4506	09-12-13[02]	274
9f7a1b0e2177f6c7632564061e5d945475fb402eded472e9df5bc477f57de7a1d976e686cdb12b1b69db7199b6e720ee0611f0928d2feaa5dfd3c61168487740	4507	09-12-13[03]	268
99cdba4958a0f6c5e1d28b4837b95da9193944fcacfbff9369827781a7f3dda13e592d51a8f49a54cb26e2c470912e7f41d2614664afb705d030bd1ed476bb9f	4508	09-12-13[04]	305
d535362213af24fa73ecd793f979054165657248857c51bd871e31014aa3a2458595982808aeaf744f68aaa5b8409cfd0deef5966c48291f493da03a559059e5	4509	09-12-13[05]	95
a0025ca17818fccd5e95f1daf48f1cf6a5a5e319f8110c75db175f73d9c2759d8b69fb09e5711c045d76f17339e19d9e8ff5678703b9f10cd2027c0973a59c6d	4510	09-12-13[06]	365
7401f4032069f7bc18635ad986ae3fbaeba790fdded0d4a9003a4f32affc738f6d4e7cd0c8e2699115e03802f8a214dc9f09dd0bf75db974341cdf6450e2bd6a	4511	09-12-14[02]	682
6afab36c8174c376f68dec0c2c1094ae86036ff21e5048354ce22ec25d8875e9f41eb08e45c34abf53fd33d92a8177cafb4fbadc9734907a9972652b2d78749d	4512	09-12-14[03]	279
a9a8cd2239300039e3f81d22d7dde0087fbe9bc9ad62dd0c219f0dee754be4b5471be01fdd0e7cb18cd0dc63a21d933871dff32c740baf3488b1c03a2b071508	4513	09-12-14[05]	108
20a236bf8f78a472e214c3ad034da21d29929158eeed81ce57978c56e176d889c1ff30afbf2ef907f959ae24fdcc63236e5ac0166a9622d8a7aba25c4052ae0b	4514	09-12-14[06]	45
3d47d6508adbf3cac5c91fde72aa9c6c4d3706938a5788ac984f452d62646592f38ec6958b6ce151d1997cf2cf3d87f25ee69ae7a87e14a7168d3d81631786ce	4515	09-12-14[07]	247
95219a36cf0aa2bf2db06a9e132bf8454fd825bd194161f22bb009fd1e5d3b4c525d528652e3e317bf083e810f535bfd19bb3dc04e15e22e4d6098e99ccf6607	4516	09-12-16[02]	306
efe0e000f065a7ba0498ed19d357f415cfc762b83f904ee7dde45afa2ecd0e2aec3874246764cb65cda0e72bb3014c21c99124de1b2aa208903534dede3659f3	4517	09-12-19[02]	182
074780e3a2b3d8dbfc9fd454cd71fc61929f848e0c180c3a68b6cae01b0ad99638e3a764ac5cd4222d56c9541742c7bb020f0e74258727fc05ba881949d10beb	4518	09-12-19[03]	91
0204f2613b1d1fb0b74c94e91d8362a4342ea060152e8355ae33f86c3c5920057ba2de1e19de5039626fc4db513c767e8bdf101b01412d6014ad8819baf4f57c	4519	09-12-20[01]	287
229992486aa1d18b41e2e9d419ff20e03a1a5d0c60366e693b6dda405db96bf734b06b01647e8e316553737a6c4b0d2b8c2c6aad80917b541026c4c3a97e16d6	4520	09-12-20[02]	78
9279151331c9c33ba5f23aaf44fa83575e89766ff8272c7e5a3ef256913b39b6043891d8f731ba89ce30a5677025a291320728f583d7bcc32aa65690b56788c8	4521	09-12-21[01]	309
431b20a5ddf67f46ed3579c44707bb49b8bccf76433a95faf26ea91499871c82770eb7bcbb13d3a4812355d6d09352e5e2535eae7dbc5297f76d109dd9d50539	4522	09-12-21[03]	124
c96838baee58de66368a4ac1c64207f43f48132143d1a3b953bf1aacffc70a90db5c37548134b94431991f21976d0a59c6bea6cf755fac5c3da31b610518cd53	4523	09-12-21[04]	166
5c4239d3bf1b6440b712c68b92d1c1efb9e3dd03d8be4e8e91eb1e28739e371e4a445259ec820068f872e32481eb72af320a30cc855d8297aeaf167ef74476d1	4524	09-12-21[05]	290
f05b0c0b553796bed75e3a38df10a33589e0ba0c67f5fc33f6409f2be12f5e71e3821b7fe15e37aa9a0cc84b34d90792a355da011b4df17f2ba1324708b64f6a	4525	09-12-21[06]	495
c84afed780e72121aaa7fdefd920d69f0589b4981d23bb7875904dbbceb07f4f475805c04cd663736e9d83bc659d50d9dea63c1d99742eae633982ba63db02de	4526	09-12-21[07]	676
3b5fd6817e0c1ab1fa2c05df30d4c013edc6b5ac88d934a8e8c58a4612accdd55cce8f048261bc47badb5b84e863e538d790ac8910920b0a3a81287d18636bc1	4527	09-12-21[08]	73
dfda73b968acc77d6a48886139c086fb39efb425516fa50486b8ee3475c78a1a7fca7fd144cf5e2b4e1b4dee77f6fae372dc6ee3844f3e84615629c01f8d248c	4528	09-12-21[09]	217
0428ea229982bf1c1bd846f4e93b6d9f865f8529600ab4854285aa4fc4cbabce351c5729a69defa9eef3fe680560687686002836405687f68d3fd625fbc5e8a7	4529	09-12-24[02]	85
59fc3116c8e3374c5820817d33b4cc231f52f5e0c886d11f93d2b781fccc11bb8ee0ca0ae8aac3d6e99e0b405e360a9e1debafec0d2c82a2a2c7038ac72288ba	4530	09-12-24[03]	115
8df1bf5a0040b708099fede6b8e9d6b0a859c0e2fef11b09eee63d43f9e19e1a16ec48aa1d7eda0dec972a2e5c86dbb810a9f417b3c229e910eb67c109ce7b60	4531	09-12-27[02]	99
4ac073d5fba06075007fb39f84e3830113e30432555d1c832e6d8627531a8552f51bc4a7854fd97994705509fff2270fac9cfca94fedc3fbc877903655d7bd56	4532	09-12-27[03]	329
6dc536460cf5cc20fad8247da1de9101cb321a7d49eb457f6f75d92ef6a6b214ee598347f0a7aa552130fc7b7e5de0266fc4bf11e3791f6cd4dccc2386345bc8	4533	09-12-27[04]	195
5ff11bb3bd5fe33fcaef1fee0ec5cfc34ca089e47ec24e7d4ed10707ae7da17deab6125c02ed98df9249fd42eda85d20f6259c3be2e1860e28dbc4c4f5aca805	4534	09-12-29[02]	80
e28389a6da6feb1c43fe2b5cb2b71a09bcc08c6064d02500e7ac2f6143ca9a44bb5b95a87976ff50e9fe9e274c69b5f527f2e9047c3a4d86545a7d55369868d8	4535	09-12-29[03]	79
1712c3ee5b2ec0352002a32895229895a0447fb4c43aee2827b22a98b37da9744257aab3d36b7fe298daa9a65723452052463fa27f17a6d3cd3b3afd892eaf0c	4536	09-12-30[02]	57
c580526284116f16c7e2a988d65cc46b9a08a3a5edc4c99e43fbf53ac41b8ad44db47886af237a25c0dae92334b88cf3000534f3080b3cf566d394ec8c516689	4537	10-02-13[06]	1180
4a6d69eb0ce3e2e48d2b2299b15c337773f113372605f3352ef82a273aea062e8e57d06a3eec84cd9242d032e92642c95e0623188bbb1ad403607e3494e4d431	4538	10-02-20[02]	80
50c7cf700beb93e75eec1d127b06ba281a71916042ab37693a9fefa704c006b811a3d1573d8c8ef9e67191a9c5c8503f9be88e29755f74d18f22d2db4be778cf	4539	10-06-14[02]	1200
058672fc9d463d5b8f063017f31b8f91e8e0c1e3e986cc3ada1e33ecd11ae351bce770611bf4055cfbbee47b537ee2553ff64e925a43834c1815d9f660cd0840	4540	10-06-14[02]	385
424764061ad19a01af6a0339af94fe01a681af811abaf805d578439cb08a2b4f2e8d6fb24da12075a198146b60157f875ede9f5d21dfeba15dd1c6c7ee0e4490	4541	10-07-03[01]	1200
9ed3d9d84093693207cf0d22c6bfb4ac1a0ec013422451c193b73d5d65c8789254f2fc96c9885ff1e701f3bd76b91bae9b1630c3a65eec9c9b9c82145f70b78b	4542	10-07-03[01]	249
9cba5adb019f38776ca6abf27ba764c1a1cb6a3ee97ab60effc5b1509c743537ea4d424203cae608359b8f2932d44ceef839ee50f05681f52be13b7974da87bc	4543	10-10-20[06]	1200
31ba9a8ea1fa32a4b86fde3a2b99661a3e1f081fe8740b398d6bb6fd9f652c83ebd8afab5f6233afc3712bd42c18ab317ce90df59a1be9200181fe961a9abe59	4544	10-10-20[06]	673
80db38129b484d17bd1d295c0327a6562e2f8f659f6040eb3672a97336c3e90797b45a778ce3a849425c58ef2cfb3bb4709c1b00824786f112dc34016752f9ff	4545	11-01-16[01]	671
0a38355e460cfe1bd4eab05e8eef8e865d372af7ca2d5d5443fa0885db30c6818dac221369d30dfeb44028e1e4768a0b318831da30b9dfb4e2a4dd5c9181c98c	4546	11-08-18[01]	1200
421b0b249a6a6ba78f2ff5ba5644e9790df6a3a2913b7b2b4159b5696f3ed4262e90ab3609a19c9d47660be0eed610e350128846a01b42da1c48de580c4a62cd	4547	11-08-18[01]	804
3100918b64ae07b3f662306f5c140bacb302e693e143fa4d490b115dbfcd97967e1588b4742fb3da8d45213b365763fc2cb81e3aaff2f08555a7c283e76be30d	4548	11-12-15[01]	999
3e594114bc31cbc25e5ac6232f59ff730d058ae9402e61f33fcda9cb174966057cce88c718af4be5ecee170d12d771f827b7f225007820a077bf8b14a222e097	4549	12-02-19[05]	1200
d5a93b37a8234395486fab03fbb1409ddeb736defff370b24fb47405eeca03d13163d92e1999447ea53430372da9598800f8dc3331fb45c028124fe4da43e596	4550	12-02-19[05]	1200
5ada137e4e1530b6249856b46c8e2669ddfe77cd8f582f3a919c9d570e07adbffc42500ba24436cfc14cf556aca00c67ba5692f799b3deee1128828d863691ce	4551	12-02-19[05]	1200
569b070d3012f4773b16e758b1e4f69c5a8f530dd293a95101d7be4928c76e248ceea3c8dffc25b7286a95bee8c1a757a4df204e4422e0998bc1c8ea5ea4790d	4552	12-02-19[05]	1200
c70b507bf13ee7d917ef57e0f72dc96c5534947e8ce31d6de7ec53873320b5dbed6f0f9cfa64ee4ea33512028b35b1461eab3dea72310d12ee79bf0cbfa231f1	4553	12-02-19[05]	1200
15c1e8da6c1597c873e205d2a580f10fb059f19283ef04ceea30a76b49b24aef0c83296a4834325fd7e59eb43390d011719a5dba3ba7b00164bf004f0fde4c9b	4554	12-02-19[05]	1200
b160994ba876e282f6f9a7f6380deee337d97b505b6ab50145f8431f05ae5400a204fc28c7599056403d5f0fb6b5114d2b3012b453b9e1135c18711e1b5c68e6	4555	12-02-19[05]	1200
0df2c975098579d76a2019528c0f021de883b7f80125c8e2e3e41129a1d25a91b7a8ce7f33df690f4c328c4c658a864e3df3396300863cdd7f09b665a8fc9213	4556	12-02-19[05]	1200
f43009a604b03f116db2bddba9b0596ac9fae63f403e523d6953038dea5e6f3f13ca3ab432b3f3eaec555c780683ea6b081aa9324b8df12079fde84ff372e88c	4557	12-02-19[05]	1200
9a7e452340a0c9129cb9873bd5400a969c418598060bbd309ec43ade8c79da7c21c16f2c9e9dd99adba6f9fc7258df531fac7d59693d15e6fbe9537787ecd274	4558	12-02-19[05]	1200
2e7cbdf500368fcd00de7791b4c2fff3c9eacd6794b36450da5ca6379fb6b16c616019bd63f985ff878ecf70cb49870e3082dbfc2b71f9500e7ec019bf6d7d20	4559	12-02-19[05]	1200
cffa0236c05feaae28df679266683879d18873522df36b6ccddacc483bd09c0e9f20a01da9ab8fcc01ff99e645bfac87cdfcc6d1971262d20f84a6070fe0d7b8	4560	12-02-19[05]	1200
97282908977287c2abc43879454337287a3fa01e10dd58283e2d246229283224be89b6df54416d84010503fc30c4d447f1c8241bc615369e3e0b782f059afbba	4561	12-02-19[05]	1200
f022e7a5bd8d99ab298153a52d0008354f850e877122cf1b94f16af3dd368b775d24d5bbffc24b783f86ab4e4901cc836548abf9147a2db3278aa297e6800aba	4562	12-02-19[05]	1200
566d16b92f3a6c97bc994907452a5551d71eb4d9128826162058dc177d87780f5101ac2f9ff4d7b6ef97090498396b190d281f14f1665bb890a51a9cad502afe	4563	12-02-19[05]	1200
e66ca2b190ed1f0d29d015a7f245d894acbf180fb235d4951e4cef2d39d03b9874c81772e137190ae0afc8ffdc624f3d5c75b83eae75d7132584f7e2b87b8f8c	4564	12-02-19[05]	1200
f71747a6ed8149d60c8b872a7a85bbc9820555b3d637dd65ad8a220d0cb98734a8559b09cafd8c8855f8f55d04d5e6ac0257742ebdb7864da19510769178576b	4565	12-02-19[05]	1200
2dc177f9a04019dd8e03e657e29bca630e334a6e9ee82cc0000af3a03c0ee16e4ed444db06498bf54463803809a8890d62ddd93215eec527cc3ac061573604f9	4566	12-02-19[05]	1200
11039a0aec722902338ed5d86afcc5f43eb2baf09658949ae9aeb9da2739bb1d51c66a6676f3b53388f34f8e2e264d7f767516a3c3aa4b592142f56dd0911428	4567	12-02-19[05]	1200
74e3562d2ac539d3ac15ca1745c7681f7731604bb7e3ccff19f797bb756ebdd42c042159fd04634940a2a5f7ec7a623a945828621113911ac86ee85e9c95b6f6	4568	12-02-19[05]	270
6af89cfea577f20e4ca35505971db2566a2e0b0e48008f81dae548945f68f592ae07016ec6e1566d6ff092643964673a7fb109c987c15b813e4c9cb6f3e53cd5	4569	12-04-20[03]	833
3b5fadca1aabe7308d5c32a4a8ff5b80d984dc90a85dc446f1c21276919e2f367f5bfc5c2c296d95d574987dfa1ebc45ef27f188513ff30cc1e87553b0808718	4570	12-08-18[03]	95
862215834aeccc4f4a84fde8921ffcb148ff479c4740827735ddd47ce95962ea6a6a5a850d0b376fac922cb08cbffb9c815841d48f773c0ad327fb78e782fd02	4571	12-09-21[04]	1200
d36e5309a648bb9cb24577410b46edf85ee5d875742bc0ab229aa0a183535f3f2018bd8c3837a95edb22d008fb1e738be2d674609caea0f8c3d8ffd82d079326	4572	12-09-21[04]	336
99bf8e2b6d9536e54fc29204f17a2300137ad415832d5bc60b33c657c54c9d67a1e1f1b278911fb01fd630dfaa30fe8d55dab06d365372379bbdf8e958d20c3e	4573	12-12-27[03]	79
4db1c204073148499e885b16ad8ee8d5bc47834b182493206d51dfd1bce2f75b7246ddc33bb0071d575aa6a4af6f1fa2f34c4a28b9d83533ae7a8b4c21988226	4574	13-10-25[01]	98
bdff82db49f756b45ae48d72014edd32f35b16532dadc549fda060cbe1a23c8f363f195b1fe61c48497a38c172ee1cc05a999f71d93c0bbb7e8c2e5153321bd9	4575	14-03-06[03]	656
46de3394436446ad6dcf27793eb7c4fc57a242300bf8660e13bbcdad97a9a8c4083423a14d01f6f307c38d5a867c454ce81cd8681e5e8df40c90d6ee63d840f1	4576	14-04-12[05]	1200
ac98e8f866fd06869c3388434cae8cf43af1b131bfa0152ed8ee0dd3ebd2594d48e181f8419f8b363a9170540848db23925c1cb04681b30117760619c0cf03e9	4577	14-04-12[05]	1200
90a1559637094fb632cf67fdae57ad63b19460466bfd4b75b9ca5e314bb34b91840161d61e56ae5990bfcd7ca35d3a51fbe809d0e8a389d26b5e990b26a9ea72	4578	14-04-12[05]	1200
3eee2d255672327861be6b4affecfd162be89dc19b2f28176b4409c021ae5e68f42b3e68fe44f77e8c5becc5a05d63ca53c02d3bdeb5de88a8a67e10c0ff1977	4579	14-04-12[05]	426
4eb36401c4eb3ea704aa8b1a4498e1a9b0e725b4bfd846b13eb0ff5ae758ce20cd54df92502bbdeb5216eac3105bc3ac12e35e203c456a9deb5a9ba83aa23cf4	4580	14-12-14[03]	1158
f30919c14f46c079bb338ae2b5c75d9a2ae389489704e31c1ac0adb08c40c6c2223bbf2564fa8323792316412a9a4afe2368650aa768c56458f40cda15807a53	4581	15-12-12[06]	608
4732c7622e659e8ff1909dd859bf504d629afa967d889645f496b119f588bcb45f4399297fc277ee0fc2f561fbf1cca3432b89dc571909166f062f56655c0463	4582	16-02-14[03]	1200
2560a196501207dccc8900148dbda266f1dae1a737806b08af0043d4c76bef858c1ff230dbeb2a244929e83e9b101c67f7f8df98feb185e9ef04cb78e995e801	4583	16-02-14[03]	776
bec0c1c13278c3da94087f590985d3d95da037ef339c430b601e6af03b42c51f094fc98087ebde45529d64db203cd51f0413cadce8d4a268223c75040776f3d3	4584	16-08-17[02]	356
17ce9812a28e528b0868f6a02b2c88b154a4be6a7b13de46f62e5ed1c126a398ce6ba35c47a1548ae235ffd570c20682d5686b122921518440a3662d31729576	4585	18-04-16[03]	336
50c9d8062f6eceb5d36f349864937af12f700e456ae083897764359f6e4effd278b32cc15017ecdd4e6ea8297b5062fac8bde5bf4642e60d06fbf436070f6b02	4586	18-10-08[04]	202
a37e4ca3c9fdd876f319f804d6072d1f3a978677f0265b0c0defa04f7df9091a567547870544ee333029153b6bd5dfdc2fd0d0e59c6d6dc2cf77759ed95948f8	4587	23-10-20[02]	1200
ba03220d369c09d2ace9702a96a97cf36b4e108c0ccbe1f351ae472601ae7ce05002454fcf500b73fbcc06bc9500c5a41ae957489b9c59201ef4a908ed6a9eeb	4588	23-10-20[02]	419
36d5f4fd8fb2e634b0e858033c468edc74d589c0d25f1ad35dcec0eb554a6e415db29247fe394c99c0047841f0fc425cabba5c2397b442d3900b3c7e5e2c5b8b	4589	25-11-04[02]	419
02351e6cc12046bc0e30b37cd97501c5349b6ce39c51a68c6c2a54ec705d5d929cc526fb19a0ab05ec7842f424b30979c944d03f9e5c5c8772a7a837eda3172f	4590	26-윤07-05[05]	609
d4ccc83922cd0d93aab9e2265903b1a79459bb5f29242e10947367a017c8330ff781821b07f760679ce58338b9d28ef557f89417a122caaf7a2c781831aa086c	4591	31-05-06[01]	42
57acdc8705ab0389ab8691eec940ddd9f0496cd47249752d46e332de6068f003ebe862011ce1c4eb328bced90f6ecb58d9f44079b23b212c572a7dceac172a73	4592	31-05-06[04]	166
50006a28e6628a43ab7ca4a1a9b3e72024dcf74bd98e8e939cc4d022b82cefac49e7cebeabe207c8b3d3633e43b362c2f1e8deacc52b5b7331a4cd8058e444de	4593	32-02-22[01]	1200
420ef1cffcc10fb5d9ad6bcc8ac4e4de52b365ff5bf654a7583e689c2f1040cf181b654690a1d195a59576b8d65c93ccb2908b84da560283d20db2a8f130eb33	4594	32-02-22[01]	1200
bba5298879169340479f0fdba45ba8dda03a8582be2c039773f9dcdea1aad4e90ce68aea232963fb1293035987d9b63fd12665314dbc3d189f88d95245f8eec3	4595	32-02-22[01]	1200
cbb0b76b6390f67fdd355e8bd8d696e7917fb47aefac956d312482c76ad467f96d1211c80b84a1cc6af5bc6303f77ced25e72a45b825241e04fa4ca230287b59	4596	32-02-22[01]	1200
a8e8d3c97a37b91d511a47ba5c002c2c5a902fca83f5c1529c6b9581afd273fefa6feadf7e4f2db0d8c461e8e9af0ff9d98679ccb7eba218088c27a3005a22d0	4597	32-02-22[01]	1200
932dc13fbe6bea970d3e6729bdc3c7bff8868a418fae6d24d1825d7fe6957b6a08bc07da31ae2f2f40d6c8c2e1cb286ecc3a1d35568123ed0a9e1dfe725f8096	4598	32-02-22[01]	1200
f1efb92041b50e49c0f2abe239477f9c84a9d30d41b8ba2f68321ecf40477768ccad69c5c4d006e2eb82ffe0c6d35299624b0463469159a7927d9e3e0e2c54c5	4599	32-02-22[01]	195
