id	n_chars	sha256_text
00-08-11[01]	1345	c436e63c3d6d391ed26d235502f4f8e0dd8f9f24049e0c944466b58024db05cd
00-08-11[03]	682	e9de473ec9deecb0db12b3247756229c8d44ac9c8316e5e42a5456be65bfe36b
00-08-12[02]	445	589ed8f2163172e81ed2b76987308d4b28ee581bd4c2fc0e685f6cc82bb6d850
00-08-12[03]	181	be2a0ea3e14180a95e0cd33c950f1ebf58436696b69c1f034f82eeca41927ef8
00-08-12[04]	108	30155fe988e6866b6f2ee38d9dd396092c39ff995500bd5f632ea1ba54d6b021
00-08-12[05]	105	be057e547668b16750039380cc3478fe9f04f31b89ddc352bbac7ff18f9d48d3
00-08-12[06]	142	eb3e30798fd18a4c6a025dd10baa19cce1eb8cb0c5e89b55de88e809ff4a2b1f
00-08-12[07]	206	4af397b694dbe6ed1d47185d7401697cfb42c6e417382ee45bf3108c91bb4fe0
00-08-12[08]	710	a2ce715c43982228846f103d0a6ef4c9bc17c41e3f52445076f81d85af75a3a3
00-08-13[01]	433	7913774c5471e883313ed4862df6ad53ba9ebca70cd070ab93b250e7dd90d7e6
00-08-13[02]	172	c6678bd079b1f37ec2bcb6eefae318639f7da19db4675c1d7d18936c9f570050
00-08-14[01]	1042	075e365b6169de9be172885e407a9af67bc4d32491780cf235229b71e1761911
00-08-14[03]	516	84e6f2324a34d81b6fb84a3021ac153e646665ede6938e518e84ba1447ea7f83
00-08-14[06]	184	af995d1fad6bf435bb07b24c72c06019c2ca53987609e55d71f968c5f39f112f
00-08-14[07]	136	a268ee8e3728bf99cb331af76b5c85521049201612de40316b9936ea0a814cd2
00-08-14[08]	276	71acb364d637ddb2b917ced086bdcdffd615b69036e743a46c1f991ce69f10c2
00-08-14[10]	108	e29ca698191cc62d156019fb78a22a89ca67541f3f649991a87e5f7c8cb59aaa
00-08-15[01]	487	22fa6f51cb6ab148fe0cf288de223adec5e985932bea8617ebf1bee326ff2073
00-08-15[02]	458	e806e346d1c43dab2966d96c0bd94d0328610e3258e8ef6d79025a4506b61846
00-08-15[03]	118	c1355af7add2dea61cb48c7424659fe1ed58a9956f5f6b0a0bb1c9e18e4152a7
00-08-15[04]	129	f5b24859ff3b04347d752317cdb8a906a49d5750f5b4dcc0712c17808951e6dd
00-08-15[05]	391	66e91ed97b91ae847c9f82bad343012ffc04f9d9f7a7aa2e7415edfa78f0d959
00-08-15[06]	339	a3024dba09e9832df2d047c874476fd6b6fd3ee23a30fef968f0c813c8902566
00-08-16[01]	153	c2f30d9c4ed52b9edee6e1abb1665985e06ac302b23018f751c66d6e4ff38ccf
00-08-16[02]	449	2290b0c423657c77011dc1d98922ace6c29e8bdc4eaaba092ea09213b649caba
00-08-16[03]	111	2543306d1c85605494cf9c447a05f8dfa1fed4d64bacbba1b8f7341d67689b50
00-08-17[02]	798	5ebaadb9703f1d4b18a948cf0876eeaa023df5fdb84f0eb3e14647c6818b4270
00-08-17[04]	453	d3335156d72e7d43a17f8a9091106edb6ca04177569aa22803e722c7daea3f3d
00-08-17[06]	185	b8da40f90cfc2c0489882a1dc80303022ed0985c94324d03a7f8175f9b2938da
00-08-18[01]	1020	0e5ddb8a79a3204c5d89fef002084ece66c1bd10d68e9f534f9e6c95657f5ce7
00-08-18[02]	603	22d8203568536a9647a7652cafe081ce0b34655104615dc399b08320af17f6c2
00-08-19[03]	95	ce79a49ce57676251a4d091df53b22ea6fa2aea70bf21222252b7d68de18abe6
00-08-19[06]	791	122d7f6c5fb228144ff802967ce4c66df4436f7b270f95c4c44fd6efd0102372
00-08-19[08]	619	311fe20bb05fbae822d2fdf354df313ef8cc63b4b594eab0a157b18d03a26a88
00-08-19[10]	150	03bf7ba39a0927a0b990297fa57518366df03858c5dbfba80c420d6da32eef26
00-08-20[03]	168	a2cd618dfe673ba458310381203a5220b38df8e545de17d837413057233d2c8d
00-08-20[05]	300	090a9d4f0a97600d28b06a01ed1705282e1f3f09239a64d4d8d6536b95852059
00-08-21[02]	195	3a6ed1784c1aee9754f77b11bec4c4875da82fc746560e97f5602ffbdb7b495a
00-08-21[03]	404	0e15e2bba1b7aed707731cb946f2e3f339b03c4678e58a65160b12b16735beed
00-08-21[04]	193	e642a3faaf486a08945c48b642dbb7bd48099449bebec610cfe3262b064948d4
00-08-21[05]	374	42d9e3d3edac4033ada63a07217f7da27dc2aee839410d31cba7372993576f3a
00-08-21[06]	171	f9fae10b8c696b4c600ae978d30cc5985f4f6e3795cfb32260aafc640ff825ca
00-08-21[07]	151	792c48408ee6327620d4df129a990703b6dbf0f605c26eddb0001a4393f461fc
00-08-21[08]	231	29881c5a912fd685f11607d69a18abc133f4e96881ebc2b8c9a159df2c84c3a4
00-08-22[01]	543	be47bacc806e198f7cb9e3fad6b441425cf2927cd781f496de313bf0af1d9b2e
00-08-22[02]	98	4036d5b0a85397f3f3477c8f8bd1ced89ccc9cf0517ea8117d54f5c29be2b76f
00-08-22[03]	183	03ccecb5d8aac005c94ebd2d4011bb72d797b7eea35ba950a4f393240a8c9eb6
00-08-22[04]	148	afaaeaab3cd76ea893b55ee8a9a069c63edeb50accaf15c9440afcb68ba36897
00-08-22[06]	730	332e020def1eed06e2c35e2ebeb20d4876fec85ac47281d28c6a9253af1f4e78
00-08-22[08]	175	bf36dd8fc1da3545e7cd0a7123dd1b281733e872fd681f2864afe23f731bdf48
00-08-23[01]	775	a8d873c3a48adbd6ca10a7e3e9e6ed26ff01a19235a52b3d809a6ed8cc3844bf
00-08-23[02]	196	aa197149550959b4d0d20dd6aa828783f8f37f770f6fb549e924722051b0c37b
00-08-24[03]	137	bcfeb47e6db9f518c48f64ca3ee8f4ed87dbb8bddaa2ab210dc6f806a94777fc
00-08-24[05]	119	c6e38e76dd7edec1999e0f98a1461fe608020c4fe9a35ccd47f6f7206dcc053b
00-08-25[03]	1364	619c86d02bea5d48678fdbf6e6f0d753fe592abefa07556d1fb8cb172616b48d
00-08-25[04]	145	c6f6906298f4cda2d39324a458fe7b21d349f078ec4d922eaf87f0166786f91c
00-08-26[02]	410	07356077f2db6b7602df5957c281cb33fcde2659713d38357dcf61c065c6826f
00-08-27[01]	814	5c9eb0462087e3606bc9f3989515af15f70d9f02c67159cedecec2e0e348376c
00-08-27[02]	448	a098e323268c4f2783e1a8c79bf6220778c37d4d2dfe2ec5add77d0dfa59af65
00-08-27[03]	301	584b66e3d58b08af8ca446766b5b51d1206e5d1612cc1f6618d4a211e3b3a640
00-08-28[01]	403	0ed9503d9fd8f3c5ef9b364dc47636d3e0a2d82d15755de1da3ac670b52e4a9c
00-08-28[02]	159	036b0c8b69652edaa06956ea2e95afeed6a7f498cd36516a2231704b08f4ed6c
00-08-29[03]	425	b3c706d4769fed796938ac7543d8f57111cfb2d3fd7557dbf1f82d64465f2478
00-08-29[04]	481	760d2cbbf557346c09d253691218b72415c48a75c578eb7bd361954b7b94afa5
00-08-30[03]	322	719237fec17ed6a3853d32015d8e733ff064c0552fdf703f85bcfff71ced2571
00-08-30[04]	122	8ae6aa4ecc9e4c691e38dcd154281b4a816564c6afb76e24202364a1084695ee
00-08-30[07]	170	5eb408e68b7699f57f0ba6a4e09ab3e774bb2a73a58b21414d910242aaf686c3
00-08-30[08]	143	dc17cafa95ca978c3c8ba1d6934b45be0607d3bde43abdc0d5c3600138b7c10a
00-09-01[02]	202	4fc154260d88204c2c96124f63a3c6141e0fba3be154b20da7db6d2206f8d551
00-09-01[03]	188	d141fed00b32d3f54ebf48f1fad4a22eff47c779991d4f4c1826bf1c093f7d4e
00-09-02[02]	92	eb169d3ac4290b63eded4dd3b60e1ec1ddead5c23b459e3912452cb530511b5c
00-09-02[03]	116	85b5a435d0b10c4fec413890d7c6ecb4c9c23a7e9868383fbe453bbe59e32864
00-09-02[04]	243	4cbcf32acf12ba4cc1c99093eacb611fbd4eede4d857a47c87f4f5921e284d25
00-09-02[05]	198	7a5995d424950aebe4fa53b206bb0d3330134f2a005b9ccfbc79c0d98d1b74c7
00-09-02[06]	234	ef379aaf2066669f9c8cd664950ab67afedf1c1620c3cd53923ccb58499307fe
00-09-02[07]	69	d30c36f328f623a399943c46f2a03cdbf4fe59543071fe9792c22d491cb55da1
00-09-02[08]	308	b6af46f5db551317a32f627b76556bf1b5d9d328a5dc08b8313f035e1ae6c37e
00-09-02[09]	3543	25a6281c8f41ba666db66c3aaf9500a24bf8bc3a9eaa223f258b727979b24ef6
00-09-03[02]	94	8a519135fb427fcab82b244e0e76098aaebfe9afb5b86fd49e278670024b644a
00-09-03[03]	1048	c4c02ffc6d83618a2b4137549f986fc774074046b12b21de5f5e173aa959444d
00-09-03[04]	146	187d3994af25fa96e43c8ca6d8bb518c3d04b03e34505814f0cb7faf50b5a77c
00-09-03[05]	225	c571f86b3b7698b635fa8f295934dbb919354589c0e8d7f03a893418c135aa30
00-09-03[06]	97	5902cca9c89b75c303d0e61c1636423cc4ad70ae6595f5e9bb60495e6427db4d
00-09-04[01]	973	8412b3ed0601fbf57eedee47eadeb7b2acd5fd4e7dd32d465a5b25c1ae599e88
00-09-05[03]	108	109f7721e04c378401ee349c9d7fa110aa2a788bbf1e9a1e69071d876c680ba2
00-09-05[04]	214	02b06f60570e14e5c442bde3786dc0c4c2ab3e33c5b658b8e0415600821961b5
00-09-06[03]	164	cd2c390a3f374b7f5184dfb46fa8d79c82412d2fca068fe83b4fea2976b0fa86
00-09-06[04]	97	7bd168792d8b4864a03b69cfc175447323af4af60d156e5ea3b31feb6a61bebb
00-09-06[07]	253	623eb5a591211f739a1d4bd4c5e8bbe93780466a55bf2621197ed8321430861c
00-09-07[02]	128	1c86c4cb8809303ad51e26fbe554265c6ed31e9d4dad7a2e5f1fff10bbc57e3a
00-09-07[03]	701	58fdf1571babc9af223ba379fd71d880754f27f9f0dd7d2bce4e7a1b466deb7b
00-09-07[04]	315	85606fe384d609ddf9b485c0926f46ba7138792e7ce91a5417bca0197e98a174
00-09-08[05]	1815	9a8815aaf67a7853a8e528c90367e1a63945e859e0b7389dabd271738f8e7266
00-09-08[06]	234	e335c81ed9335639c4cbc935fe91ae54f5eb05efb2172dabc1248d48139fa856
00-09-09[01]	153	d2843d304cd4d5e02335b3ce688f168db85e0fe0fff124ec6fa643a9a749c0f5
00-09-09[02]	75	b56942c3fc54862b1740eb5dd9869168d4abdd35746c2e9d8e6ddde9f582af2b
00-09-09[04]	166	43b11f7604f13b498617b2790f7c387f4489092fe892fb6ed8db914d8cab5b24
00-09-09[05]	68	4a3c70c3e9f19dc1c9b673b72893b336ddbe979fad8389ba1b7c5f704ac53b1b
00-09-10[02]	110	cfd4573b0473467f3d33c439572502164fddb3b22d58716076ab878d66f1e561
00-09-10[03]	395	acf39d46173a8193ddb7a5426d900c93d4aea33d9e085df91f67929b5e36df5b
00-09-11[02]	674	dd19a53bcbdc9c44ef17af9cdcb6e21568b671144eb8498a1913b2dc18788381
00-09-11[05]	528	9922483fc71b30c137679769d69e3ce7534c1cb6550c760205c89d174fd9fad1
00-09-11[06]	298	d1e15f0effeedb9c391b59d2c7d05cb8486be050eff3dab6348964e21189cab1
00-09-11[07]	78	fc10730de02859f2031ffbc4fec4b547b5d14f6dca157cd2307a45f44829b633
00-09-12[03]	284	70f42104e44c205e1af3dba1ae81f05f9000328f9e7554843abfd568202efd50
00-09-12[04]	63	4bd4ca97ad071cbd490b69f580323f8006eaa4da2dd78de69896e42819472e7f
00-09-12[05]	291	f2560125826c9e838c5d89aae248b210c09431ad47cf9d669d63da8b3b88767b
00-09-13[02]	192	99a821736ba60d10f403c6b4bddfbae418d926873b81fa0e680d00dd56a17eae
00-09-13[03]	556	45bdc495d366f456581fe07da9e05177fbd7773b723dc5fc493924c6d5c998c5
00-09-13[04]	82	d182dd30e0f7b6389c04050b6c05b3e5e394eccc31659876eaea5c7b9cc6c4ff
00-09-13[05]	350	2e8faf34191598edd252d46d860b6014c2d560472726f32fc959fdc7ff7770e8
00-09-13[06]	282	1f93004bedfd4fc66b7de6e5dfbaf245a63b5f614e4ad3656afa7420fdab4cad
00-09-14[02]	92	3b8472390c91c5a0b50c43562056b9b994783899e4018a28df98fe46eea2f754
00-09-14[03]	893	c03ed594beb657633e042a86ea603ffda81378caeb428ff46047ac9bde86b22a
00-09-14[05]	111	bddb2b4650304f91ced10dfcb98829cc4bf88c7e7e13db18fb289917e7f28d60
00-09-14[06]	128	ed3a80a08abff229437cd077196e9319865efedb7bf4637f82d149a1a02755f7
00-09-15[01]	274	da9a91879c6992c13e862350670e0467c00a103a618a46bacb49554a411f1dda
00-09-15[02]	77	c6861a7ebb1390ac0546010f9acadf4292d615a21daf6ed32cf55b92cde20cd3
00-09-15[04]	162	40ffbe40ac1415f9c9f1264e714d1dcb96871cebba3a3e3a6f8cb663682abcbe
00-09-15[06]	174	ab9bfbecad5b7bd4a0b1eef756795cd7d865884b3b649d1987392feefac7d189
00-09-16[03]	491	24b7f225c2e162289061ddc779dda15c66fa421e80ff89a85761a0b6dd1346bf
00-09-16[04]	210	e76459253fa2e4afe244406349efb0cc30b612e0d5fa32eaffbf6874f99fdd31
00-09-16[05]	429	1ac35dac32473cbf86362a018f86e137ae66d84a70091e8dc32e8c298d9811d7
00-09-16[06]	196	0a87233f0e413ea8313ac265f55dc725aee28b2bc0e6bb4d963165226f8e2a5d
00-09-17[02]	106	1c291dd0dfef9815f0fe80fbedde6ddae5b2e18668d7544d35c4cd1a5df5eb38
00-09-17[03]	506	1f3ba51bb9eb8ff4311226c107732550db09db9f06b9c6ec5483d325fb15ad00
00-09-18[03]	165	bdf01d0b044e17752fce3b3b9ee84feca679c90b4b09b8a6ecf01bcb7c6d7c48
00-09-18[04]	218	3397a3f54a003b2ed0e4708d1deede603b94401651e23b2e811e258b6e291bf0
00-09-19[02]	114	5ce2e717e434fc0694069975460cd7d4fdc2fb1e6db74496687381d48a2e45eb
00-09-19[04]	182	d091d0cf4d67c3e77d6b4c6c3e5e515e51de09966632e90830f77f2f680b443e
00-09-19[05]	181	5facc05fdfb993f3d5425d18d004571f6410a6f41256037ca2a4abc5ab4867ee
00-09-20[02]	134	da64cb5aac7a06453f34ed5df8a6796bb6663055ba9aec9aa177b128b71184af
00-09-20[03]	201	b58dcc05ced75434cc300bfe71e41ed796997f8989f504c59df18a99c4d1e30b
00-09-21[02]	415	0f61185bdc8a5915a2560f2e0354e9f7b6306915e158b59a04197df9955e3e95
00-09-22[01]	966	05710062249e5cd6aea872ffc838e165baa2e0cf997706cc2e222e8ddf01de30
00-09-22[02]	287	aac07c3d9613d32b78a6f8d7ea4850936abe9580215cd1e1b8ffcc01fa1190ca
00-09-24[01]	97	d31bfce82c715c7a74b54c769cf88b17c90b49ebffb840ff5b428e3810d0065b
00-09-24[02]	98	f2c5e381ae8a472c4c595b29a04a3a95b72d3c5534cc91d9c9df8abdcc2455d1
00-09-25[01]	128	9fa4c0c472cef6aa87e18d68e7bd0e72cb288441c08edc727aeb8a137a307571
00-09-25[02]	117	0d3b08405790d48c78d8ca1b0aaab287728ff0bfb9befa4588dfc3a24dda4e8a
00-09-25[04]	391	1be794cf45124e5691351909bd762d405f5f81143d138ac7a9f31348fa31287e
00-09-25[05]	1377	799190d24dc0cdc77c7c22c39d7c438e49d8541ccd85f007ee4f7732d8d1a2a1
00-09-26[03]	402	33bf200d258cb98ebe087df3919158eda3884f059abc1ca681ff857a34ba5d5e
00-09-26[04]	588	e5b271727135cc90fea014859a93123491afc214ef9220e6832445c322e709d9
00-09-26[05]	203	b591bccacf046a9cfec9e4a170d3a204319b5050ec77bf1e1638d2af61ed7fe3
00-09-26[07]	176	14aaa72b52885e4922171afb3ac0b805da6fe0411f3092b42a725f4b30051a3b
00-09-26[08]	290	0188ac11210da4471a66fe85dc0b8d3d42dd6e5a00c4f0a55596cac0a5b38821
00-09-27[04]	93	a483e493d8c381b0727dbc8fcfe28244a907cab4a9368e8aa004d2382d90781c
00-09-27[05]	124	3fd90257c1d84f117abce4b53423581107dbedd23e7ee07e16c01fa3f8ed3740
00-09-27[06]	2135	afce639dcc6d1151f7ef38b76d9a555653fd8344a2f0da708b8e77eeee39d43a
00-09-27[08]	1047	b54ef83e165917237dbe0d5bfcd6575d56ec75170f453f7d96f3262e67f476bd
00-09-28[03]	774	6fe11a40c0e98374803a0c0a6fabc3cc77eaed9369246024ebfc3b60500174fd
00-09-28[04]	857	e15280e566a2a1d929c606379149ed9109edeb3016bf953a264183695c6bec4f
00-09-29[02]	77	c76e101872060832c7cb14a61047a8ca04b3cf9c265a30a58fafb4d2ae46b32a
00-10-03[01]	2721	3d98b8c46fdcebedbc152385eae61f5126cfc675fcb52f20da8adcae854f40b3
00-10-03[02]	564	86fbf6b04cf9a459099102a6193f8b47e571b267762ab9afa6a9fe3b5a92e10f
00-10-03[03]	1080	db9d0181a6bb8ab662aa311b871241ad48e238806b347c446ceb9ea3d76639bd
00-10-04[04]	82	871fec29a0f9477bc553150ae9631584ba60d924fc419bfa4c7c91670e8d55bc
00-10-04[05]	278	29877ca8d4c120d9c2b9069a33bdd890e1a67f22f05457a9f91bce3345300d7f
00-10-05[02]	445	6adc2ece37c3daecbdf2f2c85e373fb80060c64d915e0e93efa7a7fc8fa0c32a
00-10-06[03]	432	28ee8ac28ffffdb47d0997596785e1b0672c892880279e2f85e730ec2388fd19
00-10-06[05]	216	64405240ed0589149cea99b696bbc751458bd139b108f78c1077c0be2f543584
00-10-07[02]	763	e11f572d7bc9c3e341d2c2debd6bb8786704d4dc6961271b3b18bb5adaa7516c
00-10-07[03]	69	5c6ed559c24adaae8d5190288ab68fee698ae4c39dcf52fc87eaeb7951f4ca45
00-10-08[03]	69	07246b76b818aba2f41bbb3009135dba22f7346b7480c81d3cbbf9a63a4cd67f
00-10-08[04]	1083	82a5282ca101e5dfa684f190089cfcb699c5c2a2969e38c2be5adfc5ef53d6a1
00-10-08[05]	302	b1571c941d023cfff4e24d3a85a700832ba1d2e0c0cffb03ce84d8b85fd5a8f7
00-10-09[01]	300	b377799395087a9cfdf2b6bc23b612d5370c146daf723198da0dc67742df8d41
00-10-12[01]	315	cd53a06d5c2518425c801ad08073eb053f3069c4ed2469d3dc6825282093c61f
00-10-12[02]	563	3a32c33885e58f0a932db7d378a01b3f854e157d259367f44021fff81be1b74b
00-10-12[03]	114	bb7b13ed6ba4c601cca51b36b062847d57d049c9cfe1e2e8731b1b56ae57b30d
00-10-12[04]	91	e7ac873122d69c5c113e6497191ff53458a937bf8d0805046ee4a1febc217359
00-10-13[04]	102	73b914f00492275892427f0bf296a586728044169cc3a47879be62e612b6ac61
00-10-13[05]	186	120a6eb2f3122f5572be726f370484a8c8b29ba629aae5e017c9a502d56a21ed
00-10-13[07]	348	e0e7eaa42fd2a64a71917f49c93c9ca45bdf546b578630e82b217ca1550cd929
00-10-14[03]	186	35720aaa81a71bc37c77e7cd459ed7c5e1f2d4a17bb88a194181375924c3ec48
00-10-14[04]	108	d2372caeab7060a35032818801bcaef20499ec7106b024aea47c01235e9f2aec
00-10-14[05]	115	a7e3fcfcee0adf24ba3df47b5e279756dee80c160d6756c27b7ac6e214ceb775
00-10-16[01]	353	a1f19a6d21231870ff12fb0cace85186b7283f7371b879ad5a6c65bf44a41e88
00-10-16[02]	109	198d01237efa2e40a5c8df4266fb992ec60d1ac78af501468d44f7323f372c2e
00-10-17[03]	125	5dfd8a75e0fd365f9fb87ab0b724793dc568ba9f78702709b60d92414f558779
00-10-17[06]	121	3d2d8c139cc60fefe2e750c02d0fba09044db7d37f3ff9ed6832925cff5916ff
00-10-17[07]	773	828893955aa36627d16f6567e030990ac194498f8bdfc231dd39238c1c573f8e
00-10-18[01]	621	5b3b06501b4d2734459d9514787591f162091029f71c29a0b085001abfd59bce
00-10-18[04]	72	a57f89983daab9bd8802bcccc56eed3d8e2bb38e3e144f9a1e28cbe3de2cf5ba
00-10-19[03]	934	390b4fccfc3cead7bf047dff81382a76c76fc96a08de908a605d29507443b9c2
00-10-19[04]	274	731deaa46b3d6caabac662f2a4acd535a89b871d751f81dc45ce1ee6cb4b149d
00-10-20[03]	176	5732148b165dc98aca2899342b56c5409c118d976686ebe95c8d8e1b9dd51dc4
00-10-21[06]	217	d51912a1c2dacf25f3c6cfad116a46b796d3a5eda5c0e125483725c272c3d8df
00-10-22[03]	311	4f56e3f29766518b69204f3792875bd4e4956f98b6e675394e5e027cd3288cea
00-10-22[04]	107	63686bebcdf2fbf2f0fab452c2b6d70666b0ae09a69dd617219304948530bb95
00-10-25[04]	91	b45b55396f07b4a9372f41f4029e7b71fad8c71e33e1637a53699f4e9eceb0a1
00-10-25[06]	112	25bd0db7f850ae48d500fdeac5d4b4b52fc8202731ae141c276e8fc237a3abcf
00-10-27[04]	96	8068f4ae793966d8eabf01cd59aec9b79e1188a97c0b91b79988a12a26c16c81
00-10-27[05]	322	3fba635bb429f67af843daa839552b1ceac6d4d0e012628d063c29f4f4509299
00-10-27[08]	277	8629f4d80dea3d438f38847596b0868f245070418edd938bf3468e0b4c7582d1
00-10-27[10]	259	643afc63094e2ea5ce16c340b86db2155e211ec12a9e073013bbd6264580f300
00-10-28[01]	1920	a8db8603e884b51eb557676c7d623542b8c9d83d58dde6346081f28e5d15c5f4
00-10-29[01]	449	1e2bdf5a1f5d3695e333d1638035b940a99d64282d09384caf9d112e184154e5
00-10-30[04]	437	80ecefff942300cb780a5adb56ed0abb07b7ae5cb3fcb04332cc1b7f142c7f8d
00-10-30[05]	382	7cbe224551c16bb46b35437edf3d00067bd3c134eae2077d83a6454cb3ef95e3
00-10-30[06]	133	2d361e882e3a84368b1d4508f27024abfdf2f29809411e0c9703107d45837e67
00-10-30[07]	108	f7606017d752e45155c21307c4b0037b21bd0d8aa54d60a3a524c2acdea6213c
00-10-30[08]	92	59df5eb18e006883715af0d3a79c315d3f7df9ba675a9da0cbc14e4704b06425
00-10-30[09]	134	5fbb1822b344f30f4d0c6d942471a9131d46ae0d5a16d59eb221f582a46aedd4
00-11-01[01]	246	180a0e8cecf72c3ca80a4ebc15f0da0e9753e9790984d3c6e17bab2da30f1d3d
00-11-01[03]	122	bb304dfb724cc18f668c584765f4f191f0f3cc0915614fd2c6a82c3ba2e051a6
00-11-02[01]	686	6c5a8791322614d8e67815998ed9fcca6f67995ac5a9f4fe1bdf3a533297c9ce
00-11-03[01]	510	87d3b22e7ce87a283cb56545a43802fb41766e5d547b614221ea5d4eb80f2903
00-11-03[02]	207	c88b45e8be9436b4c8ffa7348f5a576a2f2fdaba8e74abf7fe751b0d2bd2084e
00-11-03[03]	1240	8a6d89271e4659bdc6927dba0c2342486f7c6e868ee2442f4c7ca84de7d4a0d5
00-11-03[04]	85	ff9818f2d216fcece7bc3b6df5275279eb37865eb87fb5b1431f24e6e7b73413
00-11-03[05]	185	96b535e91b96cccd66f09b5acc8db34ace58a70a8a10b9eb073f2c3a2dff89f8
00-11-03[06]	262	89f5e622a1eee7d96271471556f627641964c78d5ea737170f253b5ee4ee0f74
00-11-03[07]	976	12335b9d8cfe064a9f21a8af197333aa980fe1d124802d8ec96d0956caac161e
00-11-03[08]	155	f7dc691520c99fbb61a6e37ccb1d18aec6bbe3c4eb7b8fd3e6e77e2ced9a93cf
00-11-03[09]	278	c8495ccc56e79c8a8dc9b198fc557d87f925cad9a9103f8bb4df94daf0dc165a
00-11-03[11]	96	94806abf89c102b62865b17c8b4d6386225570104265a59cfe56cd65143ec891
00-11-03[12]	2526	4f06c590b20a0d167ae75e06a3d752862eea8386acc410efb5f72ff473729831
00-11-04[03]	378	ea7f6f55c65bde8d06df210227673cbacbe35a1e3e1688c5ca6b2b5e673655ed
00-11-04[06]	262	b454286e9e57abc6288173f07a9feea8df59c7f964a1bdf8f23f63102bba70ac
00-11-05[02]	127	835c81869071eaa29d32a4a793f648e3b7f4ed6950f45b6c065aa0dde1517f85
00-11-05[03]	438	e7a92cc8378a60414dcc1182d0768191433e5b0ec6b89d3bf5f5ea37d699e038
00-11-05[04]	180	431c51411e46646146a8f85e1fbf4f422c46d4e7078bff96856450b260cccf53
00-11-05[05]	231	f060758403cdd7bf5827da9501e2e1fb87bbeaebe585e635f43b57428ddbea30
00-11-06[05]	427	6aeff8e22cc155e11b159d376bf1f8fc639f40605555edb0fc95c72b48ad8150
00-11-07[01]	66	8a0b783a07c83da15e3547897a2a9fb6c318b3c21822f2d0d9561bd21f2726b4
00-11-07[03]	315	ec40f4156df8e1921e09171344b967a100b06b9bbf3991177194f216a7a71245
00-11-07[04]	63	e403f9f922631252f25c8d80604c8c4cc256fdd7962745630ffa8b9a2d9025a6
00-11-07[05]	299	c5703794530e82e9fba2be3d163c0f12ceacde9229fe882b9cdf93337152c8de
00-11-07[06]	555	2f2270ab34d4ebdc1cc7b056cd832045bea887cdf513e115b7e1b7feec869f1e
00-11-07[07]	366	d6b79f47ef7ad9bc42d7ddd412c45adb9597ac81c1b757e0d98b2aeab8424aaf
00-11-07[08]	129	625478ebec4803388366c1d5ae8145d2e923fbe07755b2e852ce802411147d41
00-11-07[09]	7256	a0284e707a753c664550812a5e8d81188a40e2905336f82b54f8e8db4a8b56fd
00-11-07[10]	6528	9e7d37e224e288ca0b86ae3ef8cf3d8d6ac1fdd00e2a3b6492c717b71a429bd5
00-11-08[01]	3597	673252bb85354881fcd0c9ee4e753bcfe6a66770dce6127a90f0117c9230e1d4
00-11-09[01]	1819	2d5c96fbf7a5ebc82e1dd6674a5c392b1f9b1305117e8543e9b7162df1ecbf50
00-11-10[03]	322	c3c0d3b6145c4ed49c11bad2f845681b09029ddc237bc46bedc11e14f1635195
00-11-11[01]	97	552b03607bed73f41c7f159086fbbecc4aaa996ed1cd32a4d0f382498877872a
00-11-11[02]	424	adc2a95b6f2dd4f553ff1d1cf7f429740bcca3bb49c746c1f8a85191bcbb7355
00-11-11[04]	426	2cdab49e0391cb9f2cafd378d7b1d2f47410c5d22b94ca7f0ebeae5326c979af
00-11-11[06]	180	57a76f397d7b5b514241b0cd72e20db1333f3f680e825969c43382a57b11faf7
00-11-11[08]	137	06bdb9b7bd9d618a02c3e6e94d9e92a4be5b3de10a142c3ca649aed231db6776
00-11-12[03]	332	628d08618001c4cbc6fa95f5c814daeaebb602880f1d63ea9c430c5f5809fc9d
00-11-13[01]	211	b5a9f671d45d5dfd7f2426c06c1c4eca89c3249d704e4a7546f6dad74bb80381
00-11-13[03]	1010	d943c996f4bfff83d61d02e3af5c6cd7097398c5c49dd5626f5ac3239550d40e
00-11-13[04]	1478	3879c6c1897faadf1d06e2027c32070318324907c446e3c32910652e9aaacdd7
00-11-14[03]	769	783bfc48b3492179413b680023c7e4581d7682ef0405c33fb0e1eb2f122b7d0a
00-11-14[04]	176	6fe66ea92fa93293a0b4f9e7f344e58ea9d7cc965fd78a53aa16f55255bb7ae1
00-11-14[06]	123	e3cd42f6f01caa0a94f06d629041e69d53e22e2a27adc9c254d2d03ff68bb9ac
00-11-15[04]	305	8f54f3bd0f3d2adbb06b6f0e3483b88dd9389b870510d9e2db79864d9de77677
00-11-15[06]	235	c5f0628d7d5b94eea5276555954002d7d4ae625cd186bf63f284fc48ae8cd367
00-11-15[08]	337	bfdcebc4a3dfbf0e006af0c47773f1a3c911f04f3d7d0b96f2da1331b2608dc6
00-11-15[09]	198	f5eb7c850317804aea6055d10925d9744933af6db97abd79c5a3a8f574726d5f
00-11-15[10]	71	e41e2b8d548f671117e58199952f94038b475ba31bd029f16fb354edf78a490e
00-11-15[11]	180	0d609296f103628790ef1b4da483b0e7cf0fe1963eaec9d73692a33e268acd86
00-11-15[12]	92	e4c22da0e7fdf0450cedd6c72fdd7226557d6470b8f2c396f9fc9b2285144d8a
00-11-16[02]	1231	802454451f84d5cb8ad6fd847bd47c9867b976c214d87112566c2027415cad75
00-11-17[03]	143	79964f55790f26b83c278368527620f994996a9da40e1c0a36d92e53acd552b3
00-11-17[04]	210	fe4c3e0c484d7da1ec4d935152a9d9abe77730b8f08988a2e21f4695668fbf57
00-11-18[03]	96	ba999f1906eff64270b337e9bca11cddae59746008eb3d7632c3b6ec1b787c2a
00-11-18[04]	96	99a0809d7585ffde9e92326ae24774433fdeb34554675ef143942dc949bb519a
00-11-19[02]	125	18f682a748942bd247d1f7a757f5f207c7978f156878d2c762301fb830d362c0
00-11-19[03]	655	50bd26b214bc1713370d8d6f3366c8e6e27da0859876e46f24ae012992a10e42
00-11-19[05]	257	1f9b187b7d4e037f48828678fbcb6d2023ee99e6f6463442c21fb3cb32f66a84
00-11-19[06]	263	3a00b70e8db38c84497a5ee7a918a7e6759d4940c243904dcaee82596bb19e7f
00-11-19[07]	223	6e1a4bf963a4d1591bcd8114dd1c6c721cd294a9de1f7a80bd6724538e4e44fa
00-11-19[08]	248	0a40ca05d7a72237174fd1c325ce3cada62b9bc7041138b9812d08995fe3cd5d
00-11-19[10]	157	cb3a6b0884d6a2a031fb136ea83f576c1586d13a47cdbf5092b7ee4480a6fa67
00-11-20[02]	229	9a7e2a0e15b5da4559c8f0bf7ede6b46f68848fa60b1783e3924a2bb846e5aa0
00-11-20[03]	363	bcf886ef93b584b571240c2202906532cf91ba198c50bcb9dc0c850c63a7e815
00-11-20[04]	645	232beae2c2f88882559d5fa7bd9dc7e9e6255f4cf38ec4229ddf6dc3d3ec2057
00-11-20[05]	826	26b233e3b38ca083ecd71f43144c61a9867c9ca222dd5c967c12fe69d5fd2607
00-11-20[06]	75	dcdcea4c411528c29dce51b4a69110db430c6d6529fcbe71cbca4850f69c703d
00-11-21[05]	146	cfe7ac6083b54208932497983c9aa62c733e250e20838ec99d63e301afb3d570
00-11-21[06]	302	38498e23044288f44ed34761eee7d3d543f473320001b0b6842866419509a2e5
00-11-21[07]	73	64fdf59e2846dfbd132052ecd2dad55754965b8c8f492f9bbf56744f4d84426c
00-11-21[08]	3898	a4cb562b4cb222a91c5e51f294991cffc47395130b457dc9a00e73a44ce901f8
00-11-21[09]	224	a9c75fbeed7cbbb87a5e7a4bce56c847bf4385cd6be6716a45131f41c5c51a9a
00-11-21[10]	850	2dd028a3307441ff59f18fb83835ba1b27647973e9d50209c6dd945fe758eb3e
00-11-21[12]	103	e43b5dc62f38c69a5e16db72ae86147c062e0ef53877f415b681ce8cd1395bb1
00-11-22[03]	1905	99a6cbef222ebaff228f614a47e790ebbf8589365e3da7772234ab27186c5a74
00-11-23[02]	5775	2b7f3a0a31e175a0bcd56e1e82486e003d87de65e874a73c96ff1f8bd22fb090
00-11-23[04]	305	5b7f06b6b319163db1556d840c4c5de1d539ea5e20c59918f906ac0e1b8d3544
00-11-24[03]	940	a5bd08235571a0accdde057fe08b8ced840ae038decdd5073b009bed4c67188e
00-11-24[05]	232	34739bd7dab5c921f6a10f4c3eded2c2066f1d380682554c94cb2c8268db0f80
00-11-25[02]	862	e616a811ca80fd4782f4a8dd56509fd631bc04a1ee66ccf068eae7fde7c4b643
00-11-25[04]	131	796e8e16b3c9f5d9834bc3ad78fae424450227b1c48337fe14226937a788543a
00-11-25[06]	340	51f135b123709b03c2da16431d0a4022e330a6f431877d48168c7975ea4f53b1
00-11-26[03]	1770	d1733469419543b25acc475b3de8b31bf3173e9133e3aad9702c3fbb7530b615
00-11-26[04]	222	d4ad4c7e2aa086ed00564cefefc42c9131eb8e4083f7ebb6f51a0a42231cb897
00-11-27[02]	120	d5289c16c98e330307f3ef9cf4b448f2fe148ea474dffe5fb65950cd7c0dbc22
00-11-28[03]	342	beb817a9260fd49d670caeb8289d20e37b9ffe4887d8f634b047905639fe5b47
00-11-28[04]	1187	419361c257e3622749585b95bb6087e77725990d0342048c898cc17d4e75a720
00-11-28[05]	188	b1427a073b0fbfd76dc041e096349942de4f66470b254d8178ccfd231c47e97a
00-11-29[01]	416	57156fc5be286157a377177562e16e60301976a3da0ccffdc2799a04ae45298d
00-11-29[03]	162	f5f1de1c5474852c7abb59a20b3e9796453a5a7a2b31930c112818c91bf71ee9
00-11-29[04]	275	39651448cff67f0fa6b449d3c4c144d74d474fd47ff301292bd363e11c82c872
00-11-29[05]	1844	7f3ee51dfe4c3680c95e0aa94d523f949c408a8dd7bba4374fb321659c569eac
00-11-29[07]	125	01640939de103b970fb5a6fd5a61c389aa6dfde6cf7eb7977ec7661b36c55c0f
00-11-29[08]	143	77917d37b23fcd46f462dde9a6647d0b49fb5a4bd184dd8eabd1e540cfb70a8a
00-11-29[09]	491	3ec202f6bd959edce3b7f629b7b705dedb21ba4345f1af3e5431fbc1df0d9767
00-11-29[10]	125	44e274b09db8790224288b5b12cdc1cc3b598cf357d2c4e97ec281ce217213a1
00-11-29[11]	145	714127521b1a1ee24aae940352b8b76aa4e5eacb5d6927dffe5c740263ca0b89
00-12-01[01]	334	6896d6c2102f5d16d9f14d407ce7f685a830e96bd4ff2174b280c8347a6ab0b9
00-12-01[02]	166	ee61b8abfd1e7786381b4b7b2b33143adcd1e2e349d3aa3d6012773c673a8edd
00-12-02[03]	143	1f863dcff51aa7b14f33163d6491dcc8db789abc71b717392685f761da7cdd2b
00-12-03[03]	131	2f7ffd9c57ab9099ae687af493ef9d8869d20dcfc68b2a8e37be923ff4828a1e
00-12-04[02]	478	fb104f716fae3a99626d31b769d4e03a308eed33526d0a28efa2528f39c034f8
00-12-04[03]	262	4cd7831106ffd832d06f3ce70e01495222c257f8f364293c719375294e39154a
00-12-04[04]	458	d560e4e04d4cf8869834a16ea3cdce3d6bfa4c374dcdc959272618dd6ae28e17
00-12-04[05]	211	3e03d1bf8285f40dc45183f658f50fa61b34420320cb4fadd3dc480f550f08aa
00-12-05[01]	245	289ed7d10ce70a6ae95b41f9c16cc28a90cd7819e8e7d09cf0284eaf5a55462b
00-12-05[02]	332	638f618196e413e9e5687544f05d63ee935c76e2a43326c78284d2c11bf47fee
00-12-06[02]	519	8fc400c17654812ca51645e60ff0b4d05576d29509eaabaf1e1b29473f652a4b
00-12-06[03]	309	9e51e922d5c72c21f2031b1074eea50044eecd1cadd1ee1744e66d8189463866
00-12-06[05]	85	fa20c5ca2b5ed77d207cfce03f484caa03193f2e1c7069cec06a374e370cd217
00-12-07[02]	468	0c946141fcbe53602f9a14c8bda0eb1d4462c08905f84d6cb9ecc8af99bb1a7c
00-12-08[04]	904	e15b95be184270f35b42d3d2fbc71bcaf2a7eead91b3b5deaf50ecd02d8c6baf
00-12-09[03]	151	2bf20bf0131f73b62f6719e44121a3248f3c401babd182a5b8db53995e3b0455
00-12-10[02]	181	9f393e8fbc7599783ec7e6d91551d6086b9fd1cd6e409995118475abfdd2d1da
00-12-11[02]	757	b27ca67d1737f79d88917759ca527aa03ffa0b4afafb0cb0c227927746a8d3c6
00-12-12[02]	452	1c006f8c14c409a80cdf18e2b42dd6cc20adbc764be7e663ae175ab204f5335f
00-12-12[03]	679	e24b3d7cf0bf21c4cfa445f4780c3ce29502ed77d31660a73d2ade02fe34d839
00-12-13[02]	284	5d414014acf2210e8d95995c3b63f8ca1ee524cc583541cee14b51ffbac05a0d
00-12-13[03]	1466	71051544ec5dccf69ab1238daf91fa47c8afa57eef6d3ec8580a9b94da488435
00-12-14[03]	428	615257b17a3308f638fc5e9dc90e308a0aad5b2cf3dc35c947d68d951bc2a5af
00-12-14[04]	1316	3e60caf9cc034c23bb57ef1cc80fca78d7028a55f9d564b06ba75e224d36270e
00-12-14[05]	480	304ffbabc17861b12adf09addce6a7f9c88abf96373bb422d84cfbed6142d140
00-12-14[06]	654	ac4658c7cbf43afe2d64f1905b248484fb902b09f2baf35d391909276400b08c
00-12-14[07]	1496	cae67290818b6f0c49cfdf9b50fd689f81904d303892cddb9392b96a17ff3254
00-12-14[08]	99	0a1ba1ada027430a3cdabb3756e674634042193117d02a208ea4c45cee690685
00-12-14[10]	139	0ea2b6cf6379fa607ba4d8c71164e0eaa3646f835ecd58e78a4bb035e427c1aa
00-12-15[01]	183	4f1496165614580c072da86ac4eda0e86bdf0e0d2c27e10125bde657d3cfc83a
00-12-15[02]	712	c2d28f11f985547ba29c8ff73fba4cc97956570fedc60217e9da8d21617592d3
00-12-16[02]	315	d2052d0fe2d15312aaf45ea55495ab639ea6cec91842e53280b99fb2e5aa1911
00-12-16[03]	101	36257a9b5eb6b8f151e744f2c36c44eba13cd27f2f549315866210fbfa6b7b70
00-12-17[02]	484	063106d49309482464717cf708a841e26cd4ee597f6dd499e727130957c4529a
00-12-17[04]	286	646335c4b9666e90d5cccc2a89b21fa1706436d9106721283148cee04f95d7dd
00-12-17[05]	102	61d757f209482673965c970e6d59a196b4b00f1aab4eba4992a50dd5de0e9fc8
00-12-17[06]	550	d3b805ce9c99edb35d4c5b76ab6f6e802602a555236279057b7c2a4d9444061e
00-12-17[07]	415	6590342ec438c6068bd8f88e97f9f80043fb38f2287d2565ee42b440d4cf0b48
00-12-17[08]	189	6ec1f154fdb5015456fa8ca59815b5921237f662aa2a84ffd670bb158e42736e
00-12-17[09]	163	a4b222c320a4ef42b1c8e40e34b8d4561d1fcac44963e7f4b0224e8e46fbb5d4
00-12-18[02]	230	d5f966db1b407fe2a04897403a20e3d286d22ab8123c4a6b63e8f37d2d54e542
00-12-18[03]	330	346ae8d15e86185569c668229ed0afb7d097c184d13a869144ee3c9c3d2277af
00-12-18[04]	446	97cce531ec9f9a0e326683ee8382f47af2ffcf5ea46fedff75dc906b40bd7dd0
00-12-19[04]	330	b2bea054d7f6e317520ffc3e5f5d1707a59729621fe3570356eee204ce17d32c
00-12-19[05]	89	47e901779b48ec4e12ad7142d678a1d07ab37e02f7501a6f436fde8646747a95
00-12-20[01]	723	18869719b8d533b6836681b87806ba40d47890803ff6402fd48b87d77c054f33
00-12-20[03]	133	5fef3ca07e3ceddc4a9341a1585c6c944573115243ef7e9cf0a13a1d58e43e83
00-12-20[04]	3911	46eae5f4d9da178fdb72427fbc8eacdfb10f128a3bc39f5e06152f45184a3bb9
00-12-20[05]	104	a225733aeefe4252085dce2af3922642f00d7bb435c9ed212d28e6ae9e078d54
00-12-21[04]	308	1cd8a21792a4cf80fd04cae57ce7cd92573e4619fcf8b11441eb7277239738ae
00-12-22[02]	130	001ddb4b5e482d06612da147e1a17733ce659fb9b5b5733157a043e813860c33
00-12-22[03]	360	d713607c23a4c629b47cd43ca1921ce76055fb9929c524a353086200997ad695
00-12-22[04]	1141	21824d0abf5ffe88f03b973af00db5b9e3b4c742e6243f0c801eecc4ccd5ddb6
00-12-22[05]	133	230733aa0e840528e2948b1457306a481b48d293f2ce1bf9194ad4beca5c2059
00-12-23[03]	824	4f3f59d8be6975eab58ba32f86f7d500d47d4f2d639214c8054299687fe7a122
00-12-24[01]	217	00c459d20b82d4e485e10b1553d7e19ddeb086de58afb4be60c6458f3cee7df5
00-12-24[02]	146	1f95f51c49a7d05d1d4f5dcada574929e51b5fd45ba7bed3316661a4025c7e56
00-12-24[05]	446	2771054a53a096ff55034f72672a181d1e22d5149fdb3194d14ee52637b5a2b6
00-12-25[01]	343	bb63bd4b25e90e291955b7cb8cdedbf90f85766780809bcefbad8b4b73ea4a9e
00-12-25[02]	2662	73d2dad8ae90c02b272c539abc28bb6ec7959fac34e2511ff7012ca5e8510541
00-12-25[04]	176	80befd1d4a3307348fd994c107f0fcff2d28c72b118a28dc2a7b38b8af69a1ad
00-12-26[03]	950	c294728c0d91ce02ad02d4a26758771d2d108015e36acfe018989e6066dcb5ad
00-12-26[04]	666	a97ad2495c5af63bdeeb89f3489cee8c47ea65073cb97be9e553185441d55034
00-12-26[05]	167	3f4b1d131f10d9caa229940c54f9a8ad350f4a0e8b1474c860f826653a11cba8
00-12-27[01]	122	1b3f3f64016ee4319e89711df6b92461c930dea12d423f5b1d61bec4e054f510
00-12-27[03]	495	a47510d91a1e101da9a8ca54fd6b46107082617912d3bda50ab0a95f99912159
00-12-27[05]	82	3301f752f8a3bf8755d0bdf323f4d6b47f574d610a31b845b33b77a5a3430fac
00-12-27[06]	155	2757881f59354fd8113f99d77dcf0e44b3b251848ed3006505669f064b05ee2c
00-12-27[07]	557	33882c37632bca83c9f091f76f5f892dd38cf337a9a5bf7775b8bcaf8b96fd06
00-12-28[01]	63	aef5c5597b0cbd52d61e112e8adf71898c3c27759195f4a2a77881ffb13c75eb
00-12-29[05]	170	9f02fa38361f445dc9b1961bd8cb3dca464718b74b0622cb8ee982ff4cf449da
00-12-29[06]	250	ac1dae1e33f85306f53d78bbc3535b582e5d2df3343b3806acab069b4d5f15ba
00-12-29[07]	123	1ef3fd8cda24d4e47d69c7c455ffcd48034f080d1d71b59eb33cee735d4aff4e
00-12-30[01]	57	1013fa45fb5df543ae2f4d1ca7ae8773ea3f6463cb5c0cb725ff6d14322efb66
00-12-30[02]	64	5c7b1cb6b92f9a6dd17d1ffecc5936f707e2a695fb60232fa740e417ceac6414
00-12-30[04]	103	34dbae05fe385e03ff5ca097cb1ebe58764abb731f1b641bb8fd99d2da8d0880
00-12-30[05]	118	943031cb03bca4df3e425d70e865fc995ee3d8d835cc517da0218263ab9d4300
00-12-30[06]	119	efc1e44eb1104ab5cb0213abd70c3add9a22b19cc7fbb2bd83956a551eb1c4fa
01-01-01[02]	1204	492fa572a58141cd0a3c700bb511db77c36057fe6b24e24a5a575ffdc7e3c3ca
01-01-02[02]	54	e8e7ca8b3a962b623e8983f40eecf2c3ca689ef7a0e66b60191ebe78d8d5f42a
01-01-03[03]	91	6bc8018bf9006adfdcf89168bcc908e8570e56bfd797352245f57e81b3fb1852
01-01-06[02]	395	c2821272afbb20d3a060875e53f39539a40535d7d4b813a43cac47df56506402
01-01-06[05]	340	9905a64124d3d7c90879f95d64ecef92c2f2e7e4306c224259659be1b1fa77df
01-01-06[06]	496	2ebc762208401e84c1f442aab0f3655ee80694039e909f7f8dc4cb6191d24f2a
01-01-08[03]	774	6175c8d5673d0f84f5fbc23b76dc361c95f97381c2a1a82596fbd3b527e2bc6a
01-01-09[02]	337	45687b8217de321fd9957fdc28e9cb67130dbd311beef7a7faf85ea53a390540
01-01-09[03]	280	4d02eaa4aebf520e6877776d86533bec2456fea7a9266e322fbc9f1e7e5c41c0
01-01-09[05]	90	acfb03ce7b5f14ecc452b4acd5e6a0c1bcae8d75276640d81cc6a996fc4e0719
01-01-11[02]	1385	10e575c7622abdb7f36642320a0da5f185500d0c97cada130685e0c2236387a4
01-01-11[04]	125	a1a78efe6f06e4f1d2966c578661ed37c0b339b1d37c4ca51a89e42a9121ac07
01-01-12[05]	182	48164d950c74a11b248ce0f9325cf19973b007851ab9f1e460355bec14763cb9
01-01-13[03]	126	759043b7325525871b81c5f81ac4c50a36670092101e5b6c9ccea6250177fb61
01-01-15[04]	490	a4a6c3a0102f1a38ffffc3701ce0bcc40afbf63091d32b61774b12dc1e3c07a8
01-01-16[07]	113	1688c68b5c83c7ce8848da566af3d41fd7d18eb387e77477374a9c78573b55dc
01-01-17[05]	226	b47e2b5845c17d026e54e71182cd30fe61c8b1596b5c04f04e7484e59132f1f7
01-01-17[08]	107	c8653f1b090a9f70d15552b196b22f60e92110814f56b8fb51baad04dd3898d0
01-01-18[01]	147	163a17fc4305d9b004f87d0ec120ae10321e4ac1016b7eb060c7c2ba19238482
01-01-19[02]	1368	e6c644c2d9072f5b08c2dad4a7ce818e3768fe594c54337698963b27ca7f3f1b
01-01-19[03]	102	840f9a4047f6afea5dd9537d229b8da2466d531a584f728562fd8012739ecae7
01-01-19[04]	134	5edfd8186934526ff249f16d2fcf8ebb3bbd8f6a69f2af774295ab2cc1734433
01-01-19[05]	834	d951f51a96119aa7603087344b0fa1c5e4e201eb8f8d32c3d8aba412e9d25959
01-01-21[03]	878	1d8530afb139c091ec6e593991d94ed4c21d45890c0db7f5733251aa882d00c1
01-01-21[04]	137	1fddb6ea6f1d1130c611d4466807730f780f53245ed31d1af39b12a13ac7d0ea
01-01-22[04]	203	bb9f8ec84d3aa5063f8df11796efcd03aea19ab2d9124c8d1331ffb93fbf3eff
01-01-22[05]	104	fcc77ede472c1c535d5afd2feb5086771bdd8851728632fc9222b18e8c51001b
01-01-23[02]	149	dabf76411baf173823f04d3554ac9e68da663de1a8c7f5e97544725f2854cc57
01-01-23[04]	83	d70ae4ff959c6a9d97a315458120cdba7a40ed2845bc7d6dbbab64df7028161d
01-01-24[01]	296	5e6e7d1b00abb36b6a98068694b60a42c14d1243a38012885030b7113ec9eb6b
01-01-24[02]	110	b72fc7d205b1783cd1e19d2213cb03c9008b492036110bfc0165f8daeeebe9c8
01-01-24[06]	347	6aeb3f8b7958ae9d1b7420974a5faa8252dd5837316eef85982b7ea5884da083
01-01-27[06]	116	add855e325adfefe17b4f7f852b5209c7dafc3fe08285963923a2d164ef791ec
01-01-30[02]	520	28f0218038e6d0e921c240b3c9d1576dc5dad49763c94f95cb90f5340baeefbb
01-01-30[06]	2834	4cf5b24b9694e6860505399a61ca5d6f76b60ec41f60231a12fe45056cf9057d
01-02-01[02]	567	3e2516f4b21c36031282f95efcacedbcce46f3db8199b31b2640a39227eef746
01-02-01[04]	112	a303ee6e87aae00802dcd08a5465a362ae69420820a1669548ddd93a9737c77a
01-02-02[03]	280	3b17bb8a61962e28bc0e0c0a8feefb969a657b5912c7cbfcd5d5c5444b3ee7d0
01-02-02[04]	398	767a36cd62a2ecc2c9e4d875e2e10de528488a517ac3eed836df058b19113fe4
01-02-03[03]	2678	4b9a83ce0518445246c1beafb8657fa7204d4ff9d53ab269ef572b241646a519
01-02-03[04]	151	848245699b2e7c4b6a611bcbf9729c1ac4374b4e28c5bbdf76859007dae6eaf0
01-02-04[02]	480	ae915dae8f4f1f570ae1d20496080269a76f6f4682a185c1813dd30a2fdff9d7
01-02-04[03]	150	73c5ea856b96064ec1174ee5a6ee36e694548401780680a23e76257d6c315e75
01-02-06[03]	86	7a51682628c5de891323de2a51d3cc0cefb42bd1ec3fff45d5de1c04a8a3a39d
01-02-08[02]	215	942a3e952b581989666fab86ad7545ceb5100dcf51465d8bff25d60d2a25ed46
01-02-09[03]	299	39af8b075769a9df4d833babe1c0288a9f403bb64c641ae8d219b844920e9c00
01-02-11[06]	140	26816c8697a717e82873df8ce30ba178cc750dfc66acfd986e331c52c4a6d114
01-02-11[07]	123	a2ddef4873c52f41dfba41f96af2f57dfb871c6e820f122735353c99a47d88f2
01-02-11[08]	177	54cb452fc08e2c342171d7990e888440b688141f6ce0fd896adeea3d7e6ec267
01-02-14[04]	291	c23dbba366045707e166c45f522b09ba02ba06d34d05e556cd7ff8f9284d6557
01-02-15[03]	87	800f300b863938e476e8bb5499afcd69dd5f161114bcfaa9ca9aaac26fac804d
01-02-16[03]	206	28e314925e4ccb8a4042bd18e3f19ac1ac116f46a91d4aab4aad7157f05b834e
01-02-16[04]	75	502c51693f0047782b2949fa81292e7fb40816dabf5427134caf3bfcb7e474e0
01-02-17[02]	2362	39cd322f6e4e5e635da4456174bd18c23392d5ead79bd19405883c67a365de4c
01-02-19[04]	72	9571a1ed87b713f53887eff471b8e25ecdc219139a2629e77a9aa1e4d33fea11
01-02-19[05]	145	01cb3ad28f36f725ab3df8f36e654f221a333c16b834281abe5c5d9e87a497fa
01-02-21[03]	356	aa72e33cb465b9b2369816b841909a046d3c04d91a937ce3a71400ccec45687c
01-02-25[04]	62	1f7f563bc7989dfcd17e6e9e701bfb635cf54302c24e3c11dba8705d475d5cbd
01-02-25[05]	168	1cd9506903b08cb1830f5e082f811329001e504893de1020eaffed5340948762
01-03-01[04]	61	d163159d8ba952275892ee2355f571c02ee523cb0d2f30595c2e3b26b81a2521
01-03-04[03]	245	008f096d711c9a397c9b616bc0f1bcd1657bf0c05bd66a845a59769ab5643ec1
01-03-04[10]	145	3bdf8e68e712a41e24620a0690eb842070a47056abd85401fe394d88e9f8688c
01-03-05[02]	182	bbaac6b52a75cef88b49b8058b6ed4700d1a598268b367091c42ffca2d751c91
01-03-06[06]	912	401809b56949620b0b1d0e2e6f3758a3ea09d271f0f91b9d2a777ab84a682c92
01-03-09[04]	19300	d20cb36baf5f325db4592beb00766ddc76846917fbd359f01e303608ad359421
01-03-09[06]	817	86c87b622c0c5327d10312e7d8465ad5e8940f50404777e563e0b817315afd09
01-03-10[01]	120	81b2f9aa6720cdeb04cad78fa05e001e98866d7f467b0da87008ade8d911232d
01-03-11[02]	116	4ee01fb671a690a64c599d9b06c26da6d1c50d03b1b88ab7ec344daf7d4c82d8
01-03-25[01]	2486	899d8d3631464200e2b36e68d3ac7ec0551b077ddf8afceb3ad0520044f3784b
01-03-27[07]	139	565b1f862a73e240abe655c3f7a78f725e2bdc406c6ecb60418d553af87767f5
01-04-04[07]	364	0caa8f7d027716a77194e9fb20a547a315a81d749513f50d3d7a1e8e22424e4c
01-04-08[02]	446	45eee008e52f901c412b8b9c8329d0f642e28f0f6c5e63cb6c0193804b4bccbb
01-04-09[01]	355	0526ce7def995da08e8b75322cddcab1f5460f4937246b80bbbc47092306262f
01-04-09[02]	763	6e13663c5dd49ce9ef022ff69ce799a09f4910319b519db9539b727bc6caf51d
01-04-09[03]	823	75747bff855ff5733cd9bdcb9215e8eb3817bb3b1a68982577ca043c7f9f4830
01-04-12[03]	304	ea3e42fe62ee565456d10503cc7dfe8872141d28375883927a5d2094f21b9fd9
01-04-12[04]	3549	afab57bac86916791ffda5c99fc4b150860fafb8da922ec446f767687293b5a3
01-04-14[02]	540	3b55f306784f7d1976bbb5f86652b37bc6117546f7de4785d3016a83455e7b7e
01-04-15[09]	85	c361284dad5c1d80561f3bcf675745c9b5451ea488ab8240c4b79ca2433cae87
01-04-16[07]	364	6ce349a745f64d5c8aeb045c2f4733e4ab817e48c5ae8230409281af6a1a4264
01-04-17[05]	421	d0fe98a4142d07de872761c3948076be51547e7867a2b021a61fcbd7125312ba
01-04-17[06]	775	d15bae1320a982c09f583f40c3ccbaab53cf185daa1cefeca94efead9434b052
01-04-18[02]	94	a9089ea34c3c1e97441e0b3fca8ce7f19c3ac737c67a54ea583279a6fedd05e9
01-04-19[02]	865	9d024ae1e1a2e2d2f09bacf5ea7bebff5464f5a398040d68d6f22cb2ac73001d
01-04-19[03]	640	af7232d4a63a8fbe7300d17aa9bbd28a5afbe8b28f0b2651771f6d160d28d668
01-04-19[04]	192	54368e852f6a0794bcd0580111b516a257b53808ca954afb07fff9bac25388f4
01-04-19[05]	486	e3d0effaaf3788912e50a18375a066fdcaac026be5fc649767a14aed2ac210f5
01-04-19[07]	98	511ac02bca2aac98ff6baec0c34d9b25cb9642d73fc5047e86dff08b25eaa5c9
01-04-20[04]	679	bc33fb71a674fb268084c94e5f84a7182cf67e48acabf98882656d358114fa79
01-04-23[03]	226	5f6f7cab2c507e2a9697f02dcb5794a99b7b60c3f4497889ebfd3f7aaf2177c4
01-05-07[01]	745	7e5000d5a5b1bb857d033fed0814a1158ad0f17d30d195d08f724fc60cf0d809
01-05-07[02]	1092	a3477fb40487e873aafe98cc406b60af79517f1a0f35075003530cddce1f4ac9
01-05-09[02]	873	f9952257df26f9bc669dfbcf0e81704d0baf26f39c941fbba0ac00c8f03c933d
01-05-10[02]	291	e3fa6d81491ddb90310d1ca3248119287fd3c1ee76df45b415925dfc80506704
01-05-10[04]	69	1acf114a6a91e68dc7d45c9bbde335c6a3ca6526b34a3c6538298a9e5c5a7982
01-05-10[06]	294	6b894416c10017ded4856fea65bd90126db15651e76b7821f1f543788c773542
01-05-10[07]	532	1ecc3fb5ed5e3f5b0c4e9ab6a14ddd25e39087e14c9e879f3b713f5eb7d0d7d6
01-05-12[02]	792	7b34d7d9a0f6b628b5dbcfd11d24b40b118a342ce468364cc2086248544384c5
01-05-13[03]	1096	69f45471ec8838f78c634321d5d58268af79b5347b2cf2308ef4b59d9410d466
01-05-14[01]	706	4225c55d3478d51f074518f0d3b58977e429fd032054cbf5c64413617e4c71a6
01-05-14[03]	62	708f80dc763771b651ab271cc5c299ff525af427d7fd30d4d6e06066d30346e9
01-05-14[04]	1002	b4906474f066e6314df7d4ec4778cb33a08fa8df54599fb20407aef291494beb
01-05-15[03]	430	a0a500a3fdc3a903995dcb21378fce333084125da1028f05a3ab2a291bc34813
01-05-16[02]	1146	d48d86b9d36081de75e25762e524350c19896cd2ac974d56e08b527cc7a3ce75
01-05-18[03]	479	98e56c7b4546c2c06ce75951a0647c506b8187a2226019e0c4c46755ae9ffe80
01-05-18[04]	529	ce13aa5b7584c73de7c5388b021dc3635d92ee478f46dd6533a61deb58ce0f44
01-05-19[06]	192	21abb3958c04453a62c3f47595b1c7cce865900a3694862deaa45a10857868bc
01-05-20[03]	210	a94745d8b501ad6745b3bf2cd1cb8357c5cb9c39031e08fe745269887d1ec30c
01-05-20[05]	659	6656273766ce4552f132add6443446c39ebf0286826ff66b07991983952529b3
01-05-21[03]	151	63433c09fe0b243497952acfa00c47751eeb784f3eff6125dac7b5ba0ce3333e
01-05-22[01]	1377	25c66adb0e3694141efc9d286078758473d5292c3504bc21dd55c5232a912648
01-05-23[03]	623	6d9fd55e2cb953a425b95fd89be2783911b30904f7e3b23bfdb1980c24e43b56
01-05-24[02]	75	ee15571dda0c3493c996fb743e895bc31c67f2db5189da92e5d0213d79a6d9f5
01-05-24[03]	469	b1bdaba66bffbf45fddf25b71d44ccb49837d1c5fb6ea4433c020286dbdc434e
01-05-25[01]	1277	815eaa31947f32edbd9e547270cb3838bddab2d4eed9b47a0f8462743d85857d
01-05-27[03]	277	44c4775b9f059de13116001955279054aaaf4e9ef9e2cff68e65a9d69b7c4a18
01-05-28[03]	164	87c3e3e3eaedb4605306c81dbd30e51801bc58ca8c948597c22afc568fa0cc12
01-05-29[04]	129	a6412db2c01f4c5418f0b04aa55aaae64f3f96e1d9a3a38f850b4685ea8b8fd4
01-05-29[07]	1741	71e1ffcb75214ccfe4416021ec22c13ca7a962a86087ba9c5d63bd163e53464e
01-06-01[03]	195	71459e258d5f4be17e5b79439a6444c396904009c9e3725a300cb5d8948c900e
01-06-03[01]	49	a9569bb1e2249f840131388e8da19a46a56dda2754a09b00cf0d8a73bb7dcfd1
01-06-03[03]	552	c9905be31e545c2da563c591f193d4c817f0602f69df06e3354255ac4eb14771
01-06-03[06]	137	fddd42c931e99bd16a2fcf786e612d6f1a0a8972872a36aa4c30e37a63071aad
01-06-04[05]	164	abd53e82137e5501ceb79df54a2607f228a130a8089a0016c298be6f6842695e
01-06-04[06]	66	e6eeaa39903c96bf1362a0a5a5673c5fefc358f6e315848ad3988c7b7803d0cc
01-06-06[02]	325	ec51c45b3b7de49be3aa887c326730623efeca03c53f0292ef1330835bd6500c
01-06-06[03]	225	81e355fbcf942f8f7d801bf2f9ab66a0ff67e156d5d5cc9019b8cbddf47f6ca7
01-06-07[03]	1063	ce59f04ed411db26f18837c1c23314c18de0ceae13a3aa021f8e14283f0b6a3a
01-06-07[04]	150	76e56be9249ec9faee0f42a325b9f37896374549efe7fe290a5cadc8d7e551af
01-06-08[04]	186	5c1923d50a42f29d840ba3f3f768dc2f8cb7ebb43baa171a9b9236943e316ae6
01-06-08[06]	479	940987850f265c45ca5434acb5ed2ec7c92ed5092ebbf9d9b28ddbfaed779f51
01-06-09[05]	1544	cba39fd48a3291f97b4792d4bb30429004f5705ae07ac5b2a8e9650b4911b586
01-06-12[02]	155	729a718785125146dfbe84ca20bb176786990a8cf59535c9ab61d2252fbe0afa
01-06-13[03]	647	4804440cd589af3d04ae52536a9e21caea1af9051ce05b712aecec78bc020c74
01-06-14[04]	179	4c4d1f81644472ee935be475330c8ad5f2328054cbbd4467a9dae0c4ff7daa82
01-06-16[01]	112	346bfe87765e35f547284c5a0144b7fec2c3014b391cef97554423ae0a4b22ec
01-06-17[04]	376	2243dce81b85b11dd7f49cd85846311bfc5837cb540f8531d2fdfc0977861b22
01-06-18[01]	632	6c1d00dea7f766593dfdb1ddfe22b0a501301ed590c9240be8e20417e1ac5407
01-06-18[04]	422	ff2e75b4a9dada3d1ec5d28d8f0de1d40fad16e232eba3976472f179e4dca160
01-06-19[07]	118	5ccc52b2b53d0946ca2e93abe49d022a33b46b610ae36ff2d50f06d8e912ec1c
01-06-20[04]	1219	6fdb804f73846110345d7d6aaa9ecce23724cb1754dbe6b9af54c8b59f45c97f
01-06-21[03]	462	349bb2add5752150ab01fd22c3a4dde31d46482025b6753189b001bc265c2c6a
01-06-23[03]	202	282cae228e9612654c3d0b3c137706bc12e1e60d259a62cbd801fdb207c95a23
01-06-26[03]	929	88b95c3f8446961e987abc777d1c4aadb2142d690f797a432c94f4e433ceb158
01-06-27[02]	514	bde4378a60b4da9ee45d6d65af4592f6425a6131a84bc5fd3770bbcd69bb8786
01-06-28[01]	334	1555b974ec11b53eb99d3776bc3cdbde0cbf92704df1797b569fda7456ccd6ea
01-06-29[02]	1164	c2e14a15ee3e730df7c862ed754f34007bcac095916c26cf4cb2af936bac02c4
01-06-29[03]	757	f4a767364084c9c5bef3dc02c1de2a202d2c0aa11d24c5c7823f148da5371da4
01-07-01[02]	399	344781537f9e11e5aeb033e7e2ae911da861a4757b437e24f3802453fc33f461
01-07-03[02]	85	9320073926278be531f57e2a2d24315003c94408cbbbc62f6c500eacb4232fc0
01-07-04[03]	85	dc3ceef97e53a0c20ef55cb90aa25e5decb17b3635f4e66bb33c6b4f2c661399
01-07-04[06]	293	a269ca4c3d5198060d8bb96e8ecdab544100cd9942cf1b6b003c5d883070dee9
01-07-06[06]	237	76d455c19b3f94dbe3aff2f247d0311c825f245dfb9623a7df868571297fdda0
01-07-07[02]	830	f570163db3f5495c77a673feff3fbd76b255152912bdec7244984f44b22f99ba
01-07-09[01]	90	1678741edad991f0b2d7d984671543dbf88d849c8e5f70b930970f82019a8ddf
01-07-09[05]	604	419933f503541e0cd50dc104bb7057b7d653b03e4b9ac0551ce79dc25a0cfae8
01-07-10[03]	175	e48293ba5e1d164254902efdec69d7aa22faffe37e93d63cd686a6c3372a9500
01-07-10[04]	90	171f907500bc93d332f06ab92b7d9616ca2e8e49c568c28e366550a9332f15b8
01-07-12[03]	1645	9c28b6d9ae7cc218c5e8414029e24f091f66ed388d070afb273f2452ec14957e
01-07-13[03]	82	37287abacf7767d131a756a07ae4ac7aa4bfa52302fd721fcdca856c22ef0d33
01-07-13[05]	2290	e394cdf48ecb19551976506fde9389601262cb2d39fc8472a6819e2971b63bab
01-07-15[04]	108	e345e2b082169282100e28a3ea42e2c298f4f958f566d53b80254c635757ab3e
01-07-15[06]	274	501214ee45ccab68d4a2aae63223214cc5c6083b5f7203586776c4ce5902e952
01-07-16[02]	177	a90ead2e9e9d8509855a003e7edbd752930023a65fdad03f9a50fe294f5bc926
01-07-16[03]	123	ed149ffa005d0f1fc6cee8cf9317f904d7cea5f42302793941b6c97516aa7742
01-07-16[04]	94	589c944b7306e82bc3aa58183f2260d608cc0866732b4d7a9d4904e1406553bd
01-07-17[03]	253	130f5c3890d475e04b1731c8ab4be16b7f92211fa7d642efc2cff6295b983401
01-07-17[05]	3309	b7d7159f79d9edd826b7952bbce3d757f09bbf00e021119bf9f6beecb4649578
01-07-18[04]	130	e4430c05c49a8062c8a90a5f2d9ac1ba6cdd3883ff804fc51f27da45aed1de63
01-07-20[03]	100	fe50754e2291dc45b039be72b5d40e9a699f1688df10a91351509b9643c4b33b
01-07-21[03]	158	5d91c1615723aa150c58889347b525b3bee8acdac3fa15db68beb49524f59f10
01-07-22[05]	499	e1f475098efe00e8924b4f7534634135d4de7554d6f87601847845cd14084352
01-07-22[06]	324	b211b96982ab25c2ce97fd3eb8723b59a1ebf25501be8995a03d22e731a1ad0f
01-07-23[01]	197	c30d855eaad33ed236bbe30d2b773c33f6f85f2cde1d50e495b88a650adc5537
01-07-23[03]	108	d3cc67a0b57ac5645795b4a5c576a107bfb1b547322b5e206b94d55ced158b5a
01-07-24[02]	95	935130e2794f7fceded26853814cdeb3faf90475aa9cb1c559f763dceced7413
01-07-24[03]	262	6a0a8c964e346351d01e4006357f535affedff3bb756adea35a1983daa06738a
01-07-25[03]	821	4bae4545b9af465e762426898ac93f9fb991805063a3d99e0843f72c4f178176
01-07-26[02]	491	94abdd8d6ce0a08d92bb113bd0b2ca3f92c732fd80bd07fee613a9d3571cbb44
01-07-27[02]	1437	e2e1b1427021e279215ea1556f7932202d5682e6d745013be7f428bcb199786c
01-07-28[02]	3343	ffdcfe5550a401e7819c80a408f26f6584349a20b20d98a6865b02db963fbf2f
01-08-02[04]	383	728ad0e4332d31a43acc09d73ad7245c7907dc5d9baf2d65ae47d621e9c36f30
01-08-03[03]	117	26b330ff35460255c6b90d21d2a8224f9e00eb5d12ec4d0bf95cb4411232f43b
01-08-04[01]	506	f01a60ee667e751f794d085e082d222179abbf890d42962da96359e3e039f6ec
01-08-05[02]	396	7683737aea47a6d62b69660dff640e83bd88c9c9f6a62da2c558a31e09cfc70f
01-08-05[03]	482	ff5adf35c2f10532f752839196e45b84538236a905da8e08bc770345afd31b2f
01-08-05[04]	70	fca20b772969304f611840fbed6dfad7e1e30fec81c95e4e973b4b595643ad17
01-08-06[06]	439	c13ecb346036749c7508f75065c1a89560dcf50ad28ff40371376941122d150b
01-08-06[07]	109	88fb6faf7d90d4a9eb4ee392c552f3e09a0baf48c7b2b360d16c82dcd515111c
01-08-06[08]	1028	83e4ab80229d355434cc471d63b538d83ca43c032d21dc203dee35087832d37d
01-08-08[02]	160	2506e3ddd0ea1a689ee9cd4bc2bc1076c57360295e92dc3ddbb0fe739f266f36
01-08-08[05]	324	8b4287c1c1b5ce5310aac2c8da9b7a6fb400bbbef2d39732c639ad2a4654402b
01-08-10[02]	620	a986247c51910e3b8ac517860f1b34d282268fa0ecad8123d5c7e4195f73f106
01-08-10[03]	646	01886275f34d1a332e1ef0fd4d7c067297c5293c2f0362a428682a196979a438
01-08-10[04]	136	224c0e56766de9c62331faf6fedc076d0d3fb02f3334e0c69c8d4b33a6fb5e3b
01-08-10[05]	163	673bc756752c8d3873cf7baf303743f2de91fbe7467462c2f6513078eac67086
01-08-11[04]	199	74b95626f4bf6d3785ef984a7216f97cd21d768e8a666be4828cc5c082126f38
01-08-11[05]	1728	3e1a575659f763ffecbee1a6c5a12087e2b7b5a33ba17e60ab0a55d9494b1144
01-08-11[06]	289	2a07b15a85b681b9396c351b16204520896a3af07d27c75ae4b67e6b25058c9e
01-08-12[06]	102	d4cd69bed9c691a515eff2a26709baf8b6bf5e3df91d53d6f3c317f98044b44c
01-08-12[07]	234	54e692c1cea814b8bb2f2884e8262d92f3d7ed72c6b1f54669b3ac27572a9d33
01-08-13[09]	61	411d83facbb0d069f7639c794983b2c0a70fa50c54dadf024e8df7faf012d2f4
01-08-13[10]	279	4208ce626e11727a5d4e5c90c34414c0781920c0bb0e68d75d067ed581dd2b8e
01-08-14[04]	638	c917ea0b0c301d74c4f88f192c1f1fe00a204b9867f0810d99afb5f06a3c027d
01-08-14[05]	132	34bbcfdaec51087fccd6065bfd0fb594e941f9337bece5aaffe34aa23ee72685
01-08-15[02]	127	26a4e40c0c9f43dc93000a44e9d4edd1b62b7195477db8834194d548ba7f3be1
01-08-15[04]	118	f1427c0d6290a1c62964a1736195f56767dbeafbd3eefa92f0eb8ccccf2484ff
01-08-16[03]	809	130ae2120301ccadf4ebec929c721259e50260909f1dcc8fa2f8137129a44ea7
01-08-17[01]	1741	d278a6331bcf4b7821c4e13bdee314530592cae41915a258309b4fb73d4732df
01-08-17[02]	554	60bd9d8c302034e9ab004c0221720328250f44d5b868e86ad510640887cddc7a
01-08-18[03]	65	0774fe2e4bef316559c303cb55828e7bfaf1a7f5c49ab3c8811d1426fc72630e
01-08-18[04]	124	65c450fa99e64d290c9ae0ed1f85e5a2a67d10f327f66da2d2ce7aa66c4df71c
01-08-19[02]	1120	a7810d7eef69c5bd4e6ae3a79cc2bd0aad9d322e224d72d4784da8a92da69e22
01-08-22[03]	199	c0cb72abef48ff67bcb37c256ea426b3b5276303d5b8e412a9e13ba506c44159
01-08-22[04]	188	2aff8c2030d21733029cfee3dfe29f0c7526d4bd1af7aa7553f07dc7c28d031b
01-08-22[05]	883	dec1c757e3c01e564b44db1f575a6a76f7d9698bf88800be14cf8787f30bfa39
01-08-23[06]	252	40206f3b0638ed8ecb918771ab954e0f287ad9332d4141b1d857b6744e7e9f7d
01-08-25[04]	3634	bc6ca4c1c1a497450527dac2378e3017a1111aac3bb8967635a435a06df5c762
01-08-27[08]	187	4e22b109218c01ef6eb23d407bc24e2207018bb1c08fe0e03036cba8b37993b0
01-08-30[02]	198	8e26ea0c65fb5f02eb022109fc1296fa548442b41f697215694041b6b839c212
01-09-01[06]	118	cd25aa195159e323734ca16066a7913acc5ce5733b77f819c27af9587fb5323f
01-09-01[07]	728	d34e724585bbc46c0d73692b4e29a92898a95e2f9b2ae8886bf9b64d5798761b
01-09-02[02]	500	79019c048d0b2d3f32b63ddb7c687345f1bcc44520294c36151d952a04017583
01-09-04[03]	177	073d5cc0d1a22672ef0ee00d97825ff06f39883018cfb68e839a110d63447e44
01-09-04[09]	395	197e98bd3b00be975e27a539686fa0f3a81febc653ae31c37708279945b26322
01-09-04[10]	4088	174b630832216958c54939f02ad4c2fa202f38577da9bdf0cd810b3c4d74c0c2
01-09-07[01]	248	e0a0e795c156375658b947e6fa5b9a5cedaa6d5ac255372beb26694ccdf359a7
01-09-08[04]	185	c855a969389dac30108a76f9e4741f4cbdeb99c48d4a17a9cc7adbbf4c837d54
01-09-10[03]	170	9f1501b6f35fea89eb36418ca243b1d1cc0bf9b2461c1fff53e6ceba48398254
01-09-11[05]	458	bc9083a850f513cdcdf164489835dee18a369a75cf58ed3ab298c0930675c4cc
01-09-11[07]	719	fb5e0ef59d31d00d116177ec76463cda7e1e54d4ab13cefc8e9543793decba4e
01-09-12[03]	91	299e1b4d156c54d85e0c5c396b3d3f86b9640fb5bbeee0d3fd61825c62c9f966
01-09-13[02]	336	10387bead8a61489f3717e5f7aa943fa865d4dac21cadac9b498ba187bb26d86
01-09-14[02]	110	c62c0d0cd83dd320c8bfa1db310bc40cb8d98d2d8534c6d6222ab81c0fad98d1
01-09-16[04]	131	ed328edb2cbb4b8ecc6863c6aab0b961be6711e4432e3e42286c165f6071a7eb
01-09-16[05]	118	d02d6d8ec4ae9a3c311ae06c2efdcb276a50fda9988a452ed6a028b146935b69
01-09-18[01]	698	fae87fb00130ad206f61caebee9cc0cf8fe67daa2843820cf5cc179194f0ea87
01-09-18[02]	142	058ac6d27b9fb5b635cd937d1bc2b1aea63f6519c9f91547d107d3d6ef428e87
01-09-19[02]	833	ca4c95057181e5087908ff3ff94fb60fb6e22a9fc8ae792624be484399f477bc
01-09-19[03]	1384	859897e715b4fca2b7bbf2d8ff3b5393d6b2f7ca29e9f14e82702fab9d118edd
01-09-19[05]	139	28e45ab03c7d22b40d085ccd530b79efb53db11200c434d638134ea6d2798286
01-09-20[02]	90	c8c35996e22368d874cb0afc7ea2395c7fd8c14114f5fd64d3d8fa105462c3de
01-09-20[04]	183	460d94aab2ba4ad0f1ea792558c45b433ecfefa6e0f32acab2edca93052f69f1
01-09-21[04]	109	257075de9bb4e12881ab139c164e6c85e8e7d631f3c6e9314486e1cf62d10e2b
01-09-24[03]	95	34d809ad940a50cb2e0846eb67f88eb7f68cf85d2f73cc2baac7165b1b98592b
01-09-24[04]	399	be2a0b1cd52b2ecde420e3f6e63562a344dead5d547e0daecae759370b1ec089
01-09-25[01]	511	fb6eb4197e5417d69b9b09edd42c394f3a167744b7c3c67aa6a7a8b3c6cf5418
01-09-25[02]	280	c88bc7e0cce65e04e0ce2b3b27bd55014e5a8e4be0bff59ba57de98a96457f56
01-09-25[03]	354	6cbf31a054b2d3813bf2110364d75fdf06aef97be153a4c03ca9cd1b91ec404b
01-09-26[01]	129	abbcc6a8f818b3ffed81cae16bfd80526bc83e98104c4ff7e2ec486e741ba36d
01-09-26[04]	912	68aac58b9ee873a2948e2e48d6e6a59215c513773a92ab7d00960e68c0e9a2c4
01-09-26[06]	107	0f124854b347cecaea6ab4e3532ecfa3ececb452915f885d192f964e9ebc7b0b
01-09-27[04]	181	2ec445a05f7926b86fb110c8cf50e858ed35c6808f17af9f6127fe76251844bf
01-10-01[02]	509	9afdfa0170d0893a11323ae67d9a84c6e97a51dc78da1f4ee904d535d57ea52d
01-10-01[04]	346	b832108bdd39a7115af83e082290ff19755f5cd2f1259220cf5f5765f62a2b84
01-10-03[02]	368	09e6d5a441fb49ee1c85a02bdd85b2537c5244bc8f4d3781ad8fc75acdbfca17
01-10-03[05]	623	c60d3e4ebcfb79bfdb4de96cd1ab1bd2e69611b5dc8ddcb66414f583a34050b4
01-10-04[01]	127	5a6b292de8a76635c8318634ea6e3750665f1e85a9a950e52059596a7e80dea4
01-10-04[04]	197	628536b8e63bc89852883eabfd0851b3c8d43c917ed58d4e696e4285059a35e7
01-10-06[02]	1238	8d7cdee19c8b47dbd7910ce79ef897fe489881ed909d485a10ccdb00688211af
01-10-07[02]	177	e2e85fbce98e3d5cd1176215122d49f4909ef35650a6c1fb19e48d7732213c77
01-10-09[01]	232	fb0e1ccf75328a543482dce1ca18c2c3b02d4ae2a688f2ab1e230edca03fe266
01-10-11[01]	825	81919e7324f12d07801deae423a274effcb2ce5f8825e46543e658cd34f6db3c
01-10-11[02]	200	3f92c50ce1b71a9f4fcaa04501505ef07d7b8fb1a2e514a446f9c62783f05ba4
01-10-11[03]	125	e1838a84e86be66e389c8fd5c7dd294d203364d01987d7eb96b5217f67a57ab4
01-10-12[01]	130	b553ff87254719f22969e7eac2af6b42515d1cebecb9fcaa103de345dba619e2
01-10-13[02]	266	369bf0df96bdacbf84a61afb5a2f6eeb995bc52faefb64af00498189190be1f2
01-10-15[02]	106	607a447c0aeb977409637c186f11123e624156dad8e2b8b419e3389b256cfbf3
01-10-17[03]	287	a4dd500e65ac9545e1e760ae44231245b4abe640e67e83508c373e87b77e11c2
01-10-18[03]	2171	5ed4e79fffc93fe9eb738c218903c6ff52c23efcd48e730f161ccc19bc7916d3
01-10-18[04]	358	60e9640c456a5182428478b32ffcb5146d77b87560cf30f8a05f88862a66d44b
01-10-19[01]	89	752f4902babe893f195738e9e3531b8bbde7f8ee472b559d4d8ae3425d636f80
01-10-21[01]	177	4cc9bf4a01715a694a6e9035e2876b309b0bdb26e2afae070f756795f7cf06ed
01-10-22[02]	130	f39628d8019b5fd8daa2856a7d2636eccc0d032c8a729e5c5c301d791f085194
01-10-22[04]	97	bc64fa61767f5aa04790b65262cd14130259074fdf966df135f24a5203275abb
01-10-23[01]	144	21e5d70bb4b606ae19122c6b0ec5394fd5c88207e92361d0c094b1dc5c61cbd3
01-10-24[01]	230	8d72d9d4cfbe520b17c6d319d643d9090d2bf4f0f0085576d7c711c7079f0bcc
01-10-24[03]	946	d136a1517c2421a53b44ce5178f60bd784fb766b7104c7d79bf0b8d5c5e5bea0
01-10-24[04]	479	2b90253d57ca0fd83dd6795a984002be33e187d61d3a5cf49ebf3eb8bf5ace12
01-10-24[06]	389	78d74ea3efc904041461e780c7fab7039da65bc1976eb61c3cc8f12fc2f7e611
01-10-24[07]	150	7bba5e89f71a94acc11653b90d1edc4d2aea0133de23a825741f4227850bfd42
01-10-24[08]	712	71b5dda5c9e0e5725a68dfa2f33e159a19d05fda48cf8159b66a3e2f20a3dfa5
01-10-24[10]	134	b0a87fba10da2dbcab2383af922bb1cf169e802066b8dde98653fc1aaca3a440
01-10-25[02]	112	833d69de71ea3e4b1b061adcadb8f0f3addbb60e306dd5d86000761dfe2f01c4
01-10-26[03]	835	6dba160877ac101b141cee598f31d28dbffded9035099218e8244ca70c4b81f3
01-10-27[01]	205	907bfe2a63f5ea1c2cc4f2bd798b39f1e5a85d54933e73787588c2c5bc5cda86
01-10-27[02]	77	23912cc0fa1e5646aecb459bad788d0fada3e3282dcdac8489f642d69d3563c7
01-10-28[02]	113	fc76e4cdcfc8595bcfefacc7d91062c0f96d657794dfc95f304a6fd82833b404
01-11-01[02]	186	d2c4e4bc61fe90968f6358b74ae47f29614d37dd64eb1fd9f4fab4d53445561a
01-11-01[04]	1103	ac1e7cd5fc9a314bc153b3cce43b6b5a574a3e98a550390d3d55f985baa8147f
01-11-02[02]	444	59dbf271861392f054fccf8d575b27a27102857caf82de22ee6e9ed9658259ba
01-11-02[03]	157	73dd874bd49ac51a4a998c32dc18685a18b6eb18ad7d56be7f89adf622eb6a7b
01-11-03[01]	1123	97c0dc2e081fb929779e8f7f1373647ddb64d6439890e8ccc93354e70e02ffbb
01-11-03[02]	107	2e077ffa8cd057f85639f4886f3cc7df88fdd7cdfe7a43eac3eab9429979801f
01-11-06[01]	781	762b89b355d65318ba9905cc97a4ef1466a209d23040f34ba859710ab12c9afa
01-11-09[01]	638	75eeef3d9f32b7a57ff265029d2e5b8a3ba580a97c9e16b6d77c4d58c172f328
01-11-12[01]	248	01a4b5dc4fc70a4e8023162fe3c3190cc91db7f7309778b59b53a07a6f34f8d3
01-11-14[01]	2192	db9359d7ecdee71a06706bfeac668e47701b6ec4ed86d287595ffcd2d2781e02
01-11-15[02]	562	6ba592ac7de5db69908ba2ddc852b68ae4e29643abc79dbd339e17df9930f90a
01-11-15[04]	535	858667a56aa633278796d4de0fa0911aa164c96eae2cd6a51408bd72a4722944
01-11-15[05]	211	3675ed6504fd81230b4addd1b9f7abdc5b8c5aedd722253b6f7be992c39f1152
01-11-15[06]	100	f5036113d9200359024150fad42ce970d97addd32f8832ba0e80a0c860025344
01-11-15[09]	143	fe1557d7dbe65d85403ca6ec74f4cccf5b12fbe477177a42b9d828887c884e84
01-11-16[03]	153	41f5fb02849b2533f2e824f2e1dd90d9c405b53436dc9250f67aac339176969d
01-11-16[05]	455	86f9b01fe4e63235ca44eab1b7d241fd79c10edb466f04b4e67e37c1f31fe300
01-11-17[02]	586	7bdb9ae24cea76da7fe8fa8bafb8550fae415bdac8c7eeac681d7ab3b98f5349
01-11-17[03]	178	f10d4d431b54a7070f12a7c205121e920bddb9d5f90b5dea0168f4581ecb4a87
01-11-18[02]	197	6423cefb68e04f9cf3326e0a0b70c4026d10e8db9bcb7687d5cbb58af63222d4
01-11-19[03]	191	8b1393979d13677a079e87d684df5ebe689391dd7eb044bdb8061cff87868280
01-11-19[04]	132	fdcef8ed0a260cd6bf3abd5f762578554458bd729b854223d2a61a1944e17aea
01-11-20[03]	463	d88a465554a1bd0763910fac51a75615b81c0950c24c912a307a82ad3b303748
01-11-20[04]	237	8ea1e9b879ebf4243aa6449f9c8de8c24079566f0c653e7d8f383d48629ffbe2
01-11-21[02]	101	f54049443e6a47c9bc64d076bb8a4dfb868e14dcaf8d8274aa70af9d8746b620
01-11-21[03]	162	e747ae25b1aa9758af36f45e14400cdf3c2e9f002801b93588039766f681796b
01-11-22[02]	399	67def9d7db0f66c4dc4d984ef860215af8535d75e9de8e555ff2b4c471eef650
01-11-23[05]	733	befa1b3163866f24f7fe6693cea70b1ecce4d1ade2487eaaccb5e6fd0b54fef3
01-11-24[02]	1145	d371e83bf9d49a6902ae7fccc3ceaae50de053c1969a219fcdb6cab052ee4a14
01-11-25[04]	129	7020cd8da9adb3b2eef89d5624994692e2d95fcf3f1beaf2d4736a51e36d4d75
01-11-27[02]	540	e6fe79e0a1de702e8fc7eaaa76aaca30ddef8c54f8a8432c06f4ac02fde5cb79
01-11-27[03]	789	33726d49578c957bd34a6f2500ed9de0894ad13cfcabb00bb6555ea0fcab0333
01-11-28[02]	2590	b61f8c121669de2cdc84db23b95bba4dd96783fab66d08a73e1b6e63af9ba302
01-11-28[03]	148	4c7e2feffff1989971a0a58115cff054b51cd47bee96875e331629bc01b23cf1
01-11-29[02]	290	d27216238de211da6bb79ce635d56ebd6cb0d84c6cda4af0f5af7de458b694bb
01-11-29[04]	320	3b744d4cbea06cbf02c964797da5bc9d20726aee84ab17e94187b4f36a0284d7
01-11-30[01]	699	a89d30149ceaa61bce9166c2a9a5faaad63d8834f9e044870ff63d4651d24d69
01-11-30[02]	106	ad796795a1e42b3747a4a767735665cd5a46a3c566aab0f020529d25e7ebcc2f
01-11-30[03]	1027	881ef78c1110ac35e08716458eb504245725d001ddd9126ce75dd1ddc0f2dcd7
01-12-01[02]	1267	ae733094122b653d85d0e13674a3feb5d46159372980de7bae9f7eb0b5569151
01-12-01[03]	246	c0ec59bfe845ab7c6b56770581f3fb9cbbd467aaeb5e9fb98d027b1e0aa0587e
01-12-02[02]	170	829f413009795a9e91491c58101f1535198d34a79ca27c1d44c09a754e03bb40
01-12-02[03]	197	8c56547148f3e15e03236e92c90e434db8d97f97c20f37d38949af7c4be50aa9
01-12-02[06]	116	8e2cb1c7b7fe9d81c2899c0aa41b94dfe3556ee05b02690cf65527528e1e02f8
01-12-02[07]	178	3fe8511216cd74dee3593052e3f3650587d6c01fe3b3c327b4cd4d7110159f21
01-12-03[02]	482	752cf9cebf8b4ac95572093828550a0e17a57db2c0be66f9eeeb431ea31a6d19
01-12-04[01]	287	d1e90a0af0d1ad952a09961ac6b92029a593f08163717a6c14eeeffbf9b3837e
01-12-04[02]	119	15515fdad57dfa515e1f9776968e22c6d3dad3dbaef0793da0926611974731bb
01-12-04[03]	225	10dff5f09e8353a06beebee36389fff041476b0ba34682140281816069ea1c67
01-12-05[01]	362	9f43cc552958b4b4a741bd8b8ff6c734ab928cd627969c48920943ff57b9b3e2
01-12-05[02]	102	00070df1c6491faf5ea6afba49830487a3be26bb0c601633592a726cfdea80ea
01-12-06[02]	891	b24c4621d6e1f86246657704599fdbd3836c44e1962133a7b8757c63d23b5d1c
01-12-06[03]	282	eeaf37aff7512fe3f79bf1b42ebd2c0e44938d245cf52cb11574187472e8da32
01-12-07[02]	728	e3aca966910b11403ee1aa5404f17377e85fa108a15835739b8394072987234b
01-12-07[03]	754	ec97f2a005dcd2a64498ab918ead7a20bb8643f7c1196f6fb4412f8dd943393c
01-12-07[04]	451	75374c4016d56109a87a3e12d07de4e2c88d2d5d9b0fb56b8f4ac6861008e598
01-12-07[06]	644	469722c66dd80a8828037b190ef695391f1ee765bf53453735486cf8b1b24f12
01-12-08[02]	509	dcb971e5f46459bf7da5589e1f9bcc25b60d5869c309167c183d6b0a8a0638cc
01-12-09[02]	176	e216f62507625bdfbf87888051583bc63948c3eb94b81c679c84d43b980293b6
01-12-10[03]	93	aabe8e2555258a6bd80161a042382560c4c35329d39c5872e6c422a03061c227
01-12-10[04]	2476	198f54dbc077c64a1e1350366ef3a81929608f7bea5eff7daca6c3e69927334f
01-12-11[01]	366	0ebd0569fa8a624ca1934c4a7bab893b0a514ada2bd03480c679431a968bb3dd
01-12-11[02]	235	1d08f3876f1383e08f3ef8f1af19fdd53df0f9fccf39ab1d75ba7f7145e622ec
01-12-11[06]	1092	7c7ec8e1bb6d4df54d1a306ac0f36690c44a7511b295723524d956829af6adac
01-12-11[07]	163	86df500840e1550b4010a39bd6f58105c4f92a6df42dd0248a8c5f88ba29f543
01-12-11[08]	82	6f52da9dc3fe33d663efd83e103c549036691e5c857058ed5756ee4b804ec060
01-12-12[01]	233	a90eb5f13d5c5755f12f9ff05252e9e1e182e7bf440ef6d7cca6c3a02a4be875
01-12-12[02]	481	f8f31c8ed7e303c6b5504061bb62484939636d5719d2ff20f3fe3457a0ad27f5
01-12-12[03]	117	bf621b885f879f8378c3fc9e16835763f0af0c923c72656324f1e1c72945aee5
01-12-12[05]	202	40bc0f4cfcc040554675480bd5c5f24e98ad2bfb24b0390fda110d45b51f4b56
01-12-12[06]	391	8de933471bd6d71809dda94d9255a3b2078d34deb0236ff534312041cf5bd70b
01-12-12[07]	138	98228c26d9d0485bcee5157743522c56ccc671f59708c0335f9fa973163d1641
01-12-13[01]	243	9f64146c5dd2df0f59049600cb7b91735f24f4062d02aee64143a29dceb224e7
01-12-13[04]	76	699f171cf80c971c7ec951443cdb7fd7e96a5df5636400cfe128402b03ef7de5
01-12-13[05]	328	475ed9ec15626568eb730f67b2a6b4da9897f2809d31e863e8865dbff281ce02
01-12-14[02]	1121	0262fe408b457e6395145eca75261c144a59079f45cff37588317a01d94addbb
01-12-14[04]	153	6215e66c92bad666793db7dc52f145c064f2431e0f6100c0d7466397bf1c8dc5
01-12-15[03]	1250	5555d60da142dc85ae58e02163f0d2ea226b9a92edc1ab2dcb256e150946b69e
01-12-16[02]	110	4b5bc9bd0de2e58f99fef091d7ae81b8032e1b9d149a635a67e2c0451bfecd43
01-12-16[03]	339	7932f43abcd50b9671c4d592382b6711e3c9e00139428b53394aa815cf68517c
01-12-16[04]	284	f049539f502496dcceb3bdf7ee7bb152788aa22c3471459c53bb1c535d222acb
01-12-16[05]	414	8c1b2fec75fa1e5a00d41b14e0b7ff476792ad8c18506115119b6b6270dab51a
01-12-17[01]	1456	f972b1c50f95d6f7a2a0ecee86df55c76ab0e60afc710a16f9407362ca731669
01-12-17[02]	551	8d1fa491b2bfb05f63884359d673afd9286b69deb209662117475dc130a8d657
01-12-17[03]	1184	10476308463be9c1dd8aadfb31ac529278c019f63b03b573aefb5548a95cfc29
01-12-17[04]	208	0ae4c47530c1144e55e4aee0159e135016804162b7aa4898da59ee8b304eb357
01-12-18[01]	313	f570ca3b2fc16c1f39217cf7391dceabfd01aa14eaf14d17c6e4a757d11266e7
01-12-18[05]	114	fba1fa65d1349396f45e282b6c87ccf99e832f72b39fefafe52ddba518f3b092
01-12-18[06]	182	9e219024bf65ab9e20969611d2458b0c45f2fdd212aa0c16df26d6e23040af21
01-12-18[07]	318	7c8d0bc1fa7c7b56d475a01cb6897cb95d4ab04b470fe213d417b65bdcfaf9d8
01-12-19[01]	1457	220b687c86f37efd7b4ca499a8137f5f13126275cf2c09814ee50a52af0885f7
01-12-19[03]	375	062dacb0572731dd85e38a71a252014df76f873b096c3b7c10696f714d4257d4
01-12-19[04]	73	0143ba3e1f259e1fde864c15046060961d40f17f126a4a914768cce5635598c2
01-12-19[05]	152	7c1d2b74504c69ac286d1988556266d153568e66115a1b9836a496b1da7ecaba
01-12-19[06]	441	55fc2ea731cac6872d4e14dbbefc5a2b210b3392d285f75bc715830462e4326b
01-12-20[01]	250	6694774a1d0874475104b47c0a4c521bd86b9cd8e193aae7983036d4a8f9763b
01-12-20[03]	296	a0615371399f6775f752d5b283d8f32ef127ff5cf7296b38a9efd281b9a0afd1
01-12-20[04]	260	47146bc5c5e877f84f75a490d6456628ece5db536039070abb1cc10bb786516f
01-12-20[06]	595	b74e044dfc9ff1f5ed9856c19de82872bd59d927cca1b618e89fa934ae1805c5
01-12-21[01]	580	b5e3ea2475320a2c3a9a88c73d9cb08721f2c4fc8cabe2ec62aa7052ed77fa9d
01-12-21[02]	56	c8c44b22fe82d8e3073135fa266b5013d2c5d9e89ffa3c3fee454809211d3b17
01-12-21[03]	63	1f6ce142f89182bd60f37c2fa46e068a226f61e4c681dfc928ad2f1cf7dc9397
01-12-21[04]	414	5c6b5edac89613d4971ef6d21fa89751fb934951e96584757c47db49520ff6b1
01-12-21[05]	516	b44ac5e3baa3e8979324c55a7c666d44459074f4ccd0e4af146dee9ac48f23dd
01-12-21[08]	347	e6303359d638e43805ea74bdb2eb9ce3594e137574e0edc462ba98d520c0b7d3
01-12-22[03]	63	4c184c7c427bef08c776b4da0952d2f431ca8fd7f25b200b14252d7719637b3d
01-12-22[04]	384	8e9cdfdb163a06389ab318d8aa04857dcefd61cbf50fecb1f8df864c682675fa
01-12-22[05]	97	0debe6ea70f8bca65ee2636fb3d019a1ef09c5c1d77a21ec23134d0736620747
01-12-23[01]	63	f179d2a702234b5a19d003f5f73b399d06c759266a064c1d2fd3f0a4f566f0f5
01-12-23[03]	202	cc2d4c3e934f0de2856c869a385ed595d37ab5ffd584dd1bdac99fb3838b5497
01-12-24[03]	110	9a407f4f560d4263ab75fd1208ddfe86ff933fa41645772d9cf0856d2154c6d9
01-12-24[04]	1100	19ade4a903ffba78a16b866b953dea62748e15d4d37d1453348535c507352340
01-12-24[07]	111	3a8bbe53bd99bb801a81db6db987a594217409e423e471f22252c70cf7e7d418
01-12-25[01]	138	0bbd99b5ce83030c95a5d68614fc4fbae2be78519364b9508c8a7791b1c17285
01-12-25[02]	243	66b4cc2cd3cc3a9ed87717b410c1e2fd1d0c693c6e9c5f3d363e59d4c6df22c1
01-12-25[03]	497	55a93f3aaa5035f52eeeb5ec40b4fa93eee75de0e89736efc5187f8dd008d193
01-12-25[04]	63	b10c9cf0bcf45da80b2e588cfbe2862e6c2de7fd4e2d56c662bcf5713fa65fdd
01-12-26[02]	86	1f14d02692823474da73c1d882c80d3c2868f794d2ce0848ce16731806770b31
01-12-26[03]	86	356fcad54b49df89ce0d7ae4c76c90918af85fb1142396dba11e0821b26fd85b
01-12-26[05]	296	a5ce9c97365b96815c9ba0d64ea750c875b28352aa98ff798176751533f888a8
01-12-26[07]	1568	d9dc7f9bd1efcdf0e3241c8d16762375049c87321c1678d9a5d73388920b4418
01-12-26[08]	102	632ee80b5d542921a50b40c16649244ef59c853f52375c6dd55ef40068c76eaa
01-12-27[02]	433	7d7ff7cfbcf11ed75fbec1612fa16603c35d5a699880114b17f5fc5d4a9eaa5d
01-12-27[03]	63	819ad7a82d74af400ee1078f0d8200afe0b34c667f6940d45743d5f81223fd48
01-12-27[04]	126	3eaac00b910dba03af40ef5b66192726911664d4d31475d7c3714c8493678947
01-12-27[05]	71	6c61e30aa0f97a68a195f9c857937d0772c28044b7b6882c57d5a82c6cef95f6
01-12-27[06]	169	6161fa40417342a94ef8a15fa790e4fc6b5294a6eb503ac7ccce2015f2d30786
01-12-28[02]	355	33e9477063b691eaad0b8e2d686568fa07144cf8069683581925bec52f807966
01-12-28[03]	90	2466fb8db7ef79cac4829a0474e00393a2441deebb89a4d8f563c46ec8e6d127
01-12-28[04]	884	0965bb1f2bacf7a81da239456e1f9fa207b7c7a84d41a50c6eced003a48904b3
01-12-28[05]	68	b36ff54059a13333a501bdbebd5db28306d21dd9c761beb6ce11de1a34d059a4
01-12-29[01]	63	712917f83696936eba988224cdee3cce3c9e2942ff9aac35673299c9dda06124
01-12-29[02]	138	a79ab0d141701297fda9bea404bb7c91794e2982dffbfc0566adc0cc0be56c3e
01-12-29[03]	175	faa39f7d7f9713021bf2504807ef0e7f97ecccc68e9291ad9a1bcc2fb07baa11
02-01-01[01]	294	d727aee76620b3bb43ce9999441ff3984e6cc345045cc4810bafc7b2112db7a3
02-01-02[01]	375	c0d9d42cd5c7f54da77c62c1b8a865be523c02e329865ea8352d88f6ad8043a1
02-01-03[03]	197	6352834fd12eb6b93c7024fd9cf107bbe4d814944b2f6dfedadeae151e876551
02-01-03[05]	3507	2ce0daa9b6b6211bbd52f8fe26d65d0efc3238177d453ee74fcb2f87d16d4f96
02-01-07[01]	191	da90b1362409d80199b4814a2ad3e01bafe30ce2d9a56d124a69fa18f7ef3953
02-01-11[02]	120	7ea043ab9872082df4e8cc3ad93c2bdf9649bfc4682a388a93c23f5084c61215
02-01-15[03]	488	228941d226cad070ac7e59c698d79fd62eef29db6f2d54c1d3b1e0d4522eeeb0
02-01-17[02]	502	56ce1c8c7e98978baef0dd0569bd6e887dfdd8af13bc8040ffd76f54e5d12d65
02-01-20[03]	288	75710962f5840a02bd152c62b03fba2b9b78311c23ad84e3fb1f385a5fd9d1f6
02-01-21[01]	170	ade5092dd9927a12cc391d4aa823cbf00e85ec59030bcb03dc9ec7c7f7035b52
02-01-21[02]	113	242848977cd0290d8ef66dbe71d4152c7261551924292a7e012bca1732193a27
02-01-21[03]	5254	4ae52a391ced9110c2c974a0cf026d15b9abbf5d3434a8daedfa290d37e5ad29
02-01-23[04]	1000	c7ab1575f3a66bdfe112665aec0043124f379935da0066a30a34407737a968e9
02-01-25[01]	1186	f20e6d969940fc3c0dbca5cbf75b018c4f93ad2fd6b686ebcc75e146e208c90e
02-01-25[05]	461	686d6bd8fb52cd6877c3780d093d98f4da394f1f880c2a72c40ab0d32d43d5f1
02-01-28[04]	548	e5d220853d267b0d163c817e66c790dad85e6c4eb4c885b46146cb2ef4ea17f2
02-01-29[03]	185	34f0bfac911053823c4855e377413f21e7ad9b5bd89eb97d7967c35214451945
02-02-01[01]	409	40e06eef829d15bd8acd3f126feae941e0dd736ff8e9b364dea5e362acf59f70
02-02-08[01]	184	c8a42ba58e4355b365e75cd9d365860d234870666390b77752d0898f2435b236
02-02-15[01]	94	5d77e4c330cb49df13b5be0dc96da112373429fe88f63283a14c2fc12c3bddfb
02-02-15[03]	253	7201af321e5bbba0f4e000e54278610bc4f1304d8c1ac591ee654daac7fb46fd
02-02-19[04]	87	61987a1b540abe2d615785dcc50fd061c63235a0edd3f5a933b6cd2f3dfef99c
02-02-23[01]	283	faff7bc35b89a27b16c9fa266fb3652a19e0139301bcc1ddb8b943b1aedd6243
02-02-25[04]	184	95a688cd675350f3404fb52b8959b5c612c55892358318350caad4f3b73dfcda
02-02-25[05]	158	5d101eb048d4f7a2bb366fe6e16b2cdc72e47fe995e5f3c875136029c50ef705
02-02-25[08]	84	367af8a5ded7abea1538609f802e1a18b9a62f95663e54a91ea54920e72c2744
02-03-06[02]	340	dec62a7025fad3e0d10955d0c53344df21c5af9ef8a30e5910657e13961ab64a
02-03-09[01]	61	9e0c84f4f5266e2b7545d23c6a67e3110c44c10b60079c365bcf9546f9033b80
02-03-10[02]	115	c4d011b3473d5e63b69a5811058facc40b6d57a4ab4c2a44222547db90156e54
02-03-10[03]	198	2fded1cc771f654ebe7f4607692eb449c079ccad5a5dba0de788b5ff51fdeae9
02-03-11[02]	309	60c93ccbb3bdf10b6a38a60901d22877a624be5c403adc955faccbf0315b44bc
02-03-13[02]	390	e1741638e80b080567972908dbb879c5468fc6a4950fa2321fb6f6224281e6a5
02-03-16[01]	976	c3f4ceadf43d7bb8340f4703463a905c00a06ca113bdb0475a38541c531ffb44
02-03-16[02]	372	c5d9852ffd511b944fe432749c7c90ca16cbaf1f1b54033493e0fdec05223b79
02-03-17[02]	74	f0c650d3342f895f5af04a64044d3bb65167221cef45185a729a2280557605c1
02-03-17[03]	68	2a461e03a1fe3048b1066e8ca65b9f5c507ed1ca976ebbd3c45961a392abd725
02-03-19[06]	296	d18f6edb65936d712347f1b70d2171bc48fd7348b7abfd7a4f8e4d0ab71eee8b
02-03-20[01]	215	303290faf668c0b0c53f4053f182a431b36408f57f79084df82682ac282bf837
02-03-20[05]	100	135cf9e3d1d50afb0d16c1061b8073ff55ee52a82ac5d893956818f839599715
02-03-22[01]	235	924add43bb6da13585f30eebfe100f0d4ea257188f9e7aab5156e6f9c2edd9c8
02-03-22[02]	367	e2387eb9ced31efea18c7a566ee175006cba50ad6f676d42046edb24635f2e0e
02-03-23[05]	376	26204c8d6379897d6c2b093402059b8097765b366f26ab926024f1a6be853e1c
02-03-28[06]	83	fc8301874dbbda7cb7b337344b4daafcdf175bc36527b879dc07bb0fed1ec708
02-04-02[03]	394	bb76cbac68ae7d2383818fc07b84725224e0e65833cd06151fca8b860c5a8962
02-04-04[02]	163	224dacf8d27991084b2ddb7f223e8f9b711cb8ebe0056abec8b066e8acf92cf0
02-04-06[06]	134	cbafcb5635473afd151f131f57275cc42d7f522a5fa8f9cbf88b518365b4b55a
02-04-07[02]	80	d97f913f7bb75172676c1177ff50d765b85a9717bd84a36350693dcadced6583
02-04-07[03]	592	6e5138daee4b5b0fac055c7b0d69f590616acec870c9743ad734bc4f1e2fdb4b
02-04-10[04]	978	1a676b3c866eb30c4478b3fa7942f28f9bf09d13f7152719d3a953b43ad7c145
02-04-11[02]	218	0fe81136c910b20e89db245ce1b6b545c764fea68b74ec0abc0c5d0c2bd36fc3
02-04-12[03]	317	837d8cbbfd56c2f30bda0d14fae2b6beb675bd5e4fe5e0328d6d7d74240a6849
02-04-12[04]	109	210f37ad0d76702e3688b12ea9aa79d0573d5f79b628dcc84114f353cb9ec449
02-04-12[05]	109	45a59802aeeca7f101b96fe932688faec51bcdeec57cf372f0963d04e080fc27
02-04-12[06]	154	8ab7de18c5cd77c0445560fab572f7df1a70bea43423a69889ee39e5b3979868
02-04-13[03]	286	d41e844c839a2fa7ee3a9a4478cbd8577460e1d588a652b786cc6fecc97055f3
02-04-13[04]	215	a5a66b6bfb3509624d98485b66e01975f59e6342d9d0e12847b8f9e7f67a260d
02-04-14[02]	1015	249448e5bef27c8b284a64338fe54896655bedde2ee8b7ee74f4c863d5e6dab4
02-04-15[01]	1565	3b234099c217d508391549ed28619920da4386644db4b060f64c6970eb18cece
02-04-15[02]	180	4c5afbc364bf6e70dc631a6415bcf49924565ce3d24035243d5dd0561d2fcbb0
02-04-16[03]	942	4021534ee3426bd20e61b04c904413af6453aa9f3b136666e149b376225d0781
02-04-17[02]	87	0339e9b082c0f9530dbe72299335d70809dc1ec10a8388e5cf45f5e02cd68418
02-04-18[02]	250	6af2894865a1e61b3774224a4897cfb7beb927b3c1e821ffee80fec581ad4ffc
02-04-18[04]	80	546daa575b0e3b3f8dcc22f53d20f694c4de9fdd2c9345fc001e1f420416bcc6
02-04-18[07]	158	420032b36718cb854cd2c35a590c9f97f4b5b60690f2e9385b0e3adf169484b6
02-04-19[01]	370	b1d2325ae8f0a1027889b341eaed5be6e3a7dd07b2e7e303c728f9a7cdccd886
02-04-21[02]	142	16e6eb8e72eced4f0d4819fc0532ab5655dbb829169f5823ce5de44e543d5c3c
02-04-21[03]	790	a91aebbea968f7a7be11b2aeb5b28b29022180e2a95acecd04e605956499450c
02-04-23[04]	711	8525b2bf79f2926fb2689ba7fff651ec27f18da5ecdea1328680e669fb5f3e9c
02-04-24[01]	1273	9b574b32917d889fdb19597585f4c8225e1e4b0ccfeba24e7916f826977d5a82
02-04-25[02]	211	ae7b26f9819d3a80837bd5b9a884f57d2b041ad385417ada742f4db077c657f2
02-04-25[03]	468	f32c2ba6d2fd719b13a1f42eeff6e82f48be220f29da245c48ea81463cba2b2b
02-04-26[03]	165	cd11cfe810894bc81f1c45174800d31885f57b2e654e0fc3046b3e1a3c584902
02-04-26[04]	375	31de29433ec4ff70e7ce5e7e92376d81ad3dd00a9f0a16769e5d0cfee9f0a0f4
02-04-26[05]	1232	a71c7fde67faf944a1878a9c680a55a873e78359a5723fccbe284fb12a64b76e
02-04-27[02]	340	a2097e0894c3606ac24f14b48335fe0abd00912010fb6291966438fe0cb8ced1
02-04-28[03]	168	8d89c998d884fbedff72726f9f7718b5e8e8f05f2491bffa28f76d0a9735628f
02-04-28[04]	594	6bedc79976967bda5c3e32f3be49dbf9ec0212879b3e23b8588585fbe9ce65b4
02-04-28[05]	450	eaf6eb912f794b487c71658adb1d70fd843a1ce79bb3eb18e802158c37f947a2
02-04-28[06]	97	0db94568e95a29349d8a998e0295ad8fccc793ec82edf53902657df49ed23774
02-05-01[01]	542	1faac870ee65c5b047720eb8a1f56d9d52931b0a9e066531bb1057162147087e
02-05-02[02]	799	51dfb3eb5e9711e21b0f490abe600ab6882e0f0ec791f01db69d442adb89176d
02-05-02[03]	166	9946e3ad73826d5165c9d292b750b3213532f11725d66df8da10f8c9d1ec1ba7
02-05-03[01]	337	6e008f88ca7e53734f01e97a3bdfa5b32fe1bb0643ed0d17193ffff080fe8fe5
02-05-03[03]	91	2cdc85141b03ea561455c9f5c460d91061f2dea7cb647c78ce084bb46edb44da
02-05-03[04]	251	70e12e20d1bd6889921532ea445b8037383dd623c8997abbd1f2916a7e0eaba4
02-05-03[05]	243	345f16d1bb0f8ff0f4a6613ffb31e0164d00ca7f566914e922383e184c5beb25
02-05-04[06]	501	b1068190f8e99de75d1f403c497616e64a934fbe65aa8457ebeb4c45125cbeb6
02-05-06[02]	217	084361688f02118c340d49341391764a14bd5be7b6228178a209f1f6a00145e5
02-05-06[03]	150	ca06b0e6c13689f940100b3405dad735d082163b6ec73e5b4030446dae0ab42a
02-05-07[01]	1177	fe16c8f14f1b704e7684bfb5b27485b12a105a5d00a29f7c25ab6e8b28a0c207
02-05-07[02]	821	0db42a9d3b04e3bcbbf2e0027b675d661f5f2ecf96c7e1eef436218cc78b2f25
02-05-08[01]	470	d76382ec99f6318440b9161cb5fc43a1f027ce69b2231b0a3da83d88061a9448
02-05-08[02]	366	37e68595adcaf82cf65ddafddaffcb5e6587ce222585b472661d8cec5eb949c1
02-05-10[02]	124	f686b9f29964b85e9d24f3bba87706c4c0104327ce747660fa742c2275e78b9c
02-05-10[04]	194	11c055940aee8c78acbe1f57e702b57c803009bf90a6df90a3eb5156b52e05cc
02-05-11[02]	190	de096c01109172b03202627d359c8a9516c7ae4f559b1db77699440b51912e45
02-05-11[03]	152	8bac807886df82ac585fa5393d7075dd94a0c173bf857764f84476960d3ca8bf
02-05-11[05]	180	f7f988e29ebd2090906d0bd4c72da2b5093373dc5de8aa8d88164547d0f054e4
02-05-11[06]	213	ec60aaab6c79eea675d271b5813f0ab58a979bc7d8e2221f82b4750072df2441
02-05-11[07]	198	1ca41337195b0f80f1c90668c6c59982e93e8440be49cde3c470cb1a544f4253
02-05-12[02]	135	e245b30f65cc1af5f14fb994ebcab3cbe7cc0b8183428230460cc1b39b6aa860
02-05-13[01]	648	fbcaec0d9d0360d5c3da394b0e8eabb7381359b902f4a153edf97f966351124a
02-05-14[02]	87	a5de50575e70b0c2eaad55c04b7832aed1fcdc94bf1775592ed0d392227913f4
02-05-15[02]	87	2f77374cddd5a72379239fb141ed70df43a2e5a38bff79e34d99be0cfbf6e1da
02-05-16[01]	2286	516355a22d373eba9a3a039bc241334573720f03969ae25a55d5941767f693ed
02-05-16[02]	237	8a8062ecb16b761bc6907392bbcf5f0ddee83c5fb98c8918cd77fe7b610dd4c1
02-05-18[02]	250	3bc1a297f6066b74f5f7ae1a5b150b01177c608d5ce812a3ec2fee119735d2a5
02-05-18[03]	122	6a352ae1b82c4b7493d9a006b96b0856e3327d825fa4e8b085dba43d32398210
02-05-19[02]	280	0f757395e9e8d3158af977defa316ca1c15f7db7efe943f2ae9c48ac6bbd854f
02-05-19[03]	204	1f23118b51bbea451380d6667206932f04151d8d4ee72f6962696c190f52b4a8
02-05-19[04]	363	bf74ef093603ec45bf481e292f82764fcb81b1563bf3ca9d43e74ed9a51f0eec
02-05-20[01]	128	dd8f2eeaf40c4f22ee3cddb8a63511636c0beb55563d62df69c70674b17e5b96
02-05-20[03]	570	b01dd3e994eafa7d0f0abf7cf9c0ff2ad402f9ba6e06ed8fa05ebbc14a08e9e7
02-05-22[01]	62	6df4be6585f17a19e40bd2bd8b57470c881a0dcac2646a85c59cd9fae9590e23
02-05-22[02]	195	4942ad97ef936087da63e91c9c9c01fdabd813a55291690fb987fbb2e63b3013
02-05-22[03]	181	32c087d219cbd356bb5a90223db5694fcc90bbc03941162b3a6e076f967ef6d1
02-05-23[01]	84	debb0eed95d1ec8b91c6c67ffc0f44d04be2223ec443b320b56fc63d48978278
02-05-23[03]	74	9414c141a62f22f32233755686548a2de1c5bef016d63b6804d81993726d42ad
02-05-25[02]	104	55e5dfc41fa7e9073d3d39514f6c8d0712c88ebbd10bda15b323d119194b22b3
02-05-25[03]	91	8802692de21226d811f5d761dc0020e3df419f62700d8ab459d5d314e2b09c3f
02-05-26[02]	1299	40f4c997c85280745352c7b74174248f3ec12539159ef1ddc1e1fd95ca5c032f
02-05-27[01]	111	3e15acb2bdd31f9c43f1c2f769b6e0b0b2a8f4a194f320fe5f71215d8d5d5c24
02-05-28[01]	257	85874c6ef835a3cd1d3e7b3779d13122fdeeda9c81e5807df08a322442b71b7f
02-05-28[02]	335	b02a9af00267cbe58ee21b445d3175a33df63a5afa4938c243c651d1e3f11d68
02-05-29[01]	137	e193dd56a9b7798477ec5189fea142ed5c047a1c4d31f02acf2d3c45baae4b9a
02-05-30[01]	99	113f34a81838de8fe175660108aaefd983c564954d1201345ee9cd8dbe603ef5
02-06-05[01]	198	7a5f3b0fb3e4e7036bafbdfa2fa51e38c330fbe0bd1db84e48ca0f5fd638a596
02-06-06[01]	447	0a198edf982f42aba4a2cfa6f39230884c99369411b345bcce1a7ec7f25cbe52
02-06-06[02]	113	10bd9b65a3de27ec178b41bfb36372808899bb3dc463b5717e1d591b1697ca32
02-06-07[01]	74	3e0a8121099e7d007a775b779cac779c5270735dd8c9d5671e2f15aa4a358ee8
02-06-07[02]	254	f152ce14a2f7ff3eda41828e619774426b7c7c6046276e9d5ff4f2663ff4f054
02-06-08[01]	163	3e63d45cf412bb46850db75ac4e3c31fc0750b4fc3bf4b4359a6b954d5798968
02-06-10[01]	266	d364b9dc01ac18de68e9d011cc55a1e315de339ee3112a437a3e6f87924eb1f7
02-06-11[01]	435	e1827c75520a8c29174379a31db66887bb762ed4c7112bc998d7c5d847de0b5f
02-06-12[02]	183	4bc0fabb3a1e890fc28f6da0bf1d8cd4abc85e792d297cfafd76fef11ba49a70
02-06-13[02]	777	54de6350110bf4601fb113494afae0921864d92b69c32e45c2938787761cc1f9
02-06-14[01]	84	fb6a6cf35d51177e6a138c8b7e05dcf98a8b14aa8a11e6240b36f9214d7135c0
02-06-14[03]	336	7e237b6ae435f3a137124a55f3ff1fccf83a765e1c2fb23ddf4756659d73b759
02-06-14[04]	130	1242d51f1cb901689a6e2522776be000fe03db3d4eea9969a118492ef2c6689b
02-06-15[01]	99	34925a63a9dfa6a7b5664d06d180f882340ad5e37c3d89b38d0e7606df37911b
02-06-19[01]	144	4d9f9682024e8d5008c0e69950f6104dde6f14627ab54aca53823674fc779504
02-06-20[01]	366	4cdb891a21297f5440c694b5adb9114b38b45d2b7acfc0b78d91d439e1ab4182
02-06-21[01]	311	4539724fbac9c5b3e910e524addaae6032d28141d1d026108f4486c066779317
02-06-22[02]	217	6b91bc1b7af097204fac0dbc4392565a6da3ec93459094765dcee750739b1889
02-06-22[03]	150	c6b6c36b8dd930ac1b1c33baa26ff85a833ba953fde8a49b0d967ee11ff65744
02-06-23[01]	147	57ee2c2aa82f6d802823d3f6d3fb5b5e7e10c261812e096d8d59b15d17e8960b
02-06-24[01]	162	c839997321a6cb2dd52b9118cbf08cb5bbe01326eddc7b1019cb9ac25f3df8bb
02-06-26[01]	366	0085a29689ae3127e1fe7c3c3d5f334ce538afb538eed52654831ed47966213b
02-06-27[01]	81	16dbdb3f8f89852e2fd956fd3575f4bf5d3b9e0452cde948cfdf7b5ab8bba0ad
02-06-28[01]	83	0cad1dec224cff0a6f43569e7d97aa1747c734d18213b80f6ae059df6c7e9765
02-06-28[02]	75	acfc5183a34c7e32e3d5a58543f30a41af31f4ef0e2fb82beabe7e735d617749
02-06-29[01]	87	a3f7236fe4f55131668af884583c1d9686d59a9ad210c3e45d2e2ec11b2eb522
02-07-01[01]	82	f2c1d568981d29b240c3f21c7368907a209c6a5600740c4f26ff1e210104d06b
02-07-02[01]	287	f05a7ac592088444489ec6ffb04d8cd04c1408978d031559b2d267952f789576
02-07-03[01]	79	b58940936ab789b83c9f22139eb022a5893d5493daeb92de9bee9b31cf4576b4
02-07-05[01]	124	9fb2c717ad2617d96b506998febb4a1c60d1382fb9b385ac8db92fd84f0c81a1
02-07-06[03]	1439	bfe3bbb3567efedb681b323fe3101f3ccb51e34ec55d843b3a103126c4f85511
02-07-07[01]	477	3de9d8dfa375914c0129e718333a1cced7008b967ec8659b3d33d5108884cc3a
02-07-08[01]	192	74a6cd23aae4b7bcf2933e2b0a4171ba46e22591e522b5f68d55feaa1bed0124
02-07-10[01]	377	a455668f5221cb7da07406469b87b136ec82e168f42522239ec162fa6e76b35d
02-07-10[02]	406	3ba6078d7db89d09f364dc096f519660b88ea7df133dd5f5bec6a1cc51b93ea8
02-07-10[03]	633	6ce9e3aac534d8f7620983b5a02b0e69948eda18edd3c8958263295e60eb1bb0
02-07-10[05]	1684	65a0706c45adaa4468a79bd0a08dac3d62b9a0699a724b081b3996400af19256
02-07-11[03]	511	02c8b20f12ec177631c0879107b084f646071e5479e51cfc7eb1e9779450713c
02-07-11[04]	487	f1901f8001ba8cb8bdf0dafbfe6bb210225bd5110fd3148dece455d6f14f44d8
02-07-11[05]	1614	cc1b0b33a090d88ae7da5c584d5fc87d4ce0e7fc40504977f0fef84941fd0fe0
02-07-12[03]	679	38dbbaa7b2b356b3009fc39ded5ba17b5743c1b6edbb9a3f209329bd1c48572e
02-07-13[01]	313	fd0b3d3d79bdc41c99afbf6cd0d1d5d41cfe31ca4df410ee9bb8ddc9c52b2015
02-07-13[02]	559	ce33fbe7f4706e787891557f938b095e80d44c93d02c88216c58383ab4c19036
02-07-13[03]	638	3b2097f2bb48120a1a938467f52fa4e601b0f87ea608662b78cf52efacce3076
02-07-15[01]	50	7ac0e0e3d7dd9c58c13c5d46528ffdf0d79d4007d3cdd8a889dc6c72864eeffc
02-07-15[06]	370	3d4e7d149914a404df39a0f8d8a35b07ffe45ab0475f61b809d15f45b796e7fe
02-07-17[01]	1028	579d251b3772d7e7f86e925f7bef35574db9a1797f58e05bbe1be3aa405045f3
02-07-18[01]	100	32aad2d12e1db2fe5f5e026a9f65472a6a72056d410f43d97e918a7505f480ac
02-07-18[03]	270	8377627d6324dac8134d87e0226bbe474ff3497fed9b2a9af60f15bd05bb9eb4
02-07-19[02]	354	cc0c2edafb9b596acb60ffab8d243f5c0bbc549a712a9c39819ad1cec4c54c87
02-07-19[03]	1075	edc34a0c2e79eaa5da19c1f58e025c9d45d578b97c13d2a5c474545f30b5df11
02-07-19[05]	104	8614c6a0fec2544711026b918ceb7c5a747ce83b8e1756c297534daf75cb811e
02-07-21[01]	242	b41cf778bf8d60a9ceb8d0124c9411270dc334aa3fff8c6d536114f84b71638d
02-07-22[01]	206	05a0e9c396d7df7d54931d04f0c7999086802703ca1653f2ede7bbd83acfae81
02-07-22[03]	640	772a62cf18ba0543c687592b1045ec5b8d73c5f2a039fb9086030dd75078e86d
02-07-22[04]	114	bfe1168e9627d3b01280d5cebf91c44ed33e3883e2d95a99e66de4c35695fcda
02-07-22[05]	786	077556e7a777eac3dd9520b14300a2517be35916b494678689c418e59f2bf6c9
02-07-23[02]	713	136e083a67f924513568d376f1f573bddeccaafc7dcc5827b7d262888332fa3b
02-07-24[02]	290	39f765604e03dc690ca4c16842de693230993c27663d033def2310b690d22bcd
02-07-24[03]	73	ff8a9a1d83e2bc2a137e9a0fa2d79c19c36de545cc11f2afcd50ec076d823b05
02-07-24[04]	577	b487f8852022bcdc486d71f43a7d46989abefcae91a2f6423db9d8af1b0b9363
02-07-25[01]	79	c078bdfc7089a4655396653392cfa244d6ff58fb1f1d35985077a92020f5fd15
02-07-25[02]	815	90d15fa70274b0fc54671dea3c483389f57439a7ba224de4dabafc1bf312412f
02-07-25[03]	80	da0b7c2facc681aeb9ddf8eda8298e32fc474ccfadcaaa35cc5bf6f557b884ec
02-07-25[04]	70	1932cdb4626b7e2394da812ccf81491677c53b46b0535cce87121ece5e26b244
02-07-26[04]	85	eb303d696b9808695df73160ee4fb2933910e10e92e83ceefd47e590c34435e4
02-07-29[01]	172	5cc886192605d7a1220f027baf6af9f30bfef00ebf7c21c2a9fdd7ec900b5400
02-07-29[04]	370	92970ac0511d21dea8af7a4064be1829a77870cd464f21f285055ed3d17231a0
02-07-30[02]	538	f891366cb048c0652ec08f66096af5fe566142369f0f27835a3cfe041fdf573b
02-07-30[03]	407	d289cd7e9595bb8a5ba5c6fb50b76f909e9e19f7a6eee053040639541dc8ddda
02-07-30[04]	204	2d5bc520a06d985bf4d02043c9ed9ee46f812cb14d6a6c10a2a1bdb86dd40891
02-08-01[01]	92	6bdbcee107392b119cd075040d0fc472c52eff14ce33c84ab0a5dcffedd04230
02-08-02[01]	284	fa59ae3840d7e8f79d8af5e155e10718194ded6b9886b669bdad1b94406ad52d
02-08-02[02]	192	7e9d445a85a003a4b105603dd5248e22552c1672ec851c3ee70e4adb352a2843
02-08-02[03]	100	bdd331c610430ee3b68453c678d37902569fcfd743c80dc4e6b4b2b885751979
02-08-02[04]	117	46ec7512133ceee7b26f88b57a7f19838e5c715cabb68133fa624447478535c9
02-08-02[05]	166	4b0398ee68c7b38d32bf0c3e1f8890fcb8ab06cf881be4ce85cfdafd81db0824
02-08-02[06]	209	5adbc22e198b857e16a7cfab49be498c2fe3d0c1186b0e2c01005031982613e8
02-08-04[02]	411	27c29a1376cb3da4aae0677977bf1074a1808729a93cd8a345c7b2ce08af527b
02-08-05[01]	357	0f313e4542ab543d6d347303699582bd336add81209e34e844088d3fecce9caa
02-08-05[03]	172	f0d66ba8b0c108c1c518a4f68078c903d23bb8737aab99e5c070874a2a59b399
02-08-07[02]	164	eacff977e68ea20dde3a34a080ef56c8761922fa9c16899a2ebd6b6f0c6eacfe
02-08-08[01]	1113	d616a29f9f6665cc9cc3a8a16f216957917270e0684310f0f717df7c0b1a327f
02-08-08[02]	184	053bd3f805d3d5d0b132a1470d9117ba24fd59325d64330575e864a73419437b
02-08-09[01]	458	b0d1206735012d0e1fa5334fa475238d15245813aec725b2bcec57346b2b643c
02-08-09[02]	247	a1d29fd2e5cc191b1cc9c8e9a977c365762e3a6bb8b8bf02257cd47bce814a48
02-08-09[04]	391	29eb3b32e6d01d60d4af423839d150d1c6d695fe1807bbe1b50e6a52b61f9ae9
02-08-10[01]	837	c6c05c9f0a21d983185c44518fee404e88157dc1954e07a1d79b241c64877ac5
02-08-10[02]	296	1b0aadabe21f6104c2ba9bb53a05c112c2de57621e87fda28602100796a08161
02-08-11[01]	442	a0ed1129953f7e4b142914770180a654714ddd4db4985075fbbfdda691b08923
02-08-11[02]	1339	c83c4d6ce6b59e45f6a78a667446bd04a76e5ee1e894681288b7f1eac193f068
02-08-11[03]	155	3da3a4fc14a065167fe4f42bf4587aef6fbb78782d48319b3587d14f46abb8f8
02-08-12[02]	703	42e4b849dbecd60f44d3c1ba2e220cae676cc7c7c34d453779b322b77358971c
02-08-14[01]	154	e87f92f798bec896730ec196bc1b997dba9c8b68deb98edfe83ff950f4a40c09
02-08-14[02]	104	30dc363b5aa091e22c5169791062cddf343628b23ce6afa039de89534e783d6d
02-08-14[03]	320	d819a859b40d41ad5d4f0930d980af8acd7a9ba14220c3463e21e4be3a37fd34
02-08-14[04]	99	b97fbd8e789126694be5d1648db125989a0d897fd167a19699e7d07d8652e111
02-08-15[03]	295	a57076183c350092c75542c42dae67973c259cc10a8cc745537c00943857c9a6
02-08-15[04]	73	56c32602bb5c65338506fbc2b0f4af4110c6d93eec1521a31bb4936e53e6930b
02-08-15[05]	145	a2ec38a2222c6fd644daaa6ad7bdcdd7fa77dd8553b7f618de188a2341bd5088
02-08-15[06]	150	b95a0da30138fb7cafb9ef3f89128d3bbbaaa3a79d2027d091cdd3479588a4e7
02-08-16[02]	77	93612d8757ce0425c7967853c8557ecb727c5d26ac6ef2ce81fa8285ab8b1409
02-08-17[01]	1475	f36cb0a418a141ddf67f94673c0664bdd3e505898a98b11a81b35fcabbf9c648
02-08-17[02]	135	2f81c681b8d4fcc82365ad269c85bbfe1addf8a63670c27d8152b42b2c49ad26
02-08-18[01]	64	be6ac8785a92d8588d319af828ab5e1b30b7e12408c1838af30f76c8444f26df
02-08-18[04]	85	080b4c6b7c85b7b796b7617587a9c04c6bbef5a37161b133c539e576ec4dbb5b
02-08-19[01]	93	cf0ddeaa377b98c4e5eca6bd72651993af1443bce2fa29f2827be765a9d3457d
02-08-20[03]	361	48808fac87b5f00258eacd24e459864597baff13dfeda9b3d190cba36a6f50de
02-08-21[02]	128	e6ed1189d628a01b67b5d2f4f5199db289f4612354a4097df6a26d4afb79c0d3
02-08-21[03]	116	07dcebe5a5b72cb5603fd2208fb063abde1a03a2120cdf466c65a8f925eeff74
02-08-22[02]	424	6678cd25690e8c276499326b01f1b93da9a726d9e55226109381cbe8093fc7e9
02-08-23[01]	127	91908072787c0eff3136e2947ff0a8d90a3e9ccc2c587520da2d67d7381fe1c7
02-08-24[02]	3130	e58c74d80f7bab59b1f145f04bab79b7eabd5452b783e6449d4f02771b78cff6
02-08-25[02]	122	490b78d10aed2c508fc170e127fc8f7083265a4f59b92eb616915a48381a2bfb
02-08-25[03]	170	854d10e7ff7ca35cd4ff7f8f45fc58edfe02cf389dab30dd82f4397a0e3fb0aa
02-08-26[03]	275	5efc6d2789aa4d3d546e1eba7ee85922216f48e417cf8408c55bd92a10bd74b6
02-08-26[04]	317	452fa9da7c8f08ffd1e624484824e574f8b5b6e1895b39ec9efc7fd2cc1d1e41
02-08-28[01]	77	c93e4ae6a09a216c8937b7d4f2c34f6431571a71a0315e213002f5be8c12ef3d
02-08-29[02]	456	0cdfd1cd2d2ab2bf0766d33d2b0391b2b0c9b4a228fe968fffd44c13ef10adcf
02-08-29[03]	1213	0f5d7c2234d96311f3f9ac9cbc6a496c62a4aaa750b4ad1dbde670d031299031
02-08-29[04]	103	03dd71ea5bc4204cce1dd6ebdf8004426dc9664e407b6b0e7ec9ee044270ad96
02-08-29[05]	9438	bb93d418cd81dc9e735767d00e0cdc35edde333f3e4a5c61f37268e9a1fa8fa8
02-09-01[03]	76	c39eb7de28c9d3bd7d07f5a444a35200312dcf726b35ef721033ad7372a90872
02-09-01[04]	572	c76e899ddc6fc78849e646ebc0b56df2b81ad4e8c274a260dfb7182974769de9
02-09-01[06]	1951	3b8800c513c2a1c0c701e67d2df7a58a4a11aeb2f5f96bb65f7575c57b8d7d96
02-09-01[07]	284	b3be4f60062f8cbc1506646463c86b21c2db74c0e6d6509f84f2ccae0f845598
02-09-02[02]	97	f7d1189cba16951e6268991203b460c99c1c4f68cab4c7f8137dc6948240cf75
02-09-03[02]	85	baf459e3e96065abc5b753dbd914dbafe58d188d344e891679af2c79b43e61d0
02-09-04[02]	1600	e8b181baa375cf1f6c9acc54be1b1b11f48599bc35a6cd10ddcfe12a57cda69a
02-09-05[03]	87	493a1cc31bd43ba04b1d7e9974305647f5b6d07a11467d953516cefa0c101ce1
02-09-06[04]	92	75ebd44c990c080b635652dbfcb6cabd92b3c3b99ead8bfd53303c52e2964016
02-09-06[05]	67	99d0c4195ad664efb20453852d6c2d50fa9a8c32a47603583e488a66666e33ff
02-09-06[06]	108	8936ee1a7d40a457620c09833f193aa5b314c6b3c56657a63071662b608589d1
02-09-07[02]	307	ff229d83e88254934c1db98d13b9aa8192b506043c5b3652a8f62c466212bf15
02-09-08[02]	76	89808f5df956187b39430343cffda556aa6165068419bc306158aed6571f438f
02-09-08[03]	177	04ad5454654465b96e5636ccc59678d07687fe624603927bd8b00da7774b7fe5
02-09-08[04]	72	3204e07c191904918322ee84e3031e30cafd36d0c5b4823140f268831f40f8e5
02-09-09[02]	66	02184bfca0e1e88041021889c4c9519f9ad3ec8f5eeec98161d80936603ad907
02-09-09[03]	313	8a3682ad3b7bbcacd9e93d59f0fb23406698d6b816747ecc5547b22ad96d5f1b
02-09-10[03]	114	a890d071b073b1b83e850dd79f43a1b848d0420524866a71138a1fed57d557b8
02-09-10[05]	116	536593557da9f07d78c5fb72ffefba5ceb2b00ba70664d2ff374fc9688eda2cd
02-09-12[03]	625	483f33f55be77d54db87484c365a3fd42dc758fa7f31fcd479e2a61806f4c8a1
02-09-12[04]	320	1fdba26e60f323aa4443908e6667968105ce58302bc8ee5a24ea9646ac17c190
02-09-13[02]	90	c266625353dfcdc747aee66a147a082d59037b32852cd6e04457c927565bb80d
02-09-13[03]	123	ea90f5b0f8a8f0083163b7e30241e6c0dfc451cefd991d4c8c04613e7e3991f5
02-09-13[04]	1306	b42c43932b010e7996950d00c7bc240a87ca09c10fb46fb62ed488f21f6da889
02-09-13[05]	249	ba902e78b8e9b7f6210fea3f2b7334afa8f64a3fdade1b23e12ea1b06a283c74
02-09-13[06]	175	c7a6647032b05d85e1e80038be947615ba895ea27c372f2b95952e71a81f7c19
02-09-14[01]	918	62619d1c26b882a1b6fdfed849c113714f89334825ce16c66b82d6c7a02e7ebb
02-09-14[02]	168	6b15dd129937e0fb02653857caef61eac23f9fa68783e7ff7ef1b7bd3dce8841
02-09-14[03]	204	c3dcd1db6584cde9868e42f44a74c4d877b01d3236115f8a7e5ebbc55187c0dc
02-09-14[04]	136	ff2f339e4bc3a05b5b72412a021ccfb5ef6d0477e472b67bcc7515c3ee6bd400
02-09-15[01]	111	166ef0fcee7b12fa104ef513905dd0a1f015f91ac7ba3020a0b21d24ecc4e495
02-09-15[02]	72	714125ee23c934df117df0f6daf9ad21e7a3fd6e921f11f2a05728d40eb3d142
02-09-16[01]	2269	df3d8892fe80bcd49bd15ff7f9369d9426c34305bf902ff9d3cefaf16faf1528
02-09-16[03]	6940	10da2fd040ab9f5beafbe9ec0cfc2f89501ccc1d0d51d7fc7820378a85c88f6f
02-09-17[01]	852	a6dddc9a40135420b27ca88bd65e054f17f364b94f393d3805a38a4ab8e4699c
02-09-17[02]	327	85b9aaf20dc54ee29c886cca62426da0251a8687fbf5905b1bf0914fc973692f
02-09-18[01]	99	9889f67e032e87e419caef3cea8bd0b35298ccdd528df7d51c3b0d65677b9805
02-09-18[02]	1752	4673e0f533bf1812c1034615423dfb8e96f816ca6a1842c6d5dcab049a5bb54b
02-09-19[01]	119	36609c42c8bcf9aec14e63b31d3b3d9b52920fb920a4f26e6810787c1729e551
02-09-19[02]	136	0949b3d5a49ddcdcf1a8f1fd2295f44f72f4838dd25bfc73a77f779d98020d8b
02-09-19[03]	97	4f72b26f545098c7f499602eaac9512a3196cf2c4a1f61ca50cc768a4670889e
02-09-20[01]	83	305584b5cd04fbfa9e890947461039d0ad8f99cb27a7470f8726e332c66f2cbc
02-09-21[01]	87	3f4e726db87b567c243c49a3ae6aab0435ef9420d20b8ad6d1e491294cf18391
02-09-21[02]	113	aae8f99079edd204051461b83edd810792764e51d1ec3ee7c4c6cfb809d91b47
02-09-22[02]	1151	ab4664d65ec33ea5fbd680b9131a1f4c628b2db47ed6286dd3155cf953310ce3
02-09-23[01]	83	3c0c05d6a4466fa382587b8632e5fba250f990996f8b94d28db1cfecee704d2a
02-09-23[02]	194	c990cb849081acb437d0198e00472e4b32ff869e31e31178c3568daf2f6e8059
02-09-24[03]	429	a083d0f08e6dc23320e31fc389c75047108085a2c17e091f11ac97d895d6046b
02-09-24[05]	385	6fba340060aed491e3ff8b500b33f6f55288e1f1c699427d5cf74f57a959808d
02-09-24[06]	194	178a00f6079bf5becae99d2da2bc7ac677e52c2f9eff32c1ccaa9e2aab2cc0d3
02-09-24[07]	692	2fc091de5baf94b9449dcc7c6b6bfa42774d65c876cb45ec5b63478e1e4afbef
02-09-24[08]	197	18f5765c5dedb5bc2018c428a5157ed6745431a7e94fa0fca33812e7b8f99493
02-09-25[02]	83	9157a2428300c323cf1917aaaa61149116c4c766eaa32927fab22d6a22259376
02-09-26[01]	95	7aeea4257e54e0e49a48612b8fd4bcadcc299fc2a60cf021da2d6d5aeb8d2afb
02-09-27[03]	107	7a0ac4bd1cdcbbe71b0f840523d880de1dc8db43780a8638889b5a24d622ec42
02-09-28[01]	1186	bb031d6b0f7c8a993dd8c4e37f5527d7d16e331670a10423a53d5e572c9aaf55
02-09-29[01]	824	ec42f1200b143ec6216ea2477cf0f246861e33f27ab6545c067ee96b8f8324fb
02-09-29[03]	205	a8b4d78942240d0218ca41b02f0ca10ad4f16c9c250edffbdb9c6f8a4cb5765a
02-09-29[04]	192	ec2b2a5ca4f2c1b2b4622d9f435656cfcd8dd5c4d6147a27a6e2baea525e921c
02-09-29[06]	75	4ea1dd378815f9b00d061b71fe5c2891a3f3ab08ebacc9a0f5832b4ef81b31f5
02-09-30[02]	8078	0a684a6ad8963ca0d8107b3a99d988fa1ebca7f803fca9001873ce153c261ab1
02-10-01[02]	196	0dbb8c952813f8dfc5a2ea4f1fd26f91fb48f8ce0533d4f580c63af66b84aa5d
02-10-01[03]	113	483ecf01e629d125fed6e3e9b52549ba2ad2564d7fb371e13b9c993f2b1b0079
02-10-01[05]	100	f54abc6e03f2afbfedace9d5ed1660de93ca868e4805181e2e372e9877480d3e
02-10-02[01]	282	1d08b73aac58bf99754126ffec65720055b97c391ad32a8dff6b4cedb6517fbc
02-10-02[03]	111	521ba1b160cd6f2f5f2a8f3ff2704e9155d3850a7d1a25c522a42545f98f2c4b
02-10-02[04]	145	a57d68f0b78e88728258d2885977a16041118d2722f95c037ac05ffad50330ca
02-10-04[01]	558	517f052fe3e6e1ecb779af2db8d2dca527a534b7616091f744f1d44a4c360a10
02-10-04[02]	263	aeade194baf4ca7f42c0fd4465852c8dad04fb4a51a00cfbc8a4145abd49e9f3
02-10-04[03]	125	e5a89d7c5981e0a970d6fe56d67a0cb55138cabc0e2d7a6d42aabf561b0adf95
02-10-08[01]	195	aea97ff0bd21dc977a2a0bcc321af94c90d4be18383246813a05bddb343e6544
02-10-08[02]	1490	b48c1ea5e60006416efe9731be3bca4ba316aa832c524ef74b7f96b480ff97c0
02-10-10[01]	133	de81b6fe60f5a9c71261bac54c4856014fb1602323be5ea17f7537a9cd76eb58
02-10-10[02]	120	154760421cd6e5f53215501d67625c21a7b8238b6b3160443a236fac7cc3914c
02-10-10[03]	91	12e75716faefc36fb30cddb6c355cfbaf3b06a02eff9e1988138ce13c70e5af3
02-10-11[01]	812	776d3517190f2190d94e4dab4a4161c1d0c831ef74853d1d199dcde815c7cd37
02-10-11[03]	1411	d517b915ec365f04d98008808dd759936689a21e62b5196f631405c86c11ae25
02-10-12[01]	139	7e9f44e97672d0d5ea86e8894e15684e1050a4f4b0ba15477a86ec34103bfc10
02-10-12[03]	123	78c597ff849460ffc60486b39de1277dd208da88a3f663a92104615e7418a0cd
02-10-13[01]	149	e271dbf4b2dea02258ebdee9b66cfd1fa91209d6312c6ca737c7c934f1848be9
02-10-14[02]	95	25b4dc38679d74837fd141783d428e1ab29bcb58130627350f13235645fa3cb3
02-10-15[01]	93	e9a22ac995918eb42249849ad94f9b7c9a9062270eaf1e4ce218607e5916dfd7
02-10-15[02]	171	cbc31d2e8755bfe719b162d6ec1c5de95c856dee40ac8384ebb3f8a9a921ccf1
02-10-15[03]	181	c431f91d3f3948d1ed69c4c440586e0b406954b0740490128f86bbe838b73942
02-10-16[03]	112	536bd8503c89aabce18e4eb3aa5dbe0b71c16a62fd0ff07dcb95739dff6d4c01
02-10-16[04]	1401	17232574074640fbc5da8f04a7bc77b71b4ef5cde51f434ec6092269f18545cc
02-10-17[01]	93	98b2c5eedd78583f10f6b9fccd1f89bccf585fc63af1dd8eae6ca80ca6c70aa0
02-10-17[02]	398	2e3fdbc532c08ae0bc3ace21ee0460832d0397c4d11f09df31b1dc641b215add
02-10-17[04]	227	1c9a4863f2fbf76756e936ffc52e4419947ee0cbfbb25cbaa23594c9d0bf9d92
02-10-18[03]	1093	140ce96487359ff4efcf5c8ff881a266a0970c3843ae968542df0228cb66e008
02-10-19[01]	88	4003306aca7033d973f03cb03b30dd5fe21714fe641af2cf4c1782a5159dc96e
02-10-19[02]	108	eebb7adfba7d0b0f62a9978470357b325cef8f7f0bb7357d3c71c56a03afd1c5
02-10-20[01]	105	060b67697e521e57deed2a2795ca0ba52eff50d9aad7413a620389a19e481da3
02-10-21[01]	123	50b24a95a1fb32a7d54e36f9a7a33ecec97cb4d819c6fd7f77dc405fd7db6853
02-10-21[02]	455	910d1d8c1b7161c2f0bfe0585107a3227e05858bd943bba78d323d300855061c
02-10-22[01]	1248	d43eb9a6bdd1d9850370839f0af9b216f5041879f651439edd003446dd347546
02-10-23[01]	565	1392bec1224ce915553bd9a464248ad64bd477517adcdbcfd48e127b1a67c3b2
02-10-24[02]	72	a3b8f899822a375d0b256e49a7ee4db549dfb98e1ad2a897a8bb039c4681a5b2
02-10-24[03]	285	ea6e73083751060001a11a919281533e61009d885df8dbd24f697da3472e306f
02-10-24[04]	400	b3053d4c45bde5deca7c51e747a844992121d4472a37b499fd682b9affed5a7b
02-10-24[05]	135	6430de5c9bcec1208f278f198376c3e24067eac83433d15575d580f14c70e4c5
02-10-25[01]	580	7f8d60a1446a15531cd57018bd82bd05eb51fd8535e9a6261577c59a363db2ba
02-10-26[02]	286	3c4084f23a3019c9ed1440c87c76d8952a8465fb64a3f6941789bc50e87512ea
02-10-26[03]	186	c8cd6c1f479903094546a6372256e5019f50ccad7fe9648624c9ec165decd023
02-10-26[04]	112	02abbc1467cda866d6ff06e6bfb3447e6f3a2225732ed3fd52a1e3fcc0234ae1
02-10-26[05]	267	e0b4070d29482eacda9e87650d6b7f87f39cde8d95cf5525a16e1ac8ef928ea2
02-10-27[01]	1714	f6161fbb12e0bbac6aa90946a23f3aa233be19cf46b3c39eef1d15cbe8e9964f
02-10-29[03]	814	1bdca11e5c539542db338731da54ad1da9ad1f69077ffd2547c8b653a27a2b09
02-11-01[01]	141	1ce605411aa2ccbfa74f03b857866808deeb3c0bef2159956544a00e665c0998
02-11-01[02]	1988	30d35650ff8b8976908cddbcc0b028a4c2e351172a446441079555b87039ba07
02-11-01[03]	118	0e3ccd066578d8aae4125cf752bfff3f508dc6619c36d1f410e44b856d7a19e8
02-11-01[04]	172	95ef9092e951ae7a2d5df861231d585d59210ff3fe78920d821281ab408c781d
02-11-01[05]	492	8b9293d9fcb020a19f4cd06bc52614b583280786063fe03aea5c840db314821c
02-11-02[01]	391	6956eff2d3c8402ebde1ee039d54e63d5481a374286f73b9c0a2e550b7c5a7e4
02-11-03[01]	54	23c7f064665d513d4a6fdae1f0f5a4b31336f91f4d4db0418def97495aafc301
02-11-03[02]	195	304fb7cee26b861255ac3c6d5faabca74fe936d122164f316de87ec738119101
02-11-03[03]	1297	d9f9b24221ee02bedb7069d5b80637493302a7f272fef554872104a7e662075a
02-11-03[04]	321	d9f9c81e13ca5be0eb3001d24e385c6d76ca52013dba842f9645f22b1d94b7e8
02-11-04[02]	695	6a0e7d626bd5090174fc9766b2302d7cd9fe06773431f854f96e3d36fe8ae7dd
02-11-05[03]	5567	4ebd05ad748cba7c52234630ddcc7086b0a70bba94a89cee95c15cd847641ada
02-11-05[04]	402	440d87ab3371803263560b131b8c62702d1e5073dc67675f9a3879cca8455e93
02-11-06[01]	350	9d2220487f485d7f97b24f6befc0cb3018289c77757baa2acdbc710ffd66698b
02-11-07[03]	9004	ccdaadd8c0b068d05706bd43a09411e9ef769b2ad4025055122d8fa92167cde6
02-11-08[02]	358	4b2019fb7fd50421f4cc85698dee63a972fe63c5ce6cd8738c321e5632504c65
02-11-09[02]	490	57e37f5ed4cf34be6d8ad97194154767d8e8e4a221257f54a62e716376d3da08
02-11-10[03]	617	70dd7fdbbb467a2ed0f6b26e7fe57d648120987795d4f4c804940720c3add2d6
02-11-11[02]	262	3c3bb21b4c40ac4548f6f69bd23ed7e208808b667626bd9b2c21146b4e2a79d5
02-11-13[03]	267	cc25e2a900d0687629e25a7ddd649d6acbe024e86e1066000234e12729b2867e
02-11-15[03]	470	b8ba65310b918129cfa9a84fef6f9b2fc1fa3b14176ed35abad0345e6c3f979f
02-11-15[04]	1838	8dc7895847689011935390274690562d5f5bbc2be7e589ed0fdecfffef958c9b
02-11-15[05]	186	10b582e25a82959ab14518fcc8a9b3f7b23069031b27ec0b9377795749f907d9
02-11-16[02]	289	fdd8fb57738d52131cdaa489afc4179df00e4d0865f611e199acf7007290290f
02-11-17[01]	59	5ba1fceda5dc1eb4b7f00ad7a35eec7e779250f4dc45843808956341dbf26af4
02-11-17[02]	517	2b2dbcbc8e1beb4bd3e403af39f5906da9b4883e6c28c825ef5c6ade8a01c558
02-11-18[01]	104	95bf36afb312efd7607a687e8461b80bfa134b155019a326e751253b98f2992b
02-11-18[02]	88	ca831fbd72fb7fd8425285821b0559908f86414dc69612b57b04cb28757464dd
02-11-20[02]	89	a7c0ce9b97c10800ae955972957c0c263ad40de87317b0caadd83649e33e1d07
02-11-21[02]	131	2393c951b72ced3c8f3e7a1c60c0ff09cc5b5dc122ff30543ead9ae6ac79a576
02-11-21[03]	125	5de6f942e914e83e95f8de637574ff0ef6046e511a740f787b37799c42791e7c
02-11-22[04]	219	4a60550301ce6a9ae9ce1c635e9763146aa382d578678be6fed57ec0a47d1ec4
02-11-23[02]	428	c333099c193f41a1d80fe03bf34b45fe70b5ddbd58e078c1aeaaed177c37d8bb
02-11-24[02]	219	bd3a5b34614c097a52eef2f1142416248c0052fdc8239e2cba3c2e627c44b866
02-11-25[01]	492	6ce8cc1ca9b5169b39e45402fc2e322eac697caf8a0641e626155968474c616c
02-11-26[02]	622	7942ca24b1a52a0f11c3bc3ec5fc31a58007c187defcb1c70c9a46f3228f578e
02-11-26[03]	267	fc56528b47e94e2e6e9f72f593b5c8fc4df58c4e91bbea0a1f64d02720ccae12
02-11-27[01]	68	7274422e76db1c99894c54c77a4091382b21e8bc0c6126f1f53dfd94f9122d9f
02-11-27[02]	662	a00d27cc34f66e6a5e2c00952b6b80ef8ec7959f61cac33e241b0b9d7f623211
02-11-29[02]	91	5bfe177238869b073b848adcbd0ec4b398d047a9deade25ca6db673b86a6603e
02-11-29[03]	103	aa08cb96cea06fbba3a7e2b24a276aa1ba149fcbb98e771755862a4244749477
02-11-30[03]	59	421d7c2e5b6a6829e9b2a272b201a394e31220bdd113162eebe0fe0ae9d52110
02-12-01[01]	92	796810ae735760ff0c6bf333cf58f0df7bd0a12143dd747e89b6b00ddf2fedd8
02-12-01[04]	554	125284b7f18b6336b58a6effa4f3a97c2fb921a8e147981f77ad88d5c6f385ff
02-12-03[01]	168	c06c8df102b6b78870da5c41e09d8f52468ebf9df7040ba3d5be3e60dc0e12d7
02-12-08[02]	403	d678fb06be3775e3ca4dbbad69a10452326a220a57eaeacd6370405125f49c70
02-12-09[01]	114	fcad600d728c9c4d4c8697219929d8ad7f951028ca95d51e126a0641cb570145
02-12-09[03]	99	5776204d777cc969c1b939175a4a3bd6b2f2785efc948963fd0d586a226bbeab
02-12-13[02]	127	af74298b37da5f3a6f7629d0d189711f7aa0d5309403755a7e74d0a84931faa3
02-12-15[03]	154	1292d98d9bde589b7c014f192824856a64b6ccc7de2b926948647f5720ed52b1
02-12-15[05]	387	625e374cc4414bc3b149ccca30b16995971d907c09b0ed30c535b3dce66c05e3
02-12-15[06]	482	2d1ea46a63a10399233f4c404ae96a7efe73bb7f271720e0b1b3466862839d10
02-12-17[02]	451	b4da4e21f595f7b095262bde1d3729819e790ccc108fd031ba2df781e1035e8e
02-12-18[02]	215	961f13b1faca0529fe3f89f4da5acf323b5284b5465e73393cfc0ff8c0ac14c4
02-12-19[02]	315	44a253e6b507b360902a3664c77ea7ddabf23c658d426c7d852048f2b45efc5d
02-12-20[02]	97	37d75e698ed7c075edb27036d8481406b7d8c5ae8b3c00e20f23742d6472db49
02-12-20[03]	211	c5e4f9486fc1183ecf64e7d2d3debdd079f978bf68c94da41ebc990b64db54c6
02-12-24[02]	115	4914c3943ea2653dd82a5f3c350caca40ee34ff372f1d2f09dc30be4415f9975
02-12-27[01]	61	7824e0bad15a4b0925f886e9aac4a6c9bfbee04a679c737a358f5e0abf368716
02-12-27[02]	552	2cf6c31741ecd926418276e779e41d9fbf4544daa39987010575ebe73d3283b0
02-12-27[03]	186	b3f1d9d5945773653638d24912f8f30cd874d363e384eadc172570c800bba23e
02-12-28[02]	214	a03fb4cdd0f2491947816063947fac3431faec6d10d803ba71ceae91b7f8c9f4
02-12-29[01]	145	c0ea327878f4d49b3a5cab94eca3cc185f57ea4a83ab43f2e62f980f73c8f722
02-12-29[03]	59	9897a90472f57cd9847256b4da126e5bb5610b804702043e6788ac8f609dfbd1
02-윤01-01[02]	82	2c03ec406898bb21f6baa7ef73d6feacf2b19f029c4a2e2dcd18fd709f77fdc1
02-윤01-02[03]	329	51804d4ca230f2d16f7747437384340d538c9ae4bd7e831cd168b2411435abbc
02-윤01-05[03]	272	2466f5fbc1d80e59ed66779f697dedcdc3978d8cd57b49d0637a49705ebe5d9a
02-윤01-05[04]	205	bd7abd6ff75c12d64154b78dd64613be54b4134feffcc0bf38e148715f07481a
02-윤01-06[04]	572	8b8465f2428411f81272d59203a62549034879a5a09176751834e72ed0cfb631
02-윤01-07[01]	725	1f44b91db33827845fb736c2aecc7e94a57cbb761a09562eac84cb469f378f04
02-윤01-10[06]	677	99655f85f8ffce4bbf355d2fea428bd436692e86311be0b4e868f8624c6f7a70
02-윤01-13[04]	125	9fbf623ac5cc0590cea0412830ff440f1f1dbfb7398073fa9d145db4edd21c70
02-윤01-13[06]	149	5c2377fbe30c3d6ddada61710f61e9843fd590b86ce12b9171c0fb169dd4b432
02-윤01-13[07]	196	cb6c4f5382217a451e3e86eea883cfbf647d8cdcddf9e41009ddc9ea830830fd
02-윤01-15[06]	888	29373e5265c58b6fb286c74ea65ad8f84903d4fbf42adb9e25df187c1143f278
02-윤01-19[03]	128	bbd2c64c670b8311967c959c57556c5f0e7d061e803a05772e411103bb90c4c5
02-윤01-23[02]	716	2590618bbd73ca72b3b45e9dacbf68be6e0dd35f34a711cceef6cca469b0ec9a
02-윤01-26[01]	84	e665556cde5a03bb4e7e2a6925c4fbfc4745dec5bf38d22c34fb9604ecc44463
02-윤01-27[01]	60	aa55dca1cdad5136d9d58f6d9a405f00e80854deeeb5934211e8b614a7e56a02
02-윤01-28[06]	3649	46c0eb6ba4c23ec98a5203037627e262fee3fa3575f2b14fd02f0ca0f7820925
02-윤01-29[03]	5667	89ddc5d9dd2f31f3cf98bbd06ee4a441f3336d85e0eb98af2c16f297b2e5d916
03-01-01[01]	1115	363861529a4ba49d1dac73bb1462355d85d486df6267b032fe6e816e446a22d8
03-01-03[01]	580	3ae2d9588d5e4847b35c6669f4dfde52810ac14b55efb7ff0af57a9bb0109dfd
03-01-05[03]	776	e7fccd33a47767ee0c155e6ddf7dddb01f83e690284a5a10555c4d09c62d609b
03-01-07[03]	158	0a4eba25940d6d94e5357accafd6799bfb205e2303d2c5448f9f5ae5c2c03583
03-01-09[02]	141	26b46b9f397ae4c5648e4d6a2dab3e139313ff7b71db23673f26f33a68086556
03-01-10[05]	602	2331c8a31b656d050df515593cdd74ede6bb8cf06ba2a281d2913a4a246e80b9
03-01-12[01]	154	415e1dd5fc00ceb20c2ae41be0f40018781167c191c11f8ccb9459c472ae497e
03-01-13[05]	278	0c5a92cca6fde4535769215c6a145fa68413906c5ca1ea3b5adfbecd0c999955
03-01-13[07]	430	543a247300ef6187e5eb633f0a204c3c3a3ce16cdf67a1efc75672cc1d53c2e7
03-01-14[02]	108	11439b3c09ab40055121addbdef55a251818187947d70025bf2ebd429be15845
03-01-15[02]	150	ec8e80ef4af2c98d7d5f58a73f53c808fd49f405a73f16187c95a3898b4637f2
03-01-16[03]	1094	5f48f08e48dcfb09a5864806d2e824afa5316d17902eb406bdf019d262fd727d
03-01-16[05]	381	5e70db62d466de6157c4aca1a50c8cf631224e270fe2bb3ca636933e686f2314
03-01-16[08]	2817	65aed19cf47e6af539f9416c67eb689a77943c54b3beb341e3bb8b12e716462f
03-01-17[02]	156	97f11bad56d2279a09082c97be565ab4fa8b7e2ad703efdce0b8bab1f64fde7a
03-01-19[02]	94	7e7623e6f522876a05a2571ecd9166a3841d931266db55855466dd90a6b524fb
03-01-23[02]	898	c8b986b60853ab3c3869a9073ba4869dae2c6c47f79749a91156c82ac36df2c0
03-01-23[04]	477	f353b272a2cfdf6c0a5c3fdebca6cf93d954c4e9f77d4b63e403bdd82ff9a980
03-01-25[02]	291	19fc2b8a68fd93a2cdae7a24fba49719c47757ea2eae2f853554e2d9378a3385
03-01-30[02]	195	9e2e82fc2177886b5d264ca2afe852b10ccbd3a3393866b0164cb144d99866cc
03-02-01[04]	112	5735c558f22f86eb65ba7c24b3b255942ccddffc20a85ca1f35cf0a12976da2b
03-02-02[02]	230	dfe1bf844be063acdde1e65173356dc1cb32e9691db71ef48c35320b2268f307
03-02-09[01]	292	1bc50dea2100c2454933753800ac0f9f3385aa558a5bb0a43bcd65cf1f55a715
03-02-10[02]	239	9b7241e970ecffe5f2d24b7038f43dfc2e87918e02efdb5e84c9a3fb776a698f
03-02-10[04]	444	d9c9f3c9ccc3a1bf8981c7c47d337e85384cd0cc3d13d7424d66a04d8b67c13a
03-02-10[05]	269	ad966a37ad817c056778653c5be3ca5fd52e21489f97a4a6cb4bcfe0b85b1e8c
03-02-11[01]	295	a6e018b20f872d55c0b15ebb56be75a63ad01c69e83baa65633637590501ec72
03-02-12[03]	224	059118f28ce29d38880f3f13b0bf9c4a8d7a44e1fa464d66c876f20646918887
03-02-15[01]	164	12b0f06f5441b60b277d33f569bd1f22a15c47c29b0f4969110c22fc32c1d9ab
03-02-16[01]	82	f4add95d67e207ff6d83f60689711215690600fa99ee248a897b6ba65dd9c3a9
03-02-18[03]	2309	4cb2ee4dc1acc372895230c7eaf27b1a7ded4c460756e30996dc821650e690f6
03-02-20[01]	131	b7e2cadceea953eaad9540a2daf781394a99c03b42d604b203f5fc46f083c4a5
03-02-22[02]	765	787c77515bb0abfe438e82be3d81fd0cdcc2a92105758af810a0abb3a6d2f721
03-02-23[01]	367	c7ca19c8bc7e3bfc8133583c2fe8efe67209dcf5790d6ed7cde51800ff362450
03-02-25[02]	638	2702709148cbb567bfd9719691a0acaf6350c8ca652f2ebbcf00e08e09d9b7e9
03-02-26[03]	125	0dad831d1bb0e54f72e78c022579e2d2dd89b091729abf25bbdd732c86325845
03-02-26[04]	131	af708b45b0d784d45365d694f3674b537f260fa8f2e69e7e8fc8ea7a303d3ada
03-02-27[01]	421	8d0cb891427c13461e3585aaf5238b1f6607695ae08403d0cc42f32fad3d0a72
03-03-03[02]	177	8a04d7c9873d4558b5283ebf8c537d0b046f0c666f1fbebe0126baee90a5d02d
03-03-03[03]	161	f3c4cc165b09a6724c22db2acd4e01b16383ea7a83d1628473aa4193f8b7d4b5
03-03-05[01]	664	37e6185a1f320bcb6db689a2becac5c88454b931c375ef95974a82a49e012770
03-03-09[02]	68	e71e37935b53a9293502d2567a8e127ac665c8344b42f3b130f99911ce93aa99
03-03-12[01]	191	4f98f6360683c68dd94f2e8b53168c3afd1bd6f924111e407148efbdae9a37a6
03-03-12[02]	108	fe2293166ddf8402aa7ff85bc121512834586de0ac4ab4bfb983b8a7e2929919
03-03-14[02]	81	bd3b2ca8e2377cc137402b4abf879681819525e4e47faeae508701772e47e234
03-03-14[05]	303	525e9c2e63108bc22f86430aa7a0e3c40ed28f812c8beba83d05143fa35c54fb
03-03-14[07]	193	1e8274f9ec999bcf4917e236e1beb69410993a0bba14fd8aa7883a7afe2b1e98
03-03-15[02]	729	20f5e34979a8b7e8eb8aa3ebd5e18508001295d045bb48314a46cb4128ae621a
03-03-15[03]	364	bf2ba4c03c2160d3ea366031caea17647cf7ded85e88ca925197a39cdcdc98b9
03-03-15[04]	114	587de0a6b4063375590c362501d0ae1ed2dac9379a9015d8645f4024a714eefb
03-03-16[02]	330	0721b9d47f7b25a87b1123f1c0564f975e45d3f1dd7607012c8da8682b5068d0
03-03-17[01]	99	d805e8123c096275f923dd95ccd27f56df69308cc8127c3bf35a8f4e4de55e08
03-03-18[03]	181	84d533f855382ba9a5643d295d95c11451361aa09925318884f8752b44704e98
03-03-18[04]	136	2379c69b8ef827ebed62ea60230faf86a25a3c8d2e4faea376676a2141169203
03-03-20[01]	774	83b360041c10dc672496e275e66f37c188f0f9f7edf5c156900805fbf6a229f5
03-03-21[01]	155	cece94d9d51cc83c0b2a568224c27eec159d2ec6dadab9aa37a08657695e38c8
03-03-23[02]	74	ba0d3d9f7f4d54f032faf7670ab6d448711cac54e571112e0c9885f980338131
03-03-23[05]	208	316876ae6dc799665ca50f75e005dd6820c242e0e108c427071e67805d5b1b4c
03-03-24[01]	180	6cafe748793a2a69486a8a011a20d14fa577332caf532205e6057e079e30c57a
03-03-24[02]	479	4cb62c272fa6b5082c285c4b1dd18b97bfbd644d95e8455b0ff43a5cf0e80e02
03-03-26[02]	267	bc2cc37c460ee3c45529bd881739dd717dff629475bb5effc88c46bd3a7ef2f4
03-03-26[03]	201	32141ea6c006897d13f201d09cd99f3352f81a3f8ade42263ebeab8c3cf3c377
03-03-26[04]	121	05e0600e3c012faeffb0667ec620ca4445b662e786edb0f795dd349eeecc8f8e
03-03-26[05]	125	7c00c8e2b9f9608e04ae659e12ef5cca5de71996bebcd098ca3897d470822a32
03-03-27[01]	153	3057268e9e9650f0be95887fddbbb57279c7d92969a0b35531dc08df831ffff3
03-03-28[02]	801	4239409e9245f540be22804b89692b9d8bfb9263373c0045347511fb74d989c8
03-03-28[05]	223	76af7110b7f6e2de71f8c405f3a669e4e6f7b42bd2cb086994abb648ab46e6b8
03-04-01[02]	103	25b1fb732b4e1b7b0606ef05af6b5b2f7ae52aba3c8c9d6b8cd5938c7b421e27
03-04-03[02]	1143	64b1218c8b78fab07064f30b736ef5ba25a0d8a84c32dabc6c3c8a1b8f48ac7d
03-04-05[01]	686	b18d76106451ec57a593f5d90e75104ed8a536f9a5bc964aa6c86c7c3c0f8381
03-04-06[02]	280	7f73d792c16d00fe1fd733123566dc490816f85fce0d4c338fad1cfee379d2fc
03-04-06[03]	1633	dab44115eb39b8d688030f74f19a781021ffe41aaf052b25260d5912ddcf0c6e
03-04-07[04]	1862	8f133cc7d3b79cd7958b3cbff5a5e098490201e1ea9151552264298da3356e73
03-04-08[02]	133	907abf089050ccfe87de8f974afa2c538c6db072fbc378862555d5d7f89a175b
03-04-09[02]	90	c3fc313268af8be3e5a786cb6b5cb1f481f5818c1696c0c9194d461ee153bdba
03-04-13[01]	247	82d95be98027c07271ba38602303cbd8b6ae6008ba7bc437209a4a3a5866cc70
03-04-14[02]	424	9bde8e19b4162211cbc90688bbd7e14fa3b802f00ed6dc28c5c6abd60742c5b8
03-04-14[04]	323	d0278be5e1a3a845d31d89218ca1da5cd95e35173c3973a9fe6cd1583dac6ee0
03-04-16[02]	141	850ff127dab51a49c049caa6b7168e910bb7f706316a9a4da29fb75208a2d97f
03-04-16[03]	151	1621cdd5396d38ea59553506c3cf944c8595cd9a73ef6eabb794bc60f5202cb3
03-04-16[04]	118	f13751fd728ff36eac83741508c79cba6f1018dab32fb8d4687d85cddad1b7b7
03-04-17[04]	177	2e7a82518ae60f0de656583aef79664628b9063ebfa52022679016e9c1942c84
03-04-18[02]	439	976c0a84441e6e225a347d59b13731f67a53ee664395eda714da6ace7757944c
03-04-19[02]	155	dc2021fec3ebb5a4f88db5daf9398fb3d29d7d85b73214a6d86cd5717431a564
03-04-23[01]	738	158ca2153a89de92997e9c81f61bb7ba7ba24c6d50861a2ddeb1e6d1f67747b4
03-04-24[01]	155	d839d233a63578d6b4b1aa48fa5791f3ff860d4a66846554372425c95c6a58c8
03-04-26[03]	106	c6736be51bc78a673af76d0b41b9e5e03d1a8d714dd9fb56e6216186f7716401
03-04-26[04]	2244	1edad069f0241deed7f365514e4495c241c9a8a0d752eb2a4e85bf59df7907b7
03-04-27[01]	235	04e14b52869619073697e826df313cfc0a0c7e92b818f12ecec3bf21832846d7
03-04-27[05]	250	20ab7591aff0982ca3581d9a5f0619a610cef1ef5d1af5e0f968d80bedd97a64
03-05-02[01]	204	31aacb7ad26873df4ba334009b29ff1fa614c15c5698fcaf5fea055a2981e88c
03-05-03[02]	96	51217112009964e978648e5505258679dcaa254b7de7774dc75e7eea4ddd8be7
03-05-03[03]	111	59c54cd8f7384a66bc87451a55c11387c5986ac8a444d812b23ccb285b0c884d
03-05-04[01]	1790	02b16a00121a3b4465ac2fd2658d95c36e7d8e16185ef744f3e49c20f7e9ae73
03-05-04[02]	241	0221df42667a4207a9658dbb5a34700b57d26d26f27a594bc970ba36df205c6b
03-05-05[01]	1149	ad9652b62092a74abbda191fac06526df9e9c663e429b84f43d0ddceeb0593cd
03-05-07[02]	367	2c37825e8ee8acb8ebb7a719177a3b3d6cb5ed9c594b0ecedabc65c4ad23e51c
03-05-07[03]	136	ff49029dc7c7b1d37ad9fbba09b1869f60b49e05d03705e2b4671e8fd0846df4
03-05-11[02]	265	86dd16e22c1d3a13c74dfd6e3103f9b46659bd2a9514edc4edff07a53ebbccd4
03-05-11[05]	141	c9bb8a6de25c55fb3103e99ca0fde74ff8a2a6118f106e2cd84299b37eca8925
03-05-11[06]	107	51097b721f9d342e77bc9822d1cee1a69d84ec3d2343b63ccbd556ecb926e068
03-05-14[02]	1671	3bd3c4bd29cd3e78e9b44dee9571780d1f5b94190b96013025bc6d243b053cc3
03-05-16[04]	174	07c3dc330381a38a081501f65c17b46aef0e160829e971fba8340b0797d1186f
03-05-18[01]	439	760dc0c2757df90f6c9994fd20bd0ac44db62fadacad7f4383f3703ae8db395e
03-05-19[02]	783	528393b9549ebad9349234c23d28106993945326197e5168272b71d7c33eb63c
03-05-20[03]	487	8de652c7dd44ffbe3daf13a3c470c7331c0bd6d25d8836584054cf42910fc911
03-05-20[04]	78	67d8d4d03bf719bce02c94bff3a16b715b496a75d2ee19ef76585a8308abae6f
03-05-21[02]	82	55f282463b9cf021aadda45db95ed3fa3ab19f7af814e80168e5aa35d14c9c5f
03-05-21[03]	122	46611747d2f6d7a87592f6cbdf05b9d3d4728c43f5909044cd56667aa78a225b
03-05-21[04]	544	779e5f1a398173b525abd3b92c4ddaad0bf89530ac5ffe3a4d856d236e803543
03-05-24[01]	71	c9c3d95f63fdb41ba85afd69d180e794bc8ca46dc9be7d7cdeebb752ace64311
03-05-25[01]	77	8ede9d85425849189ad5229c055b72d5a729b22710ee737eada1b0a85fd09198
03-05-26[01]	80	33793920b0fe94af80c90bdb493f9f5274192ca66e74415cbb5c231d224f70f1
03-05-27[02]	563	3f8bc85148999e4edffb9bb84f129ec998751c1c78d295335614dfb6871b2ba5
03-06-01[02]	3675	b37a9aebb2d99c61a85f4a0b92f29be517e76ca3a8dad2005a5f3f090d7162b9
03-06-03[01]	129	4792c5e4f240d502d3b86bc29d040010c932893e01b61305a4c70f6ec56c64a0
03-06-07[02]	116	34424c83ba477601ef6525f8031501cfe846acd1c98923dc8c5ecd65aea2da91
03-06-08[01]	59	2285c4eabe5d791f255522c01a50225107bf04810b9ffa1215ae370fab641730
03-06-09[03]	703	3aaa4dabb310e2e02fbbcc42bda30d0019c97d05efc867fbdc6729bb1c2ce48a
03-06-09[04]	137	8072c4c10d2eb0a61732ca67679723c0e2f121e64d44e02e82c00d79302bfe17
03-06-10[03]	221	947417af482a6a3dc57a8c35524108261dd00568b63527d3eb010c340a056c7b
03-06-10[04]	384	aa34710e140dff5081aae39829f00f03f8647f91b5f631b8ae926496405a2e1d
03-06-10[05]	216	8b37cb1665312d37521d2ecddec7fe6c9c44e3c678ea8a076710d1bb70a63352
03-06-10[08]	251	782b32fe255eec042387667a9efde22dd3522beec6f33981214c42e9fd2f4247
03-06-12[01]	228	032f0a7e740b445338feb1125d13b546126f083d4d63837bc64d6768341db3ac
03-06-15[01]	104	7e3685d737a2a1243f74bc3cb90641e72238831673af3015c9a223b99d9efca3
03-06-17[02]	148	00253504c872a8a16113672a24f7009b2d5801e5e2f6e44d3b2012ee5f889a95
03-06-17[03]	192	000bcbe6c8883fae0c0619b252746172a3e47f9e2fee69a1953a5aad08cb84da
03-06-17[04]	305	9d363913959542b009767aa6de5bbd7730279857c1b7ea801c5f464e3173e4c4
03-06-18[02]	230	7609c7b01125501c7e091a7c379303a5499d9d1ec573c20553bcbac2bcf92c15
03-06-18[03]	180	4d9d6434b51368463405519f7e995c346a89dd9794b266c4756cc020ab1cd610
03-06-19[02]	146	40f5171022bd338abed1f08e37c46433f8528226714a8c9d45d7e04517d74d0b
03-06-20[02]	153	0bb562fa56c9d5d7de4321667e248e041b6e0193b614eaac4b583903a02e73fa
03-06-20[06]	109	66262fc79c29ee99885d6e6c5a85e7168c540ee1bff7baa7466be831ee78aa8d
03-06-20[07]	16717	a405509e391023155ff54745d871994c110e0d4a2eae1c7e23ebabfa2220573d
03-06-21[01]	622	8d58693b15a244d996855e13d43c4bb5dbe0689729ada8206adf081a6b2ffa1b
03-06-21[02]	250	fa11db9ffd99c29853d5e0944d8122c7f2f6cdf51ddeffce0a8137cf24b4c3d0
03-06-23[01]	453	0289c6be5fcb15e0d077b188579aa5b406c4a24c1313d81bb5c8ff94552bc226
03-06-24[02]	141	acf01c15bf794190f49d43ef4b6f8caf819e43362d4af2048acbdaea0bd3576f
03-06-24[05]	266	ec504378588bd67d65a1ae131aba8bd9e0ca62748fcf9c54e6427f4bf094225c
03-06-26[02]	113	1427cad724aaae1bec18254624f8c81bdd1e6f0d2f4cca1690c6b94ade2eaea2
03-06-29[01]	225	befc2834975eb3fd2b95871e5406d9067cb585f6d0bad1c5ce5e5815aa2a51a8
03-07-02[02]	1027	692659ea9edcc0783bb175723f3b62c96c26bc3b59fe7e2382fe2335e0959045
03-07-02[04]	84	25f517be8571240aca5f378113d1703b6907a081e1e85c3e6d20476cb30ca7af
03-07-02[05]	2409	25986db8d296094aae97adea9f49a5f9560f629f9f9e6d5c0ab46ffba09a88b3
03-07-03[02]	78	16139e6282a3d59f920275e5d5b1afb66d4614a62122b22f66b399fae88fc92d
03-07-03[03]	2164	79f146af51823816aa3dac12b4bdaab1fadcfe20ec2f2dfe2f1d1055183f5e51
03-07-04[02]	387	09979954dac96bc3a3c58b77fab2c86b726065f44bfdc39f1f32fec44e120376
03-07-04[03]	100	88632df5e630e192fb7f2d3879c8e1c8adfb0e1b9e05adf4c622ecbfba00b5c2
03-07-04[04]	582	7af304056342faa8d061785134e4fbc987ee0c36c8e5813208eaa078ed9cd375
03-07-05[04]	192	e51d3232006760f545524b4a5dbb3f6460b0184756e995cbd861448577021fd9
03-07-05[05]	182	f9d1f33e48e3d61b15215b12012afcd7a337602748ce34aa410e729c283b87e6
03-07-05[06]	273	940356bf50138f81d1be425b2c88bb221b5802b72bb7f13c3f96fae530a2a9a5
03-07-06[03]	243	a114504c4869c84d93a4b76c9ed39b4f7ccd37c3ccac9f58671b0a2512734401
03-07-06[04]	193	715e84ac642f4713f6c604b019d886f26d4721537634ba9caa7e14802bc02a94
03-07-08[01]	85	dfe81be45e37ad5f6a7063daf66f496aaef47f19b0669d57fca78d723e4882f6
03-07-09[01]	81	c038a5162b05c78908e10980ee5ee31690bc0bf5b4a4bf49973fa96486eb12f7
03-07-09[02]	5305	fe250c23621a2f88d1681992ec3e7570876f67a59c3a2d400a1c49a41f374867
03-07-11[03]	252	8cf32cac4a333976ae20bc1c49e67a5f510970e0e4eacda3e31d0d51a1c0ad85
03-07-11[04]	103	691fad213af814ba42165eb0d7ea3b70e391a241b8118110f4e2af38a1502c58
03-07-13[02]	186	a5ff5b9cf0ff3ef0b68ce3dba23b1d4930681b358a81e1fad75eafc2ef6d8658
03-07-13[03]	597	479b6189bc33c0dc1b164bf9d76c53c986a1489540cde0448b82b6a093e6b6ff
03-07-15[01]	88	3e79aeaa80b9ee04700a72f888cba710015a0001fbd505e9f4908edc29694c2b
03-07-17[01]	700	4d82616ac4ee4f6bb85ed417d92463f078fea0476b98d03096fd516612a35765
03-07-17[02]	396	0c24ef0e67eb622a142a34e65946b54e5c32b6c7d05edf69db714277ac13d5c3
03-07-18[01]	1142	08d9ec102825136b3364f1c062e55a308b217b66008aaf0b9c9bbca22d853296
03-07-18[02]	195	6d889ad98c1a7344568ad2be50aec545133af085d095a6f08e73209b95608f87
03-07-20[01]	192	e8eeb5fadb9cdbbdc83ee34f25e6066e82d436f18b6eb275494ec580114a18de
03-07-20[02]	119	73ca83d9b6265120355f17914785a02545e90339fbc1cb33aa56571dada8bea3
03-07-21[03]	320	8cf36108ebee2ed78231b8ae582bd7b07fb4465aa5b05df7c363ffb0941dbb5f
03-07-21[04]	573	0033bf6f6b88f26148e342a6bd19ada47f0cc872f7f71b49bbb3f09c83c2ef6e
03-07-23[02]	184	2cc644b4ea710c027423767bd8cffc820c804a356d3d7dae798bd27f2002f2eb
03-07-24[02]	330	871536802b990ef9594bce6a4e9b7761d014745e766306c3d8b23b9e5363f671
03-07-25[02]	331	630826ecf897698e4e4c73792c3f403e350f0171bf18386a0167248f30ce3391
03-07-27[01]	83	97ebdbf457242c600cc80b0bd89b8dd8cb08c5ef6c984195fad0b154eed93739
03-07-27[02]	493	668a1ad749632202c659aab098ebc657af719c2d1d95fea9e582f640a5edf9a3
03-07-27[03]	203	a5fb780ed419349906630af52f341d4920241b7616e4b64bd354ad59b77c46b1
03-07-27[05]	422	84f958d3d8ebae6e389f1786eea0e26b892a68bc715d8e4993acbd9acdc5cc0e
03-07-27[06]	1059	da79197af4331ce2dcf3b3979da9e58d2788d4086dc4d855482e9bf0827ff0bd
03-07-28[01]	355	90de956e03b134dbbabe05d26484533c4dfc78135e8613a02220f95866f2da41
03-07-28[02]	91	2b83f20091ff515564189aa803b680748b0236e27bcd75957813af8253d10d1e
03-07-28[03]	96	aebcbc4efcf02d5a6e5c2e2937940a0077ef34d9d69a4fe840c642ae2523d4d2
03-07-28[04]	60	91a16b29d60fbcb58913de0a531431bcf57db4325d17d5b3b10cc364c97e7211
03-07-28[05]	478	421636464178c98c6e9a8789b8dc31b0756e4196c1e9df0c5578d03a18b16e1f
03-07-29[02]	205	3da2dfafd894d2bdae4cff8db11a1f363bb9fc9bab736628cdc8a76864f8d5e0
03-08-01[03]	396	33da9fb40f03c90848fb2677d831fc3f58eb33b765960629f609f5fe50678dd1
03-08-02[02]	740	711d98074454c3c26e65190959314317447bedc078c4c85d557c0835d8827b81
03-08-02[03]	319	09e2d40bed16bd446d042bed9466436b599fcce29309fc3b16ccbf4d0881c3be
03-08-02[05]	119	f11362b2697715c54f579a55f71340f51cc5ecb4a3eda139ba1a770d40795f87
03-08-02[06]	279	e87a116e95c7febec34f043428c973be08ef732bbd4cf534464aa0280fcd6fb6
03-08-03[02]	292	ad32f05495042c691257db8f27b32c25ec124c1cd2c1446ab082e5e50da95f72
03-08-03[03]	228	909b70b45c10846f2ee1fb53e143d1f77dc69d1da05de87b8a6cca7558eba0dd
03-08-03[04]	457	4472dccfc900730012b9e432ed7cbf40d521d43cda3ab93ec617b10ec4917c64
03-08-03[05]	198	9cf5dbbad24bdad5eba65d8dda1e2a182bebbe777959363dd59c5611e7160289
03-08-05[02]	255	ad92c6101ff228283c29c54a77c296c6f91f09a64aee71dc6896965d27cba6bc
03-08-05[03]	1489	dfce3d2e5a8f68c7e852d7ceb9e8d56d63b27a2586c7cfd0010f233a4b3f1d6d
03-08-05[04]	593	135ea7a66198a82ed43e0003295e025befbd6b427229ee53c82a3ba81d613e19
03-08-05[05]	197	12a3a3900c1affc0c5d8a575d8cbe9aee97e30aa9e3a89106cfab032e1c394f3
03-08-06[04]	468	b8014c5a51b18daf7658d903cd79fe7e5a354026608ad6a7809043b411dc0d87
03-08-08[02]	296	ea62d6ce0ed054f2cff7ab17f4672a30d7129a42c6086d153051115c8374832b
03-08-08[04]	65	cf95efc4786bee615cea85a5ac2c6dbf034db2aa3647682ed4ca62d2af69a7ad
03-08-08[05]	114	3afa1de378a94dd370ba260860fafd475d4bd4158ff57914112446608adc6fb8
03-08-09[02]	199	69b71d7f9a5429cf1e8c9343cf9539384578635169f836cb7776ef054c55576f
03-08-12[02]	291	0da77f4506bc639352325e6014c1cd19e64a7c200912c88368706aa4e9d8c288
03-08-13[03]	744	6012286a1f05ac5b6b4a6e2c4b15c3d1da094b9ef800c9d9316cb6bb7671a611
03-08-17[02]	231	028e90dba3a5f158d0a306f10e482a9b29818ea8dda45ac25fdfb4fcbd12a9cf
03-08-17[03]	545	1781d7a8713181bda1b5fe5253f5d2d2cbdc8556b49015606f6a1452107ceb9c
03-08-18[02]	358	f905ce60b7493dce311bca78bb7a821073b004eab6b1c31ccbfc4c6ffbdc7d8f
03-08-18[03]	149	2aacb7ef8e062e9651cea813fcf4ffab6f7393c9d2e3f6838675774a808049c8
03-08-18[06]	299	ae662bf332d218f1bd354b36e9bfb919deb378f0350e57ef44681eabcae04351
03-08-20[01]	505	8b4401ca32762f47d3aa00330bcfcf18ee4272e99b9848ec88aee78abe26f908
03-08-21[01]	307	3ce8801d3c440ac2f3b75d1008e49c44404090afecaf43c0b675b65ef9514781
03-08-22[02]	82	3888ecb14f030406724f9996d7ad5b17162f1b53977feb9a357eaf56c0c8eaad
03-08-23[02]	134	864a7fdc0a96dcad7678d8b1148bb5a3c286eda7b8d1ea62ed18a3399a722024
03-08-23[03]	138	11060f5d3ff594cfc17da106688177158e50d356102409298bf9b2f7fd68d42e
03-08-23[04]	104	452457fb20146c6626f7833a8d02e4363e50f9e685a09da31e468a7f60061640
03-08-24[01]	1042	48f1ea20b20b1177eea064e946efaded58d7420b43a9d2094ba04d4bcfe8230a
03-08-24[02]	637	f4ac16ce230bcce8762b2cbd888c1901747c8c7f10c76c4853cba64c1f1a1ba8
03-08-24[03]	655	2e7143201ba86aed2bf5b34b91bd5c302c8c9a9971d1d8f072c15d47d16b59ef
03-08-24[04]	520	7de666b1e031b6975dd00ebef5898ad79930eee0509001ee78b4ff98a94a9d56
03-08-24[05]	155	f1657429bc67b12b5d63868f4ee79286f2cde4ff2fd41d0d0629a90e6224374c
03-08-24[06]	380	f638873d6a7e7815401a81261d62a8ecd1feadc251a1da29edf9b354fd027b53
03-08-25[03]	424	3f5765d15004e7cc4b19e016e8b5fb64f9d530cba3097cc2c53f97dc379f90a6
03-08-26[01]	384	53863769d80b6822d180b9603dbdcf4bae1fcbfca4ec6fd24b1680f58a671eba
03-08-26[02]	135	87375fe08042e97859b06915d476f9bf2102f1ebfc8c28324dbdd07200c3b7b9
03-08-27[01]	651	88a773ad8282276f5b7bcc4768fff37e409775362a7fcb5e145a742300e77282
03-08-27[02]	182	a2d10874df548de09c7e76aab76b14ef83f6b8f9ac2fcb40087a2437105156cd
03-08-28[03]	2152	77f825b90c51b7ee326a7685bf4cf9fe111022143ee828f27bf2ff7b1e9c6b40
03-08-29[02]	125	5f586b5d69f741687376f15deef29d7d3ca859b8b3678deb3776eb7257c9fc5f
03-08-29[03]	650	ba76c3b0010b6a60cf57fc2e7a5004d49b9a676d51e7e606459215ddbfa7c30b
03-08-29[04]	493	429208eb61cb81821f642c4fb8576a8513ad069b489e40ec12bc13a6dad3411f
03-08-30[01]	222	ae68a045be598ae777cb8896aeb8bd278f93dfba68ec4e00f655c1909af535d9
03-08-30[02]	2757	d71d4fc96b93ca8bab41ec11cacbb4f74aef6615b65de07983443c2fb7a5a75b
03-09-01[03]	576	5c733de4a09cf35edd61b85c0799b393f318f3375d5e99ef7db1ce0f8c31fe49
03-09-04[01]	155	005958b799f5233227935a197b703decb834173b4f4a817995b436a66793333a
03-09-04[03]	174	972ed9cb6698598b7c8e7cc1e0a765bc91be22629b2b4dcc4bbaf833edae3587
03-09-05[02]	123	5b692e9f0b8dba3d1e52b3b233803938985caba1e2e541cde17ab9e6c8727d12
03-09-05[03]	698	947ef4df92fb5aa61c2834e1adb56c6092fac145097025d8fc6519114f566fba
03-09-06[02]	389	233e165233bc9d0c7c20ed53612710abe8542ee5d15735b2820859d78155e029
03-09-07[02]	130	00e6b511772399deee6d5eef78894d5dd10a15b0cfc407c0bad34fa2370dd60c
03-09-07[03]	421	2f083e953d0d0238d479257a361fe9f2eec4d76720fc4b61f2b78d3e488df357
03-09-07[04]	3153	5a99111449a4f4d08236807bc344bee47722694f2f339e9426f72c67632f59e1
03-09-07[06]	217	0546c53c9fb06c2dadd6bf10513fc8a089e216655372aecf0a7cd7d36019e7e1
03-09-08[01]	401	59998403a5b5dae907dd18c0a72cc3357c12fef3d1b29e49c140dc97ba51e81b
03-09-09[03]	297	7e0ee97f0adfb3b030f243f01b856575bfb0fff85c841504d4120b78c20d5022
03-09-09[04]	145	99525bdf073885967f57d2e56368d428f12eb654ce9003a26c4d1c272814ccea
03-09-10[02]	469	ab9d2fbfbcaf879147093770d590fd7230252d276d5b548bb4165fc726cb29b7
03-09-11[03]	1027	1355e33809e46d2302f50a0d12fc85cf2eb01d6af687b36ed9d0f0c4cef25145
03-09-11[06]	1108	9d86d50cef522035ef8d38c0447a4a0b495676b62adf1400e99fa5823da32f92
03-09-11[08]	167	c1d8913fa2abe027023c885076c56ef5481164d1d58c79927ecf35924796bfad
03-09-12[01]	3148	644e37437801ebf323755f25130638dfe5b6eba374a690981cf34720e9581c89
03-09-14[03]	122	67f411d95403a0a243320bd84364b13f14db1cd4c17cd9bab194d701e3c296f1
03-09-15[01]	201	6a0bf5895f24fa9b416af65f6d7c4fbf4baa4f9fb8f3e8168314e0fc09c9b7c2
03-09-15[03]	237	cb5631dbb00c65c0c5005a6990bec6c4421a4526d2513edfa79b1d5adc793110
03-09-19[02]	124	c87c35413abd1be5303f345d13fc0812e8a3bf8328d23eb7751e2b23517d0ea8
03-09-19[03]	74	0efb190bb963d3ba285108ad4232aee5912e7cf9bbe4717fc9d1b3413208f48d
03-09-19[05]	140	aaffb91b511f2035f00c43a65088a1d40dd72eb113311ea4cd0e24737fe007cf
03-09-19[07]	74	a31b78fb4506fe0e77a010c4e3beb10bc976a6c554f320fdcc821b12029e9679
03-09-19[08]	76	91cb4295518cc1b274796a94baf31aaffda40d907259324f392bf98d62a92a5d
03-09-21[01]	992	f33f4cce583ce2a4b5e8bbe055f23d1cd81c2952171979ea2a8ef237317a2046
03-09-21[02]	529	68411fa2fb407f521770e82a55e266fc3f4a3d96f35a9a70f1e5e08001422f99
03-09-22[01]	115	d2058ba77d7f269ebf21dda102272eeba69e923ff2db073de27d2730d7478d01
03-09-23[01]	313	ec23b9f93a13125b45626d8d1a5e3dfb7c757c751bfd0873eb7184ab48146a32
03-09-24[01]	802	8ebb2f751d1a0fa6803f1928cf5036f0ffc7ff5a77092815fa1ef4ae1fd6b8fe
03-09-25[04]	89	cd29dd42f8947b69958d666561641374a7ae6a37e8a5829744829709520b8475
03-09-26[02]	88	661629a360121217e54df427aa33e28054fc7bff9edfb97c6564eb7c9f09b34e
03-09-26[04]	206	c60ca628bbd4288cf10822e934ea9f3157abca1c1cbfd7f175b80ec4fba87867
03-09-26[05]	242	d04b57f0b314c8f593739052cbccf56edaeb5c21e9e4267e3a5c7ceb8a07c00b
03-09-26[06]	135	1d6893002e4416e80138094a4559e0a927179cea28326b9f3a163818378913cc
03-09-27[01]	2915	ec9cf84d215691ff7897019545c46f0fd9bed368696aa81d83119dd85256926f
03-10-02[01]	147	5bd3c08a17700e2531ada44cfaefd40892f07e2a899ccccc37f3932aac9ba162
03-10-02[02]	463	6faf2a00c40270c3b13084cc67e888380948f0a6f57a017204d441a2e07ede0f
03-10-02[05]	422	ce13c63831c383ffa68a4f1268522e2cc81aafb5ba434e76357d3e9a27abdda8
03-10-03[03]	245	6c58793bc875c63beae714159ee87efefd5a8afa1af0a98d7d04ce20c927264f
03-10-04[03]	206	9b177a5a2e38c596908388b015c4853ab17787787522a7b631489984dca76965
03-10-05[02]	158	b2e421ce4f94fb7c900b81b503a5e03477a6078a18b52760c5341c72492a950e
03-10-05[03]	529	814d910df35434c652d01baf34cadbeea14470ee20cd55ba7bb3de66fec119cd
03-10-05[04]	219	5ad9257c49c2a127fa640b44e1e23c7575dce9040018d91d04130cc8a8c8713a
03-10-06[02]	365	d941c2e816a3f33eeb91da98f19232e77ca646e3acbb03b47235daa57c9111e6
03-10-06[03]	126	7c7f9eaaa53ba9b77ebba68eac9a71f34e2667db27d22a0cd88afd58a33734fa
03-10-07[02]	106	a56831b3bb90add8f7a442ef31aa9229c1007856f74fae0c238cd0b9fac2b947
03-10-07[04]	279	24d25dde4aac787d0b75e5407d232a087d4ef04f3281a25202c582a0b691fc27
03-10-08[02]	159	258ef3504cfc8f7aa80bcbb6e215b5824efb57aab508c491980c8c7e42ad8e86
03-10-09[02]	62	0cdf1f5c4c880faba2b2c8819d101ebc4dfd37248e83f884f08d427450b49a9e
03-10-09[03]	112	f60e16103293b3032f11c116e0d0e70ac2c88f91e98db1f80fbac492ac3720d1
03-10-10[01]	178	2dc545ab932368bdc21a272b248c4fb54018166d05872b3ee65a2c0cbd418bee
03-10-10[02]	1574	cb7255968c5ae8ba0f4fbe7b42a785f4dbf9d58e7b2fe28ccaa759bf283cf76f
03-10-10[03]	107	fc9b3a14fa99614349a1fa6ac0fd4484963f70bd51d943445621d524632afa36
03-10-10[04]	93	6219983719bf6bf84793a8026520b68f782b84c2dd8086876fd23500cceb8f57
03-10-11[02]	105	06cf3615846da81f2c9374b47c39afdf00c0fbb2d6b6db7932450bb37cf7f4f8
03-10-11[03]	873	bc4ea6b5c192da092000d5db5fe0d97a6a120050fc7767b6c2ee4bfe38232b14
03-10-12[02]	109	919b6f464370f058b3f84c32d4582b950f725715f122881f265e9bc8c7c84da1
03-10-13[02]	664	5424c5b85104692af8d1e4cb409a5035937dfa1a82f682f587789881ae84a45e
03-10-14[06]	109	c3f6d6d247f76d855ab232adaaba6e911a80b572eb7ef55fa026d632eb9afb9a
03-10-15[02]	86	16e99f142ffe9009ddb4c6629cce270959a837f5346a8a3b06335e404525b06f
03-10-15[04]	504	a064f1c1b5f9bf5d7eabd8ac56a41713a2279f142c957d2276e9aad4aea97ec8
03-10-17[03]	111	52165783256904b7d7779aa06ea67c6cb92cf4276576e7b35fbc3264c24643a7
03-10-17[04]	183	9b9f305f7e187ef92620e15e7fdbcb431d9966f75ccace922f4e005ccb92c3ae
03-10-17[05]	103	4f5ccc9b4762dc332b41dc68b77aad800ed8ad3d641526f388332266d6d91645
03-10-18[04]	285	f0ce408b7c6a7dfab7448e4e79f225c3ffdf0c29b5d08c21190e9334044a41c3
03-10-18[05]	153	b68424af47d2d03a99d9004f76e98d661f20245ae6c72222a893e640170a53e0
03-10-19[01]	363	e0d1aa6f2d7cc53f5ef02ceb01993d4ebebc7f8fe56d4e6e08120a6a89417c3c
03-10-19[03]	1141	1bd1272a64e58cb8178913550128345db1464c7296a04b840e0228a71d512f5e
03-10-19[04]	108	ff62f4c24b9361a8107798677e0b3c0ea2a1f6d2cfa15584da857ad05b75d79c
03-10-19[05]	1031	472d722e1c82bc880f84d3310940e3e381a132a8570d649025ac318ca54d63ed
03-10-19[07]	150	749f6035ade6f80553141a2acdce9d1f343d1fbd7d7fee2aa8cdbea2280259b7
03-10-20[02]	234	6ecd6c06fbb8ee42f9cdcff8c4961773f2fe6de1be5a8fd2a350cdf48dbab659
03-10-20[04]	127	96bf9ec8201858a8d9452c8e93652cb94ec5f4f198f60636b088a36ec49b4bda
03-10-20[05]	111	dd3bfe5aa3ce5c3b59c0df34b5e9ff66148877443f7da442d3cbf6af1b6b7a65
03-10-20[06]	228	07231416467d495fadad91a5ca78fd449bbfc96f71b3ed46f2f60e6b235e87f2
03-10-21[02]	86	9ee4b4269428f0f3fcfba355cff8b2a1fd9f4099b35dac5b1db9252e4ed7eb57
03-10-22[02]	143	08317e5132b3eeba006c72f14ec58bce4818b3161e609ec0a100379371575c8e
03-10-22[03]	470	4a2ae39fd66489fda02ee20026d08475943bfcc032f8324b80a23c6e92be2a3b
03-10-22[04]	111	8a5a3ec4af96bc7f736cd748ad3fc28652f72dc6564618a5ad446fd803b17489
03-10-24[05]	109	3a8158d53af5a08eb241050ed33c2554d8d7300d219c6e89f8bb4cdc28dbbcb6
03-10-25[02]	614	2243ef2eecb792269b35bed956a6ca157de656d49720d1806029314c1b3eacb1
03-10-25[03]	287	97b908e1f5e2d5c9d63ab58a9289e28cdf70ba913987d6386582349cf628ecb5
03-10-25[04]	712	79d6c7cd4ac91bc7e847239888a912711ec6542884d7deff93f05e8b0ff8860d
03-10-25[05]	639	f84bfa7b741879e78f2c4cdad85b5a27cef05a6a0d0e4fb5e79e55e282d91043
03-10-25[07]	109	a728b135ab28504028c3eaedbb83fa407c380396eed6c2c896f22afeeea985d2
03-10-25[08]	114	cff8164dcb39233c886ce3d23c54d0c49d9e6ea3d1dc77a2b05b3c945f17ca2f
03-10-26[01]	262	1625b8ea83e523fa30729808f86419a92b21e074410c87cd9b9d6c7418228690
03-10-26[02]	260	5e17920c5a5d8419b80d3b2f78a9a47505fa17d8e37a4d683ef8be96ab27c9ce
03-10-26[03]	233	e87c6ce1b219f809403b5e40a9ff50e0286140ad3f797d260a4cd565fa28461d
03-10-27[02]	562	3efe49d76ecbc425207871afa0105ca0eb98db184cc7d8c470e65e3dbc012d35
03-10-27[04]	653	5cbb60a71c1afd40add2d20d5e9fdad0b6d1842992848d7632df0c9516020083
03-10-27[05]	111	93e230fad775eecc58652f9f974b60176b70035a8a21b0e3ae879935a999d55f
03-10-28[02]	60	b0c9898db8f96b2cf58dc043f0463ee117be993d6b39df71c149cbe195885c2c
03-10-28[03]	117	97ebc9f10db21b93f6a34890f589adfaf637c4cba0a9265649fc475c3bbd49ae
03-10-28[04]	738	82e09d996197bb0e8932e3007ee7206fc0346a62661653f96361c49bfaf065e1
03-10-28[05]	75	062f7b81e7ac0650afeee8e08a71c0e33e3b76de0401ccbe5e2234ec8c145bfb
03-10-29[03]	72	595c1cc96e59ab41c137ce992725ce38492967074fb0cc488d2854510183030e
03-10-29[04]	502	949edbaae73f429eb7032f75b77d3237019c886d9aba8dee054dc52d3480f18d
03-10-29[05]	109	2272ea4b59c8042b398f42aa2b87b6b0c4a5a73b6e4508a154026e92e678c62f
03-10-29[06]	1222	5bbbd18cdd4630857ec46633e3307ef0e2367f19571e112c8363a737671e9932
03-10-29[07]	155	8df7dbb837b0fbed1370792633feb7ed297c2fb29c870f9a8958eae2a992a182
03-10-29[08]	167	c20b555c7014165493d2f257004425580fe5b3aaab61e5858fd812c4b6d0f3f6
03-10-30[03]	279	08ebb3e90ab1e094130dc4a86371d484e73ab2bb8082173fe297a7f9a19da677
03-10-30[04]	490	968ef913229adc186fa4a69a3a3895dc2a06b5642b6014c778137813b5027185
03-11-01[02]	110	4ea095dea2e6fac2bc76cea8621ac63a538c0a607a71e58386c243892ebfdbb7
03-11-02[02]	60	6c7cd9a62059167a50f9d839a2a6b750fa12096a8425c6d7ec8abb6e56d280bd
03-11-03[02]	101	cd3d833b280107639dfa6bdc16f0741c52586abb4c98bf401975cd8aca557e1e
03-11-03[04]	294	9a26903b5edbac75643e0bef98786701b9372521cac22880d9f032831a58fe21
03-11-03[05]	238	b651d52eabd72831c30072035b92e4a5528af5d6622b305a8205b15d6d641270
03-11-06[04]	586	8611642c321cc5b34a058f71df4fd225ce07b9511133f4b49c3f2dd6a9937b57
03-11-06[06]	790	776fa12debdbe679af19cde0a60e34e23d8887ade7360020e0c018c2c06fdad8
03-11-06[07]	127	3d0b775fb27818a5dbeef6d1e57ae5f279497753f640ac25a8b3c60ba08d9c29
03-11-06[08]	391	094414f6165205281b4745dabb7ed5ca45b9e6fa3d87b658d24586c3c3067bf4
03-11-07[01]	534	93bc7518c231d61d07d60d4dee004b7da0d8e8aa0ba5f2fdc7bbb9e24506a8bd
03-11-07[03]	78	bf93c473ecfe2c7539f81f3cfe24349f60f89230cbfa98b5a5f445b4e5d999fb
03-11-07[04]	110	634f333ad60f25c7edf520c16d90e38d94a4b1546f0953375bbb0a5ef2b53fa9
03-11-07[05]	610	c4aec149917fb713b470f100449c85f2f962ccd4d43c87fb861b95d0a7e68468
03-11-08[03]	714	d2a6d3c554f2a70adedb38eab7cca2b16ae44350c0a71181b700cc7117720531
03-11-08[05]	263	15cf369129063c2f3b9b184faf17a573d05916cf7887310a82eac198556dcb17
03-11-09[03]	367	f99dea3fc426aab32564a93ca06c329d177c8eb0b8bdc8ef8098c1eafcc7bb8e
03-11-09[05]	64	9e02e128ce5c29bf5a1e2504ab186d96d0a007e4ed5dc00b56fc8d5858ed52fa
03-11-12[01]	184	33697e22f1e8041ac86737e7fbe84b0b26afce428b08688a83c97f81a6552569
03-11-12[02]	111	c9b0298585e8f773f630bf3ee847106891f748cfed9e83aeaf8a57366477c1ed
03-11-13[02]	521	702dbb8b22626b66320cbc5fde7096d8192e4c80972b307a1837252e8da01508
03-11-13[03]	112	b332393aff4bcb11a0975b1580c778a67b6e0d8e0cb51f9ccde29e200b81f7dc
03-11-14[03]	152	c62ce081da18dda111d2aa9410e7806900fe1651bdecac6931293930676634b6
03-11-15[04]	1543	ff5a29c3a220deeb3649bdbf318c2ebe29e64a7f5ef461194b987b749b9ce0fd
03-11-21[03]	176	f0df358dffd3e92c8899070806dcd86f3c76a84b35b753e558116eb966c9e834
03-11-22[02]	1494	c59b7c6d05b328842a4584d94ac5d8411d41fc786238b2fa1f8ec58d61615de6
03-11-24[01]	141	16ca6f4979176f28cf8b6fa2ca681d4b2bb255e46c22155163b4790e6fcebf83
03-11-24[03]	139	08fa125985e66428cfef13497636d0f158b11fb66b13a33ccf725536417a9a83
03-11-25[02]	676	de0127975077af9ab88927acc3c300786edef65f0b0000bc73730c1c0d5a6c08
03-11-25[03]	451	58c50b82c3cd733786bbfd11f15691341ad94e7f5900de15428cfe5dfecbef54
03-11-26[01]	236	fa0f1724e7f890951f2c117bd3accbde00e4d54f81b0267d04bb0f7c89c80794
03-11-27[03]	569	977049a033855e9a0b961420bfbe8b42d23ec59d53883f5f94b2c399faf0e040
03-11-27[04]	92	4f0cedd9ffad8d1dc6fcc67e23afe5dfb7bd2b3676ac1800fd1c69c2f2e3e1ec
03-11-27[05]	129	24f8b8944a62961544b83d3f3d96db1cf008a247e051ac596e4dccc114a52e38
03-11-28[03]	111	29e46473fead3bcf59747e759f4bcf8c407ba553a62f8c1fb2b4269c45e26996
03-11-28[04]	665	af4cf25921c0d2d2f66e2cdb476f4657dbff979adb7909dfb6ddf5095b7ec35b
03-11-28[05]	216	a5dd5b9aaea988d795845490496695483410a5c279b760b46fc5871b29494e6f
03-11-28[06]	645	7330dadaa0ba61eddd7bb7271bd3d20c7e01fb16dca9db404df65b5566b6a3b3
03-11-30[02]	282	322bc09e94f35ffb2486988d1289cd2ecd0ef4d26693e9960b2475a6095eea8c
03-12-02[01]	1456	f3472b62c9b402d82182df1fb9e2fda74b93950cc2e259832bc0d4707a905dae
03-12-03[01]	197	a2237e2c357a79efe0c87c16c37fa2173d9fba19a1180472097c0b25d2551fde
03-12-03[02]	64	1c2a47a336ce6f3597973f6839373e1bad0d117fbe4f326365d7760ae823ab14
03-12-03[03]	175	98f77f8b2b4c7ea82335c45b26dc00d0771ade4a3087b0677322168de9c506f8
03-12-04[02]	66	fc804381f0a6ae7d9f0cc640922547c2f877713e49ae93ba602f93049870775e
03-12-06[03]	55	fedd042942e4fa21b430020fe39fd7792527586b5b411e5231172feaa0ccfe1f
03-12-07[02]	1381	69a6deed0722f20ea8ace691697e60ced09cb1c0b3ab7f88163adc3da457532f
03-12-07[03]	348	8f07ec79201fe0d7723d80ab2373cdc1a270f044c926834a0cd86d97b0a18535
03-12-08[02]	822	a73bcc8ec94eaaf21272d1903022d7dbb87240786fa977eec910029e12ea50f4
03-12-09[03]	524	f6d22ba168450e092bedcdd7f4fe52961ce8b26b454db37d100efe2154326f79
03-12-09[04]	379	8596d92fc526783a1c18da9caa0efc3f06325727e5800d5c1f7d4f9dd16a4e73
03-12-09[05]	69	0021c8008c8131897355cc590b8513a7f01ae0fdbd33988bc8b231c7239683d5
03-12-09[06]	981	c448efbb4315e2df33546a6d9daa246ab049975592d06cc1cd3cc6f20b315b20
03-12-10[03]	736	c170fc8df97458babf4a6ec4ede792e8131ea93cb66118d90defa1b75375f5c9
03-12-10[05]	672	ab8160c8501c5e76486ef74a8ee2fd435d168f2c9a86a4723f10a954a338cf1a
03-12-11[03]	451	0e54b7093fc9fff19bf912758c429700c5c3071221ae1924256096380dba1a11
03-12-11[04]	128	5ca32755b6c600216b658825eccb1451e647a6e6a5b2f898bb63e9b2232cb561
03-12-12[02]	192	41fe7715a431e7429341d991f2a380cc6cdaafb336c1156be67c71e2df28be30
03-12-12[03]	151	3f9d42d72173577e2b1ebc48b96f055ab0898d84dfe2624cea294e7daa86b6be
03-12-13[01]	728	9367fe499174181b8b5d63ff6369b5cf63e54152322f1676088997433d49495f
03-12-13[05]	2639	0ede1867de8618f3a794624497247931239fc0b12ba9d74333cda87cc3b95f2e
03-12-15[01]	99	cab71b205d141c8ad840d45af87126d2f2c4c9c4b46b6197f13fb8c1510bc0fc
03-12-15[03]	143	e0fe0cffc9bc3be3966b42313525c3147c565a70a6a588a85fb9e91dbdb40bbe
03-12-16[01]	97	62956d09e44ecf3ef8edfb44c885df5090e421d08690c514dddcca385992d2b1
03-12-16[03]	156	9deadba61aa8faa8c2fd2cd6409b6fc32972ebd7164c7255de2a32d3e758da04
03-12-16[05]	111	e05d7556f6be4e8e187a6043bdddeff986f6f1f9a458f9777a081bd3ee9af056
03-12-18[01]	1393	68e8cd5b7d1846804bfd8da96b75b46d5eb64f522f1515395976737fbb16e078
03-12-18[03]	286	3bb293d37d89a2eefabe3f9815833a5ad1fc687d870850cb8bc366c9ca459c00
03-12-21[02]	501	a06882955baf208733b2f62358102bfb5a2fa2fc313653d521b40c8522b5883b
03-12-21[03]	275	445841d6f9865f7428538e329a92b7a2e343bc262bb1c3c5b64c735c2155c8be
03-12-22[01]	161	d517aa100ba73fac19db0538bc148edf075f7b21c2528fe2543cbf95eeaa3d78
03-12-22[03]	470	afde86079bea0a18f05518f253bbd2e9a9d52b5b3772df315ca1f6fdbe26852b
03-12-22[04]	72	b2a58f98d8160a2e7eea37ddfea6a4148c970ceafc598b8e9e59ae9dd24c3aa2
03-12-23[01]	582	13309638278391955a788acdb59ced441b19e7db2d4952270a91e6af5caf6db9
03-12-23[03]	74	5eae4851041594d27ac1d7d79ccde91ce75adcde30b7e9a22cad6507ecd8df8e
03-12-23[04]	4651	0ce85fa19a2c2714e10749c2e299f051bce3167d1a9296a0fbab58c80f82c703
03-12-24[03]	142	e69e9b4b14e52a3bde849e8693e41e200ea02862305b284cddb3e06de26e41e7
03-12-25[01]	512	16154ba41d46a77dae991437c8fc2887a43665d7ef993aba7ef19ba0b1bd6645
03-12-25[02]	488	722c2a413298d8da4b2c3c7a4ff6ce5f7f7b8dd209cc5e802e0b81a85f26f402
03-12-26[03]	278	0d45b755bec8531727ab6c0bd55862bdc01e35a05872b5b4adb2b49f73324a23
03-12-26[04]	371	83ce3283562462d74c8c720b6fc3c93805e4259b79f530792c7294631bb26516
03-12-27[03]	107	a230889456886ea42e39b99846dbb0bb4741cea3dcc76edfdc7835af0f80a0c5
03-12-27[04]	109	c06259263d40dcc2ba3451d11f4905bbbab66df39ac64dea92729f6de50200bb
03-12-29[01]	157	03adb0d52500cfd1474ffe96970427513e943d3bcba5ab4411ceeecb3838227e
03-12-29[02]	151	da6e6242a3f05a523476c5801e426807087412923d777e5a3d61245b722274bc
03-12-29[03]	57	5fb3d82021246103f30007043a3b7d29ead7712c3cb8a0c008a1daac842e86d8
04-01-01[01]	303	fb48ba7913201e30ffb4a019045b645611dfff6995353d1f0bfc192e5901898b
04-01-01[02]	252	99c440935e7887842248e597952853dd81753d2775372bd4c043a3662d9ea8bc
04-01-04[02]	191	6582e3425cfb4ed781f2c0670005d7ea08f7341040e4a144da8732e9bb48ed73
04-01-04[03]	180	02e3418fa6d9447aafc9b9b512b105e4dd8164546c4223e423ac33233f3f584b
04-01-05[01]	1980	6ea3a3909cc34334ec6e0e87a76672dfed3c2f5ec45ac63487b85121a4f2b82b
04-01-05[03]	476	eccb8b2fec30564ade25d068ea6ef3ff913d70d57a74cd80f9c4a6266a29aefe
04-01-06[01]	509	9ed62da76d62782b6941189437edc129cea7b247db1f93b6c250537113bf582b
04-01-06[02]	153	871d6f7bdba5f02f4d28f9af33f65d08d6cad2efee22dfe78e0dada88a084a64
04-01-08[01]	176	06ec102e9c8c2d98feb08063ec228ab965943556c3b46b99ecd0386bddf8fc83
04-01-09[02]	84	740a231e2f6b83b7a511cdd6aff19e016e557a1332ed24aa16f124f326e38e5c
04-01-09[03]	785	0f1e80ba48e181d462c0bfb1c17e4587ae23d48a7ad7aacdb0f886e97dd8158c
04-01-10[03]	114	80d6143322a617f19491febf9cc0dbd5477bd3fe36e3c18ab5f66707bb644fcc
04-01-10[04]	406	2b7940c01e04a72c0a254ac671830bf6462ac7d31ff32292a737789f06a9bf43
04-01-13[02]	130	c9a2f52a797facec9f13dc17188f174461702dd3c966ab8c8f4ff2eb918624ed
04-01-14[03]	410	0ea5502d879e8c7d0e3da62e794cf0eaf7dad9ffddbf9d4889f1c54f96fd2c4e
04-01-14[04]	557	c3699cbac9797a0195c23de8e6e2ba5a321f8707f987845108b6b30a938f4002
04-01-15[02]	388	48329a9323290c891c35967ad733fd432c64ec8fc0754147c75fa61e1f487720
04-01-16[02]	350	744252da10a8da06ffa48e0dcfe45af83b99df69c49982af2f481bef52a82afb
04-01-16[03]	251	2acb7544812c855f05ab2b1a84af93e1cc5e497e546a686bbae36b1537ad2183
04-01-17[04]	213	cdb94f883539bab581877b9ec44a6cec7fe0b7c100857c3a5777c35f209dec82
04-01-20[03]	85	a384316c2b0f8586b674f2d78b5fb1e9e007aed428d5c509b9f31f67539d7021
04-01-20[04]	369	1e4cee4105d38bfa1274b4294db0a8611176e2bd77aac8ea8834a5980be613b5
04-01-22[01]	201	68bf14505f0b264bf99748b5b14d79d7a4a86043847a320c60c48d649a69433a
04-01-22[02]	391	fccce8ff512e4d16c30a268d7f27e6e5e4acbd1080bf724a3b270a33d5bca340
04-01-23[01]	68	b8cdc8816cc375d48a10065f9e8807d5ee5ef36c4fafb3d9988a10c13ca45f43
04-01-23[04]	423	eb1a1741505a831db6088bf5798254193dd4dd05fff43c3d5343b8b17005fd68
04-01-25[04]	218	a7f6a4fdb08737608284fa0254aa22075b791ba9bb28f180fd6e007b696ddd4c
04-01-26[05]	464	dc30d4d3f1db79ee7383b7f9ea4efc8e2fbafe17c2f5b21ad7186d4b0ef950cb
04-01-29[06]	108	b4a615e50b9ca59b02baba33b50fa1366053a4c8f9d5c4be74e0034ffb20a414
04-02-01[01]	215	0c2744f1376656bb879c16797663d2c719e39ea3a410807af9ab2330395e1fdf
04-02-01[02]	643	1461b4718438f4c8a078b458f1e859126dca17b963330e447fb0c1587f8f1ac6
04-02-01[04]	442	272ac4bf5d6bc4f2815b8db3b43b656f9e5d2144d58c6fd55a1193d0a6a4455b
04-02-01[05]	369	a8beba55d826897daa3e4a6d5bb0723750674dad1cfb9dd05b4db9ddb63336a5
04-02-02[03]	191	b6c357a831d22847f3e620c5219707875520e5f333c4052e51cbc4b8f03f0e78
04-02-03[03]	1903	971df3a3bd4db5631d09aa2d584d8702f7de1f85c7c346ffea83ec616bc4c1c7
04-02-04[01]	342	b803b0d09c6ab3d49e203b675918961c174ee6241ba07f4a5fcf5d8d476e4be4
04-02-05[05]	310	e8ae6920d68d86a6f40554787d7baff0cc49599017b9b805137510069924a0cd
04-02-08[01]	148	a643b43bd51d488b6814b48141e2ba20b28d56a9c85271d3ad113e444bab2c45
04-02-08[04]	677	ba2c37d585a90214c66b7ef410d10a393c84250662b44d428c0dc8737fed710e
04-02-10[03]	81	37aa993e31a87066e31cfb214e2916cb40195fb6198d772064c52fe6cc6c0701
04-02-10[05]	594	b04eeed4b2728efd652d075eea95e0636868994b71d50dbd073c41f9e82d4c48
04-02-12[03]	279	df95715e27c8b437187b82ed78ba15c9b1ac12514d252d3415dc7058b1046b6a
04-02-12[04]	71	3d86cb24f876746a1911988406d49e079bc88ac9c5366e02213a10fc65e0a76d
04-02-13[01]	55	d258f92a185b1dc714cfbd7639058ba11671b244e50cfb0acd7310b4005eed0b
04-02-13[04]	123	5cab61228b9fe7540f9506875dc802e8cfc4a3f939825fee89c5eca36f57f8d6
04-02-15[02]	154	e345e090fa2357d4c49f8f41235e9e9a5836432a4e4a7e4d4ac75bd84f448ad7
04-02-16[02]	493	a5c99fa4995946cc2ef1684ba6174896b5c38aa87c783ed6b919b30bc71b782b
04-02-16[03]	342	387d7d71ad3a2c61275d1378ea891b4671f6c066a954ea4ee0db0a915c621419
04-02-18[03]	99	180af165ee6897be8d893bd6a8bf573327b7a6c3b0403d5f5a8d9a3c178425b5
04-02-18[04]	219	f74d9772f86d33b1186a626284c7028592a79a66c33f74cc8a385fb2999dd283
04-02-19[03]	290	eb005d051daa9f42b479dd372891c628058e8eb8acd5ffd7ffbcd21579a01d67
04-02-20[01]	198	77a7dc9cbfed35cc0158f61007b9833a5119e6be63f3b27a902584a00058dae0
04-02-20[03]	86	6a4156a26e0f1fcf80db8c612cc2085eb1b9553360306b54f2a638350f48298a
04-02-21[02]	526	b07f8cd4b3b9e13cb2dca6dd84b992f89ec4745fed44114f2270e3f400d4a5f2
04-02-22[02]	912	cf8b8e27c87b82e7eab23afb20bd9a4898da90df10c59056ada072f58338b460
04-02-23[02]	332	253300d5b1a0cf8c312f7fce3225985ed3b8fc57ac2fe1ad5dda08037feda3be
04-02-23[03]	146	d04c15d834788d7a8a8330fbb4bc12351eb80433d51fffc263874a15561a3239
04-02-24[02]	248	e2d02c4486ce9788a5718e24a209cbbd650508bc9f5728d1f38aa2a3b925319f
04-02-24[03]	82	b730df5d5a703027dbad309dd93eaffde36c3bd82bdb6a9e22a734ae12401d48
04-02-25[06]	455	fc53272319158f8fd27913d36d5ddeddd34b02b8594da6f6cc357a6acd58e73e
04-02-25[07]	159	6bed203dfcb1df96b59b56a1009a335c26318f85347b3fbded8d845238ea7e05
04-02-26[01]	336	e956ad59d25012233c07b5155c71fed01eb0eb90b225ce9c49265407a159bcf0
04-02-26[02]	403	e2eacdfffae6a61e51a28aca91b34ea923b18bea3fa40aaab350e2b94c5a0ed8
04-02-26[03]	233	f88c3f6b99f356bc27b9778cbab3bf981386bc55e6d299c83675c05e3d7a3f81
04-02-27[02]	506	1235149e6c4ed24e81a7030c2bf58aea092197093fc17a723c476cb1d06fae2d
04-02-28[01]	515	e2fb36c7309a7f716ccc3b8ec982c172e8f87066bba347f2793529e14f7d9195
04-02-29[03]	157	eea5d259035620cfbf9caea1e222bce68c59705fbe61d9f5cb77a4fbdac924de
04-02-29[04]	473	7fa95435d62c3257257587da279b405d098494849b635914ba23fc783b31cba8
04-02-29[05]	363	487738c7e773f61f07b905f0cbaf26acf05fe050d0ceb6695c585901fe8e21e4
04-02-30[01]	207	e0c2dbe9776803d9b3ae3ea9710734422ab0d496ca54c6eae5d13b82e9fcf66c
04-02-30[04]	578	0e9fd4343e2c46cec18d9cf08729639995e54ed51e1af60fcd8c93dc2165e7ed
04-03-02[01]	139	9b5904940d40d54894b9694eaa0c1484c999280fbd83e1f19ff247104e29c341
04-03-05[03]	405	c274b69ba89e7f053656aa11039279d1e9135eab65d61bf2022d8732d3e6ea71
04-03-05[04]	129	d9eff6e2abb0443afa9e5c0924d2d675c522ab01811aaeea7c92c1d05f5321eb
04-03-06[04]	222	60efe980e1f23fc8f6e56e763dc627a522d4358049691951b60327cb542ba722
04-03-08[06]	371	5deff3b517a0d8776cf1d4a4dca356e096a025dda2477b1de25692285e20cb15
04-03-08[08]	132	7f9116b5d5019165c1507870adeff2ed121c0b6da2cc885d1fcc9508027c3a04
04-03-09[03]	134	08f44be90ff479543c4959d3d8aa056638f3c4ebadb93a538c82aeb07605c9bc
04-03-11[02]	696	f2583944593ddc6c6f7d2f42b98d1dacac7c890a030de47be7b30fe3a1ebf9a4
04-03-13[01]	253	561db688cbbcd4e943240e0fc292f98bd26525cfe1852d8904b70a097a7648b2
04-03-14[01]	165	0360990dbcfeb8b4a0a8fd8bfea142660f9a088a0c72e1d5fd7e8b540845efd0
04-03-16[01]	156	dd6a197c3ccdce8d219ff01fa7c790f64bfa0491734c0340fe651d0eb7f17567
04-03-18[04]	69	e89c4718fe69824464f0a4c97d0bf40f8af93e0252cd992f7addc18430842610
04-03-19[04]	69	5fe4ceb8b94196ab86be15c38cd0bf94ce233294ecff5bcf00c74f8a151be454
04-03-20[01]	251	c8da0f7869b56eac9c738b3a2c7cfbaa0a08560e3ad1bd916267eba66ff66ab2
04-03-20[02]	120	f7576dce74ecf3c63c89b7d9350d590aba5657c8fd59b16a692dbb59d2439ab3
04-03-21[02]	93	a53f0e5c807267370b44daab57cf73b6bb3e3780c975bde31b9d2e2f5eb9d050
04-03-22[01]	131	dfe47a34df7a75ec06c1d04550b05b71959b6d915f6af4aa1656dd577eb4e00f
04-03-22[02]	408	c3000597b9c59fc27c598240ec5aab3e64f3738710f0fae6001b8974ce81c2da
04-03-27[03]	343	1913dbd593812bab0e359cdc1b61cca3fb6337977428e40c197d49cec67964f5
04-03-27[04]	348	9023140072b6be1164b2e27be974b817218f2dc1c6e7f99bdbb269f2f2c221cf
04-03-29[02]	79	dc21495d1b36ba56ef75a167ad6ab4ac4806fc4d01e5bdcabb1ec787382512bc
04-04-02[03]	211	e0e62a9dee381fb3b0e528ac8e9a02a68451ca01d039192ee4bdc9ed13d7d1c0
04-04-04[05]	265	f6d9fc000488d9baecb010ddfed50bc364d540b524e76ff543dd948faaf1a5cc
04-04-04[06]	193	1b75b739b4f38e148a5046334659e34a78d5a171785d8e64f1bed0989654f7a2
04-04-10[02]	340	55d33a564c851f7b839747cb6c3a40f10ad596808c58051bd904b8a2dae52215
04-04-11[01]	540	c247284476458317bcf3c2c9c07d8cf4b6be1673828b8ed71bf5626231709389
04-04-11[02]	1542	d0e10c5a29cd54e035035c9953934789cbc0267cea2540e80e80fc133e4681ee
04-04-11[03]	865	e030095826f7fdadc177ba3d04f83079e7020b096da8f231ebda65aad480accf
04-04-11[04]	277	4452e2a66daf4c3b4d61f199a5b86b3332197d2f47e24a7b725e02af27baeb30
04-04-16[03]	1236	60b71a0a61daebe9c6edc3cbda6ae8470bbff8ddfacee4ac162079a636940a17
04-04-17[02]	184	427fa5cd895396e8516a51a5ef7b05d64665971b55aa7c5184cf95c8e86370ef
04-04-17[04]	136	262b2d869cbb9c2974c1683aa4ec1d386d1da16a61323ac3ecd7b8b3db751534
04-04-17[05]	333	59256cfd1999cb4edeb896859b11bd5dc77905d6601572a72d107fa33f6af73b
04-04-18[02]	169	f23f778f8d9394b501f5f418c896b37cc941994e97ed40cff743204717ff8730
04-04-19[03]	471	3e083dc8ffd1bc2d36b3ce70a8e98505afceae46739a6885dffc96f3f45896b9
04-04-19[04]	380	5537cb606ed2e636889aa428de047cd8ed088b9659f8a2262f4aaa5ee8d19df6
04-04-20[03]	154	9ff35db02497c66318a245f9bf059a006b422baefc81701bf2b0d1c6ecad621a
04-04-20[04]	146	467da3f4df549c62af76e07fca96a1ebc0414e70a232ed81f372bf727cc3c415
04-04-21[03]	143	4d66664cbc22fcd1b55d0a441ec698cb92223bcba0c1fa2820b04783822cba84
04-04-22[01]	284	45d18e4597436a2b6e651f3a54cde700aac2978101e1855f0f651355fde7ca93
04-04-24[01]	158	8bbc643a0ca059c7904baef94bcec75ffb1f5623c21bed5418f1bba72a16e24d
04-04-25[01]	78	79c268c4547f0750663c1e314f65039ddf5ae10a290e7ccf08adc21a54a0342e
04-04-26[02]	143	ffc8660082eff3aab7ce3b25123b6ab738b1175cc446a6eb61713d71ffd85d47
04-04-26[03]	129	be2a856eeb7ff97d98a2335d3e15323828f3eb93f6da33fc9f57e3ffa547992e
04-04-29[01]	125	2fcf959b60f412605edba37750ccc1adf4e9ea967ce6fbee84ef1768b57fbb91
04-05-01[01]	209	00cab329fea4fe1ba27868507d659681e179591f5c4b357ce978abea1c3de17b
04-05-02[01]	619	4ea632638f7dde385a0fb5f1f2e28d5cb944d238390a95f49faecd41a1912928
04-05-06[02]	370	42e0d2e029a609a5bf1613c86804a794468c0d77b65e8cf28679c8407e6905a5
04-05-08[01]	233	08d8295fc6201327d765e9e62717abd966a71eb6594b7e6520fc1f8f77ea1632
04-05-09[02]	5235	dc2067eaa987470a8fa247e3e5dfed52add4af82dc10dacdec9bc4d0032a8a68
04-05-09[03]	186	46c311809ab619f37950ff2c2927ab2a554320232d46c687b863247acfb3323a
04-05-10[01]	1433	58f94c85270345ed54348a8645e0baa3fb137313a1c483eb76cd5a6a4abb35de
04-05-10[02]	413	135861f01cac66a3a3edd4a3b046b0f2dfa625fa93fb58ab187f10b2c01fe7fe
04-05-10[03]	293	4da63da2c3c677f5b7fa8e86cd49b926ca3da52ac296056ae396b883ad1251ef
04-05-10[04]	334	2768c50b677d3694c3b42d5b7784a57fac1721aed1d05d8f5d42bd7d4dec19ca
04-05-10[06]	145	27add8e8f0a47aa01708cd006ec56968b78f86f05453cba59afc71cd1301d22d
04-05-11[01]	424	a96c7419677090ac20c12f9aff146ebc112595aa61d24bc469bad727a3abc91b
04-05-12[01]	146	a0121a5143ba811813ef3f0356bc4476392d18356d582c2717119d40301d5fc3
04-05-12[02]	103	05643224fefb97f38f726ba0a89107bd55b833475070bc6909a1415b19390754
04-05-12[03]	485	6159f959d2b6db03c4ee4659ad8c135975e32209cfe4c0754ebee6f632662a7e
04-05-13[01]	1846	8913b339483371c6029f0df1a51c85f59b4751c5ed6d34f3fc18b5ea93efb255
04-05-13[02]	756	d96203b94f63c521c643c3db9750836b6fe50dbb3b760fe998d2ece6ff8170b8
04-05-14[02]	1495	8e6a591202f580c98237f1325bab516205fef53ee0ab4fcc96a09b1cd12cfd3c
04-05-14[03]	95	dc70c21fcf5b21fc776a7e4c5efdeec7c34d5d4e1d5a8cc7d288545e9274a7d6
04-05-15[03]	3495	4332d6bc46b7f51a9bb7fe4fe5749a0d87cdd99cf9c2119dceafe5c9a0f18753
04-05-16[01]	339	32f5dcc65cca00819bb4fa1a6a9e7bd9211c4a6c19bf2ab8a26afa0ef395707b
04-05-16[04]	205	347b2675f12ca09706e2583b056ac5b5c46a15a8e3bb316b961ed13936e780ac
04-05-17[02]	431	a85c87b3751423ff41dc470ff2630651447f744c008040f92b8460d2a0933682
04-05-18[01]	275	9bb74f8bedf482cc3bdc02d0a29e56e78819f73f59b2caca6075713e23f4f8a1
04-05-18[02]	567	fb9d0876896e5765ee8a2b7e28329378ab8481866d583adc4a82dc96ed3b6259
04-05-19[02]	1002	69bdf2377786f2ae6c6be4617093cfd5871424a0ea122e8cc0c9745646396a5f
04-05-20[02]	184	35670ad9d316a6c80a59298b3c5f492d1e2016f3b09a1e9f09249e4895eafd13
04-05-25[01]	378	a4d62c08369208c1b78b1598893446ad4070baa4ad939c41b3e2fa3c3e23dcb2
04-05-26[01]	318	d30ceaf0143c85d43781cc1cf4b6180233a5b1d52a8b3243807d63d330f1a8ed
04-05-26[02]	324	7dbee4695e592156c68a97958decac316b8c7997b86d8bfd1c2120f216177e33
04-05-26[04]	358	0769d92a16244c10a6eadb77fd667b8de7aa3c6d419ea8bea445238d6cda5561
04-05-27[02]	1355	a5795ffdd6c21c9fd258e7092ef99732042d6eb05bb9645204f2f388e9c1b3ad
04-05-28[02]	1203	b9cfe65cea7db7585303493e074d107b84160499fab9873ea7720a39c9002af8
04-05-28[04]	121	21254502566aa6750428745c9fd6b793d4eba9816822d53c68c36221c32e62cb
04-05-29[02]	151	a0ea60720f1c2e3d5f932f321f8c8eef4ab00081d8317db996dbf78f873039bc
04-06-01[02]	441	0c1626cc81bc00003ed34bea21d16cc800afec506d91b3f91694f201c7114ae8
04-06-01[03]	761	637f9a0890a0be3a051c9e3ae5d2d74c466c11aa9cd40defdc6acdbbf549223c
04-06-02[03]	253	329a8e0031c21b0eb9cd94d288ce31b2a4945c76575f745920a441686c17ade4
04-06-03[01]	190	97dc0ea791f31c8545855b71f8b033c1ddf3bc3bcce8927b12e1869dec52c42a
04-06-04[02]	80	94968ebd86a703dfc406f988084308a18f595ba836a0bda8de486bf24c265339
04-06-04[03]	393	02114dacdf236bf98d8e5de21ff532d11e5d1fa4c7b6e4d09636280a712ad7d0
04-06-05[01]	225	804b3c47261229778474efef4e0f870e7d73b9329d4014f4e7574d3bfc64a7da
04-06-06[01]	1526	8c6860b669d6833088a2008eb07055af5520fc58f4d330100d7a3bfbd0371dee
04-06-07[02]	74	19b32f44c6670c4b54119f4de2e40d607bacc8c613dcc7f161f7d078ee35f2ad
04-06-08[01]	717	5a28a1623c4633026eef0bce45ef9815ea8c9acb24e3db239e423440a24263f9
04-06-08[02]	232	48e8eed694f947fc5351847a1b393e7eafdc45bd8b57d2c90318033b98197cfa
04-06-11[01]	175	a07b9c7f652f1359df5ad882a699ee9647192c4dd6ecc50b571e7a35135fbbdf
04-06-11[02]	141	4e2c25ca86504461d3c698d191d61d8721afe8a8a1d1eceb7c7b07b453b74524
04-06-15[02]	88	21920b8281a5695d8adaa8bc6ca9a394c38683a1b6ffd377766c91f598a210dc
04-06-16[01]	104	a6603621b72af52aeea0dafd3a942ecc4faf1945bbc02ec28f7a8359ea9d7378
04-06-16[02]	1262	93bf062e1e0dd7db1560099e63bd5e590a3779a20dc3d9691b419c4933f6163f
04-06-17[02]	148	c470e146f3c16222b9e008a46dc8f79e964e846c3b728461a11d236e17058b10
04-06-18[01]	241	aaf29a148ff6e088b28c012a2dc1df103a499e6f0953948883bc22d3525fcd0a
04-06-20[01]	79	0a3c014703b749af25a35a25abc27ce8e79d005c61d06c2ae9a8344070fea490
04-06-20[02]	191	5259b36e6f78aa24bd66a9c79fd7a1e7d3e240386f278c0a8a79f9475791932e
04-06-20[03]	325	960fc0481d71573c00c4b0bc7fe5144aae183ad4f04169179485de7e52430dfc
04-06-20[04]	365	2088c28149c6fdba5d7c94e6a57ecb2e1c30f6002159b8624fb7e6e32fe2a898
04-06-21[02]	248	a163793feded3f1b1c8813c105067e89986ffcd4e8e0fce7a60ea952a534948a
04-06-21[03]	761	74bfe36dcac6292761e8a2adc41ba7e1f26ff77038e035060b85f9e707c896ab
04-06-25[04]	109	0d64894fe19a0f2f3e846db8817f34904d09b8ff9343c359571d5cf9dfb1353b
04-06-27[02]	449	b34f900f8576d24f636f2f5f08429ae418853159db571e667daa32347d42b87a
04-06-27[03]	71	21582db837a2373d2f933450782317f6012f69c227edc48b0df1dd70e4256b5e
04-06-28[01]	258	20c7a6b1c678fe33879d4883550b2f25e8d55fc88d97b7199f244d0682e89ef4
04-06-28[02]	107	dadb911f917837682bc7dfd40c0f00565eab522ec7198bc3a6e3d7b89ceb3049
04-07-02[04]	196	169f8e6eb3e0391181628f135c967467fce712ce7e40db76f0f775a090a5152d
04-07-02[06]	112	4d7f17882ce501a6f477b5cd2fa590e3821d89e2bbcfdf41a22c9347ee4f249c
04-07-04[03]	171	9cfce75a192eaa7e5967792ccebe15c6d10373ceb71843ab24fef96e7c1fdff5
04-07-04[05]	142	c9fbbe9db695506c228d0bba38494996e71a9aabd5229dffb84293467e606942
04-07-05[01]	269	3a9717e63c52e71cc7f4c6fe5ed8a4027ac2b74b730d872ecd90d95881735b5b
04-07-05[02]	207	785058f6f72828fe198950ef0bce73d46e360b982b4273ab8504da65640d603e
04-07-06[03]	312	aebe8d4aa8e8ded7a2294920983ccc05529499f76109f87b62c6f9b3fb6bb349
04-07-06[04]	312	f2f7641c0c6e6cc91b5d65d8d1443a6447eace0a9a8074552896258bf94433c2
04-07-07[02]	171	7cf6792e185dd9c7ae031c5d26f957f3eab59ce1ab1fdb7cfec08907b94a9598
04-07-08[03]	187	6ad1509f5c1836e648959f7968ce633f7d4024653d35aa930e6a166f57d6ed61
04-07-08[06]	126	5a3de19f42b50f9d4bcd54feb53c67e9a7e82e0107d125ab401c2078a58565d7
04-07-09[02]	112	d9456a7240ef1b0c4218dfef7d4b930deb7cfd8cbe5bbd37d6077c522ea6ebdf
04-07-09[03]	528	bf320da996f69ea9806846b9bda31b4a7f66befa8f0fe3b9d53e09a78b58eace
04-07-10[02]	199	dd431ff5ee6b0f8bf71738dea366526d5fe8e838c286c8edbba84ef47f75736f
04-07-10[03]	334	6e309a390575b1ab015da3dae6d837b9f81d56d16d6c706bf7b3de790a19016d
04-07-10[05]	176	d78a4b6c6d02bbb1626f46c68073673eb8614664c0229f24c025dcd97bd0e708
04-07-12[01]	513	762b69fa67447f72a5528824d2bc0276f34d14e7e9f7119657b623e694cfd877
04-07-12[02]	130	b8f315f94811d7d3696bfd3ba8a25bd39ce831e9f91426d2b642ae45317f724f
04-07-14[02]	2471	1efd1801d73b4c54e94c8d610817005741d1093b124c032686d6af753175953b
04-07-15[03]	684	3fdd25dd5d96dc048051a72f5499265887ecd6bb3779ec516c25419d1de7ca71
04-07-17[01]	184	6895d24fc6af83758e7d3512228330df8d64683519bd3409fc19b1e9c0c8117f
04-07-17[02]	187	fc8a719f14ab4b46de2bba429cf6d5c3525476f5abba946936cab154e7ce30fd
04-07-17[03]	83	2e5808aec1f188311448ee9f4cad3dd6bf6301c9c85ecc89e2f66ebd812c2dbd
04-07-18[03]	123	af7b6968e0f3d3351ef1c404c5ba89ea99fb6e2b5a23dd43281989f6ee03e083
04-07-20[03]	133	b2b135013f053ab12b2615f0184f24e2d37cbfab775b001ec360193951462b5b
04-07-21[02]	670	10c9aef7594435fa73b59a71f02505d5ebe14669c8e9e8293f37c562ef4fff9a
04-07-22[01]	424	c9e5090f08988d036fd12dda511202a7edcdecdb73c8632942fa173015104681
04-07-22[02]	155	5b72475700ae6b8272140b0ef04b255594ad2532dc3cfcf859ff4c78dade79f9
04-07-26[01]	84	2da49737bcf39a1bd1caa0d19e99d2cfa8ffc3394b174d4addb49143820207e3
04-07-27[02]	742	8b9a4a3a2a256d4e2f135809d82289449d276fcbe94b3710070d3eee3363eac4
04-07-28[01]	511	83660664c0882dc133c2af19ad59717560537413fce6764990a22fe4a708504e
04-07-29[01]	72	930e207112b616fc6ea1957e861727fead64d2739fbfebdc40159c7434c6a08a
04-08-01[01]	128	598acdd6dc22478b19ee8fe18e28c55853df7bc61a761d17f465546720709ec7
04-08-01[03]	1361	bc25cf10d5f4f61a732449dc21479303531988462212d1e6728bdc4d11dc64b3
04-08-01[04]	127	6182fa280a5c4a842b48b3691e2860c23c05200f86f5a0be76fae617381987ce
04-08-02[01]	114	14e2ce7ea7c3e7691478817d2135593cb021aad252d298b5af4fed59612a3a4f
04-08-02[02]	136	10c02e9147174074c3bc7d1e7cf0cda304e6c638c7d4813dba7557765874a7da
04-08-03[01]	96	edc9ae6232d41222226956e45c58204fbbce32310aad0c80602e25a7176bc206
04-08-05[01]	173	b70418d3143fd3f4d7791cd834bb971e6e146d51dae54f5624bc053aff45d6dd
04-08-05[02]	107	8db671eb30c65dc64f7dcb99ec890aeb06281f26a4183ec806582c87e6836f6f
04-08-05[03]	62	8ef37d5bddd164c1261235a7fa318fc6dfb2bfa2ebb9f809dacbdcbb9c045125
04-08-06[01]	198	5829e429cc0fb046b937cc867acc1a9149728d7e45a40aad4453862e4d41f518
04-08-08[02]	127	472e41ba93dcdcf22c3436555fb8f3dd9a30d81ae82d756ca13aac63cbefa356
04-08-08[03]	102	0bf31ebe7073a26840346c319f5ad97d5f7c96a1aa0c804452a06733c093ad3b
04-08-11[01]	149	39635d8de6de981e71124003f6051acefe8a3160cfb9e48faedf88a27a2c35d6
04-08-12[02]	174	c5b5357ce8421484bbb5eda2f9a50676afa75c6b132a5ee0532095c0f329fc98
04-08-13[01]	246	7579a131dbd0e6fb33ae389a92d90652f466f74a31e8367b6cabdcdda94086b4
04-08-13[02]	301	b325440514ef92f409a8cb4a2d513d02100a802e1a3af6aae56351318310bd74
04-08-13[05]	561	77af09b1bccb70853ce2ef7077e4038d252a9db78c65aba106b1b27c255faed3
04-08-15[02]	667	01e6b59b5f509639562763bebe2e1e7927a3656aadba9e6a7386f472273b7b67
04-08-16[01]	263	f5be08d9c9fe6991995b0ec80148bbf4701782f232cbee98d8c4719d4f4bcc2b
04-08-18[02]	158	e539f6a21194b8e1c7f8ae599e36b0e54c9dba05e50c07b25106394782f08308
04-08-19[03]	302	e4757d1af28aa1965815dd7798a41da45558c73c1c1ca0812fa63984ed1a13b6
04-08-19[04]	477	cf2c43cb77040868d11b7b8a8ee7d1b2daf57b394e8ac87956bff4a412e64fdd
04-08-19[06]	743	fda1a93f46fd3d6eff50977ba1a03408d2ce447337bba3a3e8832d9997bb0817
04-08-20[01]	308	e49fcaa3967e1535a17df170512c5c5cd8fd9e8749b891cb430cd6024af92a1d
04-08-20[02]	245	588ff8a6760d17616f49dbd503a8ff70c43f844799e40c2dee75d7110c8784df
04-08-21[01]	77	021ff5685503d2e74c0997bffc6b31432109df3843bc11b4252cfb0b5bc18115
04-08-22[01]	487	4d96312d4f0a978f0636c68e050ea408420935803120c214805718ac975d29be
04-08-23[02]	230	a6ece9dff66cfd49945eb08806dba01745303a44a7959b3d1318f4cbb7a5b3ff
04-08-23[03]	78	55bb65578b54b6669ac0ef709da7fd0a43e7f0f683cfe20978724e2bf13f3cc0
04-08-25[02]	509	14498e9f23c3e60aef1ef1e45f947a27f87f046e8ad49ea8fc0f8ec10f3e3e6f
04-08-25[03]	279	37903ebc136b0991eb6335c2eb84309be762f0bce5d8b32ddfbe00cf503bb334
04-08-30[02]	88	2ff1e0ae86744bc6e24601da5715d94154b7595d7c79db6f635e6d9b993ab04f
04-09-01[02]	741	6be9653741c910719a107518b0b87e124ceb21526a541d897553055316cd5774
04-09-02[02]	977	45491c366fc7604d3b86f48bdc77dff5ad02ec2301c94e1e1089ec99a2dbc758
04-09-02[03]	84	df908482aead4acae5fba34df8bce92e34768163d51e7436bde8f313a488daa6
04-09-02[04]	463	a028715c20eebce13dd0a5d29253a20d5feda7cf4fe5cf6a44263164ce6638ba
04-09-03[01]	112	05fadcf27cebc822b816e132a2bdc296c78354ecba16102be7f73fb967254769
04-09-03[03]	122	69d4436c4440c379347141a63a2fffdb0afd1293457ba407e4727925ddc69fb6
04-09-04[01]	2481	e1530bfc249832b7e44eb30c4e92e35ff71ebc93ea1ef88161e5d7bc00e59c98
04-09-06[01]	703	e35777ed03c2ee36385bd0576d6d180b42e0bb5f6cbb0906c72abfa2ac021eff
04-09-06[02]	398	0992e7b1ffd3594aeacabc3f880ae641866d84360b4a383af51677929e16595b
04-09-06[03]	7136	eb9d442a6279add7e69b88dc5c96096ccefd1c4de828624f33168251e8811f88
04-09-08[03]	191	d65cdd1eb9f523fe68479467c2df52f0549dc80836ae57003f7084c3b28c32cb
04-09-09[01]	109	d5d8382fb76f4580ba00176423ff47ac699e4710351f9d15318561e971709d59
04-09-09[02]	236	2901bba5818f87146fda1d34c300cb7a3eac0ef56c487b303ca049c387537661
04-09-10[03]	184	96ddef85c61fb6d772ba099cc90c73b3c8a69bce9684dd516f2e48691e6e6484
04-09-10[04]	275	b305179b7051f35245871ab4cd4d79b868e132f02c2f2014aa648a8d75803b12
04-09-12[02]	157	6f68de84743f358c0e47da8151e87969de2ec98c8650a78474a4bb94cf3acebe
04-09-12[03]	155	b6a0a7ea4678d48560aa25ff2f8ed8268d500287ba3c0e7a62f7179c02d68a9e
04-09-14[02]	282	b579eadb660dde24433d3c46e9f362f918d4946d74fa062b5c79419a7cdcb817
04-09-14[03]	7066	a801e0237d579d12c4cd6afc02341d3274d224c45f68a64fb64d361f3adbd0df
04-09-18[02]	211	a699316946afa87f5cdc2b84606a253754691fa506147fdebaf67725855329c0
04-09-18[03]	236	ce3af179fdc9faadc8aba050e0f4bce778672310401bb595d66eea8192bee5f3
04-09-19[02]	460	b4a2f76fc4902f6af34a0cb5518bbae7e545b226777a5fadddd506c99320efb7
04-09-21[04]	835	9c1cafe4db9dc674537647658934e5260b09cd80c41595db68900558aaa3b5ac
04-09-23[02]	212	7a182daaa7221b1873b1d8d61c643e82ef3ee1119cf54790e31ceaf39fa85a87
04-09-24[01]	334	dc8968acba5ea11b6b7e0c4966c44c067ba7d85c23177e3d132198d6b67175d7
04-09-24[02]	116	6292845fc45e2e1d478bcbf6ac828e7492a63a2a3b5580d95c5f712e2fa20f6b
04-09-25[01]	1479	d18fa4b48465d863bba0b4d91ccf78bdf7b7046ea50434074896307ecd480be1
04-09-25[02]	132	47f8c1b3911082523df8b89d16a2a16ea03ad1314cdbe774907af978c637d3e5
04-09-27[02]	534	2cb640c159cdd3b5f9d5f7d0b8e23bfbbe7a8676d929dc0143e1b72c15bac204
04-09-28[01]	312	434ff752e1eb217c568260219861e6cdb7a5930a5f0f78c5ee40699bd7cab31c
04-09-28[02]	176	43810012036cffa7bc382df4ffb85f235fa802bcb103408b0de99fbb4251f4fe
04-10-01[02]	923	915e961c02888e840c6efd6edd1c538b09ff6f4cc205e60ebd60cb0a814ab41f
04-10-02[03]	266	9cd154b6aa99a216df15f1137b9b7f216e78403ac6499e68a7f67997643f2aa3
04-10-02[04]	346	94bafc1abcce081ef6c5690d0811b59b4566abc20e8fd54491ecbc02f26c3d52
04-10-02[05]	248	bbb5aeb08838172847d34c4d0ffb5481fafe91dde0785b1ca9583b813204978d
04-10-02[06]	124	09832f6148810251838efdc217678694189fb27e41fdaddec32d69c7de7bd2a2
04-10-02[07]	279	fb450df863b0d3e943fdac259230eb1c9648f94f2118275dbf7cad2b483d4f76
04-10-02[08]	137	2f59d5785a513e0862b55e7c5ee3d5ea20830b4402b7a54aea1b9ea1d42d9c83
04-10-02[09]	131	7031b23b996d3ea22a335afc80c9e63d64e0376521acc05c9679ad936a7b4295
04-10-03[02]	426	4465ce60477bc4842d6f70b5a0a1ab335791d27e18913f4629aa55f677683380
04-10-05[01]	186	0b57bf8010bfba74e3df421341b6bc6e06bd957ea07478edf8d3aea012077878
04-10-07[02]	823	7786d76fc6c53ec3525fb05a1fbf472497b48437fd87860e6a1a453d8a7666c7
04-10-08[01]	566	828d1de8c8859c2f505bc64c12be4d1a69e78a56a5af17592e9595f78b24f8a3
04-10-08[03]	333	942f6d8eb3bbb06b3c4f9c1d13402c116f9f39c78f322b5c0357756bddf1a8d2
04-10-08[04]	153	89693eb658f7c416423f01b76978874a57e66ac46f122d681d628e8a16a11e3d
04-10-09[02]	121	f367329d13db376b72a48d77683bb3157a95c264d4c1eca3d545600650e09174
04-10-09[03]	296	b62b1f8bd73073785af97f356442d9b8b8bf38695e084b7f1c4dde629c146e9c
04-10-09[06]	918	0d18279a0315ef52f25a6ab774e908614289fba9499c58483cead64f351999c0
04-10-10[02]	96	0cfeb9f403018dd0daab56e4c1a53c832e5f2a4f6fe1c5271332d944ecacd99c
04-10-10[03]	171	35ed69f8aad91824cfa9ee2a2b83bcd4f465aa354976fb321d2b988a2fc458f1
04-10-10[04]	114	5991047ce6ec3c3715090482f5c410c443a664592e8aa54eb8a302a2d1e4b1ea
04-10-12[02]	1257	855259ebe34b6011f93fb988c432d8eb2ebcf3c7296e57be380da7d7f53c3ae1
04-10-13[01]	383	7f4dec736ac4ad8b7faf44e9433b842443d740b6982100467d164a7630ae40fe
04-10-14[01]	320	3b642b36c600fcb89bcdb1ee2c123913a0eaadeef1d559caa9ce07c51e798c9b
04-10-14[02]	579	766c2d06725a73d62de899771e42f0009b1d42120a9a560ad197a6f13ff16dab
04-10-15[02]	189	b3faa9d4b7ee7dd47750ae0d58183adf856bbef28422a667332720ade6a275cf
04-10-15[03]	97	56ee8065039687e6eb5baecf9ea8bf13dd49536d94eedac0b608de7bf0b578f6
04-10-16[01]	257	f59010a3d96b02d4474ea1b7c47f29413f9a423f85355c925f1f04fc41f676dc
04-10-16[02]	224	335bede31950c358a385a02073d5c896028727268513de7b5db807630b9ce525
04-10-18[01]	381	212c44e499d7b07c7cbbe3aad9143058a3a0f6912e7fb5778be569c32b50bd4b
04-10-19[01]	190	73721a6fbeded7fb5593b3fc54121cfd18c0cdfebfaeb065f7dcd4509113d472
04-10-22[03]	276	9759277def95079c1b58b6ae319e1a14a5243e6ccc0d5ea1d050da7a60b5d425
04-10-22[04]	171	665f0b6521a916fbea52870d6374169191c4f8d2adf463f101e4dd984369f8c2
04-10-22[05]	120	317727ae0646b39cfe3a07c812413f3114d5971e7fdc75f5f5caa2aa67dfc0f4
04-10-24[01]	658	17ca39e37449ff72ae56c24a7ace26d6a81dc53479fe194f366658f54c5ddcb6
04-10-25[01]	142	37ba53e54ffcdac4e8084fa51674177808468d668f5325b06933186b89f4e42e
04-10-25[02]	183	af7df2cf79db6b15b67ea4446e5657733922b0abdfab619fd46c311d4411c076
04-10-26[01]	87	aa30a22314ff30c8c2d4bf7eeaef42546e718d5381c8cf0a57ade0f3282679f9
04-10-27[01]	149	5a7b8229090e941c26fe9a9a400ceda608736463da2a3ebb3767e7677f95eade
04-10-27[02]	80	885d1b2a8c8fcef1e674b6e59023db2583b2cb49c0572174e10aad96b898c4a9
04-10-28[01]	311	cfd5b225b43326ef8d1ddd1fad6a011f9a8b2189f74e97a8e49c98a0c59ae82f
04-10-28[02]	96	4aa9b6088b5cf82d87ae978a7629d52e3ed7679d4f3d904b492d2d3dd5bebc86
04-10-28[03]	133	1ab568084ebae49aa79e00c6bc4895f428305e096f0a01a613bd91dc077fbadf
04-10-29[01]	104	c8fbc60ec3fc851212568398820b07e270dfd99dab68b0ee5937199ed9e1b790
04-10-29[02]	741	cc5886858b024627f2182b8c449463731c0b0516f2e56451c3c135d9d6f24a1e
04-10-29[03]	185	224d996a045c616bdb6010711787576e4f91be93a01284b4a8a215d7e79475b7
04-11-01[01]	1061	838e65d683645aa2baf5d2fa084c5973067c594376f08c04a33042b7c03deb70
04-11-03[01]	139	1b402bd1a10d07b1a84ee17f8ca181e2b3f6901dc29d93ccaffc63bb65449414
04-11-03[02]	79	a1db4660c836dbc48248673c581884a0088dfd69b6a2d8c64101f2a2df06c9af
04-11-03[03]	86	9f387007dc2795715750cff7fc81fdfdeeb7a095096baacbb1c742d3b8262733
04-11-03[05]	106	99de583ba99da0737058843320b7941bfaceda134c1bd8eb98353f7d8087e9b5
04-11-04[01]	459	e7b5a349d56eb94d164daa8864c251c7a07b1e51b033943a62bf83103ff79f01
04-11-07[01]	1410	7df8b8e91581b1707e16b63beda8dba513e565738c89319968da7f8c5c85700d
04-11-07[02]	138	473dbf1ffd1d78d279f4ce9696a3271c4fe06ea28c12f21a97810d9c4b981590
04-11-09[02]	115	dc9cd18a7ad60af92fe2e7af4c6b31316da7e4e602aeb3dfed4f5ac0dc1d4555
04-11-09[04]	239	310e23aaf708b24f6e94c501b9d49bb1f2050b5b42e36bd8fe7869ac6a9e9700
04-11-10[02]	390	9c01c0f7c3969418550ea232f49b75259364d6aa9502b63b07820129e7dc291d
04-11-10[04]	79	ce6f7e4a4abbc8cc461839e56d20962547cf8e4d3689512eff0a48284549b294
04-11-10[05]	351	953ba130be116ab205d70caaa2657dc8341bc6198a906988728b0fb52f42e18a
04-11-10[07]	80	6d3adddaf4d28abc28a6c2e95495645fb3d43fd3badf5f3975813ea9e716da8b
04-11-12[01]	85	cdb863bbbf80bcb09e70ac9ca19d9e86a6652e3e920ccde2f1eb9537998144b6
04-11-13[02]	164	5a7d3cafc356f7bb3ff04e2f46c2fe23c4d7884818e4b4fde0840a51c46f38ad
04-11-14[02]	775	6e72645220f8a469e16a453b13ca736f41bcda3a68ba0cb0cf0d7aa9d320ad2e
04-11-14[03]	1576	7af627899aa6a2a33e994685d22143971d1bbf7548437efd7652836ff3e09102
04-11-14[04]	833	e93d95dee49c0b9b575697269a63ccb8f0ec0484ea107fc4ab6d1268ab9e5218
04-11-14[06]	555	111710be1c95c8cd1429ebd02a28a4b769a86cb05aba5d43b99280759945f91b
04-11-14[07]	168	7e660ec8c92045098c11e682f79df58100abefa355ce981753a6589707a2a40d
04-11-14[08]	94	06917a9fd4bafd038130b43d182c5affb4cdbbb180978d59aea7a5d1281f8913
04-11-14[09]	943	7ad920f94a36a706c130e41a74d28a33b64c034edf178fe44283048227dd422a
04-11-14[11]	461	81c5b78882c7cdab0a88109de653e3fc8d958ddf158e9b83c684e53f4066fa1b
04-11-14[12]	259	50b0c602c2a7e9b94c030d1095e3cb7aa1dcfe2a19cc029540b4b4cab6427b2f
04-11-16[01]	102	10d70faa929040bc6017192eb406cf033da0f7acd9c765b4d78c01c267a9272d
04-11-16[02]	997	0fdff0da26c6a2b653ab881a861b70305843cc5228f9f7a35bc900951efb9162
04-11-16[03]	93	bc56b7ebc23db19cf2cd5ecce227adb5b78b71aadd1bc3cc0b99ff52e424e68b
04-11-17[01]	93	aab1559b433d4f1f2a6fd7c41c565e5c8f7dd1461aa02594873e0d88706455a8
04-11-18[01]	121	0c76817fd0750df0ea324e43ab701026e316792a65ab27a9c674a76299247b61
04-11-18[02]	249	6fde027bd72ac443531255d120c9efa3ce31a02a5120db79cd468f007703242f
04-11-18[03]	726	08ec2c20896ecfcaee2288442b86db6594c6266882227a3c6126f0d5e272541e
04-11-19[01]	1740	7d52eba0f5ddc94a35b033cdfc0700195c13976ba39f2ac145103471cb4f01de
04-11-21[02]	503	5290ae0ad176c83ff02898bd7980fde7df5318b7b7229319621b94bcdf163574
04-11-22[01]	432	26fc2d9cea5e11d69768f2733eb87f32e7281c6adbc92c361bae61a48bc525fc
04-11-22[02]	291	e02987265632cc64ef3eba0b0e6d410638db7d7e2c38e7b3c40d87a25b042c4c
04-11-22[04]	96	580a3c958c9179784145d5441dd1aa3ec1d196c5e0fe40c6a2f66a40f5441ab8
04-11-22[05]	316	e72e460f69e00a1eaebc77e257a6f93bb16b2d5a31d0c6afb5e4649f1b9660ac
04-11-22[06]	101	5d95e10614af990ee6d9a50ae3f80791e0f0b006172cdfabf65e52fac0b9ef66
04-11-23[01]	131	5fa84df3befcbd3e62545702692a841f0c41b48757c8d3bc62fd64ad7ca0cfd3
04-11-24[02]	167	cacfc925d4dc71ea9b885a1e058a1867c5bdec2cc9df1f95df1daf7b0ab1f841
04-11-24[03]	188	5ccc19d81b506dcaa360a5d62fbb1479e3ce680ec7c4993357d86c3c400a2b0f
04-11-25[02]	816	a1282f4f91cf72a2c2a455129c9dae161c425c7a3cc200277dc36b4573614344
04-11-26[01]	1042	6543fc194efa6c6ae3f319919040c43bcdad6665b536a8d4f868f0bf5c8c3a84
04-11-26[02]	166	6e2d760c088be2bf88e4de22623e7c78a8a0881c8851af682f4a060e87ed890c
04-11-27[01]	130	c88b5a364b8cbe7819fa248de0850d77c7b46d5c89c1c91cfe0dadf47e8b58eb
04-11-28[01]	179	2bb21f799d2083ec82bd913b93d65a2360d123d14729100a1f8c3a57579008a1
04-11-30[03]	162	bea9ff94634d7e3ae732f6305e9c2c9ab1aaa71db511e57dbe2a75a69487d168
04-11-30[04]	2033	33d74caddb40b53d36729200e24c0aa81c8006ecc4cd26143f60841f378a9189
04-12-01[03]	77	0c43e13fb56b6ccb0799cc059a7a64e66573b5037a57b1845882f761a5df97cb
04-12-01[04]	362	2f565c1ab5c6f7fdde4da931e1c12d0363865518ae20bd11bc84287314d87108
04-12-01[05]	284	199b5ca77f1a820c20f1cf770f21e17118df467a579e8c400b50dfa1d7e6b174
04-12-01[07]	1182	12292c09a72c212a722fcb7058afde435247f85c246a36c909f7bd1d614e56e9
04-12-02[02]	240	6823e0629996b89802073bf8893d6b60e6f080db658efc2ed5e041b3bd5cea93
04-12-02[03]	545	3869664293b8247a2f58f07f9e28c2bee2efd086058a8153e849ee1a1d053568
04-12-02[06]	619	ed4daa07f46cd376f0035d1e27668f0a7a76f3d038c2a304e80f9a1531d27af7
04-12-04[01]	571	8b9dbb368c9205de0ff9ac72e7a9d1577d8ae95244a90f50c6e9005ea2b5f582
04-12-04[03]	691	a0e1443f6f3c10c4fc531e2fa409c4ef20dde2dc26b25734658b23ff7555a17b
04-12-04[04]	315	027c907fde3bbf5aa67fcb7f018796ce7d834a2a55a0e26e3291a00ee067ee54
04-12-04[05]	680	e3f260d4eff37e1b337eb86f523034e8cc2f7086e7252c615710c8e386d56233
04-12-05[05]	209	ac77e0b2ef2d5c30e4b63e83fad7ca8d012c242f417b1582bd0420980b53d764
04-12-06[03]	99	3425354b6b64199e96f2e9327d43384c6daa5acf4e4dab6a1c23c646e256935e
04-12-07[01]	298	b4b3afd6ca6b4b1954539cc570a14b55bd10c92f08c69aef4ab6060a88d81e97
04-12-09[02]	150	8d99d8052aa3804ee72c667c03d7d55a6c8525e0cf39ea26a262e70d87ce272b
04-12-10[01]	829	375d7d79f43c1fdfc766aaff68a5f78f80fce1270e5101212b24a4cdf3fc1410
04-12-12[01]	89	cb16f6003ff87e5e46b0962e519b603c5dfd6294f6fdb53e004736f0ec0a7328
04-12-12[03]	339	36943ac14907d2be2b583d93531f5f500bc03d73be142d9111c3794d731212e1
04-12-13[01]	562	6f91586dda63203c6f5d4137a0fbea8910e688876d7cb4580c139dae4f4aa10e
04-12-15[01]	262	6784831fa23249df1a4e606b239a88659eef33a6537fb3839cc88fe8d8aaa77b
04-12-16[01]	453	07f8f8175bb05eb639566814cb03c8e88630501cbec0a20ff97dadb157abb16e
04-12-17[01]	432	0bea7dc5517561aa62a6429624ece8d8f0c5f9c78a06351a64fbe6b6763fb8b6
04-12-17[02]	126	d2dadbaf1e7b9220e976945de25f51e5c462393f0908f093af1d846d2358d13e
04-12-18[01]	303	feee4a2122c575b6c158a69d589466001f42bd14fd83c747c01cfe8a098b2326
04-12-19[01]	383	34ed2b3a57026489185feafb9942c2ab82a0100cb63d9c0b28585741f74e47d5
04-12-19[02]	193	dd1ada37434c69114d044d90bd3219681f4be8cab5de0f618d718d27b74ffa5c
04-12-20[02]	141	9fb009c4b73e5291d27f79b5608ac26346d3789053263eef98a7b171e7e67b0d
04-12-20[03]	641	f0bd45ec2c5eb05fbac8a595b1a233c2514480cc0cf1bc2ff3b22e4320a47abc
04-12-20[04]	693	53742ad0c1af17fca4a410a08cdd5c46689089ab3a2d29dd6545a454ddd2e0aa
04-12-20[05]	478	7e54167f0e91a707099151e9c280a506373cea85344582b069cde1b376be3051
04-12-21[02]	222	9bb45b26824c3fd7e48e993124411edcefe6d2398b272b441a5b1ccff830acdb
04-12-21[03]	174	7cb2ce675377fe064cd3ec271d95b32c04dab91571c922137fd1b51c8d7bfb9f
04-12-21[05]	533	a852e9f6b192d463b018ca44611dc5e79e4946aee9a36e328ea7a1ad57cca842
04-12-21[06]	128	7a904ab79ee54d6f6eabfa5b0bc1027ebc4edc2c5ec0fc50b8f428ab625964af
04-12-22[02]	304	e710c7d3b068c61d795434c090c2c460a534be01a5b00674ba2235aeea5f4bce
04-12-22[03]	43	dccdcd682d2f5349029411b59608aaad99df36f511a4d9a2ee3727fca06bbceb
04-12-24[02]	86	f8a81151fd9ddbf544a91efe8e9e6556dcf78f2965b90e62e0baadb2db210f14
04-12-24[03]	127	409ad3ab321f815125e605c64a82367d12704fd596f8080627c8c551ac261022
04-12-24[05]	114	d620416399f0a49b5fdabde5559d21c8ec5709376993e1cd988e08838b086d26
04-12-25[01]	78	3a3b3a91915a9580865a554edccacc5b88b6f751e7732d9cfb6dda45be76db65
04-12-25[02]	92	37bfb41e89e700bb6efcb4777fae6a8973422822a3162f8dfcfa40884bd90146
04-12-25[03]	144	22606600371ac1881191fcd508e39b7ee9f0cacd7752a7efb94a47c044855951
04-12-25[04]	115	0ec48e77cbe326fb0357a06a4d5dee8a4792ebe74749edd9d8dece308c5101f4
04-12-27[02]	664	b6aaf0d581894dccf0de7aefe1cf642242372db49cf8fc09c7c761ca1af04483
04-12-28[03]	200	66c8d7c8fa7424426378827f9d1c535d6c0d8423e00b1852a4eed445e0ae6e39
04-12-29[02]	165	e0021bfb50f8b58389b2467d439d17d6b46c50c08f2544165330a26ebdda9831
04-윤12-01[03]	587	6ab8e031077122f445cc33521db918244c6de2bb106f83cb5cc5e5d0db9d4123
04-윤12-02[02]	211	2e14914b5050cd675a34e603f1e03a39e939b9d6a683e4321dbcb7a0b038f116
04-윤12-08[02]	220	68b11956328a07ed732385699cc8fe7fa23224508bd5762f376cb12620846972
04-윤12-08[03]	349	bb4476a9815d2828778c0c13e11f01d21bcfc4183c9118bfab87a20d597f1899
04-윤12-09[02]	597	9dd71042b1adfcc1bba8422b2199beaa74a0a282449cc415fb4ea2941aa8430a
04-윤12-11[02]	511	3df0d90aa12797d3e5e9f686297fbc5d0efd5e7526e808f1cc84e9a91166df40
04-윤12-11[03]	221	f74fd8d126f7d6894e182b427af3706f1da42326f4230c72bb1165f2334fd1ac
04-윤12-11[04]	407	bcd22c0879434b245c1664ccf2cd896b1db1214a4ab90db7209176c19cfe2a1a
04-윤12-15[02]	469	31f5c1228503d9a2a2931b2d558f6a1995f73cb15fe0d2c416bbae2b4814a14f
04-윤12-16[01]	143	fe17e6b8499fdcc684b08f9e88aa0f5d88462fb21d1aaa0f84847ebce9603619
04-윤12-16[02]	140	fc405e881805d35a432227b3ff2b5c8cc514596227b1326e3cea1d4b4be08149
04-윤12-17[02]	580	a25b84815a6c72f73ae2598e925b622554d7dc128a4b327e22bfb07f051f1db1
04-윤12-17[03]	121	9da61ea762834b159b6c2373f0956e9f60410748c6fb9c503960c01776df8237
04-윤12-17[04]	348	223a5a0934f84549b64023675438e212d7f99d7a5756bf3be428e38750ca04e9
04-윤12-17[05]	185	43f750d1212e9252dee1724dda4ddf58249c6516aed9e820203e4ac0b67f5e81
04-윤12-19[02]	287	24373b3aafa69b354908fe722f3535af27a6cceda4dfba62c2ba6cde057bc5af
04-윤12-20[01]	83	6f938440686a13b8215fea7bda71f9bd03765f8de1468ef7eda7f168ac8ae14b
04-윤12-20[02]	596	2a39666ea12525241de2571688a7476a706267078196c41a26a9d6479b23c7cf
04-윤12-20[03]	86	dde616a4a3f35c97f39d47a84d82d27412d3e25aa005aaf2fd2fae89c366d53b
04-윤12-21[02]	99	3d12386756fe0eb71622100e55e38bae64ca20988817819228d151a2f657ea84
04-윤12-22[01]	138	454fd9ee39bd410e3b1387b94af6cd7dc7425d485da419f68a8149d03f266155
04-윤12-22[02]	263	6c2741d25ea597b47243cab787dbe07ef90ec901564f11d5a644614756f1b228
04-윤12-22[03]	714	56d759fe944616f68dd95ed4d70aef3e6e35de8aaef30d2743a90683fadddfdb
04-윤12-22[06]	306	3f5405082d3c3df4b6167e8be81302172b5cebba1f29c19c160ba31ccfaa7b03
04-윤12-24[02]	300	ddcda01f7659256f96b2b3fe1cb7176ed52f0cf6cb93960d6f908c5797a8323e
04-윤12-24[03]	108	8d3a294247e4732a0829b33795d5d5e140a70884fa5e5e1253b2628be89ab3a4
04-윤12-25[02]	166	beec18de9bd1d290856fea8e9b222851b84f012d606651dd93e3b8705d4befce
04-윤12-26[02]	172	9fa33cea520977aeda36fd9b4982da5423b5c8edec7efff274a0438f0242855a
04-윤12-26[04]	538	f085cb192dcf619c2314e981b419468498dac63f6d8920483436a4bc38285d2e
04-윤12-28[03]	270	40f05cc92c6e8414de37d6fda0c538058f3a16db89afb2a3abb51e0a8f3ebc2c
04-윤12-28[04]	306	1f5821eff196846e2e570f872356a58846294afc58edad4eaf627b6dab78dbd6
05-01-04[03]	1466	ac34af9615d259026946d6054f3be54cc95f60c423cc84c8c90533d9990af07c
05-01-09[03]	183	5986dff0c36a402a21f68f40d853253f042d007f9d84d5b877e64431466f4852
05-01-09[04]	309	63b118bc525b50e1969a78c799b521c664c406452ac2547cc770311f1e1f6cce
05-01-09[05]	517	994d83e7d24d7f079c953474bec246a2affd5f5986b80feddf4f83b5bf3cdf88
05-01-09[06]	688	43c5c83d1193944e22c0efeb4fba5dcd0307547c6c9e4ae5b1ac6be808c48113
05-01-09[07]	403	4a04be64f495377548c44c5df117fbf0daac91b2bc3106ac9d920b8f5f8e9029
05-01-09[09]	222	219b982a1d27ed309403d73846f3918051470cd17b31b0811439e216f12ec05c
05-01-12[03]	137	0059a3294fe168822cca45e842351085278f6fd596727101eac3fddaee34fc96
05-01-12[06]	1177	6ecf2f941b6ea5841e4f5d7a62572450af3ff454d9844a182f2670a9c8ea0e43
05-01-12[08]	2714	c27139f1ba62ce037d2bcd2de8361ce61de5d232755991f6baeafa9118457eae
05-01-16[02]	341	b91c9c4f36c3be02ab3ee04460f46d3024c836160876064f59f1f3224fc98b3c
05-01-17[01]	170	3c89ac0eaf20b5d4ee8b1a9420902c4bc2010180faa03130eae48eaf0ca4e8fe
05-01-17[03]	187	9c718f809a0a9d8da6fab1f11d4680e7806e2308e0683a71adf35268213ea541
05-01-17[04]	1133	e13e69925d471ab9b7e7037fb8dd081496ea20d9b4cbfeb3ab689a9a518042d0
05-01-18[02]	189	0b7836dbceba3c96fc954f68861958eacad0b0dd16df7b188c69c494efe9fbe6
05-01-19[01]	950	558f6005cbdc2c560f863ee4ef04035e12da505e292fa153fd6a374e358ceddd
05-01-21[03]	1440	819cbbc17b3ca61b868bc1f9a817505511b96a974f8663bdd1bb563837ce89e0
05-01-22[02]	1302	a3a99477f478e14ef459762892f2017fe88b022927c5a09da6f2ac8abd392a81
05-01-24[02]	318	976b5d92fe12c9bb98d1d0adbebc2a7f4ede52d37ccfc7b05dcfc4a69371301f
05-01-24[03]	174	451923be0f2eb636912e4d7243d332c962c30d63017abcbfc9c0743c0c7ac8df
05-01-24[06]	80	44a78f34368647b46123ba0f48456d5a5301ee3784a5ff949eb80bda4ef70f2b
05-01-24[07]	515	0b249613422ff8abb3a739baa2812df8b4abd1fa456300732775360a896b815b
05-01-25[02]	568	75dc374fb55aafab2be5b962a2548ded1cab7408fb4d22d773f3120500a00657
05-01-27[03]	746	f53adf473bb16bd4e5bd381d643e18a3f48dba04119b392635b0b87ce583aca2
05-01-28[02]	889	d3b8ab7a1d2fa713ad6651004b9ad31b0759faecefdddccdd63bf50205fcbd48
05-01-28[05]	515	24b7bbde5baa383c622f9f5347ae610af9e895e1eccb4bcf4819cdc2b5ef55da
05-02-01[03]	1141	4b1ca4d4864c83ff88bde2ce984952f338cdefca207c53911fb24da7eeae9be7
05-02-01[05]	154	5c10a9a100a45333312db371a1f081f50afe848897c05480a22db572d5eb45ad
05-02-01[06]	375	4d7013438a928f82dcb94924263e2623b1b12bc81c1cbaccb8b29287db6acf9b
05-02-04[06]	179	fd205cc504d4bcd5da12f1381d1b7893f70f8dd22ac3911b6ebd1f066cf91ea5
05-02-05[03]	273	de427c11e1383c753bdb854eb34df80fefd3d8bcf4d1acd467d22fa26b3d5ad5
05-02-05[05]	1516	e5bba38e11cdb5e1dc2c64ef656c71196e2e9a9e1d4052681f9ac1e359fd710d
05-02-05[06]	176	6f047b7efa21acca592524fa6916a893adf8bf05a59e8ad719f521e10a19caa2
05-02-09[03]	1576	63f654660b00367f21634f89690219c5a3a7c1b49f2eeeb60328896a0ca127ea
05-02-09[04]	738	c6a4772827385b8bc20cedd9253873d00396305bbc83bb1d5031698f25c627b0
05-02-10[03]	175	189322047763afdbd9cb64015670e296e1d8a26e2bb203fb568bcb474bd88a46
05-02-10[04]	169	d55034932e6e0e7def9733f2f23a48501bd5dcf319a8581b23c2d5c652ffd7bc
05-02-11[03]	212	b7fb1fe36e947a4cd258dc8288db5dc2f661312defef72043d03d78ab79e5f79
05-02-11[04]	64	53219303e552ceacf3600312a299c72c491458410d3c2e2b711d4a77783cb409
05-02-11[05]	639	ee181312d6faec79a774e7fc14cc23299252eca9de7ac1904bc2b20dda08baf7
05-02-12[03]	874	584e088847bbb17194dc3f730f324f01b470c1190d1d95f67bddb77d3ff2496b
05-02-13[02]	81	78810dc9a5e3dae89ca430c94c23bb0c97de470ebcaa05a8251d34c28bbe4942
05-02-15[02]	1470	fd637c99d4f8a81547bbe612d62747329806da15995e06afba9c546cee609bc0
05-02-15[03]	306	c0a4e65be20fbfe62f0ff17a2b0824b104a8d50c9f5bb5ff9eb7236ffb029b17
05-02-15[04]	139	5076a81a49ed99d7c7a8887a101e345e63b0181abb510f34d8608b200ec39e00
05-02-16[02]	3863	7a1e6f99b8c7a19c60f2476ea31256c0bf6ac831c97b71ce10fa35077912fe90
05-02-16[03]	239	bc57953721e71b04d5aecaebbb8435027df9e8e743fa0dd54838f7124aa0d65c
05-02-17[04]	108	74777f1fa377e2369bb3fa73cc7bb3ccb48471039600214c228b5ad2a3f4df5b
05-02-17[05]	1996	84f1319d4df349505b003cef8184c710a3cfc7cf8e3b85986031ecb61da3ddc5
05-02-18[02]	94	91ba348540fcd37b78055eaeb907d1e73e2dd210f654560ca004f6dc6e1eb46b
05-02-18[05]	281	676151dd5225b40dc12c505d1d487d8fac520e25aad849bc42937622216da387
05-02-19[02]	215	2c60770b3227e8161f32bd1fe9f6ea925595aaf33a396144b153786064e6594b
05-02-20[02]	168	cd81435fb812586c5be3bbadf03700cae1a397ec02846d195b97c750bd32f11e
05-02-21[02]	145	80f5d47f8a57c7ccb2602bd80f4d929ba93ecd6dcce78a54534d6d17fba225d2
05-02-21[03]	370	43423afe4bd52d29c596c5859fb06e12d5774701af9d32120ca672e3ec1aed2e
05-02-22[04]	146	b4d51dedb5fdbb127cb9d79a2f3f66f04bb9cb79e39eadf3acf0849a09f67395
05-02-25[02]	227	4b5e5f3f42c78a1a354012409b391cace12123a6a61bdb352c17c92cc08ea0ec
05-02-26[03]	86	52974056c22012bbe0ed6204b87c2bdfd77576f24d7d904a58799142034184f5
05-02-26[05]	683	629dd67d3b38a9ae2f6a5b5f554d04344cf829a5578c3a778b61fb33bd923e4a
05-02-26[09]	431	afc33071512c8c220ff958b301d4fa756f0a887b94e4dcb48a3a86489f0872fa
05-03-01[02]	388	d47f34fc8d475953857f696f5de7b3c57e1dc1d5783ed228cfb3834d698c48b4
05-03-02[03]	187	abc98c292fada76b49929e72895c1dcb95edf0806de9f61fa213ad1e649b7b86
05-03-02[04]	157	85ede9244ff409498424de5006e170cf12fc43af2022f6fe39594f61b8ee56ae
05-03-03[02]	1223	8c86b45e9dffd075126221f4ac5823e04f4b3ec374546bd041a72140cee7e45f
05-03-03[03]	256	5442c2c4b2c7ef0106c54980ffb4643648aed7db80f70dd41d021ae1d8d2713e
05-03-04[02]	803	b5dba002fd4a33fd105b37790ea3465de0cea3c746a5158d1037bad79b1f44a8
05-03-05[02]	572	c6c21f92a938c1957ccbfe4a22573c3a9e43c2a1dfd75b763ca6347a40fed009
05-03-05[06]	244	e97beb6c7d1236b58cbb89d5508c98fc97fd5a557b906d3611414b14c9f1b56d
05-03-05[07]	289	3739574f74d51add34714d9b06bff9a480b0d4d9ef83e9332b739bee5aaab153
05-03-07[04]	2430	bda0b3bac7ea84d761afa82d7dd95b6fa252ccb730fd716f6eae5670b87a2416
05-03-08[01]	174	9eda1fcaf01e8aea6b53bee7ac92f5c92d9b7c1b02cec97024cfeba3fdcfce91
05-03-08[02]	237	9b62cf91a0d2f6650e92427ad2a14de655f2c3ab1eb2b37aaa20bc48c0efffd8
05-03-11[04]	267	f0fe1c571d0de175d160bea77dd67e879a93f42789c5e09507fcc7280bd1b21b
05-03-11[05]	1045	00b4756bb1b81f9e3fcb808f6aef6759027116d4f07d90af66eac9145da75d4d
05-03-12[02]	126	42d961051c1f5ac1487efac3ed903a635e204b634a5c1bfee62b2917c78381cb
05-03-13[02]	110	6db59f30fda7db9306fe0f0bea325c3ced9124f6d026fadd743260c5347ccf7e
05-03-13[03]	139	c14039ef6caadee584e383d8d37f5dd320b9fe6963d0da2ecccc9caaf542b50f
05-03-13[04]	131	32b285281742d5dc9106ac2b55bca69fbc646338c3f3e957bde9f9c03cbf5ce1
05-03-13[05]	158	9b1ba77d3119bc3b3ad0a75fb31d7d09d42e9a572b0496a04ed9c5c2da010812
05-03-13[06]	145	664a49e05298cb16f59d123e84c6548eb371c0500f44fe363cf074dc489dfbfc
05-03-13[08]	684	f9ed53a8e43374448417581ee087d3dd51609724e3ed41fb8e72b8da6795a0d5
05-03-13[09]	755	34be3b1c6c5c52afecaca1458d90f15038d7328a8a1d275e058a658d12a535aa
05-03-15[01]	136	8557ec39b90bc05e5bc895d83552f53e9f77b8a40b6d6fb7453b21bd23f520bf
05-03-15[02]	774	0d90f7a30ae5065d724935092934b03eb89f5ba99357d3b916ea4a4197270466
05-03-15[03]	169	3a4f437feb5a5df4c160a6519c29b8abb1eb835be7d9169fe449ceb5a8ac1657
05-03-16[02]	1125	cc9e9ce51e946d60accc15011f8e5318d725eb106d94e44a41675f9ae53f7576
05-03-16[03]	103	20216b1c6aad3ca3380f519ce51be85cf8428deecbd2bae69b37f80739212e6b
05-03-16[06]	114	71f6673b295bee6495c062fe97dc44211a05500ae7b372f43902bcdb47e9540a
05-03-16[07]	167	17f400f7164ef18974ae82878fe3a0bcb9040ded776bffea436369ac2963e8c2
05-03-17[02]	186	b15260ae7e9706efe80add30e82a0bcbbb32d49cb94d0704739ba97be33ce33e
05-03-17[04]	218	eca1e7a6ab3db6054a408c8e110a8d30b4e7ea05ed27d76d2f08966e9e1dfe22
05-03-18[02]	97	f53c896190f8167a3524f1391f30395090f8bf0ecc07c2ba19ed25f830f94eef
05-03-19[02]	311	d1185fe66ae546604d1bcf66b4bc86467293da73d877486347d804e474dfb7fd
05-03-20[02]	116	eb08141f4b9f1aa957aa2b8346710c03f6e1f3c432611efeb0c4d4ef3a8ad43d
05-03-20[03]	176	653377112f83bdc73bffad1f2338ae57d9bc2ee11a2974ad45e615139573d099
05-03-20[04]	108	3897025cd453b037810e03e56b09c0084528b0ce4b26431b59900e13208cb8c1
05-03-21[03]	74	22a486bbec47fc3e172c9f171f65350f901f4315cf4881c4957a972732684f45
05-03-22[04]	423	9d158aa1cd0843509723836786f0c581df5c6a9105ef9d43781725b65de276c5
05-03-23[04]	116	e3a26d7d7eeb5abfa7f504eb46e0ec5f3b0de6ecf9dda9c3b26ff6c87d7b47fb
05-03-23[06]	153	795b94d7fb663fdbfb7184267bdd1374592ca378467d3f72644552bfd1e14a9d
05-03-24[04]	2754	28df608de12cb336a84cb8ae23024446a61317bbf17836232fe27469f1ec3e6f
05-03-25[02]	114	bf2dfe2641b912c222700123c12857d1299e8fe0894d4a47b5100295e0826004
05-03-27[01]	149	a331a18b894e1449f79f8acb017615dec45d2262e4342e971e5f2ecc481b5a7b
05-03-27[02]	88	2ac6716b26709e2f67fecf021007309ac21a6d4cb784b5e03c3f49d7ebd7d4bb
05-03-28[01]	1460	159f0fea4dc4acbbb60cffd0ecd7a5621940c7a02f9371f526dbf8d22c83bdd0
05-03-28[02]	897	1e41eb6b242b29b575f4e8e2a9c970ea0016a2c46f9caa2897090a231bede087
05-04-01[01]	128	d6f380447fabab8a120bb834207778e0cace1445be1ab367e13cfa67a405acc2
05-04-01[02]	127	5b81897850fb0da4abd87d72a5200dec076d9670dff5ff6541cd9f0e9bb1e593
05-04-04[01]	129	510c0f03afe8facac3a1e465752b40d49b2e1efdb358748b3241e3baf9e1765b
05-04-06[01]	1055	6ef6620641069dc6ab2fbcb6b4d424657f1ef30c7b68fa437a769ebe15c1cea9
05-04-06[03]	216	b043cc8101af115c799f737fee3f7532ff73eb67b0d448fb98fca0982ef3fe21
05-04-07[02]	894	fd8b95686ad51f2feb5a5bef6fa3b6a1e94dfa268a5a579d1b86868c9d23e7fd
05-04-08[02]	86	07ccba16aeda716b5d24d5734a3853bc0f7f1e01858f07005b6c196b855b272a
05-04-09[01]	149	d9316296a899136f2af2992c0a32168e1cc0a2e97a0072e3ab9abb356901ef55
05-04-10[04]	183	467463f796e586e951beca710b1b60d76eb728f7e6593a9465e775d232db010a
05-04-11[01]	276	479b452c50fecc2f5c73de834bc90e4d9d13d943feb6d3077136c30e848e1de8
05-04-12[01]	181	d298322a720f1aaf2374688f9c6fd430ac9668660dd004ea5223cda162655331
05-04-12[04]	913	dbf87c543cf07284ab40e6ec9c17ab4d1470ec1bff2d52f5a3d0249995196142
05-04-13[01]	1352	6edcf74b3e5ac0fd0e145e37e5da2abf208afee433bd2c3d71367a078a3ec898
05-04-13[02]	149	45ba1eb5a89236aefee2e3b1c7b852c204daf3db0e84d01e128528e9807d4d15
05-04-15[01]	1228	35e7c116e6634202f615068dced2bc785977dde1f3680a30fce6771bd3daf77d
05-04-16[08]	260	9f679e6a62cbac80ebe10edc1bbf279f31503721139bd470693cafb843093648
05-04-18[02]	261	d74cbce576d90eeb436887a98a9b06afbff78a46d339f642d2316bfaecce6987
05-04-19[02]	419	e2cee83f2150e2a5b42a2b1333033870835a12ae70e52305543ea2d726fb5327
05-04-20[02]	105	e6ef14e820797beb2bd61c3731e182ce97b71b4956751fd461dd4f45579ab437
05-04-20[03]	187	e9bb575f2e3567e62d7c77207b60afe8624e45641be613b10f9ee673398be3db
05-04-20[04]	715	6cdd83f3db6789b13b816e50d2222ce8d594d1ea9a0799550a918d7f7a30a4e9
05-04-20[05]	185	ccadf3cf1edcef07d0238fe2e4a6b2334f5d9d1a9ffbad626a46e91fbb95a8e3
05-04-21[03]	132	1855f3ae1f476a74ceedf78c3dc46ac93364a358b5623b17b9bc5015e3363783
05-04-21[05]	662	6100773d64ac96b37e783f867e28f14b70442e2aa2d9587cf19859ad82dc2f9f
05-04-21[11]	137	c2788df4fed657e0f90227800e3e2b44c4c325b8dde01d4baf61260300aac75a
05-04-21[12]	84	30eea809c33b632245655d3a226fefc4b290f935c5963e9265d3d4babf8c030d
05-04-22[02]	149	de2788fd562b7ab018b39238a9b9bc970a5393681379a8530655bd317f31cb4d
05-04-23[03]	872	760ab3cd80632820ff535d246c880edfd1f269cb3e18706d1b8e77f4370cafb8
05-04-24[04]	118	4909826499c56b2d41c01d43c2b8ba656850af1a5c14a145fe4f4581c19b5e9f
05-04-25[03]	559	9689d27211fab824b9ddc64ed7c92c48465309e7325d490dfde966ae9b8b0045
05-04-25[04]	1410	64039082cb3f6c84505b24a01bb6488d3accf6139b7ea0fcba2240823991e322
05-04-26[02]	95	9bbe6da117204653f97ddc8e06552a896e8f06e34276f27d8dedfe509422d495
05-04-26[03]	489	91698b3d7254f453e3662f32e6770c4630e2138d882f30739e18d0e56408b6a8
05-04-27[01]	207	c59b66b374e27807cfbc4b3ed30670489ef6799ffd5c938b7a25f4cfffcede8b
05-04-28[01]	147	cb42b2b93ae72618146c8a33765ab0d286118b303986819b15ca2bfc4bc6f532
05-04-28[02]	319	c12dcf28b819997ab9e45205ab844c333868dc574d0f40c26f7d1c5c09be867c
05-04-28[03]	457	f61ccb456302c6572862dac6e4e84b27d8cbbb6e4c742addd2d37f934a3e9522
05-05-01[03]	848	6cf34d755555489d362fb1b9f390e55e693c1252a86e024b712266bf2f5b106d
05-05-02[04]	314	9077e89a6dd7e6b27dcf7c8efb4bd194d8070f8bebc1fa543950860ae919e5ee
05-05-02[05]	380	d9353f223c1f17305b7c3e038a94484c0e1adb4fe4b333977f43299c285e3dc7
05-05-02[08]	339	458ef013b959f7b5065e7c9cea52c08a4e0152318eeb675828714d3df7f41531
05-05-03[02]	517	c3f67206c0dfb7bd427b2c3ff1d529fa7d4d39163a2d1c80e576222f0b572d01
05-05-03[03]	112	add9e089977ea3d3d36fb7dfb48ecc6eb942d31fde5dfc48148433dab2a65bc3
05-05-04[03]	112	80305011d9712c25739d1a5fdd761ccb6790e88edd18f71fd54e1c72eadc198e
05-05-06[02]	161	d95fbf77ca6ac9dd25e740fbfa506fe43e9795133b7e3d1d0ecb9b3a660a89dc
05-05-06[03]	162	28f34b880b334c49d68c3e8559778db86c685d8f7448f7bbfedb0bf88fd4b5b5
05-05-09[01]	84	540dd39ec533fe30f2903d0e927dcf810fce563cdd3338549d63c92c31ea35f5
05-05-10[01]	317	7fad105b92430db28df235d3f881d9416a64357302aa28c2db17ad97c1537a67
05-05-11[02]	832	145711ba5c0a0246da84b762feff8e40b2eca431aed4733183e652c582f09187
05-05-11[04]	222	03eabbb5fe60cda784b6e87a18400b99672a52285bb97ba513beb64ef916cb6e
05-05-11[05]	130	01a11f4ac4a66be9e89e9c4e35bea2e4faabb38571674dc652086aa0cd5c6bb6
05-05-13[06]	125	af2c59da6f21169a2aa9a252d7ff86628f70f88975389dd17e9f344e12c088ec
05-05-17[02]	119	b77b3ff256a48489a40bafbcbb135945053c457b251d06c7d257ed26b5d94784
05-05-17[03]	1361	e81f38a101a8cf4a2f863a57f3ccaa272f8f46994b14cf78e0e8ae5abf70dc9f
05-05-18[02]	155	259ef9f25aec0f4889465b7f267e587c8c251b881c0b6e8d04a8315df6b87a06
05-05-20[02]	98	5c7620fb8f53bd835cbcc845d023c4083f748952de54e54e137ebe01fa213209
05-05-21[03]	881	387ed0cda884c7c8199c52dd10c486eb70c98fe2d1fd737d9a4ec2cd513789bf
05-05-21[04]	195	220e4d6e57b2884d7cf8ccfa4d29a0e9fd5d1f32eee7160a8f9f1e6e5a7ee1e8
05-05-22[03]	746	c36d05fb580f9b4234f3acaa2d4fc38660eb8b6b581507c18f028bfe10eeb816
05-05-22[04]	266	c8e526f0103c30c79f6a9a4bacfd4ba822b04ce6d5176bf4972240ed3dea1ea9
05-05-27[01]	345	73a506898d4afba7a8480769df9c480d410df62c60a000c9a1a22b423612d21c
05-05-27[02]	337	47fddde7dba0dd53a0c3d2bfe8e262901fbce0907c63d0fbfadd21ac77873c26
05-05-27[03]	259	f1321828689239d04ff885c842762feee5ac4579a3c7c8a8f71f71d336376233
05-05-28[02]	5346	4630c2b18d617ba00101d8dbf2bf8d7308b8e7f2b3ee06366653713c852627e3
05-05-28[03]	183	5e230fcaf1308f3fd99300cea81d0ef4eec6bed5e7b0310265ed8fdf76c2134b
05-06-01[01]	113	4ba588686680bfe9f4d991b0dd7709f5f88952e47b9f42326fce98c08c0b0bf2
05-06-01[02]	152	65f6627b48d143dee9f376c05cd2dc9c1cbf87c187406dae26ef04132e4b9681
05-06-02[02]	448	5373564c9a3e41f790c439ac27281653c9d94bbc05d095da49e9a7fdaa017b12
05-06-03[03]	359	e79effb3f41dfb38baab766bb41720cc6ab7b8801b15e15c609171db6064fb96
05-06-05[02]	2210	c91d45b69ad6c6aad06a83dcf859a6e6149c93a309dded89515ed904231fb14a
05-06-05[03]	280	811b8df071ee9c3211693755d4759b9d3dcf669984b3dec01e67f970a53dbc8a
05-06-06[02]	239	2fafc37796ed05b46dbd3f59b2a852e75ff20391852e672a820c42c8778237f1
05-06-08[02]	209	9925adfa719761c706d83d507189a3ae6756cb151e87b3c2ff53db1eb83be067
05-06-08[04]	429	a83745d30873f23bc69ba3a2fd5e63e2b2ad5cb5ff00469d85d2238e25924f48
05-06-09[02]	105	876ae99026b70da27b66b531cbaa56c691ab067af6fc8e6e6e3998c1df259d8b
05-06-10[02]	232	73f18863a14635e39d00ffaafa8e37daa5d60856e296b22157e8e401b77300b6
05-06-10[04]	181	05f4fa8c1742ac8952fccf657b88dbad1ea497cdd48eb39fc4654fb9e734e01c
05-06-10[05]	223	cb79a7fbd68fd479b1ea2680c1de915c9368ec3d1b2d7e114dd7f29a1e420859
05-06-15[03]	236	a620683140b3d4b15533443c4a833ec9845ca486c8b4479f631f0fc475b4af0f
05-06-15[05]	489	13f0aa4d061bd3071501bfac32f7fc33d48e526d967855588a88c4abadcd6239
05-06-16[02]	160	fe5266587f0022cd059df48794b1ee355d3e9948df251060758a4c82dd6f2d80
05-06-17[04]	219	bfd3268a9af8097b2d09c5dcf40f6a4ee30a62ec85a93ddbad808a6bf9287de4
05-06-17[05]	177	d5d2ed998ad7c8ca7b97ec5d483f0c745cdf31a838202e6469f1a1584b9912e8
05-06-18[02]	169	19eae48f3c84e2266b1195499cbcea39436f48de4c05a069ca4f676ed16295f1
05-06-18[03]	789	5e30ae28a5095917ccd7b08bead99e9ff3e29ee85279a93198053d8ce9e7e84f
05-06-20[03]	89	edbde490d2f1244a5c8c52583abea055ad29b291d9e59d1ce57c8382b86abf08
05-06-21[05]	560	a614cbebe1e09749e38f2a7f9315d18316b3c64ae0b02379ced32ff71d884198
05-06-21[06]	786	34ef6594c71dd1021c9bb409cefd5d3f51ceba8b717c8afab9b434ad69749e0e
05-06-22[03]	119	ef9e901a6601606e0299ffbf624e7635fcde58b402bb6215a56f51605c466175
05-06-23[01]	1043	098a2a79567c4cb8692979c3e21434cf2831ceb8be70a4a7f0c99d2db492252c
05-06-23[05]	226	41fd4feb05de7662c7aac34bcdb4f0019ebd2341d779fbb3110c279391c4e9e4
05-06-23[06]	89	53635d97aed88f9684149404ea95f7961388a4d27a700d7166a7808facac3edf
05-06-23[07]	229	94b09fc88fb5b62dc3c4966e9329a794d8031fed6412ca4a7c2329f8350fce86
05-06-23[09]	292	7069f289b216b8dff6bffb56d39f802e071e751b609cb7b074aff3912ecb0b01
05-06-23[10]	200	8684664eebd0680b542e77287ca55f170c862805668fb87e12330cf53076ef89
05-06-23[11]	339	1afdfbebd68c08d23fd46db78d131cce16e2e4b5003901363e79ae39803a8f4e
05-06-24[01]	465	13c25ac128a84925999db041d3b7654c87877be74930048726db4bbd361768bb
05-06-24[02]	149	3203437ea8fb491eb979d2999f5c36c91e5224ba0f2c15c5360419164135709d
05-06-24[03]	435	97df2beb628f6bf29fc27660715b3c7d9a0da8aff8b5f51c22a1e8b415a5b4a7
05-06-26[02]	397	3d43c1264f708cdf35a0b2de3313fc1f9b50a439113ceed9924de713f9cf92a1
05-06-27[03]	160	66fc5394f1a5ad345a8f95d9c4f55717f91ddfdf4740c33c478d21be7d168ef3
05-06-27[04]	2140	59a5d1d5744864f7b0c86ae10081648c7cb78e68456cbd99a625af811bd2cf41
05-06-27[05]	1034	1f0a42ea7317f02370f1ad150488cb483cd9eebb72669c2f0b2d29473fb95d77
05-06-27[06]	567	de6a7c5222de4dc9b9448181e69262a30a57b0e6a964e5567d27215ddcd48adc
05-06-28[02]	98	664f95ed4f510768ce114dea1acb82c24d4025a1f8292e83120391da650feaeb
05-06-29[03]	170	0c4635814c57220c90c4d6c8ea29bacd9638bedb51275e2a633f186eda9ba0a5
05-06-29[05]	513	b35b1e73d34fc9d5c946cd39ce5fe582254e423c381a3a62f1f8c1105d1cc994
05-06-29[06]	775	835d6fcedc24a0462e1ac5edb0b7270f66d568986e332d22f8d42b2e418b79f8
05-07-03[02]	627	52415fd11bd2bd787d143d44fc1c8703e847c1e14cc5a729f6e1d0770a3bd290
05-07-03[03]	1050	3d8bf5d3e589b73963516cc39b54e3782a467e107854c64da57d6c54ffba8ce6
05-07-03[07]	151	d74449973d6a5e4e1e8796e0dcbc2924b8c934e6eb76df56dfe2d48e345426eb
05-07-04[03]	192	2a58463474c49ae49b13008326fbe6195c2d0617554966f8fe6f447187bbcdde
05-07-05[02]	126	36289b91c017a9528254b80950c20565c412b5cc18b72dcc34572955d566f305
05-07-07[03]	1590	5849f57874256033c65c4f2017843955828830bdba13d8122a114d6dbc930a86
05-07-07[04]	573	8e8ccd504c86e3b5f472080f8bd95719152352525d68a8ffbbc44e5786a9aed9
05-07-08[02]	213	5727f475bb1d8ec8c394388c6a16ab2095ceaf8a42a949473649e44ec6e19751
05-07-08[05]	762	40fd9a0251c12c37d4eb2dffdddf74ae1cc43b2552a57bc7ba701c7748659301
05-07-09[02]	73	be8b782e924bdc98376680075596f5e74b499d07fbdf90cc32c003023fedf199
05-07-11[02]	287	f58c06b019f91caad335c892d7784ea21497fbe8f033cf49d1cdb54e4bad653a
05-07-11[03]	1246	0bbc14e484431a09f95d2e11cb082e0e77c518927231ddfe83061615b057146b
05-07-11[06]	169	5f138d0685ddf49312809929c27dd3842c6bc080acb96bd88e43aa277636a9c5
05-07-12[02]	100	54b16af6aba62a7b8b4e228cfb6bb01a527c7cd8f50ee77a4039f0b925f2c5d4
05-07-12[03]	111	d7c7b8fa845398ed9e2a68477a9ea61fa3277c219032f3347f4d78a0d43ffaa8
05-07-13[02]	1796	2601a133e9e44b78f65cd17bcd0560d7d73dfb4fee1785175257c856a949d39e
05-07-13[03]	146	8732c43f7b6cb1452131848164a7b751c95b299ab58731e2a16b7f49654d1d84
05-07-13[06]	532	e04296a9524824f09eaf09061dbccfe9f5e56f6587dc5f31d7ad846a644a1a9b
05-07-16[02]	320	85e335866842d78db832116e7600e9610b073b520a4fefd0de8acacfb38f8e30
05-07-16[03]	90	136625b23806442ca78208514a9006e4ba7cdade0576b286a6234847021ac900
05-07-17[02]	76	348e4a32c91f777660632f4f68242c99be18c27c9ea30c8c70d3790fe90dab29
05-07-17[04]	119	d76baa0b82d6ff9cbc76d8dacadf127b9931a719fe92f224d801c8bdb34f3f7d
05-07-19[02]	154	00e2a45400f5f6704e12fc85a5441f299438421ff935199f59dd0fcf62a9c332
05-07-19[04]	111	57186b5375f568b2e5c775fc8ab9d4651b0fef67c38f51ec1fd556025364f464
05-07-20[02]	584	c89b3b12ae84d1c8ce1977a97ed42dd64a18c336bebee6b283dfe41602af109e
05-07-20[07]	211	382e6e40a6c672d168f0be2c81c7908a8faf1dca65ec1c05a01456031425c576
05-07-20[08]	56	225eb949b01b1f2a107f3bf7a2fcd9fbbaf5b3de2e82243f446a46dd7a3c2bc6
05-07-22[02]	83	0038a568ed8e4f04362162cfa1c28896a68d4e3c756766d379accb592a1b7988
05-07-24[03]	387	2653162194e2fa12b97f0c11ce90b725ccc50664f27fa1170b0d8f7f1d8364eb
05-07-25[02]	186	1cb3eaeea831ff422e05b5677abdd98e37115fac85d7576b8fd8dc3b80c3def0
05-07-25[03]	169	705e12708273b8a45e83a873cdeaa2a0611dfaac88a3f6110a98e6fe272d1dbb
05-07-25[04]	126	389d2825fc725d25213541e758af1d93e3014c51740e39c33ab7117105a033a1
05-07-25[05]	118	6b1921477c2f7d559cdbcd067dcf3077ce26c5e0b2b470671fbfb59b4b6d5eba
05-07-25[08]	543	5e09e181e5f88c05cd235c09ba36e99f48eab1ae1013611207a3947cd2e7b303
05-07-25[09]	372	141e4542407843fefc0723dc083164a1160718a3a2bb5618e721d7330a8bf2f1
05-07-30[01]	241	89dc426237344956f4321195eba335f7377cef7d55517f5eb0cd7c2d10dc3bed
05-08-01[03]	245	022a8c53f38ce62615fa88265f2b803f148c8f1842b8ae05d133447694337d00
05-08-01[04]	407	285856752f78d4575818a12c33861393ba0713198cf3ec6b4a309e3b0a817af4
05-08-02[01]	1391	a78afc1d6c2c1078424ed452d90d24962d5d0b63602f7dacd741454d87276e30
05-08-02[03]	91	79ee907fdc60b681b07f44af57d6c8770080594f819fc96da055a56760fd3af2
05-08-02[05]	303	0ac4a30436c92525c9073cc79ded04d7e2e17bedc738b261955fa674cde41186
05-08-02[06]	331	4d99b9d3ba51526300b5f522db9202d79ed3428d3e4b0e20889083371f42d3d5
05-08-03[01]	1192	111018530723090d2bae8fb3734cd13c8253fe7a46d08f5ef2d5d4c204e1ea9a
05-08-04[02]	203	e8dd8b3ebb824294439964acf9458edf6d3fcc2948c032889019df452479c609
05-08-04[03]	246	8d3c7e925e9e8574ed97077fce84eb7b3885695c35794f7555157d54107d5b68
05-08-07[04]	93	ecb3914805d90a6138dad049a697c05b0d0a7e19d0746afc821b0d049ec79c54
05-08-08[03]	95	b1d0362a65c89a52d1ebfe916f184bcc67708c071d73b7e090b42e6576368cdc
05-08-08[04]	183	204862d22494b8d811ac0ce0db12dd5627111dae2c8c4c691975e8466c492cbc
05-08-09[04]	137	ce3e8bda12d2aef78bc0a4c8433768925e324f20128d7ae70f2cc972194c422c
05-08-09[06]	426	27767ca9260283f5290b033471d4c45d48b0bab9b51d5862cc49f22caa280121
05-08-13[03]	337	1094ea6b01bb3776d3e5bc73e4931f44c5df256d00b300fa23271a22290d90a6
05-08-13[04]	116	96cf34a431f1ffa54c4796c747447e34b256ec12b764e0a5507273b8f7318b4f
05-08-14[02]	86	07d435a3693010e5267a7d93c529e5df430e126b8144543921930066c501e8f0
05-08-14[04]	258	239258e8729c64228d75498705f06563a65dd86e74ffdb7f07e8061804ee0451
05-08-17[02]	278	1945d27c03d9a5a3614c7e0445fc53249b0a2d69a14cd12e3db8ecdb49b60814
05-08-17[03]	1465	1090e62947a4c84aecc328fb9c60b46a85a93bcf332bbedd0e5e071ac40845ce
05-08-18[01]	1604	e9419e818fb486cfaf142a2f51ddcee111101d5b04ea16199cb0da6ac0e227d9
05-08-18[03]	161	4a015d450a150c6a3f39f6722958139fb2a05c513c0e6701bb076d40437e9be2
05-08-19[01]	256	6f3fb9b032528d44829b620acab51c4e88cf2e0cab94e787fd322007849b2c94
05-08-19[02]	104	86a80634723e26faaa568bfca224ef3479fc8b2dcf414111f9382131daab33fd
05-08-19[04]	239	959b1a92d62776a14df815c5152f1ff89c83a6ce6f8af2302f32afbc1290f95b
05-08-19[06]	202	e4d9ddbdc8dd29fec09e8290869eca9e1bf8d1ed5bad9d49db8109f7355d69f8
05-08-20[01]	119	6e4aaa394c02422a7cafbf7bef5d27708497e15c132819c2818eae6f8048ff16
05-08-20[05]	479	2266424f99605d4614f49e39662176ee2641f7e1c8782e7eddc4b88583f92b06
05-08-21[06]	148	0f8f8e6a0dd79c488f73056c2e9004e9035b4cc00edcb4fd3527feb5f55d5dcc
05-08-22[02]	84	7cd49b360e6b89bc56294b76992d93b797adaa0562c5d192bac329aebd566bea
05-08-22[04]	264	3923cb2fccd7260981ceac12b31cec85b8c5ce7894f566d5c944b891828d4ca5
05-08-23[01]	99	d0fc6384ac2170abc1265575e0f4ee6807c58c3dd5f999bf23c1230c8f29fc30
05-08-23[03]	118	e5f8dd864b7424eadd54dbb063890277b3782214ed4d052556376d392a4b494a
05-08-23[04]	164	5a082f0b6c380b4dc100a321dd7afba353732ccaa824c175b8bea29c2bfa14d0
05-08-26[02]	180	5cad7432e752698c53c7e002b899dc836b32cf8d716a5859b551837b20214c7c
05-08-26[04]	113	7f65fe2f317e0dd054fcaae99e95889f9b19ee64f5fa9000cf1fa10cb44840d5
05-08-27[01]	2164	2f44c556e7a921f27f9efc027dbd95e0fb8cdbf9850fa276f75746a744cabc03
05-08-27[03]	120	af74218fffcb2855ea28fc29ed495f8c389431bd6c589fb8ce2b2be62a4ea06a
05-08-28[02]	82	d8ea6f8512a0661dbc930173ae1eff502e54b7cf7264d97cf33f4ba9d62c60cc
05-08-29[02]	453	5a383240b2f953d416cb511e6dfc9e2713ec27bd45b1da968d82a2aebec6284c
05-09-02[01]	82	85e2526c72685d98efd29099e49e2b8cac579dce997041021b44c7c547774ca8
05-09-02[06]	106	d493957cba7ce31a05b8776b10408576ea0efd9193bae62671a9ca830d9972e9
05-09-03[05]	462	858aece903896d10dd4e006600b916c17ca2961cb038c0be661f007f74f85f70
05-09-04[03]	199	602a3dacbcb015edef72555c4efbcaa38617b141273ed1372470082bbad039e2
05-09-05[02]	129	4721ae2eec85024429a296bcee9c55c75087bcf926ae126f593d00c1d7cd530c
05-09-05[03]	190	c3add1eb5641874c71b2d1cc3566550edf1fd23b624cad66e465385a3fea76af
05-09-05[06]	343	b136f929b042a7e88c36c03b1c49ee70af18653ec6c8f4098bd97a41879f25d0
05-09-06[01]	382	b4868a486cff5bc86328b2cc58b3b778b2bcfe2fed3212a05cb30a8030bba1b1
05-09-06[02]	158	858f1ff1836e0f7e3a1b2efa194f9270e7a0e394d44c3104a3cb33bcc40d9463
05-09-07[02]	113	b9557017462fc1bc0eda330701634f69abeb1cccd3bdcd2346dda17e54b425a1
05-09-07[03]	147	15e0adb9426fdf159721e8db9d51a1f5d3a14d3b5547ad3712a66d07ec654099
05-09-08[03]	114	b6e656229b7f27232fd51cba346e69d5f0cba63bb60788eb52fcf372192d84e4
05-09-09[01]	668	8f173f9f8f13159e3397928db67bf059777a47f5709e86e8f61148c9aac690e4
05-09-09[02]	78	df28abee109d65f318d315ee7ddb2edaa8b83a028819434b82831da4bc9e7947
05-09-12[02]	307	480c41e2549d94e7a6db3facda37f24f76a8ee728f98151303b364f7877d6679
05-09-13[02]	190	a88f1b4786298fe890de71efe2cabeff724b051580d2439357916d39d2d8bf0e
05-09-13[04]	492	0eca944285576c43bdf38b848a83a039c8dfd151ad53cb293cfb26770c83ecbe
05-09-14[01]	109	1dd92c213e4aaefb857dcc38e1c1135d23ab45d221c91ffc00524f22573bb6c9
05-09-15[04]	401	b2a57dfedbc6e469bbfb7d1e635f88bdc89b9b4b0bb6d0af0af38137f14d2626
05-09-16[03]	1030	4bc350c282d7afc4e8a74fae5cd77a844991eff0dcaa738a3f44bb5424c10d12
05-09-16[04]	449	a795ee9702dd16d11c01873c4644606bc7d43b48d7bce9304fafb5ffe05563e0
05-09-18[02]	1257	f5c50b7080d5fe04e2d333f42287efe7276236316e41b577490a44c3371950d6
05-09-19[02]	102	4af9b68083ab961cf18ecd00657218fcf2be01d213146be7905bb93f39746d4f
05-09-21[03]	227	a75ffb86ca4ab7a2cf5c24cde27e2ccb2fea311dbbaefbeeac9b08690446249c
05-09-23[01]	114	9f1d6ca77680ee2453444a8aa678a143dd4e74dea92584be9c15fb8e99147d6f
05-09-24[02]	300	09cb7885f5c5cac53fa7e2fe006b4a968a738467fcdc6de5f3290442b17be1ae
05-09-24[04]	1620	144e44263737a41227ca1c0a9ca27707b3e875f2c3ee99956bb7c0ad40b5cc23
05-09-25[01]	257	227201b87d033e60884aeaae75d573a033d8b1c366cc2455301be0af9754789b
05-09-25[05]	263	96fa5a11749ef4080914ec781a1b6cbc34ee414e737fc44ccc660710fbf415c6
05-09-26[01]	145	e23cc4baca7c3a71380012fdf7e24737931bdb5c9256ebaf08a43e0d8e2dcbcf
05-09-29[02]	191	41cc6f32c0529370d3877571f2db9c0de698f993af09d3194df7942a3bd291aa
05-09-29[03]	298	818046ffae03d584b1b6e7b4a8db1a8b992f7d320af954061da0448db48cd36a
05-10-02[02]	203	af252acf46250f97368236f7665316131579ca094d57fc6a4d401622423a1996
05-10-02[03]	202	72833f7cb8403bb755c11d3fd3f199becafe9694b69194ff3b71ebc55511abab
05-10-03[03]	142	6ef03cd67221da72bf91f1258890a610fedbcce3ec89f8ce53b4561d031115b3
05-10-03[04]	380	f5da710b3d8e714b1b4ff06dd9af46ccaf8a2214fc0d65b09a3d8e7271c533bd
05-10-03[05]	275	c0b40bd33eaf190bad357f31cb12e5c3212e5e18ba6ef3be788646436c512387
05-10-03[06]	114	2a8691684c38a999299c0d21ac3527b93631f3f6e0b2b2b99f50ebaa56202fb2
05-10-03[07]	482	49a8b33da6803e414c0d651ae9d6d664807fc8ae63549c231975724c958344ad
05-10-04[02]	784	f2026f89f8082fa479f11f4e2325d8d7b2ed5e1e489d63f18b4d211a406e983e
05-10-08[05]	2990	f56e67af649377f48f0991f53af5c8b5ff6696b1d3a60165f6d5e4ef17d904fe
05-10-08[06]	313	4aa8d0a3c83f81f345ba3eb5322e7f9c273cdfd1b7107612fdbed51e2e39bc8e
05-10-08[08]	615	0039e107acb1a5eb84c30226ca0189bc5ac0c1a450f206c8fab35cf67d2e6466
05-10-08[09]	116	33ac2cd378d9dc444b89f2132e8c6203c1353fc7b876586c92d90e22aff61702
05-10-08[10]	859	c5cf4e7d001a1205c77942696e71860f01b280bb5830b6c4d05fe96e9f4f06b6
05-10-10[02]	113	a0a753ce48ed139d2d5f9b61540c8d368daaf80e732fd488cd2d46a455a4c031
05-10-10[03]	301	12e4b43376d06e936f8592e986d0c84a0e6f7556bf53c7d84670e31f81567ecb
05-10-10[04]	199	3ab5ef619b57c81c9e922951202fa9d8dc47034adcac9ff7f1a5c9e161583fd0
05-10-10[06]	465	1d09d9085a8a9da12be31a48698d7b4611fd8d04a402aa13d5c1f28b8e3960c4
05-10-11[01]	149	0c5d5e9a1b01acd21823083d47307ec7ce6e7ad8973258f1a27f5de2631200ed
05-10-12[02]	226	574696e74d7b8ea5b9e063f06c8421dbcc885e6353c867d9f21305ca1818f7bc
05-10-13[03]	174	b56a441987b692e0291f837fd6c54bba25b67af512cdc1eb2d2c680420d43a1a
05-10-13[04]	253	bd82d8cbfcc0fe2b3cf38d8722ff9e2df5ac3bee41034ffae6901f56fa926313
05-10-13[05]	283	27b27fb2b0f10fbeca5d36d0ee07c1d0692a577bd735077734906275bbad9f6e
05-10-14[02]	183	3f24ff0828d17a3bbeb1985e9d8ed8ddbc05709d48d758dc124b0b02f1100c96
05-10-14[03]	832	1c6e951b94c8bc43788c9901715822da01a55a231deccd05aa30ed756dbd2f71
05-10-15[04]	116	63e3aa03389c14ca1fdaa79c3068cacc85eeb284eeeb9619d4b1fdadcc554ced
05-10-15[05]	1606	91b8f1778b91cce177cd8765eca30774c6cb30f17a90bdb564706402ba467fa8
05-10-16[04]	337	74de0db639f2d0fb9011c5e7b335fb6e549eed7352987c42d2f116d8ac20bdb7
05-10-18[02]	462	6fd749b622305f5afbc77f0add9f70b132e8441116f06797361019e6295740b1
05-10-18[03]	466	ca25c2afb92c308b3ab87be2b603b70567816a4d52c114974db7cd3f140ac69c
05-10-19[02]	297	585f8838f99ffce646a80aab50eff2f05f71382c1b0480d78e21b2e36a192113
05-10-20[02]	766	737cf530b381073de3fc8b28a4c666c80b0c586b4f78df51db91cb3ceb230cae
05-10-21[01]	1277	cd3b23ce1dfb76b36d2b87aeafdd804e27dc39fe90b748e7db520ebd02f23929
05-10-23[01]	66	44464f509f571999ba84d155dd20aa4642a3d1332c19ccb7b467dff5ebd16ed1
05-10-24[03]	179	c0f8f552969ebdc2b4595261d095b81bcb71ff935b7d04084288b9052b50223a
05-10-25[03]	398	4cfa3c6c7d019b572aa17a3d5cd0d9400d04ca902adb969fa90f3f9f6940f757
05-10-25[04]	203	91f196f924226f303b011b7fd92582c100ac178fd949688fc2a44dc8403f494f
05-10-25[06]	533	920032ced0298a6c56da4b6b85e3414925e7ed97c0077d67164fe022d21ff447
05-10-29[02]	825	3bc7ba7b6bdf1237fc130b9a1f77793605953306c0589a7bc2732056a928ae3a
05-11-03[02]	145	efae9c1cbc98d7331694e52b0449ba3fcac75e56db557849fce8d3c1a91a0e4d
05-11-03[03]	856	7cc85b01d06f95617e327f08656728bef02bfc4f5f3ca6db3bcae5a496b196fd
05-11-03[04]	245	36d78775c87505a1545e1abb9a9f3288974c7e01cfd9b014313451337c73089c
05-11-04[02]	599	29a92c347479732c00d2b3c44d793a7e06f2f1ab43dad03a92601252adc88547
05-11-05[02]	120	01e2256bfbf3957635cf6e1f0bcd4d0b03e39bb3729ca60b5d0745be8232999a
05-11-05[03]	1680	777722e5c906dabbeead5e18e865be602fce68fde2b1346087206a1eb2e546fb
05-11-07[02]	176	1f904c5361ecdf4cd8261f6615b06c40eb97e7f74ffd81320f3d0822c9b5f1e4
05-11-07[03]	241	9c8e36933d1795f98fada90465a00ded27970447c9c0715bfe46d8615cc23b47
05-11-07[04]	180	4ea56a296030b88d8815ba8af17fd9ea24e25bff05207b2cd4861e0add0857af
05-11-09[02]	3035	4d4e0ecf5cb2d409d3efdf3262fd62164abdd363d74d6a65d12ecd4d7a71ef75
05-11-09[03]	1364	9e2c0db6618c4e0ca4cf53805bbb553cd1c75058739b1df48a6437db82e31156
05-11-09[04]	302	1f892b662027027cf404fd7ad92231f73f0852bed9584d7101544f84d44fadae
05-11-09[05]	300	2e522808ed66291f073b8ed65e80e146f159acc1b03c82a420963f504e89067e
05-11-15[03]	136	803498534fe0fbb3064c67c99377b73f6376d1eef33cf3817faaf73d5e67c3f5
05-11-15[04]	445	2ae6e6863b8f13b4061e4cc0e1cbafedf1dc6548db49444dd0ab6ba45b1f6c2f
05-11-15[05]	469	8de85abd4ee00f1bcac3df93123910db5e589e4ac375e6e89e6fa487e2dc01a8
05-11-17[03]	513	a3a632430117e6f8b6c16e45b2314509e4018d5831e496da1c48e80581926318
05-11-17[05]	303	20c7051e2c9921e90c09c93064f3541844111cc0547d15dbc827f51d7738c065
05-11-18[02]	668	5808257f05d8150c7a4d2c3bfe8ac83dbcb648925bb2ed85c3e266ec9704f1c0
05-11-19[02]	1363	640c659514fc35560cbaf57fd5776c921c4b9532c6cf7daf4e4f3f2a2c6b24aa
05-11-22[06]	254	1f85910d2830ed204cfa002cde97ab2a500137630f4dd2fc928244b57ae24271
05-11-22[07]	1231	b23f55f1f004e62a8b7cc22e158e2b1a8739303cdb6e02e2575e0017cd8339f1
05-11-23[03]	121	21d3e9c5022f123453bec29cc81c0eced00fecf8a8c257cb09499c4edc98be50
05-11-25[02]	460	7beb18d11e5b68ba1b959848a7a231af982857a272082d8ef50a09862609970f
05-11-25[03]	978	2f42a0387fc038c2c27433cfb404552f70e8befe341b460eb726d19069ca5d5a
05-11-25[04]	377	41dc6d768299ab70cc5b90852ce95a13b83cc91dd881400e074f4d87130938f4
05-11-25[05]	324	67129dd87cc745ac02421c2c4692aef74ad9b1283a6de073e95e66394597074a
05-11-28[02]	999	9bbbd8df55e0d53907d676a2a0744947d3a70f3b7a1eaffd1f7cd86ffe3744d1
05-11-28[03]	205	a260dd915fd0851c352cd03316e34e898a8d135281155e0ae06781d0c6d48a98
05-11-28[04]	94	68d9765ef24a0b92d4f3c1dc5415c156625c2de223910c960264d4b2f7e539eb
05-12-01[01]	464	b40006e3e85a7e9945173f0ee5e22540772e61d61010367e58f8fdc16f2e7be1
05-12-04[02]	116	d73ff6c4cb39d146c80172413b290247b077b9cf0e7b5a1701d1d61a553f7de9
05-12-04[03]	267	c11a5d327e8e8fd491eba825e1c6de69011f0883b51bc782dc279ee8d69e6ad0
05-12-05[02]	518	ca15b56e22b2088e0a24a0c768439ae036014b1dd8d675146a1a17f18714c8d1
05-12-05[04]	309	9eae600f1e0ee05a7a455a0ce4f0bdb912bc33153e23abd3ef80084db5c4b85f
05-12-05[05]	185	3bc2581d8dbf7f3989b38e011de46f1d6299ef628a9cc8ffb9e60c63e57760eb
05-12-05[06]	220	be0ca96dfbe417e99d8fbafd85ea19f3051713144414e64f9c4d0ba4de582dc4
05-12-07[02]	2104	98a6a702952407f4c7608c479e94dc63850d59f81676c25a7652320a7faf43a4
05-12-10[02]	193	fcfa6443ee3bbdf7977f77f753302a215274c2e78adc8a5e1b5b9bd0ec9867e6
05-12-11[02]	208	ddfac1e7a079113838868d0c5e4afffbec26f06932e6a41d4f18c2adbda072f3
05-12-11[03]	735	1165f755508e8a5a4727133ee83e1719610296868ff70e71bdb1ace291d0b1bc
05-12-11[04]	150	b3450d4bfe73e8abb8f161925a2c0fa4aab2afbcfd9cb686f54163e225143bb5
05-12-11[05]	1099	fc60facf5329d29fc6a448707e0a43d656bf887179209dc2db43be896f51facf
05-12-15[04]	478	728936bfe7f947601c8c2c423e84a0f88be4b366bbdb8f99ad3e47be34659ca7
05-12-16[03]	288	cf24057847786a93c8f0d83e9fedcc0dd358221773e3811ffd317effe1e58cbd
05-12-18[02]	346	ac30216d0e3fc8760852b3c3839a866eea0eeb97ff2bbbdd54162a6e0217b624
05-12-19[05]	437	517970b3f0cbecb1074d1c223e4e367e7b6b511aaba489b6cc1f682079ca6166
05-12-20[02]	377	30d2f49403f3a27253e9b97409710d174d71ab51ca2b1f4c5eacbd3b8f319f32
05-12-20[04]	2181	0527e15b8b8ea82d4870c270c1df91a36d2325e4982b28a0cc45bb68b11009be
05-12-21[02]	108	60c253a2284c743d46f309b4a0a4936cb02430ecef312b28bcb93af7865e4cbd
05-12-22[02]	138	7f1294f3948ab1652615a5d864b76f35e2df31bbd9ad00f6e32b110fd5b51868
05-12-23[01]	1226	5fdaf90f0fa45983cacbcc695c2933a6db8c2db02024471bc12982050d11a8b6
05-12-24[01]	138	f1341948ded0c66d228e1329552919d79c65699e3493790944d2e87dac3cfa66
05-12-24[02]	626	7a5558b9dd3ce29aeb26e1194cd98d1a86bac75a4dfa3a1f2565b874bca52952
05-12-25[01]	2143	9f62d722a3024a116bd91a26666510981150400f0dfdd3d386e09cdf29fb68fb
05-12-25[02]	194	18f39370561e2ebdfe38aab624181dbea7b0dcab87e76dc39eb80f44d8f39a9b
05-12-25[03]	213	cfe4100dec12ee68e6ba749d8fab67b1a4ffdeea7a0b45c5e32674b302a0ad82
05-12-25[04]	802	ca80bd0d0e1a81b7e5e547ad11ad5c996b90d5655cc2db81343b4d99f8aa01a7
05-12-26[01]	442	e7a824e03404fb863e940ffc21cd0244ae51e2465cf87f6ba23265d1c125e0c5
05-12-27[04]	215	580495596b353ca6531dd72f46ebf0e84ee7e6c5e1225c6a77faee0fa20a5aa4
05-12-27[07]	721	66ff5d35f387fcd49d1eaa0e14a5bad5e7331cc010583f287c0a837a9c6c858d
05-12-28[01]	196	e295f9e1a962387627a260158ac1369ca125ffdc2c710778b36fdd561a623201
05-12-29[02]	461	0270b083b371bcd42a1703ee4f4154d76782e4b38d5f34160b34eb8d791f8d57
05-12-29[03]	4270	3d928cb06c827b90f7d7df2760b7e1e5bff774f2bbcccf6a3825f80b16774ff4
06-01-01[01]	342	684adc87d9f722e5a57efe59844a65cd1e4c0d05e31a61efcd2e286bd4b747cc
06-01-01[02]	866	37920a66ee76ca93f7ec8b7be7700ff4443a81b75d81828277e0841977c5925c
06-01-02[01]	294	2b97dbadd6a12ea3fabcb574c3ae44dc7b1e2d28dc37b720eeb14fde2480d900
06-01-04[02]	119	b8845d23fede8db05629669fd9e1cb51190a7476e4bb05eaff4fb98b543f5699
06-01-04[07]	500	910522290089b3d06def9b8d739ce94015cabfddf49d8e5c704b91dd0c797f37
06-01-05[04]	493	b7f8b8d84650f49aa9022af118f5c9e51e9c3ca898bf8d4e5da6012718737cbd
06-01-05[05]	126	0e501e5e43781dadb4491a0fbe97da91aeb10ef1e20d01224c6b7eaeb081ac7c
06-01-06[01]	295	9b5ea81e6d35c7aac54d8eb3357bda91f74f1becc5d93450a3c5689460c39088
06-01-08[01]	345	7868340e345087f7d975b54711f43660e6ba5117d6c1dec55f9899e746b57736
06-01-08[02]	1981	3b86dc2803a061432762cd20e5405e9d9e6a583016680b7d55ea4e2ad61acdf0
06-01-09[02]	309	b39119de7b2759ae16a90ed758efde048bddee8d22fb256a09be2f0317781c58
06-01-10[01]	475	a85e39b634726613b188b29b53da3aa924ceba4da1dcbe359ca078ea377db1b0
06-01-11[01]	93	6f451566b7fd41a8743b4e84fdde4b37efd505da5fd4bc23275ae0139119cc85
06-01-14[01]	147	eb1212d7996e0ddb55faf860293a263a95167d8f3c9fece590d38a50e476a944
06-01-17[01]	2262	1e20a71bc6c0d828f0492b310c2dfce84de696f16b6be943c608bb8eff2b67aa
06-01-17[02]	176	ee01071b6035302c550068f35a36db5cccee1af114dac8da99f2742ca952fc74
06-01-18[01]	150	062c28b00adb15de2d99274e1d65e6d93b16da9ecdc3803983536fdeb6fdfaf7
06-01-18[02]	278	512ef83cc2d5de4342298dc7697bab0b7d7d7e1cdd54e2fd4094e4085e7a8a57
06-01-20[05]	1193	809f83959a5dc303068bc313b99b054d44cce867a8f2f03db0b88ca95dc33ac9
06-01-21[03]	199	1a78c3ca4667d670226ba3e890d1dc429351bbd84e163e2e568da12818ccec2f
06-01-22[01]	3511	60473cf9749a99d335ff04850db69e85dddf01d6f71f0de7ca78ad1a5ecf6951
06-01-24[05]	313	d2b62660e9af7a1aafbaa645162987c3d877a251f6bcb0d27b1ddc1ded62df78
06-01-24[06]	107	11027c0a2bd4146801e48a864426c58e7e86e9644df73de20d51eb06bbdad2c9
06-01-25[07]	1100	aeddb721cc2cb9bbad377b2044839dbbf03335ff83410b5f5a55fe67132e721e
06-01-26[01]	123	b5763f5bdda709e5ff3aead7785b36128cdaa596e72ed8719de47f9d33139f2d
06-01-27[01]	242	2cd93dc1b9a02f9131552d3306afca1486588dd02b2609704cfd3d36f2f39a43
06-01-28[01]	832	bfa6e92e30fd8161f47ac6a65f7ec0a4fdb3b46cd458f9f17bff9b5519dfe867
06-01-28[03]	659	075a768c0b6527d2f045d61deb3764b21439254d1254c1b55c2d56aaddf20724
06-01-28[05]	245	2e4dbb795640ac1347ae40d67a9ef29e850bfeca184280c14b68c271f5b38255
06-01-28[06]	312	9db70fa36788412391958fbef8bdd59574f114a5aebb44cdf5900439e5cd35e5
06-01-29[02]	113	fff36e99cf48be393cef38739c94427485b4a5e15c6b22bfdadc8324a456a3fc
06-01-29[04]	809	5f950e27020e0390b4ae9a10ba18e5cbd7d05e748100fae4177a9accbe367e70
06-02-01[03]	502	5600c84e12418ad67c1bb3750fd10cca6ff13c9a73a46d0fb41eec31d2c7f144
06-02-01[04]	92	e55b96fb28deaaa308c65b542f397f371498812a6eda0873a260d802f5ef0d91
06-02-03[06]	281	6d28e222b009b049cfdeffe22e360f68b57cc40bd5d9e3ff7461064e3397ca75
06-02-04[04]	146	7d2fe4ed0cb62797ea671f2552e7ff38bd95d566591d9411f2ff5df9dedc3c94
06-02-05[01]	160	4ccdcec0e0544dcdf28f149a354608782adb492af01219dad19048160619859a
06-02-05[03]	533	ae1598650b9a17148b03466439b1791586e4d972b454dc61cc9b49468037af2e
06-02-06[01]	400	667d82ab9ea66040a468f420bb6640e949c0c73c5ffcd4e80bbbaa92b2fc2cde
06-02-06[03]	2032	b74da7c63c21f751328f503187f95102a7d994c9240e405314c9aef2abadd786
06-02-06[04]	1019	3af3db619b166a55035fe1128a9f7a959ebe1b57045ffa51e82e5310979fbd48
06-02-07[02]	2766	01413145c00087b80ac50365fda89f87257f0919658c0e9e5afc7fb6107d8050
06-02-07[03]	1045	493b58a5e375e9ac972936453456eef93e8f996767ab571625006c6fb9fde65e
06-02-07[04]	1739	efcc2df880f8df6c2d8b2eca57eb95c8cfb57471d1d4d4e873692c598f8e0654
06-02-07[05]	1472	dd4afb7da06dfa1877e4e74a6923717479593e0a0e81c4f6a031ceb4afac28c9
06-02-08[01]	1769	9ab74f0e1582ff87a5cd2bc96b1897f8766d92e9114aa6f56432a52bf2f35abe
06-02-08[02]	134	740177a3f7f415f4da12501ac4faa166a17f8ba3afc4fd072554d815c44a2490
06-02-09[01]	338	3238ca59ba27f67c30d8b8b5d631a1a0ccc85732005defe49ac7cb417a69ccc3
06-02-10[01]	149	42dc8df0e0ae5bb79233855864fbd926895572bb40d571cf92fb9a2ca89bd41b
06-02-11[03]	871	a709c17ba99615109dd8ddb404e230b2c6995a3a961ae64b5ccc801c3bc1f474
06-02-12[02]	296	3fa18ffcb5ab95d45dc565ab6ef9dcf796ef773fc15e955ccdf57aea02a9e561
06-02-12[03]	132	d14d95534d93cdf139612bcbdab81e67e11601aaf286ac412550a112d7aa33e4
06-02-13[01]	1340	85acfd862a3be9cbef5816698c186ac847db1d4805321b236bdcaf40b26805dd
06-02-13[03]	232	f6998fe226103431761c9018c6fb5feb374a173069429dcb529c08e233fe56d9
06-02-13[05]	450	58d2189a6a0d4b6102d1118510c236d84a82705c75abff29fc1d668bb8c7b8e1
06-02-13[06]	106	00fb5a4698e93392bd7e5e3bd240becd36c0c8071dcd62e5d137674a09b76c5a
06-02-13[08]	866	825c7426c8b9de103af8845e8388895f2c9767ec00ee73185b1adbafd07af8b7
06-02-14[03]	2425	cf1f57975af0a427f17eb6b787a341e468be66764bec88acc027580c50d9ee3b
06-02-14[05]	96	aabf2c685e66394a6d6d85ce568b663d2a47f8e5f5e74e787f75031ef44af834
06-02-14[06]	691	037111192758c5e3e4b278ccced04e2b68094d70d1acc6ff0c260a4ed6867e7f
06-02-15[02]	1195	cbe21db5a6986c0b50a23a977b12faf9bd8e1a744ad84873817d69071ca5be63
06-02-16[01]	623	4dfbe9412764050ea45fe8edf3fcc9783058685f36102823ea433870c3bb0bfa
06-02-16[02]	144	81e39d68823923619e8324229e1c840b0ee30a0e8ee37d0d3da4330bd8934e93
06-02-16[03]	123	19505766d6f60e205b31429d32548685dbcbfa461933279d881393bc202efd17
06-02-17[03]	1472	30c217719e470d99aa4311a829b44fa8ea0a3a770fb55af11d4587fa0cc3948c
06-02-17[04]	289	63e64ce168240b010d4f53ac241624cc37d692f9b407b6ddf1105212dc7f1cd0
06-02-18[01]	61	40eb814de37db650b25a49f4d052467162533039fa1f92f178bc2836bcc7d1fd
06-02-18[02]	70	ba861bb4d9b1225d7027a54e64a9a9038962d139fb051a8cfc08052f81163c99
06-02-21[03]	116	3e5ecab618ea8b9ce851952dcdcb87c51ba5be97eb4ae9bee998a07dff7a2fc1
06-02-24[01]	132	b174bf55707e4f488505088d9c448d9a9612926f98503732ca77462605ed8af7
06-02-25[01]	183	3d53e8eff04bf8034a6ab24145abfe47449002afc8b1a9a9d3c6807949b45dae
06-02-25[03]	114	66348708716bb715017e7bb26f5c27540b2a502e10b52b109a3e9088f0c6dd84
06-02-25[06]	852	4c187b53be6bd60caa2d5df1c6a8efb4ca17f5935e466387953c1e364e6a59d3
06-02-26[02]	172	26882e591f3c9bb3ae53ea86a257a4a41f7eb77e8527d6829b57d3db434be23d
06-02-26[03]	434	4de6b1a10ee9b2763c70647555c90a13ff5a3113ee9b30bffc71fd2b18dfc571
06-02-29[02]	180	080f5af46d64d825cd127d45bd8513a0cc2d9cbef3010f68d215829e040c8a42
06-02-30[04]	313	099e33902319fd568ca07c4919b2c171246a93b5258de1ed5d5cf222eb21e3ab
06-03-01[03]	287	64689ed578cd570cb08bf2f7ea2be3852594727ac27358ac725380038b3f578f
06-03-01[06]	119	44287709b13276dd78bf0d104ff238226f9ce3fcf3a9ce0b0fcd0238464f07de
06-03-02[06]	377	e24beccff4860c70679f6ae77b0596e6f68a148bcc2f751bec943eb0d8474af2
06-03-03[05]	187	f48b40e7e81a773ab81f8725228a4e6b6c9eba874b3e72f21ba31ae637257f3b
06-03-04[03]	109	fe0e2a70fbf4c5e750f589dc35c6c1abbf53ee9f74db3557ad18d54ce7614494
06-03-04[05]	203	3cfd4a79ee5c1fbef5d3ab26aec17271056c8b5eea039ee29ff10e4013e9100f
06-03-06[02]	746	139a8dd849eb4edede18f58f6f32f6b16e219b5f3a56c173171fe8aaa867249c
06-03-07[02]	86	264753096efa48146e72f113de77f1f13f3384d42e41f011c220828f42afd198
06-03-08[02]	5673	e8bbbb5ee422f05e5d21f910b584b585b539773f6d7208c032d160c981e359e7
06-03-09[01]	162	283ac46d8304cb1b6810c59fa2445d0bdf337644408a123fdc57c48d87af4bb9
06-03-10[01]	150	d7cba88fcae00187c15df9f7ae8cc4c235362e529866c697dd88bce859a3f338
06-03-10[03]	473	6801880942eb0144a30c8f25f578bf3903cc26f1dc20bae394850a317224f25a
06-03-11[02]	516	1c32e13b819af5458e46342dcf2c7d4e14ee8c6d76a56fbda7a395c6eef6efdb
06-03-12[01]	128	b9c7419bfc4bb0b5e23309b885e09d85f46eaed56ab93d7de02bc6f7acc942bf
06-03-12[02]	5860	55e99a596f0c10ff44c6a1a9c6acf2613fd943826dbb76bb26f8dc3a48d4ff63
06-03-12[03]	347	a9ebb0f634ebabc61a194c6abeb9fe1fb733459401c3221f1a787cac03e58738
06-03-13[02]	171	b65a679f4e4959821d333bf1e141d5e2b2af6eb4e1a669cc48a38827aa689ad9
06-03-13[03]	420	f454d69d034c10ca2a6999ea4cf750af1f140fcaae785e812eff05c9fe45126e
06-03-14[01]	81	13397227db0c4138004297fb5bdac045164d59f513ca3f3aa37c6760c02ebed7
06-03-14[03]	204	863b57a383d797d435d51c750c30729c300b5a3e3a42a9cd35243ffebaa52f83
06-03-16[02]	546	716e957a350157ef0cb1504e180706f3361be12a9a1126fa8856fa0ef303be9f
06-03-16[03]	185	cdaaa4e81b7cf5892501da265705a7edbb9143a42a829346bf831feacd6488be
06-03-17[03]	1021	fdc8f8992d3cad6563507a19d772c0635287d8f476dabcd1ca114c46758fdfb2
06-03-18[02]	89	86bfaf37e2e73219ef156dd59e769479eb19e72967eb9d8015560c523677f5c8
06-03-18[03]	228	a368cd1ac3440dd1147bde0bb4ceb0c6d92a53621e0f6f784d0f2ff57d355385
06-03-20[02]	73	88fe1bf0fccc4347edf55981ce0b4812280e14727533f422409e750328562dd2
06-03-20[04]	258	45fcb062484315a3f1b5c5b94e1e3d75f7ebbdb59126f719aa99963eccd00656
06-03-21[01]	158	f2fb9638432768a1e930e416f30003605b065a7e954290fc7361952b4d4c44fc
06-03-21[02]	1308	fa04674450b97f599e7058241583076451f87351f11b99c377fc4080396a7b2d
06-03-21[03]	594	2099eee8d08dd7965310cbdd9a6f3b6fb451f4b45207da41647882337071e4da
06-03-21[04]	3079	69d0c91491b236ec67187766419c58dcedcb7d387839c9562ab77b19138b29fd
06-03-22[02]	585	3ec599a265b8689254606798d646425d5dcba797b9bfde0dd80b9f4c44a7b55f
06-03-22[03]	1707	14c69ddf0db03cda637da3a7afd31eaf50b1ffcee3af419b30fb7fce7fae1b21
06-03-25[06]	107	c15ab0b00a929e27847fd6636b1efef7d05fe8b9c0d631adc03ed2941b1b1a95
06-03-26[01]	819	3d13641f1d44b4f7487d66b8ae1595aa31c21a8916cbae6edc8b32a58fe0cfa4
06-03-26[02]	949	45cde7ed1ca3ab0378cfbd95c6483ccf24690c0c31e2a6745d8b47c8f6f595c7
06-03-27[04]	308	7531283912717de724ee62f2345adec9d6ad1520db24f3e014fab4f0184d6f44
06-03-28[03]	757	7e93a23531dd034d38be92f5d55903edea5d79df0d1fbdec83514521bed5ec71
06-04-01[01]	118	02b483dfd27d8c34f141c9231c33f237cedb3787fcb5b24d2bf7c97275ca2527
06-04-04[03]	2248	1b7820e5bf708fcccf4b0d63502b83ab3e299da64915ee8ad138167b9638147a
06-04-04[06]	233	3a2b6d4042f89c1a719c60a955a3ae824be809aba07762ce7513a530c7f93a69
06-04-04[11]	313	1e3eb9c90bc26d8cf1a16de21ef993c3dbcb2fdc75fc877414453f09eec061be
06-04-05[02]	3392	9b71851e4807c34b312f8e7653631a94b387e89d7c00a4a109a48756582de1b8
06-04-06[01]	1000	bd0334781ac6d35b4cb2247dd8a53ca2ca44ff81fbab68db1fbc8a4a2eb442f2
06-04-07[01]	209	a127319fe87f369225160fac36b977bbd9b35a47be175e1946579cf964fd4ce0
06-04-07[02]	290	0de88527247fe4b191f453b06aa9edb11dc8be3cfa0c569082ee138227652b09
06-04-09[03]	323	7fb346a3ae9e503a79f3b4ea415285be5ca10b3c66da7122ca2dd1682bc401c6
06-04-09[04]	79	7881258777f680d357033032253a06744e99c18fa59aca526e28f98adb65b9fd
06-04-11[02]	821	01a6932efa7dd7b788ae0f21beaac36d79837b837014ae8d294b144820662bbd
06-04-12[02]	167	57c409205245f7fafa758adbcdac9b048d029d166d1cf8c24d6f561b8df1d2f6
06-04-13[02]	108	107f669f35ffb3cd27c0fcdaf02ffb4741f6ac0b3a6dc39c3fb108bb04c5a197
06-04-15[01]	133	0b7ca875b34fa786b7699c7bed365cd1289e54887517bc0f85d0ef1d39670992
06-04-17[03]	419	c2a191ceb6ad6c20bb36d70b83d4ec00bba74f7362e10c4cfa49b439b21a2f1b
06-04-17[04]	540	c9d203c1eb291c6922da0f12811b70f2501be03e2f09cf2225cd067431293974
06-04-20[02]	439	da491bffb605d01e532fab2931adbada6b017cf39b9b166e9134bea29c35935d
06-04-20[03]	833	ccff6d6f6b204dfdd88eaa4fb5757435bdbf0a37df2d83f414c93c8ba31f442c
06-04-21[02]	283	f822efd07655ebdc72b254cdd9340b87a49b26f21d742863bd0e1060a360c0a7
06-04-23[02]	1097	a7b5c1fdc1d0cc687ccf7e3db57dc554e719173e23cb6fa5cc97fb9d63593819
06-04-23[03]	66	5028146b0db6d7e304352b8c90fb53187d142f5980fa6090d8aa48b2bd1b392f
06-04-24[02]	264	34e7b724bbd52b63ea1e16089401782a9d0120a0b540c45efd2875f722e2bb87
06-04-25[02]	938	b71c9026507b51b9a543ae510dd60891f2ebefc3e8465391ecb636ae142e03dd
06-04-25[03]	1149	e78c42cff50b1d718e638e0738cbda9317311ff4443817a6dba9d571d5288fb0
06-04-25[04]	980	3a4661013725d11db8cf0013a81750e93fb49d3d6e1eeafcb3777b0a479d4555
06-04-25[05]	396	924909e980bd8cff4b2acee9295d6e1a2767fea1e10e295f71be5940a3d2305a
06-04-26[02]	603	ca6758e7b9d465095556b5f5960b7e818e26625a552d62a2faf1c2ebca90d73c
06-04-27[02]	543	19b6712c2709839d90750ae6b1073a658c1edd8d4fa98b5eb11d704322c86408
06-04-27[03]	256	09336532e8abe7096a1b4becd05605dbac9e85bb24e68a289cf8b2d49865f33f
06-04-28[03]	1006	0ff81095ba1e94a9224c66c5fb6a1f94eef50c12800ba58f79d34dc78dd9d4c4
06-04-28[04]	233	45680956ff375aeac8161037ddbfa96a802ffb799da1ef11c816fd6c3d7b2c72
06-05-03[02]	169	c1be1c3416dad50dc6a9e6a25375dc3330527ea725ac55c33ec8146cf57c3995
06-05-06[02]	163	c81ba603af62c7e9486ca03e4d12031948c77fa015c435147dd66f5305dcf653
06-05-06[03]	244	632041d20db66fc787977578a873c71ed703cf9f95e6ca7858dc48b7d7a900c2
06-05-06[05]	110	6156179f1cb2d8fab07ad425e2c1689fa8e6ceeec6f06ce4541834cc5fa0d466
06-05-06[06]	277	1dcb8fc55c386aba363f93ae3dc12cb5af7805aab38462fa55b2b58d4bff34ca
06-05-07[01]	362	97ea4c4e8c755d07bb4c77d910fae06f3782179d864125fd489b1dbeefc3d584
06-05-09[01]	70	4ea4c5fef1feb6c4b84be23d8d33a5cdcf7ec1332ceb84c7f401fd06d3ed1350
06-05-09[02]	151	0a229fd5bfcbb7caecd591eaec510e6829ba6966f43a605fb489db9572d20143
06-05-09[03]	750	59d691d92cda7fd91924d383b52c237b277de6c45a18cdec9b7c8d67d6af61d7
06-05-10[01]	525	6602180e6fe4a9992ad745b5965182c6dae2f3c58df3a58fb4f1a13758728206
06-05-11[03]	151	11e26cb12b94dee91a48addc8a589b60957d456aa3de4efdb6cd3dd40ea1caec
06-05-12[02]	58	ec253f4fd9262eb6ce122ebb419a074dbc0faa19b211aa4cca7a51d1567cd418
06-05-12[03]	1872	e05aad4eb430c79c297d9eb484d22d0913ca6f1c09ea75d9b5e2325a9bf8ceba
06-05-12[07]	101	41b66769400e178e7dcd62c28794a3123aaea6c78ca5ff2d8f52dd73da923f27
06-05-14[03]	291	7c6ee96dbedaa90dc32ad5427ea7b598f2befdfc9ddf278f1150ff39062171fa
06-05-15[01]	62	f93d31931d2a8e838de737cf3d7e15f2631822184c30237ec1f474881ab913a2
06-05-15[02]	795	b8593b10e6ea02bb266444defaf5129e985765b2362ef7a2a2ef343d94693c86
06-05-16[03]	261	fb283e43feb5b840fd02985b65ea5e528bc0a9e8a24a0b7d01df651e4c93bb33
06-05-16[04]	336	2ffbd4c0c1ae3eda15b9cfb0b36d0303079a6a5cd3042745b69d5151e63b2189
06-05-19[02]	151	a64fdf0ab9984f786a0c90c2ec58442a55b57a0daf8a25bfb575f1485b5a31c9
06-05-20[02]	208	82199612cecde312e588b5723812f974ccb114810fddd6c56dad8c3c862d215d
06-05-20[04]	549	045e2f113dfa704bf9de38aacb7d6819a47d7a09c4422240c6bfc2a56a9d0ee1
06-05-21[02]	284	4169e51a9998a1011a6abc42eab2dfb723153f8668aa00e84f292f752ac4d2cd
06-05-21[03]	418	a2f571b7af136c342a3443a53363fef557a67256be75019c6a053cd2728cec88
06-05-21[06]	416	e6b85009dfc08a46b90c98ea9e9d53ea1d0ca733d003f13ac7e65fa057100e7b
06-05-23[03]	111	f8bb11e9a7bfd63274c618030c4b57e972125ece98ba4c1baad3f73c4e17cec6
06-05-27[02]	129	4319e113139f03bb3cfe03cd7c02c49fd74ab36090f5f729051b78ed96931643
06-05-29[03]	92	7f35097571226747f49d46e5affb71a4f898dac6be6991c1722abb98d54a417d
06-05-29[07]	113	de1fe1b99357555fe855248b8db6b953726d4b9633751b2a3fc868cb9a0ad731
06-06-01[01]	77	29dc63d7f89edc44ad7df68c39430be7b71787dc47b5425841ea8b983bef1cf4
06-06-04[01]	2216	a39546be47e7a1906279f903c39239d0f7e6e199272acf5b4c39d566e739749f
06-06-07[01]	221	bc29aedec24748e230efa951f2543d9cf561e31c12b1d2851a1fbb19e98860f1
06-06-07[02]	596	894e633e2e7c6cc2f8f0cfd531a418f1cbd1b4611b4a0e763725d29ca945c173
06-06-08[04]	445	2edb3fdd3ed3af7dfa99d2f183ae3ea8d51829ac5d08f5c334b4bec824cb2037
06-06-10[01]	159	3c869f9cae5697076cfe6b6e3ef34fdc3a221038ceaed7eef3776e3fa35d6e77
06-06-11[02]	139	e8c6c9affb91f935043b73199d47ed528812f1da2ca77f76a07bff6a552cfbaa
06-06-11[03]	682	bac22b68104c287899715a5a21840ab34cd1416ee09799eb6b6c58e05eb26e18
06-06-13[01]	1109	20e8df26d35343cc0f75d689e60012a893d836da5d72ad9d75c782d2b3ebc7e4
06-06-14[01]	98	e5ce25a7c1d212bc65041421c6c48652589dd970792ab21e0608212dff3e866b
06-06-14[02]	336	058bd622cc653a7b5c96e0c909736ee5c8ecf6047323456c9d4258702e23ad99
06-06-14[03]	3269	4160758be5c277d7f7803d93f86493b4ea5850951c851f44750d90555947f618
06-06-15[01]	980	a4818f9697a81717e25781bea27c4c27e4fdbb19d2d1c1283870b9c99be3a374
06-06-16[02]	1790	85dbb82b6f133b1e0703ad69ee770a9be6c6e67c4d28a403cb291bdb225e339a
06-06-16[06]	609	63408828851e69967cb1f4e1e35f2b6aa53374ceb4b1f30b3956e344f8482791
06-06-16[07]	322	9e10eb650e09f2e0a262121abd98aad209bd1e1c33e29e5a5c127fe308e4e966
06-06-17[01]	520	b358cb3c37291b012d16bd15942cf621801b71e2efe900b7c730ec90bec88355
06-06-20[01]	293	d283b7a09139fda5b4eb64ee507546de10fb32aee460a0c8c9939423625b4693
06-06-20[02]	2330	20cb7fbbf10ce38d699b1462b6d5d9b766c10f9b14959b01b5721bb3d41c07d7
06-06-20[04]	609	7084443c43e8fd28f7651306a8ee0eaffa1f52f98edc39f1e9164be7e75dd28e
06-06-20[05]	929	3537539f2f725c5c46e8616997df3b8b9d07e58175ea61464efeb7529bd5df18
06-06-21[01]	272	97d6563ecd22472b009eb72dfd3fa1cacd3b9183620be73aac5408cc4d019d62
06-06-22[02]	290	983cf5113f308ea2a7313704406e50a392d6f9d49b6fc385adb01b3292984ec6
06-06-22[06]	241	ce0952622a811ae29cda1287519d1606114b0c4fe1b3fbf57814e91c106907e7
06-06-24[01]	411	883ed9ffbe539ee7167e874c1517b0de2bc16ad840d6c13b06c173f6a8716e79
06-06-24[02]	97	6e26977a9420d13ff9dc3c31613629732ecbe149485d3aef9dbb32a50b258f57
06-06-25[01]	572	a3649a964e51a9ec5e4a16182689b18a4d357f73eae9116d39af888dafe484be
06-06-25[02]	108	29cd0c9c524f950bee3c275dc648da2a803746c799008341f2489a315158c793
06-06-26[01]	436	a28a10654e505331c567f1790e9e35d30437b14be41781d002d542c6225b2bc5
06-06-28[02]	2327	5170511e31b30f18cbbb487bbdf1525308ee181266c4de98c7966ff5294a5bd4
06-06-28[03]	287	0ef2c03e92b9b91e1ee82de39f6f9d63d6c27b7b7327d7e87a4b1a6eb1df0b6c
06-06-30[01]	276	89daed518ba3b76017f407353d1d35b7b718b8d98769e349c2e3936bfe948b1a
06-06-30[02]	135	fa253f6e2ada9989ffffa3764e665c008b12d1d1120d0b08a59448cc31500e9e
06-07-01[01]	574	f12e3ed3e1b8ac35c6c8530e93ffcbfc0fe3afd42f2ca1db37c840fa5733fed4
06-07-02[01]	385	bae94b28a646e58351d1fa54f60635c2e2b74212162361f1c7b92814baed1056
06-07-02[03]	572	f7559fb7458d643ebb465165982a526b0c1fc525b02e13bbb0892b33b2e0dd5a
06-07-02[04]	177	2048c5d0d5d61869fe3b07ca62b0d41dbde18d4bbcfabd312906c56fb3466e2c
06-07-02[05]	1047	6e49ef11a8c68a148e0289422f7fb6a4cb5a7181d7416f28b6f78a0c24028308
06-07-04[01]	838	f2eaba10a66102248ab2c4bb6ce90e17e36d8a511e21c3ee39a26c54d33e5ff4
06-07-08[01]	845	599413af98c34d884f90229e623a9ae701db20160059d00c158fa16bb50096cd
06-07-11[02]	4152	6587271fcdec1ddb0f55e8bffa19524a499cea4946c3691a5648293e8d8fa322
06-07-12[01]	5767	dfb9b4b6bfc96ed44ff96c73d6acedd46508c784cea65e6680159c2a7256f2a7
06-07-12[02]	3262	1b2edc0490d43307c0d1ecc19fb8675dacc450577f1a4cfbfd554f22b9cb739b
06-07-13[01]	83	5b1b352a1f1aa8f797a9bc775d31d9e212002ef251690cffadb9e20cb9d56685
06-07-13[04]	522	a6612f0f77faa96326be0cb352cc9820b4127511e0a21019fa146c46f4285486
06-07-14[04]	281	cf371b5a5883962d115ae805a183d29a83ce565bef2638fb3b14705a26456e73
06-07-14[05]	1692	23a090452c9b2de4d3ac4ffb516830df3ebcf03fff1b50f24caaa7c69e3206eb
06-07-15[02]	163	6a9195f291427b976d6050d5804f7cd536a6f7f082d30258e4ff7a0de828e9b6
06-07-16[01]	370	04f90707226ff6847cea28a35a68167d803177851524cb220149fad4c9a1cf68
06-07-17[03]	484	4a83b265cffa936340e7776d82a41474271bd81ce248a66b30adfb893179ade1
06-07-18[03]	1016	b1eaaef0a163e70c48ed624998e9b672dc4841172b91c0d0329390cb802bdfb0
06-07-19[03]	200	03ed173a87c6a31e19e52eaba91aecf50167c2488f768a20bbff887509c3d120
06-07-19[04]	1270	8232903d4585eea2b3ec5379ff0c8ccd0539a514a7727951f1612f21deba3bdf
06-07-20[03]	77	9176bfe558fb16338f19830f8f770d683b9cf091961a165b30c7ab059406d74b
06-07-20[05]	173	f1167210a0e34a1e9563cfa02c800c9df9811ac00bca5d9f01adc6a5126896a1
06-07-22[02]	194	5731e6fcc1d94e80925735960b597683fde4a8927da200361e67c349ed9c86c1
06-07-22[03]	210	b1cfc4291877935b3d98a20e22cbf65fb93bec967cf5ac9726d814075709d1b9
06-07-25[01]	161	7b1f3821d6860d510cc7c9b7a3cc8407faf57d39533f1735c4517cfef22cc5da
06-07-25[03]	185	d803c666ef76e3b750d28b6fc2f0c8112a8f5ddc8c2a7d9c493b880b524017d2
06-07-25[05]	68	250de7ab5cb6f6a224cf36a1cdf327dfe58302da13d65eb4677bc48e4bd99c8e
06-07-26[03]	188	9e9ba937fe0ee902d4aca6b35dbf640742b74ad22b65bf3e749b20500e67d254
06-07-26[04]	902	8f6faae0f837119733d6007b911067781dbfc17aa4a8a5b7fa98e08711d246d4
06-07-27[01]	438	c2dca486144593668907d63008dc173f89ee5c32afa67ff38bbd8f7c8c60b066
06-07-28[01]	73	6165ddeec28ecad28b2003194779ea55441a4a90aba4effeab3e3834ab2e8638
06-07-28[03]	463	f0cc98ef87254619fa31ebf1ed49b7c45c7d58ad3bb927958a9d7d7a0f2a5028
06-08-02[02]	140	5b42a0d0bb5d41b49815f276de3e5ebb2b355ce129eb44cb37db8cad800a7c2e
06-08-02[03]	138	b1f8f92f63adf3fea906c0fd2e681fff6f97f3d71bdcd2bd312398744d63283a
06-08-03[03]	135	8ee83ef250823e5ee5bde8e6535a9cb39342cafc523a5e0999ca8be18d327826
06-08-04[01]	69	86e64e3afd4fbf3c6ddda2446b3c39d02f7376f059be2a4ab6af71536541c4f6
06-08-05[04]	744	a81ed39d0d7d9832f7db33ddccf762851561cde98e530846029350bb8a59c411
06-08-06[03]	219	2bc6b5db86d8e0d1e985ff6d06d9476a95ff4dfc922ba1cd44441c36257d8599
06-08-06[05]	518	72ecd604b8bb7c3ef7e1ff6bced7abc8cd9b86364bd9f4d8af2570079855f127
06-08-06[06]	315	013688d6b8662db4f0ce58df4c7a4140f04b59c649815d266fc95a8c76257ba6
06-08-08[02]	104	793c8562ce54edd41157dc76392a6b73beb73f9c5cb6519737349b6c6bd170a2
06-08-08[03]	1200	78dec834d19bf3c38659f2502b4d5b03eb111e610c3bd0039002e10df579c4ee
06-08-09[01]	77	a60e01d21c341923080d8e1717393ecc56f377bf0d21e9ceb8078a884b9310ee
06-08-10[02]	138	c1ea4a85f484cfe9335f84c0c2e012ac33cdbcacf89b2d1314c28c1768944348
06-08-10[03]	191	a774358490843be5e1956c6970bc8a8fa4eb1a0633077cb32f8c72161bcb7dd7
06-08-10[04]	663	ff4345a0ff2275fa79b86517612eaea038d40a5f9da4341c9eb0a13c190dd6b2
06-08-11[03]	2756	fcf9364cdb39a9201acf2bfabf4fa25f7b608951c344a6c68cdab6465b5ecded
06-08-15[03]	293	97f00df2d979e7c64500c003a12e6992ecec2f6e220cc4029ff56299301a3c80
06-08-16[02]	647	9af291c2b94dfbe838563bd4af1b1e7d0cbae3aa4e4e51250bbfbe110df53f66
06-08-18[03]	167	5e1f44cc241efd9d0e01daf90a677e1888bc76953455468daf734a5d6fed2109
06-08-19[04]	86	d414650114683721cac025e0d253edf50f6cb58bc965fb9aa12b87d427514737
06-08-20[01]	73	3d9d975edcc5ad2140002393b127ef7af7aad967ffaa44bb769494dfeccafa8f
06-08-20[03]	324	e3b0bb83fc2a3d781973db6f346f20d07ce711edbd008b6cc367ef71839376a3
06-08-20[05]	369	c3dec38921eb8ebaf987fb05f1ab62eb91a0037288acbfe85b144c4247c232c7
06-08-21[03]	66	175d3265972702a4430e084c283f38a351bb4ea8108bac05ca94f8107aecc213
06-08-21[04]	777	852e77800a35fa7a9248f48fe36cb90fd69b1b4eebe0e82592463947c63d2dc9
06-08-21[05]	726	34710cae093697b4abfabac74ca25cdb2ae9cfee0415321a495c4848d508ebc4
06-08-21[07]	220	ad61fb01f35337c16ca575fbf461197cee7a9c18d78a151d8750945fb2cc7890
06-08-21[08]	852	a6bf2fd8f1e0b28d11c8ebe4655f72cdd38660b0a6c768d3d2c2f199fc474c27
06-08-25[01]	66	8c41b4bdaa5e23137feaf127a74882c311b47f0eba2d48a10e6fd78157ddc225
06-08-26[04]	121	09a1ac000dc434690b29667e8e8e2f61b16df2dc4deee7a6e1c595be2a1454d2
06-08-26[05]	64	ac0f5893b90471172fe2c0c951113d1eb41476068ff228b118856836df90e6a6
06-08-26[06]	641	7c2ef163bef6a458123ef2faea095e97a457cc9ddae9b0648f9b88c8c46c7ad0
06-08-26[09]	351	4aa3220069a7e89580ca1f9701217076ca6a8b835cb17cd301bd8cfeed27487f
06-08-27[02]	867	a00774be5e9884e2c681890267c54e98711763830f1cccb4f0e20dc014ab1249
06-08-29[02]	113	a575cc52e039f0f69aa94b15d658d035509cd39af60f1684bd6d33025e23b90d
06-08-29[03]	751	1f10da18daf2bc2568ea026645d0d02178e0621c6943aafac202bdbbe5c8084a
06-08-30[03]	97	4ff3de025135571dce9cdae9be41769b9703f2934d852744ee333d8d099056e9
06-09-01[01]	747	1e6745fad8f211d701a1b023cbf363f1ed35d9f4e39098302d366b36205409bf
06-09-01[05]	80	1c4d8c6f17f4f2d745085278e02ae6a695f8846cb650224a7f0eff3da5f6a694
06-09-02[01]	980	084e0c9423d70f1541148f03599265867c6789d837c655091b2fb173f0aa8f6b
06-09-03[01]	145	932ba6e266dbe0421593e67b0c05b420aadbf1129e8d675dc062f365f53f0798
06-09-04[01]	150	8a9a628a01217946a30a1ae6135da0f94475ccc90da369d6d025aa57f5201724
06-09-07[01]	161	453c3fd5ab3785257b001e68c0152a1ee87adab4551240896ce79527ff7d370b
06-09-07[02]	213	938f734055bc88d14918cdf9b85ae2b670f184c9940f94e7e37607016f604b28
06-09-07[05]	127	cc430f823cb5f325cf7b975b9ad797de8f8521a1628f8c12884b75976b6bb705
06-09-09[02]	96	67c73832a87ecdd5faa3d4c9b3905d09659d0b115253d2398bbc8628609a49f4
06-09-10[01]	1249	97f684bd873161bf8f6016fbcd0e650f5b05e936075392a7422af063ee533c0d
06-09-12[02]	294	e4c1df6dc6f978d8120f0f2201fc620407e323f51e5313bff57c9784d24e7e56
06-09-15[01]	210	b0b826be5a4e2f50db890c5510023a3c53e1174f30074c67c00ba8e6e4d01741
06-09-17[01]	111	be5f3e83882de328dd96dbfa287a09856afc91235447972827002fc1beefe3aa
06-09-17[05]	543	7a623643d24c65f4152a2373ccc65b24807e733809aa15f11d8f4e3f5e94c0f7
06-09-18[01]	771	6d406594442c82f951239d0b73cd5400ac992d52ef634ac74ed583f21ca218b5
06-09-19[01]	1173	c9a4dacd4bba470eaabe665413ce070d6fecf463156d103d25fc5ff9aaf04cb4
06-09-19[02]	177	3962a18f4af014cb257feb4193d850ba338c11f855a5479eb4f20a6fc404a01e
06-09-20[01]	460	e96f92a1b56ca524be8f43612010fc02fd350eb95f579ad6db200a51e9e04e7f
06-09-21[02]	95	36f3a754a19822f59940c8773e2bae9c8dde48cb5b3672fc69dfc46849854739
06-09-21[04]	480	f49fbe9a022efb8e6911ac6c2b839b001356fc643db7cf623a54c7cd13e32425
06-09-23[01]	713	7fb405f0798a30b0c475d741df54a6ad4d01c962727d2213a8a39b4bf0b2401d
06-09-23[03]	88	0c6b06bc404652d919533c22318dcb38dbb808a4e335ff39c2be4de7b16f270a
06-09-23[04]	549	94cb14bba8f0e6c8ec616faf6aa11e264262e2fe44fcc671ab4c1d54753a893e
06-09-23[05]	807	53fc23a9644cfda800fff8d49e8f64678787f3d524726f430c16bf36edd129ad
06-09-24[01]	418	5d98798fe9f0b250f99005f7ef798a4133b8712b899388c1eea10007049f7851
06-09-25[03]	279	fb4416b4a672cd96fe2de9f29083e2683e636dca0bd236037c3b90b39140179e
06-09-25[07]	152	ff86915cc6404af8a275c02c8e9d41d1db5ac9841a92dc70bf26573c6e65857a
06-09-25[08]	549	b9ca8dd3ad884b384be5d657e92675b8059c13f544cef8a89742d92279e1f321
06-09-27[01]	603	408e214c0217f0d9dbfb8f4f70f79eb29c075c87dc2de98e6dc7fe311ca2fa0f
06-10-01[01]	357	b22dda51e472c39ee6084d1149f067de191cf6d9a6be7df2b7453d543892ba7d
06-10-03[01]	493	65efaed61c188100ff24ed561c4b3b25cacfe7e63922b6760a719bfe5c6e7f76
06-10-03[02]	720	87899d722e69c72cf5d45a15730944e21606268d6236a3ab044c41454ac77523
06-10-04[01]	576	78fad50165d2d40ca59a837d9001d0755fadf35129bef0a0826a67000e95a328
06-10-05[02]	1457	c70e2f94ae6a98b6ef8fa4e2f834d9f5696ec07ef205648dab9b176e663f423f
06-10-05[03]	305	d7da8a87edfc503b498f798a8ea0bc6512d1f4f866335693b1fa1db0b557be1e
06-10-05[04]	85	e7bcc0996f17b6e5e2d3b114e62f3511c6262315b1219e6aae79a5dbbcc2af3c
06-10-06[04]	192	874e1137c084dc3f391b575b0d8af7052025bdb7c975646670592a432f8b7999
06-10-06[06]	122	bda927d2b6c3593a589517fa765ebac0f47235234e52d94750be8d59736ea8d7
06-10-06[08]	574	a18bc4c0db257b1bf871bb8a37d9e5861924d780161ec820e65260397d532523
06-10-07[01]	422	8fab32d9b8fbdef30532f28db72e1fde364f3bdc4bb725f60face9ad9e9d950c
06-10-07[02]	304	da19b80da0802a76cb04ed907b5315508827d8df184bf4fcb5ae386675880ea0
06-10-08[01]	1856	ec43715f2e1fe96440ca44ed5a8072d25c5b1af14930af2e1597bb49abf1d87c
06-10-10[02]	157	f01b3468a09573cbec5130e1686f9565275271de4245f248b56e704b03505c73
06-10-11[01]	781	5a3f9d9f4e9ba7a53d0b9b843a0c08d3994d1d62e56a47fdd77fd59affdd4ea9
06-10-11[03]	298	8ede0de220c95c33b0c0bbbebaf7411a932ee17b2ad273e0ead082381039523c
06-10-12[04]	283	50dc1f7bacff39fc54f97e038cf27a0bebccc317a06b91f2f809a494a3ad7529
06-10-13[02]	712	50ae20d38819095e766ea3a2fd8fc7c40f0d987a356ef1e75e9440f08bbfb3de
06-10-13[05]	217	a30d71900dc51da8562ce5d8f4f2ec96e1d544380a04f4918a66bcfb63ad00a2
06-10-15[01]	8711	f93888873b1c17705eb0c14655e98758e3f20e102b0e6b625bfbed3eba4f282b
06-10-17[01]	123	c862690988858ab7676f5afef36b59ed2df911f2292b071408286ad29b7c9e3f
06-10-17[02]	3454	0eedd4103a72e57bd137f30c4eaa8abd0137ce1cf02df3bf1a5d6ef971921f7b
06-10-18[01]	464	95d94c5e02a5f4c841c5827413f6babb5f0cb5a9922c8038cc0af081c3520375
06-10-18[03]	191	9a3693fdd3339a6cbdd216d357db195a0355b23d81c5b13a5fd021fa4a312172
06-10-19[02]	356	d44a57775b410731e8e15d6f1e31b5d3bb889651578017a9fe699cd211f10cda
06-10-19[04]	112	4c46fda3f77602f1709756011d7a924afee986fe17c7451957c03ab1fb323edd
06-10-20[01]	249	231378e890e3899b859bff8feb193785e33b571433b34dd0abc5cea8f3aec782
06-10-20[03]	109	79b5991498508fae9ba7a763f52a1fcc8db7c510ea6fbd2d97c1b32076f78f92
06-10-20[04]	564	0138c9a7f4693de1b7918d7df89681c1589137507440cb332a684d2226ae2605
06-10-20[05]	256	9dfb123ba7b173bea0df2b2a8ec241301f76c51d6ed463971242d22d17668f6d
06-10-21[02]	535	97b29212f385895e6edf50518b8b50336a1589a89bbe22a4649719e1b7e83431
06-10-24[01]	77	5873c84e63baa6a97bc55a7db7efa86080740f3c0c3ea70ed61745e342e1f2ca
06-10-25[02]	758	6d20f648214bc4dd7291d5d310de674e31f5d64364fe0e605d09a8e1ab20f0bc
06-10-25[04]	290	04fcf9add91e731797ff56207ad1ceeff9698da9f41c49ebf924184df13210bd
06-10-26[03]	612	611c442b51fc47d134f4e69957e0c4914183234d7559815a251ae0bc37155f7c
06-10-26[04]	226	a2bd32bd0ff80d1eb214281dd4c020874702a2e2db15d3cc271dab28d7694c43
06-10-27[01]	241	b5c3a08157f596d457ba0d66b9d195e67e6af37e54491f939a3fe27ba1bb85a2
06-10-27[02]	927	8e56a0adbd77df2c3de2fac8d289c30dd046fe2250e1dac7e9c384006094bbae
06-10-30[02]	178	9cb5ef364084cce4385aba13b472c59ff5216b00cf940616b3fb3df06ad6c41f
06-10-30[03]	180	5aaeadf8f6194c27da034548749d882c32e3c002b98df37f2ffdc0d07f577ca0
06-10-30[04]	227	4f15a6628e22e5cdd458fed1fd0210e0c45fd038eb047259da5a38cb44c14079
06-11-01[02]	250	3ff2d2d1b9e2719fc0f81e2841bcf9180ca4da8c116e821c2e5dd8004bd33772
06-11-02[02]	1445	bd928a82a12d75b0ab3f3c646160a35f31fb084dcc714edcb20fe1c2c6ae22ac
06-11-02[03]	1079	11ad561a67ee1e6610ad14e10d2f8f48b207eb40541126ae60176c39ebdbfa64
06-11-02[04]	264	1dace512e6a088a1757789779cf099794022aac9365eaf9934a297b4972053ec
06-11-02[07]	185	38669ed2e4676f1c589bf2b1998fc52e5b0edfd12e95d4b155164d1e9b5dceea
06-11-03[01]	78	05138a4dc2e1b78d41a021de0f0a9e519c82208940e131555d9030ec6cbefaf3
06-11-04[01]	500	cc8160a89bf2bfcb617ba4b5deca258fd6ffede77d300af0ffbf8a9cabbcefbe
06-11-04[02]	113	be4aa55b9729abc74686e4f091b0168d7ad0c1bdadcee5d3bceb326ca299f6a1
06-11-05[02]	1436	944f1c16d082b73edba65e9c16d73c67bfba4d3e0da20c7538999843f19798e8
06-11-05[03]	890	dc8795bd3f966b93368f3264f454585f78451ce4343d9994e781c6d4c1ac02aa
06-11-06[02]	1217	1393777b96c6e6fd9faf59284bc6b2aa817b7e514c949dda9688599d6ce463c1
06-11-06[03]	506	6d0766144029a285a89e6fdff4af0e4473236b69690162a26ad38f6de96f6639
06-11-08[02]	252	db50e0f21a7961f1556d73879234f46ee55b857ca07593857504835429b3b921
06-11-08[03]	258	ff5e70163888c60c930b13d19c506aa3da86558a9ea88b68abb04715ab507894
06-11-10[02]	358	3882840eaa2339586fb2f3872d6acd89f51bed6a8e34fadeb16d0d376db612d9
06-11-11[03]	631	b249a439265658d395bbcc315ee193c647fd2bec5921966220048e39462105e4
06-11-12[02]	85	391ea6ee18e9d049ea66bc8d55f88abff8e46b8ad9609ae55589f2583d1d470b
06-11-14[06]	239	51aa3ffc363bb54e08604d8787f59e661c22280c82718d30b174fff81bd85359
06-11-14[07]	213	182fbbb3bd42904541c62e8f8bfb586c7c430cace3015c197d2715db9201d2aa
06-11-15[02]	496	f1781a585e9a660fb24282748569b342d69c4aa31506f2caa6f21b0489357776
06-11-15[03]	585	f0f32111b8e06a8128d087ecd37b4b3eedd1b2e640ccba8015c22b1db3c78f41
06-11-16[02]	130	31a25eb01df11b4fa36f20d0e3c74608364728c39986f22ad4d29a6dd434eefc
06-11-16[03]	254	5e540347a877c6d785dd5cd8634f6a767f0186b7fb6f85b1185b3b4567d0cb89
06-11-18[03]	699	d1168ba4b36715cfb266e87de82674e0baaf3c07a47f1f4a4b273c6d4919d578
06-11-19[02]	319	efd747dfc20391e58e9b75061d598f290433ebf7c47cb046d52340d65d5f83b9
06-11-20[02]	156	c6cf3085a05acd5b46a0188ae95f5b24e097f74492bbe8242f0eb4fbe1c4cee9
06-11-20[03]	213	55764dc2ee41bf21e988932608f681c77ba8c387a05c5c19c78675b188c22041
06-11-21[03]	306	69fe315f2c50bf63d416405cbb96d69d3db6b88a35d1d7d656e4f29a86e429e6
06-11-22[01]	265	baba566376f1632dfbe4f9244753e72b82b319b27f628ebf8f7fc9e5ff0ef284
06-11-24[02]	118	99240188f6d900ead27d730d08ab7c8d36df94af46881806e08870475a3e0cf1
06-11-27[01]	433	dc447703997b3705fee5e1b50d3e59ed9701b6b5d25f11bb2ffad3414cce122d
06-11-29[02]	894	3fd2fa4efbe7a1db9087a5c48e4d7654fcd830116e543975cbd5cf3a0dfb502f
06-11-29[03]	121	1a1ec6849eb1acaa7d76c86ab875708411cdf509f5c65ad0a21f100a41e3be99
06-11-30[02]	185	370e3c7b730a110fe0e8780333e42b2ce4afeb0080ac59616d847d24d2d2024a
06-11-30[03]	281	b1d1476c9828d42726d619403fa80ca86b3cda599de9b3b5c65e87dea26eb9e6
06-12-01[01]	54	a27e7d693269f6d9d7afa93635cb986fa389616d96a53d30282f2ff7d5e56754
06-12-01[02]	1119	1d35cb43a2d465659fe648ac2d0d8d0948b2fbc50b96f0cc50973d9b7347397f
06-12-04[01]	536	524b9fa42ff5cfd0917e7c2820dcd952c971a2ff19cdde4c93038300088cfb7a
06-12-04[03]	224	3fa4eb9c8706dfc0a64cdf2d1cb5c03c00f519d7589972c5f803e05fdcb68d17
06-12-04[04]	168	761749dd86b54f3c885492aeec715c3d86ac97efd989cc11eaa9da090027c8d0
06-12-04[05]	579	cac0017d20622bb6b1242a06a740164b96ad55a876f13ac280b584e0835441e2
06-12-05[02]	236	30527a417c29016748da4a286de304b0d5aab027bd17d9ebdb2c496937e1e78f
06-12-05[03]	74	ef66f8b96e3f9bd020672d84d56348835c4357e15f771409369e0dae0585bb16
06-12-07[02]	1388	e72c78943bda36579b92303cc1221a04084a5a18bb17f66625662da54f0b9576
06-12-08[03]	85	15fdf0d5960f11579dcf8a37944893c4de7badac01b3f3f8eb5397d84597d232
06-12-09[02]	211	b87fc2c4f2fb53b5050adff57b6530ed5dab0cdefbcabb25a823cafe2f5f5f6a
06-12-10[02]	879	86d5e4c30cddd09e072838d9b1dcb18d0c54818862e50fe61450713e80fbde25
06-12-12[02]	857	0f3660650acffaa7be509d0c35e351ded06b4f6dfa93fd4925c5caf12f61f9e8
06-12-12[03]	815	eb02c3614564a601708fafd9fd15ccca72f58b6e55070ccb201ffc915e538723
06-12-13[02]	543	1a68142e491360859b1e3f60396ac544957361fa0954c756329431931c2a5c3e
06-12-14[03]	107	710ad8b7058c7ce8884f6fb3645018795a79e4baa1d165dc52c87f31689a820f
06-12-15[01]	955	946a8a490ac557451825eed5e2b672fa02b5adec80f8e76ca668dd07a9941739
06-12-17[02]	269	147983f787b125186a85e289fcd2029f34cb93c10782d26e7434da2d24dde4d2
06-12-17[03]	6938	8ac7bd4ab467aa45cc1b0212dd84506c565b41e5e77d4740eb07c406e791f2a2
06-12-19[01]	1613	c8cdfde1c87c26d219ad438bdf77c337a0be4d963a0b31c569d338b83323a36f
06-12-19[02]	478	6703907a3e31883b26c9de8fd807593e2779a9588005902a37d33766002a4b0a
06-12-20[01]	1468	0a1d037b21303f3d75ab827db70205539f4ea8e846ea9570d85a87603a9580d0
06-12-20[02]	924	a74fd8ae159479795f67f8e08fd92a9b6abc741adbc258f93a3fdcb07c71f02e
06-12-22[02]	402	cef0b8efabed6e9bd9b12c5f76966a94e7a1694130901227db8adeb5b53d1cce
06-12-25[02]	113	8649bc39edbc1bac2b01f002662bf6aab7f65498d298c32ea7b839066f005da4
06-12-25[03]	3365	52145aa6f9ffeac50c597268e5fee4124ca64bef99acdb09c9ad492f4e84cf98
06-12-26[02]	198	6d60c2f2ab3edefadeeb00c3e02abc44fd32601fd32f613e7292b1b8fe78a2b4
06-12-27[01]	739	ff55baa8909dce6f55fbde2d233a44b8756f08738833190bda0a8a62438e8dce
06-12-27[04]	291	f05c42ca9cc8908ae5fe6b6d35fc74295044fbd413461d75e183bd5fcb9f3be8
06-12-28[01]	150	b411d853d5640e1e10c216b24e0243701f226561ccade9a3fe7dc94577debcb9
06-12-29[01]	210	03195c2a3104382311108464ff60c26140ff036df7ae86d1fe1adfd2d27f6dd8
07-01-01[01]	1030	6e10d6c839309a6dab2fd403d059f764a599e7ea07a7b2e2048b2048abdfdd4a
07-01-01[02]	1704	ff32ff9d46bdb59064b272b473ad052ab1fa61a934b0bff8b549f5bc52c5b715
07-01-03[01]	1956	4b6e2d93b129a9dc278ea41fb81854a33a418966dc8841754c16cf3ed6900523
07-01-05[01]	91	760c3f00689c57e4625633061dd2121725bfc6b21c48f40530c34d7f7391ebf3
07-01-05[03]	495	ba43659a18a77ed23c0a0143d6d5b27cef22f5a4a223b21b04d3ce7fd354acc6
07-01-05[04]	248	59460150e5b8d058a0b5f27121b03261b535c72a40257cdb177b328ec8c07c2d
07-01-05[06]	204	d7ee5d9875a090a85f78ba6eb34f3efd621c0e52e9054c616cc556a55332424e
07-01-05[07]	546	ebc5feb36dc0be8d8af7a05417846bfe7b564d92d1f7f7f29dc4e1f44a0ab648
07-01-09[02]	247	8d319ee0817dc4f0497301c258d694da07d193b15dcc8106eacf924146f9fe94
07-01-09[03]	41	580d85fbb623f6884cf6f93a875dbc4ff41ed362611d8fb7a6fdadcc50e70012
07-01-11[01]	113	33b94836c396d5a3a8c7ec45862268aec0a47595cfa6452ccb9386c00860101a
07-01-11[02]	117	e3bc791df8f9b5027cac51ac0f8626dee3d38e885547b62b16cc640d9968675d
07-01-11[03]	191	d74edf58905513ea6323f26ae8a16af650b1ec8b7c06f8c37e417f6c31c979c6
07-01-14[01]	659	a9169a8a71d93705324b6ffbcc8ff58c4b6dba47c673bcba5a753d7d79bbdb85
07-01-14[03]	135	3f162117696059dda5f2ac157db8ed026246b47c296bbba5e3ea34a227f36158
07-01-14[04]	128	c3ed42163a1e59b56f601e4ece938874a352df4469c02b6fa8359e511fca240a
07-01-14[05]	14243	16b48fad142a359e0d51a91703388eec4a4c06575d4e497d200e5e9eddd3a084
07-01-15[02]	117	fe2446c47bdffac9a3a888815c2f2dd2d5f580fd39554d0310f488edf996126d
07-01-15[03]	66	32c9178d415a660f626bbf8ac43da1d7f52061ec11665afd1d32de4de480cf4f
07-01-15[04]	337	42e6a2f3b66f26cb06a2e7446ce00d5b336b24e62aeac6c0305c133315eb45c1
07-01-16[01]	633	d85972e314b023147bbd83c1f373d7477d9e4ec5055caee0f5ed70010cce3e3e
07-01-16[02]	273	6d15080ea32e4aefb4fff4c03b56c0e22434f538e3a3bc6fa4d416011a2d0eff
07-01-17[02]	81	52836ab6cdf0d97ddcbbc71e327933238fa5ac009b89bb1c010f867d3b65b536
07-01-17[04]	300	02c50b993b6105af9d56e23dcb9f94e6bce70baeae06c95d7b4b4ae895420a52
07-01-17[05]	293	f088cdf15b631bb54b57c866ccc63b0394c29bd35c46500ad5b61376854ef69a
07-01-17[06]	141	9cf8737f1598654417e5ce70c06718ce787c945aa086ac3f7864480155e30b04
07-01-18[01]	552	b8e0eb8af3c5a4415bbd3d8f25c58d27d5288266938286646dd5527aba42c742
07-01-20[02]	161	1507e22ffab1b58d691f9f51ab52da995df3cba37cead589cebb0ef9c493e170
07-01-21[02]	318	2f34da8e16516b38609e93ce92be4401363fb0231ecf19144e89d26703e80487
07-01-21[03]	213	da6ecb45ec02f0bcd337f2371e2fa5cafb790e33190e46b04349c64c052232fe
07-01-22[01]	442	0abf812e32f3568fb70e52b3f2ef7346959aca9e59f826bfe07d6124303621cb
07-01-23[02]	177	5047b8b30dcfb572b750eab3e7b9f1fa71a786780b0c76e8cab5385a0439229d
07-01-24[02]	186	08eef64261a85c0a55d03c119d17babfa50a2af352a4f18b67e7d89c73e6f94f
07-01-24[04]	156	93ef2d51add074a27266f2134119aaded08a8546f3ec5abb1e151a3c681025da
07-01-25[03]	412	6d58b6e04aa6e653d625dc9893db9f457a8d35f6e73447819aba41786c9c22b3
07-01-25[04]	3156	05f459441a9810d8c10e81ec42fca921e0a46a40ff1cb59068601213387f51f6
07-01-26[01]	93	fa920ae1edffc6c37cdd968914d615619c3d169eb0b0ea6286109721f516743e
07-01-26[04]	287	c3a891d4f902bec172d8c9ef4ca723f4790e4cf95ee0f8a9e11f1874c9596a03
07-01-26[05]	1267	d2a2268afcfb9c89d4c562b227690fd68e4cc3591b01965edd657924bd17531c
07-01-29[03]	506	695dbbbdbb34e75b33bd46a7de369dbef7c6105454b7f459bb024463bfc44360
07-01-29[04]	136	66e78991d7d060d909fa6cac452b30c5d8b9088773abd7ba9af1c9c742764976
07-02-01[01]	175	fc42ccc18f803244e86579e00072826051c538c85fcb1c1b6c524a3eb6adbed7
07-02-02[02]	1835	9805f57a963a4295681d45c0c92d0ecb3390b2181af6f14d35dc7bc36a918c72
07-02-04[02]	227	40d22b6c2f66f488bc2e3db3323c4116463b4b29e2027fb91accb7a979c9ef1d
07-02-04[03]	767	671eba74fe6953584e81eb813096fad92433854e4073b682d02714f165cf50d5
07-02-05[04]	315	8f88feca11c77d76de64d4f0d4277936c03c55d7fe1b04c8943bba13bf06f2f9
07-02-06[02]	1075	56dffe5b03bdb99601e166469763027f6ec2afeadc5cb0063e09ebc80fd4313f
07-02-08[02]	269	cff48e74eef956c28e08eb42dd51dc9fa007eb3104f18ea98a6ad4e9682ab6f7
07-02-08[03]	855	fbe50e3a0fc74e1020c5e9ad12721d64ec21af85f3e59ec0f1d84c9255d4503d
07-02-08[05]	124	7030ac066a31d1682ded68ad6fa5c176fab99e2f4631f91263547a2fc8d15a57
07-02-10[01]	2177	7acd9d6d7d6cd92463c066ce8961431baf744fd5753d6e91797d5beeecfa1502
07-02-11[01]	857	de19bd356c9204d442e8d3b81129f69a8443215fe92f3ebbb51964e36182ec30
07-02-14[02]	1210	b2188a887dfd8f8e4a07fd5e82aa56ab73262d16205cb2eb340f1bd926cf15fc
07-02-14[04]	1469	6d47bec7b4f0be49ab777081896688fe1b5bf3eeebfe08eb04b5f7458f1e6f33
07-02-14[06]	120	ebe78fadefb3a852b23f5a6c8383b470859000df5eefad1661a37e16db3eee10
07-02-14[07]	237	2046e718b67d5b3506944b2609f3b4b43023bab72c2ae7b6785819a7d5cf6652
07-02-15[02]	612	7222d51dfb4486ac2541ceb8c6b5111862a9924fcc9fd3fe47674c93837a2d2d
07-02-15[05]	149	a7f786d850525b2de5cacb8cb8e3545256d44c64c7146a41dd5fac653e1b90a7
07-02-16[02]	281	f1fe6a677f7a7bb87a6b5accf041369e6ff65e3e14e3c5c46da59ba63b48245a
07-02-16[05]	923	8b222a86f201f49d6a6278c5c5fcd2a9881d85692e27b849455f7b168ce046fa
07-02-17[01]	240	56a6495594d0c465d27491023baa09e6153d0e6f1a268855fcf99806093d49ba
07-02-17[02]	619	f5b3240f3ecea4366fc7e7342dfc58cbb1be9cf9b51e9ce63fabdcc012dc144c
07-02-18[02]	174	2ae003986e78069d17d76d61922fe5cd2eb866ac348c62d1627cefc3bc1f3d09
07-02-18[03]	144	4bea33b65c31c89f391a2aee0cb6d6ae897a5e923ca05b779015abf727f92321
07-02-19[01]	659	f85dc4d7877d51a4a19ebd250e12d1b64d425d830458b66e41e2bc969fa509cb
07-02-19[03]	124	4a0529714a4e6f276f99e6a684f2738b7859bfc1767b373bde98f64e8d31d146
07-02-20[02]	803	25a6163a0b9a37e761f259e203f547949d659d8a0ca821d2614d3b820ca8b889
07-02-20[03]	292	d501a1f8bed8544ab7cfcf0102ab348fbbc8a54d89788f92649e9fb2372e5d28
07-02-20[09]	92	8b24ca3798d7973d69c8ccdf88861cfba75e5a13112df7171d65a2811eeff35b
07-02-20[11]	108	64978ba014469bb3be1b755911649c1544f8e3a2529535d1067adc32307dab79
07-02-20[12]	210	4afe81b71daff09e2473a5d2ececf13932655145d2b61969db64944db88ec40c
07-02-21[02]	2048	a0de021b3e7fc99b9e645261b6fc0017f21e3c29206ef75a62536f2e5c8ae68e
07-02-22[02]	610	6440348fc7593637e62ffc8fda9e34a8fb54539f7fcb525911778af819838732
07-02-23[02]	1090	f779b6a85419bdbe72a55b5bf323beeda9e8c3fe2e9b521bb3f14c983863c657
07-02-23[04]	341	f231ba5a90ec8d03fba63e106bb6164b7115041ec21990093f15330c1211bca5
07-02-23[07]	154	f00ab52f45a6b2f9fbaddc8384fe47d836183e6f1792b9691d162e36f054de3a
07-02-24[03]	531	91ed13fdd8aa20cb81bed3f90932aa5591ffcc2be8548dbe77217fd4b4d90024
07-02-24[04]	358	ce369c6ca5dc7194c52dae86b4cc5d3856b47e3a8505f50ab08d1f210d4974b1
07-02-24[06]	104	38a7eb0e6a806cac982a7c5a731c16f05407af4d283a68d7a13ac3f036b092a4
07-02-27[02]	1909	0552d4307b16b05c7a3a8a3d07fcd876248939441ae2a99e496bdbed027ab242
07-02-29[01]	1017	4535b41f6437575ae8daae8873ec2495ce1ec5a39308879165eafceb0671b4b8
07-02-30[03]	195	d0dca874657b3bb1c3644c900e02684354227fde3b3daf40995910f02bce7b1c
07-03-01[01]	130	dc532f37ecdded8a79074e83725b23f39f2991afee0434a2d5d2d161001eee33
07-03-01[02]	191	4e8102e96f0fa31b3b04c926ad4e9adc4cbdc278534122ddf5bd209420388520
07-03-02[02]	1285	d2c640538360fd0ebe5e2c5370cf7c54a4428b813e990f61496fad1b25343a4e
07-03-03[02]	144	1ae97f1f36953e106e6d42c843f85ae07b6979ada38da90d26c7e28600440c8e
07-03-04[01]	1670	ac766045ac443705aa1378af39e210d22b11d4e8fd0c6d1ef5abe628333af51d
07-03-05[01]	351	e7ba2ba50196c7d2be94d09beafc3393e373aa38c0cd437990af7c486f23ca34
07-03-05[03]	200	6edf7e42d7c0b41f3b1d002b38e063a450b1553b684aa2f9f4358cc4f05c9598
07-03-07[03]	471	97c9ef5c0c4e3e5b0edc24860d88236030ff24710c161e21796455cfc3e560d7
07-03-09[01]	478	ecc8e564995fbc986a0dc19bd971747bed8719191df60c7463d408725d43ccfa
07-03-09[02]	940	0818f288ee7cbdc4c9519091421ebb3f24232534e1b05c1eaf5f0dcbe5d47677
07-03-11[01]	422	9c66a5f48e5ea98ca8a02e80e4c387441c7ce2acfc8316c5c18664e72ddd223e
07-03-11[02]	315	d9eb9c8fe9803b85e7292961298cf7fc2453f6cfc86f14ae633855c7b2b99aff
07-03-12[02]	351	269fe69290f19db1d594a3fde88c4bf377db832617207b1521292a3a898c34ba
07-03-15[01]	254	f8cdb45e45494244eac4447cd5d36383ebd4a3ffe6db1510c5987a62967bd7c3
07-03-16[01]	481	6361cf02e9505fb8b6274dd31a562953697a828d932cc14f96fb3fa979632047
07-03-17[03]	66	f31e43362803c458458294c3065d4aba00089db7288d858cd62c78ca68222ccb
07-03-17[04]	794	fb7f12ab4e389d6194fb6fe0469c1f2899909c3f1844c05af58838860fc1d80c
07-03-20[01]	113	c096df1c8f7cc6688a24afa2f75ea54dad3d2b809397144ef03ed756e2124b61
07-03-20[03]	549	18195998630621c64c53f004f7f9857c793c908fbd6876f66ff38d5037734989
07-03-21[02]	147	505e488eac0a7ef22b948e728c36ba6e5031c012db20d8f17806cb12fcc534b2
07-03-21[03]	152	95306cc596a0a1888ec2663bb67db5ef5de7d3862cc395fe7b13f0da4ba7752d
07-03-24[03]	452	81d84e8a99a0d72fe749b28848f41504fd07c1981160d818c69283011ce38b62
07-03-24[04]	558	9edcd045b1bf2e8f18ca6358c9503974e8278fcd0183f83f72bffb6a3b0cafa9
07-03-26[04]	423	09135f9001b6f9be8df16d76fba8826efef433dae2858a6372272108b473ef1d
07-03-28[02]	481	bfca2c19c94db037d24755ae0270e89bf29a44c9ebf745c6657fb78ef093a5e8
07-03-29[01]	209	b765a912f942bb08435a986790f3f8d5966c2a97ed356a5a91c39da862c2eca3
07-04-01[04]	409	17021818d8a35f85068041f905e7b4f6219bc0bae32c195e1ecdcd685790e4ed
07-04-01[07]	141	861a152df655fb9952910fd7b9a747a11efc65afbb81f11c9e4276577da101af
07-04-02[03]	145	11c359edc866619e01293947ef98700ca073bcf1d03bd52b6e329a19593dbdbe
07-04-02[04]	150	106d6a9d3d208f70a65b39c59951a66b1bebf3dd9bf929831a1a6c6efe60299c
07-04-02[05]	2418	44ddffa1e69b753ee8a51022e1442ad06fac9ce56e67be1eea8259a3f4afa493
07-04-03[01]	764	70c58873535a4e6d0e7454aa8e671024a154ed17d72a6b9843bbfc86ebae08af
07-04-03[02]	571	cf2bc693ed57edc50b60bb919896a3e3f20539a095a01d3545abcec71dbe4ec5
07-04-03[03]	1233	3f566f96874cea4e263b701cdf3ede092343c9fd1a031a10cd2f08b7e746d4bb
07-04-03[04]	420	7f21517d8b9e4688b5617a5922ca5877ff92c0e2c61f93d27cc0632d895e213c
07-04-04[02]	544	877d511f0c7479e6b10ec0399b82f9cc426aa94feddcf7f7b4bce4628391bfd9
07-04-04[03]	846	a9d24dcb91471ec3495e1000361591158b37191e5af02168ea00f6dea7e167e0
07-04-07[02]	145	1413c20da6390ed76763dfa32775f263b5d61c836bf1e458fa57e436ca21d1a1
07-04-11[02]	317	5bbc99bca64b5ce15f9bcac4ae923a8cc8d4be86ce158ac201e79f80c260bd17
07-04-12[01]	1324	11f0d24ed7d34bd97a40feb69eab76e1a61154bb5a16a3b460c3dc86c364cf81
07-04-13[02]	448	37c60d5e70842dfe764f48cbd06ee3e2ec705a6f8caaeb6271668b343d0b4e54
07-04-14[01]	1565	97275d62fa78c2c968e11826fecc877a8052ecf9b366539560f368bb0cec1317
07-04-15[02]	1812	4c2e53f00e3680b9ca11226c1d0c6c91bbc0d9fdfba2e075f224933c8a70d192
07-04-15[03]	490	e0c2a95cd286811862a6cffb1b0414227fb20476ecf1d441e1b939024596939e
07-04-17[03]	202	e733ea1201e735ab0b1cd6946becaf6a00eb30a06d93d4cbe50e55cf77a9f9cf
07-04-18[03]	128	988a5c5d466dbac19785dc169a26bb47b6979a82edc99242680698f4ffb4ec9e
07-04-19[04]	212	252d4dd5f3eae60625f6715503c862eb8fab9704a1f6ab6b5552f0b1b1871d1e
07-04-19[05]	554	4f03426e48a7dec73e5233b590bacd8b4e98e9fd0cf6b032ef6df3e877d33fa4
07-04-19[06]	268	3733b0b889aa53e9178fde7358ddce1fad478b1e64ee9e3c1d041eeb49c2ef86
07-04-19[07]	869	2178696a8c4bdcb6f2ff012c7606c9bb52de4966dd61f6f73a9dc9caaee2d887
07-04-20[02]	98	4c00d26b1ebd96765225943ab2399f6fb1cbb6174754b55b12cc1f7af13f5f25
07-04-22[02]	294	135df78654bd8928368c722821acb9d342cae69cbc98b481f2c987ad848842fe
07-04-22[03]	151	6e694fb57601c0962e26e37218c443ae906c47abef7f700e720d9f6a3113511f
07-04-23[03]	1310	f78f5c9853da00f6be85a206002df898a30b6b5f7f27682f828824a222414d10
07-04-23[04]	231	0f43af7065c28d81f5941ab2b4d3fa9a522b72e681d8cb747de7e26c5123de79
07-04-29[01]	81	8cbc2abba00375b1dfafb62b1453e8ebf543a3ed5ed75ab79a6be4ee919507f3
07-04-29[03]	584	2dab5088ca9e355a48bfab3ff9b67144567742926cfc9637b5355c8f3229312c
07-04-29[04]	116	4ae98c4ee01528a9ef7b895ece53a2e02d083bb753b780f9a781127e9a6ca88a
07-05-01[02]	237	5f5d25f7c6726e14d1ee61c3581adbad190545168cbeb941a4eca771054c562f
07-05-02[01]	86	eda923dab4b7a513f4685144bc397af52e51d9e12b6fb807a5c06da739fc27ef
07-05-03[01]	664	6dd29b385fc66901a28d0c83127d98ccd5b0ea50f96460875a8b209550dfe616
07-05-03[02]	330	eaf65efce251b107a3a6d79081eeb6b968d2959b1175afaf2387dd9211ecc647
07-05-03[03]	758	cddbf2d1cdd902ee2e86ece6f85181630970f8e6b7b6243c0ac4ec162ea5096b
07-05-06[01]	876	5d0fd227274b5316dda281b40ea7c9e2b0c2521f0882744d51709b1270793bff
07-05-06[02]	309	e13daeb1feeb4f97a35555a321117f99d01798b4a2416ce9fa2182f474ab3ce7
07-05-08[02]	254	8b97e7b2d389edf56dac9654e0b3ba4d41f277ebaebfdc490b231a3fe6069981
07-05-08[06]	288	32f8402e794a6500e8cc91cd4dd67014d349f3498ad37542a46eb12a563157b0
07-05-09[02]	568	43af554f4636259867abe669136f107121075a3bbafd01f890963cdb84cef46c
07-05-09[04]	420	3e321e7a04e6b83c686abbebbf765107f26e33ab539c76435b929afb58757d2f
07-05-11[02]	894	ccc90c5df4c81b7d6616e2afa514943472000044f5803f8f9929cf44ee08c88d
07-05-11[03]	2955	2d3e8ba51ca45d9eab1e2f7abc633ae1fde7983877846916d5c8f9401d0c10c6
07-05-11[05]	210	64d152b11b5c58679abdf0d76fb4eb271f9defc36719f7a1204691cce3dae325
07-05-13[01]	823	378a552dcdd603fdddf1350419d6bf1e937445e531949bcb48701e0abd5a784b
07-05-14[01]	965	c04572c07ee4c4b36fcfb4de5c2e8938cc331a844ea8705684d3877d3a86bc66
07-05-14[05]	164	1da7bc99ac230e5f69e9163b4aa575866118c4aa38dbe19713510ce2ec31a55e
07-05-17[01]	83	6e33262d4ff54baa72431eadf4c13a9b821ad8e96f4403fad289a097d003da5a
07-05-17[03]	1223	feb63d0c7d0f534f98c9e20258b6097e23573847e202ad8fb52207b6b5506006
07-05-19[02]	55	35d57965d71fc8d3a49a811b9fc1e6c545ed6ab5897164e40f9ed3e1ce6380f7
07-05-19[03]	938	4c57723b023bacd9d2c4ba6442564bd8ee5fd5f878e9ad82e846f58ed8886a83
07-05-19[05]	223	9c1fa0a99536427ee826edf7b63800a94320063b11d92bc0556faf09238645c3
07-05-22[01]	1762	a99aaf430aa26b0e18dd6c82b365198c07ae949d9a2d5558c251f6d785b5bf5b
07-05-24[01]	454	f83ec157b832ad3017fafea088f58e66bf358848e8793684f2229ca90d148075
07-05-25[02]	277	2eb636ac5ba7764232881934b9d84a6c9c7e3c00588c095f3f12340ec631163f
07-05-26[03]	1500	fdb0008a486279b2ce2907c686d3ed787dcee2d4a28198a28baf7f6442995220
07-06-02[02]	4880	c770174ef552c281699afab88f3ad173f83b19b947e121e4d6bbb9fcc2d4cde1
07-06-02[03]	1277	c7b61f8e6d60713c035b8e7ba9353a177676d7143f9cbc01b00f419dc8974fd1
07-06-02[07]	308	a3878f4a8d4db582f2b9b019c24767c4a7492bf2173ea4ec9cc555d740037cf1
07-06-09[02]	994	168d35b5eebba59d75f521013af209eb3e4335467b676a9f642b46275f72f382
07-06-13[01]	98	cff14002bfb7e03e29b90779fcf71de94ae2a4ca79ecfd3364959de3f53890de
07-06-16[03]	554	a2ea68baf10d5e85ae0fa3ac440fe6f6a7c4e284b1c5ec569c25bea0758186f0
07-06-16[04]	256	74dcd3ccc31ee7068426274d88df95b32e32e9a9951cc80b4ba52753525713b5
07-06-16[05]	137	34a7c747d62ec3c57e0c26e9f4f26d62483e8be8e6d279600b14fcca25e9f40e
07-06-16[06]	162	d0222c11042197e0ea32473777d754f197ea9d24cfe4d875857958ec96dc88f7
07-06-16[07]	271	eae69ff9323e781703261ff9df7135f361533370f3c75c6069d06836f65a4ec5
07-06-16[08]	885	63bff881b24c11a66a1b3d15c3a629d586e75ad3100ab65f2c85df5fb6e14104
07-06-16[09]	532	c9d3d57ae3fb31440c478ec8137d48a2961c2c8f78bab3f9b3d6dd9b5af2f47f
07-06-17[04]	1573	ced831096cd63cf5c23b0554d3132bceddb7dd38d0c7e959437a57507a01045a
07-06-17[05]	328	a37a057ad5c47ddc16656f11053535a8cd60fbbb1f2025b2e62dfb3ecb7f9d76
07-06-17[07]	1090	91267ffb9f6e864807ea52a4c7d3474d65a889c24fc34d080e9b2648ee6eba7f
07-06-18[01]	55	00be886bf154cbc6b00dd04a5b4b1167a3f046e2bf3db92639d6f64e7e06d23b
07-06-18[02]	313	da3bed43f9d54440f58102a8ccfe39879dd9e88b1efdbfbeffea4d70b6875882
07-06-18[03]	213	09258f6da3ef661a814fcce113c6681e1fb54bf6b2d012236b07c07bb0c9a985
07-06-19[01]	96	4a8c2ec9ef14e24fafbf4ee1589e577892fa72d9a67c84bf5fec3346a5b1ad88
07-06-20[01]	630	7011c20b792152a25d873723cdc8a72b40b8fc7ea9d7d0e8cad3c4edac6bf857
07-06-22[02]	888	a2db0ccfa88114d4fe7c74f2b1f6a7475892f54ecb5cda8bf1462307f6366193
07-06-22[03]	92	00020d59047b159bb4e7733141dab710101191c469c5e93afe27c20c427922bf
07-06-22[04]	1142	f622ee686135100294e4a76161e1d123da656cb36b17f1a05ce663b067335a97
07-06-23[02]	336	bb9203ee95476444589aeaaefe7f26548c3cd65b933ed3b1e66f4bc93a175807
07-06-23[03]	427	f06abbdeaf45773f6bad1812c56024d6a209412fb737a9b13c43a9c0e95763c9
07-06-23[04]	517	65fec69be2f7851072a90638f7915d11732fdb12be0079815981fdc45471d942
07-06-23[05]	323	0f32ed40772d892e6d94abc264b8d31d7c9c920387dca1975aa8fe8da075d8d1
07-06-23[06]	9012	cea8d20d00174702ddd85b5b8baabd30eb06306647db9bd852037c4e78cb8f0c
07-06-24[02]	1028	5525a4f8bfa6ca7c540ba6497b57fbc54846a24b389e7f84c0911752ab1a5a26
07-06-26[01]	95	e03707aded2a5fbf88746157b6f2d32fc2335603db0ed79f3960c8bdcdde003d
07-06-26[05]	506	0166c6108bb5128837bbb748d0c2e59069acf9157afe46c19a5e090df0126445
07-06-27[09]	3721	d680f8c61df2e8e62eaece4301bdcc744e32a89edfa42bb388659677ec4f837f
07-06-27[10]	513	4dd52b85f8d45408bbfaf94fabd1040603e157b2e7ad9d8a41ebeb48fa2afea3
07-06-28[01]	103	33f0a535a5b25fe4d22c3e4d476909fdb77b32906135deefe151b88a1f08f5c9
07-06-28[02]	573	8184c0d03b1ef38324a9d877a005340587ed313720497859063879e180f8d8c5
07-06-28[03]	163	15ed08ded0b55de40b864d72097abd0bd0a8fdc16005ed6e67fe388efd7cacca
07-07-01[01]	563	373d0686b5a3944f320f271e5d169766f3c16213a30379d45e10eb1fbf50ab26
07-07-02[01]	196	aae7697ae038954a60288a579f0eca820f5b07c33c78bfc39097efac08dc5870
07-07-04[03]	462	ade86157105cc72c5a5fb0524692a6cce4208ae42c5468e01b01689e3f3b3da9
07-07-04[05]	304	785af0d21bea715fd22a48ef8a14d41fb24d0b1b4de5e4c52233edcb7a321013
07-07-04[06]	241	0f34324bded15d97edd70b0176e3b45908cdb6d8daefe8fe34e0355a6008805b
07-07-05[02]	490	6ea99b8d15121f6396363ce8f9afaba3903dde4d4b94014f7d73faa10c74edaf
07-07-07[01]	1465	673d33a3621ef61eb3cebd7feb42789bae3262c6eb17223ffb9ae8bbc0fe36c7
07-07-07[02]	288	9b5607520890d54ceffe853f1fef7700f8649fbcb6f1119f805df0ccc8607983
07-07-08[01]	300	0571a9b30da5ad42f7557894010290f137130d5fb153446cf1db30d1c89e86e3
07-07-09[02]	382	ffa193cb81c87629b0bd883af68ecde1945f25fd19c8a355db3c040eb5484945
07-07-09[06]	471	e80fc326a1d3a5c38687c99656086fe9b9ad34fb55b4d8c93a66232507caee1c
07-07-11[08]	250	073a7556614ce30f13bc2780ca986ba0097bb829f911ca94c5b40b7c3853ec6c
07-07-11[10]	792	4b46092ab96358b8bae16e9ac15e814511d1caa026b13ad051e9af8a13e57b3e
07-07-15[02]	110	c617e9bceb8fe735286d3957a007b62cd3a760eb135ad91a28c02c0dfd784d04
07-07-18[01]	1112	0dd062fa99a7b42ab72aa5b130d0522ab79e44c93a319dbb63ea9ff5d6a98179
07-07-19[01]	395	e50178aeda0b81a9cb43dc9ee87bd21740e649cb446df02bf25d18f3479cfd74
07-07-19[02]	672	1107183b29c3a1ba1a7cafc61cee4b79348212ee86b8ed7086cc94563fecbe32
07-07-20[01]	59	9e3337715a0d558a9edfa8743bfea57213829f13e368f5592b89fb8b7a95be41
07-07-20[02]	803	f6af2935fc5e8c699d2bb046a1cdbc1311ec53550b3ae506a16fca2463f9cd81
07-07-21[02]	2618	13cd6c0f7b7477f4c29b99ef6b8c9db31ab0d52ecbfee295183a7bcf47982d8d
07-07-25[01]	202	4c4a0b87cb7d50abdd3311acbc5faea2943a5022d15a870293103457a89e535a
07-07-25[02]	437	fc68e3685d5edf6ae89511cbb9453cc5ae14f5a816cc5bcc51cd26e9914ff8a7
07-07-28[02]	188	e83c087b451480b01ffc403132700913332112b2dc03ebbaed97c58d9287881e
07-07-29[01]	978	0c6d7f94949421b0a63a6d7b478753551acedfdba38a38c69f88684ac3c61065
07-07-29[02]	686	122b96452bdc9175e205d1bf63f3f3ddca50ca3520f0740948ef85921769db7f
07-07-30[02]	203	a794c15abd5c7defcfe05c3d1a05706fdd78d8f96187070ee66d1c446f871e62
07-08-01[01]	977	0bb4dd7b5feb03b75f097eb9f196a8b84816d2cadb1e32d7d2de49fca44433b3
07-08-05[02]	262	f09833002fa6364b23f92435e31f5cb45c674cf07323d39c4cee2e8e39f80bb7
07-08-08[01]	477	ce4e8f5d72f8fbeea3e1257417575643eb152b106e5a24a59dee5a5cd6d0e3ac
07-08-08[02]	476	482caa65f160cd4d5e0ecab7dda235451347bd2c4fb831e333712e522a45d36f
07-08-14[01]	247	15e244ab095abe4cf80066e7224dd2464a21ad3e6728610f6e15e5a489ef2051
07-08-15[01]	288	4fa122343d1150c59d920cb6d7199204a0b57d2c2c6a603d7b5e935b9348dfa3
07-08-16[01]	90	78f39124207c9e0cfb9d26b3c2a1ba1aef807a84b53a49acbf0f4d9e7a21bfde
07-08-19[01]	98	ebf61d855e6b55bdfc31c7b2f805aaa300e7b7263aac5413e4ddc22b2bac4314
07-08-20[01]	88	aa5977d33260519ec47655fa54a70923feefb0504bac0b7277d1ff1d1e8a7ebf
07-08-21[01]	383	0d9bb4238b7caa910413e25110e55440b30e1f72927aae3228461cdc0dd42ecc
07-08-23[01]	521	de39c37eeb8aebcf2005396975c0e1f9dcf78f988108ba5863349f306d93413b
07-08-23[02]	808	2591e2504b8e88885166576ceec30277484a496fdd267e692b704b91e9cc251e
07-08-23[03]	229	c2fd3d82c17e1cd6f89a991bc56300d69a3e02c3f58cebc02d99d670a3c2a915
07-08-24[01]	111	cf6d52e08ca6a243bc08aa9bc0f6357d416a0916befdf705f71ab85633a6f943
07-08-24[02]	518	91d3909a1a6b7d17e55f6b073301f705cb1c90936ef40fa3d2d5a3e58bcf8c13
07-08-25[02]	82	ab975f917e8afa75a4a0a9880f32f3f962d5b331cd905019debdcfdfbe706fb6
07-08-26[01]	762	178ffd9fcdd18ac19fa8e9ac263d4f3e65bc99a87db9b8e44ca572e59b812f02
07-08-26[02]	213	d6cf93d0c46feb784f6408d06587503261afa47819e7c750195d2a1b41268229
07-08-26[03]	204	0187f1eadd87f6bbf3f43442f6ea1dcbc67b7d77658702955b1cb09c2ebea0e3
07-08-27[02]	118	5e2f4cdf9a5a6be84a32549995f26db2fffd42ff0806881b3358bca51d7f7de1
07-08-29[01]	299	9f21fb94eb159cd4201c839421c09d3be89c9f84d448ef4d9704340e7c37fcbb
07-08-30[02]	69	e7570dfa30ed6f93969a550d7059535da5af91b7b733df33434452e5c6d52741
07-09-03[01]	252	ad1fad65da0626c8a2c7f1e1df0b79a5b06e8e1a12356d3836ed930c4bc7c8ed
07-09-05[04]	71	b1650df92c4afad2b43eecc670f4a37405583fa27eab5990e962890b2adc848d
07-09-08[01]	125	2c899265c575f5e6ccad40e4823d7d4d96d6fe0148620f1a5c2edfbd61a873bc
07-09-11[01]	488	76e42968b707f27ae56f6d4a43ffc87cc3dae7b92a5486de5ba0d0cc3f5a93f3
07-09-11[02]	81	9afe5701dd6dab18e7da950e3fe4440b6f4d6bf20924a2548d6ec5ecdd7261c7
07-09-13[02]	228	cd54d4bbb2c11b9c28e1c5a91348ce57f1103dc14e9e62fe699da8edae019e99
07-09-14[01]	653	a5c2050560219f35ee06a69ee0dec9cd34b9633df2d5d7c118b377e594f82236
07-09-17[01]	220	3e3356b89941e29acf01692ee31fc649e228d5fac3a5f4852e668276d69b3961
07-09-17[02]	175	4eaa0b555a532f7ac9cbf69f022e31a72d7afc69b44b8950d6b5587d78adc6ef
07-09-18[01]	330	d32ba9b740605d1ae648b2ded63d73612ef927c8679b0133fbc6444e6e756317
07-09-19[01]	199	1e962f9c5c252f6b8664b2c1e81792b9edc2045a8bdf62c0336f87cd72213f68
07-09-22[01]	191	4e9ed6b849fc4e06a48c8802b2f6f6bc6827900503cbaff9ff7375c38505c141
07-09-25[04]	1654	fe2a435bf1a597080559ebefdaacf0debc0bb8937e55708c18ab8904bb817356
07-09-27[01]	1020	2d1eb1310a2acf53f8879c7aa4891611dea0dcc9d63f9762407e3a94e4ec059a
07-09-28[01]	659	e8fdf19e36133a65ebd9b1b9e1792acabfd35ce4f29c57db44aba0e21ad2ccae
07-09-28[02]	370	c10de72589040057e96c34e6a4121e1ae0d12ce3dc9d93c06c11cc0d4f5ed788
07-09-29[01]	688	b6ee488519d0c027930fb4e7386d0010d366be9af54471cee612a5b92fbaa20a
07-10-02[01]	329	cb3adde598788be7e49c57757b8e69f573f03bdd86b36eebd707cb73c8c0659c
07-10-03[01]	173	1a3265d5b3bd367ea601410b4578f513002e690421f0ac442228da171a26308e
07-10-04[01]	756	8cfc4521e3fe444176c66c067c8f1bf0ebe203c82d127f9ff87dd3910a40f012
07-10-08[06]	284	67e1d4d6a51319c57eb04b85ffa9dc08288b0909c82476bd68efdb1956cb9799
07-10-09[02]	880	beedbcc2f73058cd58d676c334b94acb72f64331592a752ff511c8f1630760c6
07-10-09[08]	858	097cf9cae02807c5e9c37e4d98ad5faa5a3405d2d4545629b02984e5dc390c5c
07-10-10[02]	689	1c4ad25076889325718fb89ecc538af78d20609583b39f568d4450d8ac7e8279
07-10-12[02]	922	a2238bb5a272778897acffdb15d648cb82520bfd0051ef04872b19c527fba283
07-10-14[04]	126	d59b0ec2e05452ec2725577ccbef1069861ea592b48ded88cf6cae19cc7f3ccb
07-10-15[02]	124	27de433d96c52f42c4b79fa259071246ee09f45a869cf3e63a26b350388ee518
07-10-15[05]	339	5afc72a38caa1beed63a624a65bdede4dcc9ff9f93178d47c1e1647fc7e01bdd
07-10-16[08]	239	24dd339dc08bd40d28309ce86bf78392fc119dc6fd0eba8aec74d87dc11e1778
07-10-16[10]	906	64e97d10f040b1a4bcbe9d5d379c208aa61a69bde618c02d6a362ce947804227
07-10-20[03]	546	1ee8c5bb9e885f93a3886457ab26e60f971462a3594c9303687fe8058300ec35
07-10-21[03]	632	92a85ccca698598cda0d8082339f65b51686bd8f5c1db5bff9005ca424b6a7ab
07-10-21[04]	446	18e15522ed1e0cf9168bcb7bfd753aa8a37b994d527aaa46b01ca33c345d2a5c
07-10-22[03]	690	a0ff23ca102d34168e6d58bff1ff0cdc637d5f227e154ae4386c9cbd8c6caf5d
07-10-23[04]	683	ea6efb8fea4341d3ce3c64c4e85e02e81ce2496e97406088c14c057803351ecf
07-10-25[02]	303	8368fe4f2e3ddd2193b10e552433085a66cb27ea0794d59236c0b4208a34165d
07-10-26[03]	133	0367ff9107b09bc45f3728838d8e181ca3344cb41c809b21c8d53eb5b37f5abb
07-10-27[02]	275	684e14651c66609b95ecd2a79de3f76dade22c17d3b8f38fab3b10b1aceca517
07-11-01[01]	406	af15f0b77fd0527c5db3de3d16219d2598d3876ba465f208dc262a600bcae9f3
07-11-02[03]	193	288a31b5b90598f9da2c219c6b59c95bf05b33836061e23aa6df60437c453280
07-11-02[07]	2681	9c46220cddc99f2cb0cb4b24aac4e1660ef4e68751a2e3c96626ea93059c3910
07-11-03[03]	692	b92d05e8e730005bf05cc46546940e38cdf338fb776dc714c9148fcc19bb03fe
07-11-07[01]	639	c3c05245de326d01155c83330d51b769903fa5a055f9c4d54410033a907d948f
07-11-08[08]	95	98bc57ad979ec7237fa3fdf78a6f312f7f8d4f1d035b25be8426738612ed419a
07-11-11[01]	973	125f263451ceb7fc35cebc3ce9a6a827f170404fcd68f5931ccc9eceba379c19
07-11-11[03]	165	b4113792a98ccb51d6419d2111f9c2657c89008798dbf83798301f93c330e22b
07-11-14[01]	1145	874f2d6a5c038ac9e4463c163038668eb0e882f9d8ccccd09cd648cc644fa696
07-11-14[02]	665	459ff2f512dfa43d902fc56d06c5abc1b4bbe6ef416bbdc4c72a6922b23f3f38
07-11-18[02]	274	646f8b12458ff09d6033d40e1f6cd0c2ea4873fdc674c4ceecf86255258a5ed6
07-11-20[01]	1556	1c23782929cefc594d97eca53845fe630a7370a3a91c0185ad7fb68b5473e009
07-11-20[03]	210	3762e95f58b084bdbd20b31cb4dd18189909b7fc3d5f37b335a746570c81c192
07-11-20[04]	360	040c348b1f4d34a4313f1ce4eef2b9ef5073e61cff3ad447aa02d8bb6e0adf36
07-11-22[02]	739	cb1979f8666574d1b5ff08413644262f2dc5bfdc0b0362979f6430bea826e089
07-11-22[04]	362	ce7e0caf51c877b62a32968bd2002a4ce7238cdc597f6f028e0234fe70c8c40f
07-11-23[03]	386	fb40c186ef5c41782a20d20b7b7ed90a21af178269bc7561ad6d0ac7d4187365
07-11-24[02]	94	36599fc63df30809cbb3fbe01abe3c7562c825d221820523c334dababb76e6ee
07-11-25[02]	139	1f5f4e89ceb936fe88f6feb04e0bfbc39207c89f42aecd00b3a5d1ed1a439056
07-11-29[05]	589	ed090b6bb93bcb4d5c5e237eb07d70e1ebd798d33b92bd903da4f3a5b71a695d
07-11-29[07]	642	11b0be7d0684e3d332b6c2ef35de9bb7be7e1a4b8846a178d556d68ea269e224
07-11-29[08]	432	e112f835cf4791943e9a96097a1af4168e2ac78d837ba0f734eebd3ecd153f21
07-11-29[09]	430	9c092131bddff73048d3669883662991518e6c2c0720062e40736cad976ef40d
07-12-02[03]	82	aaf3cacfebbc1f158cc8357baba60d9f55acb9e1890fe14d52a0a2712fb7d14e
07-12-04[03]	374	a732693d7390aa60403646fb0c737304cf5b80e912bf169807f42c83201579f6
07-12-05[02]	367	e9b5feacc1ec7d05e50a0d208f5e105a5f534f7c37eb4d86e6f12b9d46892a95
07-12-05[03]	1426	c5459692151d1856f7534dd14d7aadb6eae096153ebf2974861b6db93938a62a
07-12-05[04]	353	af59a47038b6ea0dca22749dd90df5292527d26e9da5feddbcc99b7a200e744e
07-12-07[02]	506	2e39b074050e278c45fd61e85d7a188c934b8a7749db1eec7a16d6439cbce8aa
07-12-08[01]	2330	fc3b00f3fc397388335123044f05e8171571390289858bc855ad05ba5e6b764a
07-12-08[03]	67	6680c4b1d56c3219b163b9130ca202ae77a1c6e3c6eaed9bd8a404a50c62b134
07-12-08[04]	180	bd6e50d6e90fb39256b7b1892dbf1ea654e01e894f44f2218a3a219f0cb1e4db
07-12-10[03]	1287	8ca13b85ba61cbeb6f32bf68e4c7ad797d59de20fd0191d62ba6e48d6e7cdb93
07-12-10[04]	1558	e0faeff01c64c4921c08a5ad0d32a6523524a3f8080799185ff80c34faced10a
07-12-11[02]	428	04610769f227f8107a8a40d41e50823fde2244502c811ae051923df4f1f06244
07-12-11[03]	94	4cb93f1f04595efe85346a15eb66d9cfe2a4e5812d4bd67d90fd062a121f079a
07-12-11[04]	370	3a8c70d201289552c68a22688fbb8f31c13d77b2f3ab47450e0ac241d9f4db1d
07-12-12[01]	83	ef1f71a1990137eb6f5630d41b9ba83144af8d1032309a08264502ee1d754bf5
07-12-12[03]	628	6d5399bf416ed0043f5ff7d8e17da29ed3cbd0bc3892da89d3ca86c36e1a6a2a
07-12-13[02]	87	4dacfca24f20bc9f80706acbd284bc31705f9c8a30db78983152bcf7457a2910
07-12-16[01]	2344	bd78b0213843c287db84fd1f6cfedb0260472e02140dfc7cea268cd963f8a210
07-12-16[02]	234	1ffd9157eb59f40b15a9fe1be4d6386968dd54dbcfdad7496e3b12125d308ecf
07-12-19[07]	237	0c6a273c90451898fcbba9294d39e0321dcbf7ffb021cdad0183a35250f9ddf0
07-12-22[04]	263	1c5b24018976085dd326556269346445974d6a39c3bdea1b8298e5327660e0b9
07-12-22[05]	695	711a833fc11a72049fbfd4706eb11e15caa0a6326a57016822d571fb4503b8dc
07-12-22[06]	293	a8d7f24b186e2cf7c0995c188a4db6b207357023c913dcad8186e828c114b371
07-12-28[02]	1221	9fbe8079d43fbd98d1c03fb9062fa092ae58bae0e7204f53b85e3284eb348bd7
07-12-28[03]	1204	548d41f81cdfdd03483629167f278138936a6d5e773b05b60af9d9b1044e4544
07-12-29[02]	468	95e595cc82c2dedad794b1741bf0d80779daa5f60c66587614b16b370f479e6a
07-윤07-01[01]	1062	f351902419a5661f4682d6bbdb74ad01c5d1db7fac7e8dc46eac3498f9f2f862
07-윤07-02[02]	155	6af3f75892e3583ef8b906e30da2cd44bc4d042d1cc4353456dd1e4e8f63fd01
07-윤07-02[03]	170	82d751c399152ffd1f17ece2f4d87745b73ee5fdf1689603075bb1fab98c6e23
07-윤07-03[02]	167	16a6c1ebdcb3a2fdefeafcc8ab128d882c81036ebfbe93c468f4f7dd219c5fdf
07-윤07-06[04]	87	ba887e221111b9bd722a4ad5785452dcc719211f25e69cfd32dff0c7ab128bc3
07-윤07-07[04]	87	e97b26f43785bfc0302357586153a0605f53d234ad3ab2d2b0bf50c68d43b670
07-윤07-09[05]	148	3e2798b7d6138dcfb590f3cd7846d679fc6c08e5e0a1779ca7781b668a5598f6
07-윤07-10[02]	829	96e17fd879d950caa29a71bf58f8fb35afb2eed07ecc6fd11c4fe74f14e01da6
07-윤07-13[01]	248	18b0fb97c0cd0af3d125eefb584f7b84169e7fab0ed1afcda22cd66bdf7ac885
07-윤07-14[01]	354	5c17e1aa363123b6d170e03a028dfec3fa12f787d2ababaf1a85c53ed2c5e714
07-윤07-15[01]	143	f93978d88798aff0b85d6d11cd62d330c35013d7a068b0238a9d6547e0ccae65
07-윤07-16[01]	679	c100f81a2fc69d67ff93219db0c6eb7a985fa97d5d801182844b3dbfa4aa5de7
07-윤07-17[01]	130	e89371a1348f20ad3b362ac049288b2fca01e4e9aadde6026c8c7a9c3eb5e0da
07-윤07-19[01]	438	e1195bc10ddc347105786cfcdbdf38f1286215a426be8483da74cbc10020b7ea
07-윤07-19[02]	151	ffec6ebe9f8b332b4d98b2167e3dd0eddd808dc2f82c62bf344b2691126411da
07-윤07-19[04]	116	c9c90a9b6c886e71d2200ca8ff929021ea73810b9397aa8551574ce7fd4b7276
07-윤07-19[07]	87	a2f0bb56d3545dfc7ad3370a9de44eb1936b9f52dbe980a18d772f732be85232
07-윤07-20[02]	438	a37e25469408c3f0bd237995a9f004c0ae298918ce3812b55f416c43b23439e1
07-윤07-20[03]	235	9bf8566ba9a6b1395bc1ddd9d9b9c259168318bb640bbd799e462423192c6c3d
07-윤07-22[01]	257	20ec53622112cd6c334f9cd75c2a21881d448e51c64e566d63316d5ed132d7b5
07-윤07-22[02]	735	8c8d150dad84c6c89217c5eb41b982f1f86a48b8b786887ea92ce7d1e36a175a
07-윤07-22[04]	438	2316afd2da894cc47fd229d1c50c6a4dcfe5153c835aa6852ee87cc09b1d4ed4
07-윤07-24[02]	103	d1b9d62ee7c25c51bc5b4a234f9feac9771fc4b0a02b4bcc30230b01db6f52af
07-윤07-24[03]	652	094558492af817906a300edcecac97ffd36412f6277837de4287f85c41d846a6
07-윤07-25[01]	355	060cfd42502297fe535123f24bc9aaa1eb9206f6e3792184c0b0b53418bbc1ec
07-윤07-25[02]	251	b641b3d9d820be6c6a1d876ea70dab6ece64a9ab605a4a8c9b8270d1f9db6ac0
07-윤07-25[03]	732	677fba99f552e4ba1f0c6ddff41074cb845d437d5ed1aead09bb39c48fb965b7
07-윤07-26[01]	190	85b73ed2fdd8c23aaef45bbf1f3fea5acfe67e9cd24f423891f0b1d4ee2339c7
07-윤07-27[03]	275	361ccfc5b9c0d7ebe4f613a70d7548b8ba4331b373b9b726bc520d76d9431d36
07-윤07-28[02]	122	547738b1e5c442e951e135e88d1d7b417a81fb20324e82561f9da34122cee397
07-윤07-28[03]	663	b28d27befc3d1f3ea458feaf31015be38f37b1acd7dc2c99f02bacd147d003ca
07-윤07-28[05]	189	17f734121642f3f5c83ddf3c18a40bbfe81f66cac14bd8c02d616ee27af61182
08-01-01[04]	1051	d3a0efe89c7afaf7bb133d4cc2430fde6a662c309e2e46d02fd297d984f3f10c
08-01-03[01]	266	8f30e89a5af3a48abeff77b5528bcdd394103dac6b3cb9f7c52449981ccecf0c
08-01-10[03]	670	e4244c5c4595178c7d1f7fc3dadcc15f64fc3eabab4c1b4f88c57abddb8288ae
08-01-16[01]	1307	a51f51dc96667f49cda465ebf77f63d6ea284cdc52a2a18fa511fcb94cd2eabb
08-01-18[01]	1653	a7ba7922c75801cded842ff2dd71cf0d019d079c37cb0b4a73241350871473f3
08-01-18[03]	539	ef6ec22d182e2a7300f7cb787fc18e692acac3c0c105f3a0641ed7882b0316a0
08-01-24[02]	1138	5deb24c2cbdb5148bf8327358214389aec7e4c0189f060dc40187637ede11f57
08-01-24[05]	1622	84d758ba519a255302ec932e92f21bee718bdf0feb6c15f996594217721cdd6a
08-01-25[03]	211	d7e43cd61722ec2227a3931d22cf938b52814898d723e8ac1b9f4d3087965d12
08-01-26[02]	1300	18e3165d5109f28f886e4da4285c45c35c9ed2be159b5ae3a396361469363831
08-01-27[04]	204	2830257f42e333a528ceedd6fffbf7759bfc4f2607fd37f47e2306af36195afc
08-02-02[03]	2940	8c2317bd0424718e6d0e299c3dca6f6b46dcb7a5f98b9b29795429e38f5bb741
08-02-03[05]	485	bd8a2e421925d5e7296493aa9e019f0a5fe9c727f8ff8dcbfbb358f5be792159
08-02-08[04]	193	73709c6bb85c01c23ba0e29a4b3dcbc1c0877433720251732a2d55c4046c7757
08-02-09[06]	276	3637c8d9883d5680088040c2e641054efcda0a6753f213d5f602989c8c6700ec
08-02-12[01]	1993	09b3d684b388af1825dbeaaa249e22f5e96e9bc1c59cd8150acd43d03f3ae005
08-02-13[01]	623	11d5bb52b0e0bed0671863bdfd1f43a743c924c53fab9b9bd6918b7da12887b3
08-02-14[02]	100	f0521937291109d2e425da4adc0a18b94ee3d9068fc9a71b75d9e07f1ce45edf
08-02-15[03]	478	773fa145c86db47642020c6095065f2a926ad677efc891ffd4bf12620be2d06f
08-02-15[04]	145	816cd28f867f0c6219a4ec01e8d14d8bbbc89d225a557168b48ce4277628d88e
08-02-16[01]	409	aca89e4cfddb98dadf7976e4b5a54bc5cc0721337a50b5219e71ddd7f8e6bccb
08-02-16[02]	290	bd5c6fac2aaa2ced76c660ff1e54e9807ef026f760dcf2e9aeb5eec02f1f5824
08-02-16[04]	266	36cfcd200cbabe088f4fdb1ff48bc3226e94eb633bd8533143a6568d002d3e05
08-02-19[04]	186	5fb8e223b8fbdbffc07649c4591fef09ebeee4de862fb372c045af763cdc97f2
08-02-21[02]	65	ae6509a2ce69b07fa454e76a1ec10a82301e84321eb6b00b57df9572f5b15931
08-02-26[04]	3078	70e92f56d79adf93611ad8bf5a763c1eb623b105b8f9f003a7d3648bb6a18cd2
08-02-26[05]	647	71e522af7312cac8178ab474e7304bb764468c04393cd7cec1e1f1851961de58
08-02-27[04]	88	505fb8e2a777f8764c8f2c2743741c49c48d726850998f547f97987798f56f5d
08-02-28[06]	936	54ef1c98bd6bdf24be1570e61a5a614828597ca38d8ae1f0c86233741f463157
08-02-28[07]	574	d187e3f8e3979428dc322c38c842d77ef733ae2b285d0cfaf8d1edf66c687008
08-02-29[02]	756	ce4110961670f1df2bfdcd84eea9de376c841aaeb5365b5abb85b549ff8e0483
08-03-04[05]	2093	c99e57df5edf43ae81cb758e0ccd0fe5deebad66f229158a14b5e905e9a73b31
08-03-05[02]	311	b0a60dc1e8649aacdde7061315f6e786b9314c29e8129db996332c9980677610
08-03-07[01]	552	4c89e6cbe2295656f3290216c29512470d0ef649b93a37d78487bff579760a3c
08-03-07[05]	167	0652c5ef2dfd0b4cf03432dafec9ff4990745fa5da2faac3f7f42017b9fe5961
08-03-12[01]	741	61ab2f2775efa4cff6fb15f786e0384c5149929646ad4f83f3523ceaac631d65
08-03-12[02]	230	fc188a8b2375647c914f77a1bd99becb8829250e62e31dd8dde167c20920ef9d
08-03-15[02]	1572	91a97ec095ecca528e1c035722e66c8135cfd56324dab625bc31cd926965008f
08-03-15[04]	386	be709b0ed7af6d7a200a7a7c07d38083f21f6aa9bfd187aac442c92ce9ea10cd
08-03-15[05]	1081	d76b2388873bff2f35d8b09f8b1fb7201b995ed116e2a962dcbd430596bd4038
08-03-15[06]	677	a073f340470d49e15bebabcf026bede7e53358d275173c31f6a4794c404239b3
08-03-16[03]	1207	19fea6b5641c2d1ff56485f32f4ac3d742180ea2d27618ab757d25afcdc3902c
08-03-17[02]	266	57cb9ce6495ddb7438663ad2945e36fcc057a45479bd99713b6b51969685ed0b
08-03-20[03]	767	2d76291992f99091f6f6d1a780539fea1e65d68d30e6fc8e68dfa0b9c0b01f1a
08-03-22[04]	160	cf4a4b080fcb46d1124d7678fcd6aecccc463675aa043674c266dab17cbb8ad7
08-03-28[01]	58	37bd896532f2ed80fd0787808d4f7277760365163ec82a8ba1f620c35387bb07
08-03-29[03]	114	9f64dcec8e70f81dc6ddc936f8683e250d84d1b64832dfff47d7265f10ea0187
08-04-05[02]	64	55a8652345d7ba338a5a52f2acbe57d76997c2a896cc20faac6133a2cad6f59e
08-04-05[06]	206	bd9cad45575b07f38b49b7a199f2859d409680cd38d2b3bb652f367afe99ba1d
08-04-06[01]	512	efc0382ee41161def5b904eb2696b00fe9e05b01a7ba6e3cc96ab0d54e014047
08-04-08[01]	276	d13cf7411ef27f7ee22613ee8544551263ff22c7201ac03011e44626e4e2ec39
08-04-09[05]	1390	e4a027ccbf92d1c991f7df90b89bb95c96bbed8b44b23eb27b36de19309bab28
08-04-11[02]	1505	2896e79023dc8d2bc1ab2945d28fede5ca3a01004227424e61e6696ec34fa3f3
08-04-12[02]	4904	edcc063e1886dee6ad19b3d54235ba2f3ac05518e5f2062ea0802d7984f47051
08-04-13[02]	147	124c356fbd9c18aa98a91d3736801fc3793a38df289521af0c197edb97b867e2
08-04-13[03]	360	ea788d464246bad04037dd32f99e1b9b225534d742a134b9546838e3723e3ea8
08-04-13[08]	337	061271214e86c0a5aec4a656b76aed6625aa37356ea9aabef7423961c601cc3d
08-04-15[07]	344	6ccd9cf64a908b2fb7cae9dccc56638f264369e08dbc2c2a16abf53ba4e85279
08-04-16[02]	771	424fa59d39e1d3c8bc38495673e707c3243658632ccc3d25537a6c422540b24a
08-04-17[02]	160	e23466efe6f3a418c7a4a85b0fbe9d8df291b0aedd320c1005bff7db4cd15463
08-04-17[04]	125	1c4216170a71d264998d89118aa04769595d7b9eaed605b56df0a98d04ff1314
08-04-18[03]	83	64e4c756c6767e83d1ac25f8cef1f2efb7a5e2d152064069fcc71f5b64664b29
08-04-19[04]	1404	3dae384fe2107f9d862a31571c9637dc404855d5d19c452de2ee46649f1e5e0c
08-04-21[05]	149	1257c063738dd905e126a74649086158ac06ce9e6bde6b23d09cc6f1afa3632b
08-04-21[06]	565	0144ecf273f86e94dca27a961ac93e6ccc55ddce0767acf1033bcde982bef80b
08-04-22[03]	1523	d64b27557669b4337e3cd5d17a4442f420e3457c16d8483241003312a74b9fac
08-04-22[08]	486	65078ab7322a8647b13710a38d54f6c6fb3229a60072d41c2c4656a814ebceae
08-04-23[05]	161	9faccde1a31321beeee267a83e77863c69d1df3c39b56b0eabf7b90bd769779b
08-04-24[02]	122	a89c77cdabfb3502d388e3f60d39809b1cafd4695c526f286ec4d0ca5335e449
08-04-25[01]	5926	5dfad9a3a808e9c684004b5597cacbf1b9a11390cf4279a52712524e53bfd1ab
08-04-25[02]	256	dad297ea58a1831cadc67f1a5efbea84c65b931fc54864bb7991f43fca225cf6
08-04-26[03]	647	7e6009a7de47cf58bc6ab5191a5d13528e35694794b31076de8ef0ca4a97f512
08-04-26[05]	959	e450561d5ac9e6986da92cd9cba70b0e283924706a3c09db40e361a51724c0fc
08-04-28[01]	854	bfe5b66ab4eb4480f4874a7da8b08c671700c872d9c7ac2e6891885a0f21a939
08-04-28[02]	4095	476496015108b66f032b203bc80d9322ae723d2c77589f59f245fee84d78bc8e
08-04-28[03]	306	9086dba915719fa04fa23f67f9137de2c0621cd45675ee13f891925629028c87
08-04-29[02]	134	679a78e92769a59efa4ac70b0e68b02524720a4b82347eabad5142ecfe025997
08-05-01[02]	76	edae27af274eafe54e6502f076b6bb8550628a21ce90ccfeb60b9d97ce4d6e27
08-05-04[06]	138	5549f043c7fd0c52cd6607e968468b4e6935f0d599e19573d8ac5cf00627c3ee
08-05-04[07]	775	88f9802b0dc19a697942725a61e7970edb5baaa94bb59808806d88130120b815
08-05-04[09]	201	5f94cb0c7840cfd34c407d7a7dd291da316688fa96899beba35a05d051083b2e
08-05-06[02]	1107	83fdd1c83c273232e0e0803e9c3fd462b075c09961254403bbb8a8534b289ac5
08-05-06[03]	220	f442d14b7dc5589d703e55ddd9a3c8079dad14041702ee99f7c1f0df4c069194
08-05-06[04]	849	8182b64dac57ae0eada5fb6d5ada7536069d0f8d11da2eeb22762c362965c7cc
08-05-08[01]	821	ac537abbfd336888117878b4cb6e41b55e80463ea13b4bb9cb40c29e0a9628d5
08-05-09[02]	73	ecb741d689d2fb8ac0d05767452a4b2075d0c5b99087554b8df9c280190ce24b
08-05-11[03]	92	24e521f43cc413cc3ac49359bf900cfcae98fbace840adb542397422eddd68f9
08-05-11[04]	233	2dd5947e0f9f9c2a21285097423bc6abac47b19c4a953bec557e8eb9c47a4916
08-05-13[02]	228	6abf0a600214cc499d8ecaf8614966c0dd1862515ac66a7e637347c5d1c34060
08-05-13[03]	398	9d431620ebaa1e01d89aa5b5a543675e0f75ed39c0285835509ec1d0ad3989a3
08-05-13[05]	971	e0b6c3f9704a571503827559a1ed28c73f8632117406eaacfef9ba524109c927
08-05-14[02]	657	32373cce8e0301721b27e0eff886015d1b8b9860ac46c7a9ad0ffb4ac1a6c7e2
08-05-14[03]	248	7a0a2619159bb16fe9f54b6ec871e92baefa7d7b30af994778eb91ae33015bc3
08-05-15[01]	174	1701b5b8181bc4559baaf0a24bbe246311f8fccf49df1661626ed64bbeb625b9
08-05-15[03]	650	7c267c40bd953f363895fb8a9942469129104906e8690dd8a472c99f3862805d
08-05-15[04]	1412	84e01a73a8bb378bd80262516bbbba2777aae1bb26f6bd9463e3792f5043ee00
08-05-16[01]	634	1bb2f902e2a7007b8776673f85f5410f0ee05b6696f149bdde68884adb034b4f
08-05-17[02]	1204	a8f1e0cd3896654aee766218f27bd01112fea98743d2c04ebffc95f2337a6c51
08-05-19[02]	1888	944f966f4b56bde2384283983f3dabe0a5cadf7f85cc84149db2bf03ecdf9302
08-05-19[03]	78	2b0a42b9008c02bc5035d880310ea99d7262350c22b1777999d2c97d6b1573c7
08-05-19[04]	111	a3ead7f9b12563d57b0764401395364aca2f5428d138a92b0063906ad583f6ec
08-05-19[07]	415	068b87647f342161dffd16703c9df951ea2d07b34ba5a28b2de6b4c49243a366
08-05-19[08]	285	eb35558b8442b741913d9600b23ba79abe7c43570529ac3b5e818a2ee99441fa
08-05-19[09]	177	42a7a941d9bd209b666e72791d3d92c3778fa4f3ba73fe11b35401655afffa17
08-05-20[01]	788	a5e6359d70c3b84bf22c4921cee3a247e2489d24b1313dcdbd802e6478346031
08-05-20[02]	70	7c2ca3174b2c9dd3d470375e25483a5549867a263bec7b12b0d58622f7107f98
08-05-21[02]	1480	6d9fc9049b530437e8850be8f1db8caf0a74cfeea24f6470c4b24239715ae66a
08-05-21[03]	76	111a9698d9bab2f6fa0cbeb83787aec9b336f09db82217846488bb4c71517c13
08-05-21[04]	447	d3200a48b7a779b7d4c8abd6a7421be40efcb9e558a7c3885f5a061ebaadb64e
08-05-23[01]	157	b5d489ba205be7eeffaee6253a2d95808542936a23ad6b45d5c499de061cf284
08-05-23[02]	156	c3a4adbab4e196b20b83c2002e998a0ada4526a36601115a36f6252d4efc21da
08-05-25[04]	375	e7716838dde0dfdc256abb4cb160a43741de0802cd3126a7eb0b9d9d71d66794
08-05-25[05]	586	0b80abdb826c17fa54219b29c419e2664c5438b706089453d4430b859b8d3dfc
08-05-27[03]	1157	f51aa68f3dd81ddf1cbad33eb4330e09f9e05285c94f74cc87e54783ddc6e038
08-05-27[04]	1361	fe5fd4bcd587aa799aa8dca57d208fe1571a00bee524813976618ca06e749c8b
08-05-28[03]	1524	fc0200fa0ccf1a6672cd397712f86d7ac8338cce4c73972c250771e7471a391e
08-05-28[05]	82	fe15bcc97f423d8759dfaaa2902b7f9b05dba2e8de940af99177e2f16d87843b
08-05-29[01]	167	90d9abe0e32c56b9d5c00a00ebb9ddc4205228a1749e3aacdd7e34eaeae3219f
08-05-29[02]	955	a2c0259610b45eaebb5cfc52b5f30249b1faa046e08c73aecca8ba46df267b85
08-05-29[03]	128	e8e3b0b9e91985e25628a22496e9299a264b2d41c70a9ec0297218f819f5d9cc
08-06-01[04]	1107	5da14151f94d8321bd8a3a4d7fb5a496aa2d467fd866be5ba18fa3bbd55acfa4
08-06-01[05]	196	440413eba218b6847615a1879cbe48bb24ba7b4ff23fb4d5f90298d25246054b
08-06-01[06]	100	93d85188a2d02168ea3d870b82fad8188f153144f52a3009da7d7c7ba378e49a
08-06-02[01]	1358	4b0240355ee411fee8678a98dfcbc5b42195c09165fe4ef04f52b5687ede761a
08-06-02[04]	77	9c507ca2755210867fb7f39faa86a7527e8a3ad38dddd3cb5f8dc3c1592b2223
08-06-02[05]	510	2483af65cf6eb82c98a4601622c3a3365cdd0f88baf2d60fc271cf2fbefb7f7f
08-06-04[01]	68	cc21b213c4e04cd824f32c49fd23439ea1eb729c6d0f0b11cef6c5a2eaabc108
08-06-04[02]	115	ef8386678153503c27009d4f1d9d67e44e6c7c95ce298a787e84d13b8d89d57f
08-06-06[02]	759	726981c1133f6c214c50c62c91aeb2d40b2778277606771cf57934a816bb42df
08-06-06[03]	241	1ac069fb8e4d24d7278975346c0571305fbfcc4fbae12c439db374c158694bb3
08-06-06[05]	363	dbf08293d6e8169a9ad4af9b1437e9fea8451cb526bad93de287061943fcce3d
08-06-08[02]	979	be732b6ca8fae85f81660a249cce4f12a01d3cdf84c6ea597a637760538f9718
08-06-08[03]	69	d383cc2599ad7dfca45e9639361e71860ef51434c3ca5ca54f27628202e920ea
08-06-09[02]	174	3144119cd3f27c25fe3994f9df16a8a62f95efa00ea9588f3a6b49db4bd5746c
08-06-09[03]	282	3e62a90e65a048ec67297f4cfcb26432b92a2479337fb080542314f557ffe75b
08-06-09[04]	753	bb70a0d8ba24d4c2c76a0b4c12e0d3ca4fcd213d397f43a9c1a8b62d284e06b1
08-06-09[05]	1303	67a3fae21c897f4abf4e0057840d941b0edf3c85f70b4d42dfd559ee096e095f
08-06-11[02]	3233	a9c0cb7d263a0bb35499bf2de22ff466e5b88e2e6546d74e093d4b54dbeee24c
08-06-11[03]	240	599c83a117838c1cd798c077a374e53e6d1fc9a43299a86ac5997789b2cc8dc4
08-06-12[02]	1256	1e61f282e7f0a8608c94478b890edd8f1250d50e4575ac2b588279b3ca01f733
08-06-14[04]	438	cc5d1440be5836fc62a27dc649621ca6db3554a9f15fcbb43705f0efb9091030
08-06-15[03]	1844	7264e18200bd0fd5e04e430d93d9c5313d28490fc63284dc3674a0287674cc71
08-06-16[02]	144	77845c4fc7310cd4cf95d45426866349354a255fd7410a8b03e73ecb1258862c
08-06-16[04]	875	92e979946a11e65a8f99929adf22d4cd952154a643514dc2cc41dd08047f3206
08-06-16[05]	343	c89dc2843d1926293cecc5b429f8ad8e7f702433111cbae94d240576944af7cc
08-06-16[07]	414	38e089d6108c7b38fdf7e76af35c26f6df83fb65dc040eb96b66d955338f799a
08-06-17[03]	125	97f4c294ec2feff180b96809ce50a22aa934cecf39f1a78aa1fc2172e9394ef7
08-06-19[02]	240	9a262d6a2b309cba27a7d8f636931406a9fdae03833f56e0da9acbed2bf3bf70
08-06-19[03]	139	a6ac9bc6ca87d85752344b532b43558c4a33d6c14a1fbc2c7e54b8e44ca3e9d2
08-06-21[01]	528	a20467d19a57926abe5965f51e94394206d0ba794205dfae6eaf672ce768aa62
08-06-22[02]	256	600dec3efd70c6be70568c771d4a4f41f2ec68c22802cc83865261834bd5a464
08-06-23[01]	315	34cb013e526645c526e39acbe6c4054f1aa47dc935f1cb9a4fd96a2f51f1d47b
08-06-24[01]	615	b3d6f0147e7e92dd4a2a3e85347cc1b1db7bd0d3e2e2ec7b6e9e60f1abfc722c
08-06-24[02]	731	f1b28fc6bf687d88c07cd8f15b09db8eb0342b6f4b3618713a789dd5e1298508
08-06-26[01]	191	9353cfae978f21eed7ff3b818e862397eb215f947ac0e784a86662ce53d59dd9
08-06-26[05]	375	f5d9ff2edef0b8cbd6807c98a95e8f65935d6d3f4330f3c5deb1c03c3540bca3
08-06-27[03]	87	372b31c3dba81190d353cfd7925e9c5217ddf38bfa7f8f569db666f8cb2a7fd1
08-06-28[03]	350	4ae8eae7a76da5905f00141380b62ecdc4c32a0f5e8720332e1bb234049bda41
08-06-29[05]	312	be8518781c3d998b750d2137fa5e32459ff550ea2ea37fd6649545436fae6659
08-07-01[03]	512	ed3bd6a8d1798d7e54476c871c582454139b2ddf035135aabdce1a07d038d2ac
08-07-01[06]	1409	be5e26e3ba6722e7b27faf2a239433d673baa689b33325a5658868bd5b0ccc5b
08-07-02[03]	207	39ecf195ff781510c981c26d5bc161316a98839c2db87c603fac3103c2e3d022
08-07-02[04]	154	c448c085695d6cc89e1e28fc70c1885614aa2f7b40cf76e093d3bb43c863198d
08-07-04[01]	108	d6d2120938a49db2e4055f0b594fa71e55cecdf7fdd218c7694719589108c0bc
08-07-07[02]	229	a820e798a492339ef40b122dfad3809ad51ba542d80dccb0ee612134f0fa4b48
08-07-08[03]	121	f6f625d5e2d820b611a488e9db13d145336b0cdcd532b6695395fb9f146d4c96
08-07-08[04]	107	dc8b0eab5f39e5ae66777102b2fd86456edc68cfaa615d4d77884802a50da484
08-07-08[05]	141	713b4b8bf2ec313cf29b48bcc7a37bec477ac5bf9cb241630f4ed18b2ea091c2
08-07-08[07]	567	d22628175437b392b1adf4b2bfeefc283fdb2a1ff4fee8bd7e09c185ca48fb6a
08-07-08[08]	144	9f74013cad99ec78f558f66f53bbd61aa234ec7fd9d766008d4e433f45bb3a88
08-07-08[09]	486	5fe9570aeea856e0891f24dc0c21bc4ac63e3881b05a5b83fbcab42c7c011387
08-07-11[01]	1879	09dc86813a601f0d0212ce8c323ceca72bffd415ca3de2c8248f98ba314f990e
08-07-12[02]	1362	ef3eff9bb1c08ce2f02c13d0ef030ebf7093ebfda3de86c6d620ca82680c753a
08-07-15[02]	539	4a0857652eeb8a3e345e767915d2b3e3a63910747ef5467c5acc4aefe054fc8d
08-07-15[03]	1094	0b6f43c7e199effe4a2b4486ebc622e810bcc025e91433183e8e13280f22d104
08-07-15[04]	123	9aac581dc58268828376ca40b781589406783f22c94e5c690ab2f5105a7ddaf1
08-07-17[01]	1113	8a37c8f3745a888fa95ab7b24b7c0cab660f299d527e1f924da3b00def1c0378
08-07-17[02]	492	54d53dbd8c83081a84c29576ee7aa49c95fdc421f1bfdb24947c6beb1332d379
08-07-18[01]	94	86b817f20518ef1124bd6986ef2041524fffa73cd00dc439ffaf8142a2c3e13e
08-07-18[02]	135	38752e373a2def5b56fbd50cd7268a4a5e05167eba7042040fb0f1fd3a890c23
08-07-18[04]	498	7c62904577e36f88e5d928d6f5625f89f6b9219898dc322b29dd827c084b9751
08-07-19[01]	51	7f66592878c3ad87c9c1e09ec54f0777c278d1f2be0190d77d15b32eea528783
08-07-19[02]	86	77fae6320549a73737142a5f48d97c8356633997f1a058c04e939966aebefdbc
08-07-20[02]	79	fd9f8b24c5b2211de84c2b94d24b7df9051f310cc3c382b116192961c7f54681
08-07-24[01]	80	441ad1b6a541c34fb3e9f6172e93da4f96c84fa0ad65103ae89c7169ba48b74e
08-07-25[01]	166	fb97948bb0c0804dc1344ed8e503e01f6aeda90385df161c4e837916db363d5d
08-07-25[03]	984	6990fe11e7531a852aee1074c48be5a8c75becc737b0c57a0c345f17db86d7ef
08-07-26[01]	71	b479f3730ef4fc3f14d9d21f28a5cfa6fb874758f9474206ddc245da08c936ae
08-07-26[02]	274	175c812e4dd43d0c439e4aaadf934dd7094415ab25cd43b4826463e55c396330
08-07-27[01]	496	b2e568462e8d765dbbbbe33cd34970255e98e5b1b7856220227a578474b3d551
08-07-28[01]	276	db9e71fdb215f53f7b2b4f0448ffc5c1887ee0371f01b21545a8f01b18c21583
08-08-01[02]	110	e3fefd06813fba2a5d8309deb8097101afab6124746c02e7f5628a01dad2b0c3
08-08-02[03]	41	9fe9dacaf23ce0adf2fe74ff40f27845c48b573903a987ab5bdf6530dd2f68ef
08-08-03[03]	180	44d928fafd9c8ae03657ed83b48f4d5ea3747527f0ca55ee5f8ae03ef7cf9485
08-08-05[01]	749	a935e2798b62717075bf7e3226662c1ed1b63c195ec1d8e93877e375ceda38e5
08-08-07[01]	621	0d42231c38aa5a9e1101a1b5ba4b37075d56e60faaa9ccc76e9559fa7aeb68e2
08-08-08[01]	531	5ca6c71b36369faa9f43d33b0c5d6d37b07520ae5a058c21040f32ff038a5dea
08-08-08[02]	598	e8fccd1a74f364bfdd339eff21b7abddf9096837f9e818900a9a4a6a340adc03
08-08-10[02]	332	328822f7bdf02b054d8ca1810eba5733722b3529f8d4ab7b861a0cd13daa6a67
08-08-15[01]	377	66c1f81fbb14851312955fcbd8839f5370925a83287d388d55a7a981699af253
08-08-15[02]	74	d05089ef02b3396d71407dd98de4cfb621a2f9e528b6d72a1947a3ff6c452638
08-08-15[03]	1329	714f1dbc8acf2504e2d9dceb9ec04833f8d2a88686c71a60f195a2eb14f5eb5d
08-08-16[02]	181	5675c2c7a21c8f5b128e692478e39658d083ca3d836555a331f796a9595f5896
08-08-16[04]	109	2135ceb8f935151c3a99700f1fe03e6d9d193d188ba29c045c681967a7b3035b
08-08-16[05]	956	8899579b2db64cc3e1abfa90de011e7fcf89de4e044f234d6ca5a24507173cdd
08-08-16[06]	506	12823280d535f393fcb1c25c105f86ba5f94979fd908894b6fb583c888c9eefe
08-08-16[09]	124	3f681ccc74797dd6e757ab6c22a9c64c632c97581105d65a7a1f26720e608317
08-08-17[02]	134	d12c5d4c34b07fbec1ce96f87bd02fe17067e8c4bd8a4c40160983eba9ffa5ea
08-08-17[04]	136	bd665bdec63c55a8ced2d789babc91db8c19290e4325a76e9ddad6c7e6f92180
08-08-17[06]	312	c47020e3c3dea964d513ec06c8a409016d82632dcce9bcfcd6fbef12c7ace731
08-08-17[07]	349	ffbdabe069ddcd38b81ce9486382af73b8e57555e8e163257e017947ca417784
08-08-18[01]	279	3e4ce454c0bfe306c56423a0b7e518726cfa689e18ecdc88b1f632b667d25b8e
08-08-19[02]	363	e73cbff102c635b4df26d8b7fd687b96a4e91533638465cc4fbf8209fe8840cf
08-08-22[02]	644	bcca77f7567c4868f02c1389d0a3dd75c6ec1c3a0047c925ef8ceee67afcf7a2
08-08-23[06]	564	896c42b7267e6079212a1bc0d80b3497ca10cbb683e7eefd91d3051ec01811c4
08-08-24[02]	172	6921304935045130ac72bac0829b80dde7a13b3fe21466668567f526a2eede8d
08-08-25[02]	255	1468ce90b1d0cc1146773aca6af32a2ce06440e50afc36bdf13119cda3fd3e14
08-08-25[03]	146	21596007cd2297d725ea94a7b68574a88df246d029a66026859e560f392149fb
08-08-26[02]	103	1017bf0549a3e1fe19dc872ff3b043d3f4cb88eb02c798e063d676886c89df80
08-08-26[03]	396	c9da6c046eab39dae18b17ba365fdf6be285c3e15f17fca6ce368487ab937d3d
08-08-26[04]	998	16b770f87e8514d001a57606b090bea48ffaa9f35138ae1b41e819d2807bdc6d
08-08-27[02]	3772	8e4b14252d4015eadbbef3d42b3672b98ffa0dd8161ab33b04a9ee6d89b7091e
08-08-27[03]	244	7c4c27b68975459c167c1c550ec2b40c7eec0329c47e8d54e34f89b4cc656019
08-08-28[02]	889	beb87623ffd1abf4c0e5147ca0b99b4e09954b2e146c69feabfc342ccc7e6c93
08-09-02[01]	220	7f671c80f4b558462d79570f948cd6ba166fc90de0907468fa83df6e93de9760
08-09-03[01]	108	b6c62f1ffdfe0001f07332c3ca5ba28c305f08aa595e5f7a21077d06dc714113
08-09-03[02]	427	4c8f625c9e653c19213bba430522bde9a21c76e82f8a413ac1c5a288302be3f2
08-09-04[02]	148	214945fc93d30887b00cd05fd4d28222f3c3323b6649c2f203918d75bb4eeacf
08-09-04[03]	198	6efe51e5fe81b0ac47eafd65505cdb863e2779d896fb3f8fc54abeec3141a217
08-09-04[04]	335	02a0edb88fdaff8a26160367d36f4834f093bf04ffc7832e9ffd5ee2bc920b49
08-09-05[01]	236	5b3a57594a2d59ec9abbd339090e6c9eb634608e2ec4a556970aa6085dac2451
08-09-05[02]	413	046cbd3a2377bbf35508d73b8c594756e69ff1b153ab152e76a5eed916ee7448
08-09-06[02]	1512	2f1b5695fec507b722303acd386fb0461cb327981d73b8579e13d7fb22358f2e
08-09-06[03]	722	2150ac732cd2f4f3ec0260bb7b074bd2f3a9b614c186acc3409f4a1c222c46fe
08-09-07[02]	1356	4410d467260ff4c0d3bc0b20de97bb3ef38994571f40df82af4ff99402cd3cfc
08-09-07[03]	853	37b500d77387676ea35e8909d6c6b71ee90581a80119cf2bf3f715b74d5a913e
08-09-08[02]	192	beb417bb0459cd60562d729015e0a336d8af840473ebbd7782d29fd42b303661
08-09-09[01]	91	6f759d5fddeaadbb9a54f0aa2b3db0256411fa14ae8e6aa4ba62d487fefafb2b
08-09-09[03]	333	d410642554a56f6e1a33a9fa5ebd5196ea8068a0cc9505aa4563bd5b6668732a
08-09-11[02]	814	43c437b7aefd571094675a3539755a647cb57b4761df874f09695ec3b79c15c7
08-09-11[03]	158	592bbc8c069b715c68b3ec4290805ab49a36b0ed385a10b66b784386b4f60fa9
08-09-12[02]	309	177e02306e715339afc4095eba202f406e5e881f852c80ad6828604d62d1f50e
08-09-12[04]	92	bf5491ff1b2fc6e7ba81346dc5d23897592d2a65fd9b265059dcfe6a8a1da25a
08-09-15[02]	184	07ccfaf138ea51c600abdb10693caaaa390750730c7fdc41c12bddf2e3639555
08-09-16[02]	103	99e33e6832f2f5e693266a0568bafaea3f3b415f6c887c985dad4f1c3b7b108e
08-09-16[05]	341	3aac96d51335e21f349726bd2e4f8d2eded61f02922380528c8dc9586dc8d798
08-09-19[02]	95	569d2d50544bf6e1c6032c360d12a4866888da6f3726df0c706f36388d3767b6
08-09-21[02]	216	715c50538fcaba760006afc2828f7d806cd5317473cd31a72f9c6f0c057b2fdb
08-09-22[05]	222	5e55f8a44b860155c4864c570626ee32d5b97412b7d9e83ec0e5764a4b23338a
08-09-24[01]	791	bae18b9ebc48962498b5743d657f8d58dd24ce56aa8301dc52a6f35d8548342f
08-09-27[04]	169	51445a085382731c2a2e144b7fb70fed11e83da8da28beacf3da020c57df561b
08-09-28[02]	99	968e171eb8927f4d2b9c6c3e067f625df720fa6b5e13b0d40dc363ef1f3de967
08-09-29[01]	673	deb686294f07ca02963334508c01f263bfbf14f4fa67530617e7dfa4a54a52f6
08-10-01[02]	1066	79e2e3be9f104cd9adcfeaadb138f87247882d8059107b455efefd8511d18022
08-10-03[02]	1241	ff60b2ad2582cd01cad3e839294ac900f4c5b1911f4a79f084d341260eec2919
08-10-03[03]	663	b2da6cb357fb0d2982a94c220df09770241437d2ecaf0022df620594a684f5b6
08-10-04[01]	252	a7327a81fa649008c217a0e104a48abd31fa367113ad49efd4eb54002f9fe773
08-10-06[03]	81	72d52942c2ead3b237f2b22831674db58957a525cd3d87438429c7ffabbec5c0
08-10-08[03]	296	457edf1a36f5e9fd78df4b5a80e71266b6fc464075e7f680f7bf1d27cd4e3083
08-10-11[02]	253	c03d6169ad2db9e2c059f6d28f94872ab7e9d9091f5f3e6589742641af3d70ba
08-10-13[01]	82	b7683c61ee666d88d67bda5c8a8a30c9f75e4337be963d935ddeb56ae8f16300
08-10-13[02]	192	ac724d22095a36e5880af221e9b0c60a61e92bbf8a2ad2d6227dc1e42bb94181
08-10-14[03]	250	15e686b3fa20fab6a05f849621d8e4857b58b254e8c1c33fc24db1a09bff2424
08-10-16[02]	208	e2508103d61c73adb897e2a40e29cd8417a3041de13754c5c32d8dd66cb13d82
08-10-17[01]	171	6f017beec88d5a8a144936d7ed7445ee0ff4e0e398c28fab5f170a5de5f84e60
08-10-20[02]	339	2c91e84b0a2173bf531389e0e97925d0a1269e865f14550c5538dc4446c66d19
08-10-21[01]	172	00a96eef6c2691b8c85bc643fcdf3f1ec188bf9fcd6f3209f87a133f8017e8dc
08-10-21[02]	359	d7f508ad916e77c5cb59c3eec3549f6c049227532c1302787ddc1b72163dc0ae
08-10-25[02]	85	dccd43b59996769a4a24988789147e0c79dbae3481801e05d419fe0313eb1810
08-10-26[02]	108	82ed7d5809170556313c85bc0a35337dc808f44edbddcc01e82af8988c8700ae
08-10-26[03]	264	36e4b5aeaf567e0dd0c07a37b9371ad960b11e480614e144315e7bb21c8788d5
08-10-27[02]	1269	6c230abf573a04043900ab8c3316708c71960dcdf8fde1775b6e7c681fc0c46b
08-10-27[03]	334	ab1243a9d30f7ed9c3e837a4b88f658867a6a0a0e0b12a30b0387d1970ba1e57
08-10-27[04]	105	fcdfbef35a1f75e79189a33ac7e8c927720e5094eb468133ae2ce14e3c83248f
08-10-29[04]	500	417d35aabe7d54f22e2d137a8e5b4141441c91106c14e5a490b1a32e3e305b4f
08-10-29[07]	241	0be9d6bc064d470f79e2bb0a0ad5719c818ba5c242907301c4810e0fb0b82c9a
08-11-01[03]	117	b02d91527c37ce606800a27e5fe014a86fb70056809670fed809d36f6ceeaccf
08-11-01[04]	406	4e616c18bbd9055c1f2d457f2df27c09df04eab6eedf4725575c53b2f78a1dbc
08-11-01[05]	860	de7825b79c00602a87d6d39cf9512e3ee781916af1e8b455d0f34cd0ff8a3093
08-11-02[01]	253	f6fb8b41c8472a82cc120377b345b5e2e75b589c0a95dae764ee56e4eaf6a2c7
08-11-03[01]	1182	1bbd05b70966ba584fa9e59270692bb020c421c6825cbf09b927ed953d205726
08-11-05[02]	371	b536b7eca737cb723278935f6c970bf80284a0c1e39642a5a96e086cbc26ec67
08-11-05[03]	453	99cb82ff78adc1927d9db6f62567890965ddfb61afcb266c6e332d88f90d392d
08-11-05[05]	192	74295fb49b079d443c85a0def81cb93520e662d18b6d7627c87babd303949580
08-11-05[07]	460	023b8e8ed900c4d42b4ca3b8e360f36bb7bd4a93cfd9b7ddc91e70557d503a3c
08-11-06[02]	313	bed1c21e190c1bab75b5ed203241f0fdb75046cf44c83c2f5e9010e40b1e25ed
08-11-07[01]	1705	d555229b7f37cb89f923ca62816b28de63d7157f3da07a308df4d389178171ac
08-11-09[01]	444	b4f6e022695952303992d87ed6f539bafd1928b31d76b8cd2d4aae2e6d21d91f
08-11-10[02]	194	0b04eb0f501c8c18ebb7fe7f7cb446b6bac8a866e2b4c7079cb80f6d7132c8e2
08-11-12[02]	1309	b3ff6d6550811a4aa719eaaef754986d74cb9ea7734077c49a18a489c2daf908
08-11-12[03]	183	c1dd617a01a2cddcfff38fd4d333b3e8848cf6d8269aa6c154c9522d8ae17992
08-11-12[06]	216	83bf48cfad42db1d15485ae8511418d899539efe015c4e6a640848a3bf0a3e9c
08-11-14[02]	132	88d7de6ce70ba4378070b3df134ba7b39a5993c3eefa96486a8f0c1c45a0742f
08-11-15[01]	199	4a9024701d24e4863c5259b0e315b4db1d3db8a79c1df5713b401bd67c2e689e
08-11-15[02]	116	c6043ae5a65eba53a17df1ccde3f4e4da6d3cdcbfe1f02c16bf58bf4c3eb78a7
08-11-17[02]	395	b558b0451bb7e0c856a76e4ba53c35dd825d58d53c97d48edc3e528fcc2ccf21
08-11-17[03]	621	38df50d00f5f757a4b7b942fe4337ab5efe3c2b6e61e8b8a31e9dd51c6b14716
08-11-18[02]	640	efab58cd4ba5e4823c0971b49f74c5e5e3aa5119579a04d03baa5d1afdb2e1f2
08-11-19[02]	193	559ec13a572d74668b9531d332aead651acb93571f34ed906190116d410212e5
08-11-19[03]	67	00d4ae56e378510b0831d61d2a1f7bca732b8b0df3b69b65d845993894f70c8a
08-11-20[03]	255	10ee995bd65b56e3a1b64da573a5c799c2f03f37bbd928994a53d0325a9401d7
08-11-22[02]	454	f7b41ce03d6c27c2bd6e8f2a5b2a808c1d4f7dc6414a43878b2ea747a53891b8
08-11-23[02]	977	be3cb76d20549a9830eaa237d888db0c16e15962892d67ef169b697e02291e27
08-11-24[01]	467	0c8eda461ea1ea64870440e9b771e6c0b6c56e8c002fe010185429bd97f3fdb2
08-11-24[02]	2179	552d36a96392a7a2ec529ca38b781cf3c75880e51542a89e9b8b1d7ebf1874ba
08-11-25[02]	206	aafc38588b1f4336202fae67b754019c910317f41fa953381e7e6359130984b0
08-11-26[02]	1302	a872a6e8e0afe589f5d790f5a65ad70fb4dba6458ab288aa36d46b5ecf042457
08-11-27[01]	1578	d71c2bf703ad76bad521cb878341332545fb72e76a46fcdb9433b19a103ade1d
08-11-27[02]	146	ffb8f2055b6166f2dabe7dde2b40cb5f436d4142514e64ddf1b5e39f009e3b9c
08-11-28[01]	986	450e2d6bccd24400f20f273d600107f4d13d0577c8528c9caf44157d0937fc94
08-11-28[03]	154	42092337db6adea253cbbdc94bf3e4508bafe0fdefb16bfb6c81730d833c0b31
08-11-30[03]	67	a43fdac5a96a6518bcc9208fcadb9a00f8267d055985438a87dd078bef5f490f
08-12-01[04]	688	1eec75f394f1ed5f7e2b6b3b8cab38c8f324e607eb500807b589532049a93cb3
08-12-01[05]	141	980dfe99c07a72754be2c2ed692a352d6c0b66eb3f078565a1bcbc3ddc3db1da
08-12-03[02]	134	e5bd5475ed661a73ffb2071423abf4d44a0a9edd206328226dba8f211e012a90
08-12-03[03]	252	6eaba77ecac501cf9764d33748ca29e5ca8444e8fe465b9d3119dcfdc23f7bed
08-12-03[04]	1359	3407b08ff70a5aedbad5b648526150c1c75df252cc00ec3ae4c82a1d68138c06
08-12-03[05]	218	7bcf510d7f896de5926fac2ab9125299b5f459c6eb4734b821c5fc1e85b7c006
08-12-04[01]	84	45ab3682bbb25c8bba5363b63957d965f08816e92b16336124bb08d97d168698
08-12-06[02]	654	38d4c4d73484dfab41c76c3889de784e5858208e3b18da0a965a3fed9ad14c86
08-12-07[02]	2221	037b7e55f18867892fb35ab352805a5cf0857540a3045b096c4c621f15a281e5
08-12-08[02]	532	3e05a2e734b10f4759c6e138e5348290023925dcbe74755ec1224edad916256f
08-12-08[03]	505	8b29f8c4906720d21858b0ebf6d75c730c38f08fa9efe971e1e5a484dd274121
08-12-08[05]	398	2a12dac64fbe3f143d36f269bc98bf02a7dabb9650f2898b7e26908749da080e
08-12-08[08]	142	de26a9b9a97b61f411e25174d91c27cac3f6d0ecd6ce04c9c00c77711dc256b3
08-12-10[01]	301	52171c2efe9dc312188d0abe1288ab9575ffe8c3580158c87d898d09676c8195
08-12-11[04]	316	cd82adc767b2b3563a8b23356aab93f3e7516bfbccc3508de61cccfacbc7719b
08-12-13[03]	311	e2532c19138d1aa70b1923c8f15569e7bae36882befc7063a4bc807f8c548fbb
08-12-14[04]	364	f89f702e9b65a324179e8d5ef086065dd727ab63a9b79f128b39584793a9fc6b
08-12-14[10]	155	726bca14e85e5d6ef8a3ad87c38c1c8a4503d36a4fd460d23356cc517e8679be
08-12-15[02]	558	c74c4b5f0ee13387ae28027551202f3bfa987bcc4d0519315caa8dd1362df4fa
08-12-15[03]	221	26f56ea8de11e5381f60cc4531b02937fa288644710d89a9f7e185a2e600dd32
08-12-15[04]	445	595b40d22725bdf86e76f20a4904a9018c788be92fe4f530cf6482559bfde43e
08-12-15[05]	218	312e7a1d398127d3ed43c68a93ef1b061e6c7c4af504509615f1363cff5ae807
08-12-16[04]	475	4940e93a7d6e19405700ff079d69dd95c433ce08cccb4ac766aa65f4d26e70fc
08-12-19[02]	83	0f128a9d1bac51a21d65cb1add8e2e4329f9ac6865414887317b68bec59d6338
08-12-20[04]	1216	4403c226ca017b70810fedd6e00b1410d08cc0064818d064627d18c5fefd6aff
08-12-25[01]	207	0a3ffc53e1f16ec62c449b4ea422e48338fc1f980a97a773ef78c3e61e8a0899
08-12-28[02]	135	ae4a98485dd48b60a5e08bc215799eb47d88e10fa502426f67ae329406b9eee0
08-12-28[03]	274	c656476eaebaea722253816c4867f7d7e3288ef337e2e49765f5de93491aa872
08-12-29[02]	326	9ecac4817eca2e3ce4c7c760b264c50857062b7c229491e988c5461ae495946c
08-12-29[03]	226	8e4ffe3994a0664d54f3933e753fd0ff700295e325cc4dd186a4e2036e8c3919
09-01-01[01]	300	f9755c1bbc978f0595c7c61e0a777e30cd5310b111327b9c43f97785bb915448
09-01-03[01]	121	e5713a51c79c3db32453ebac61f9ff5f29354886dd920df3f9529be1c2c53387
09-01-03[02]	1539	bbd9e2dc88e99412403178a038cba03c40797297ec5e05a3294356ac750ce44a
09-01-03[03]	331	c0f4c9a3dae000faa99b2467e0470dfefe0b767ffad9d7fc71a8281497d79cec
09-01-04[01]	117	c0e8261ce550f0512c087ec6280ef299aaa5c87c9a0b156cdf88918abb1b7df0
09-01-07[03]	65	61b7225dca0761f5404208cf6dbeb3e6dec55deedebb2485c7884a3432b4714b
09-01-07[05]	102	adcb5499052951314c6346b7f6240de6d665be2604c30e29f518289c71fe13a6
09-01-07[06]	961	4fb26501adbb223a9fe3802d9e4cc248656a14b10b9ad10801e7abb8c312b1df
09-01-07[07]	826	7af8ebe43ceb8ab79299b8f5ac9243cc595bd808b852d89f77c51607148395f0
09-01-07[08]	336	67bf05d0f5f819286a29801708e4f6341c2a00d8b0a73fef8fcb0684f3bf5f5f
09-01-07[09]	463	dd4a4689f28c9d7459ec61fb0635e3cb9d1b0c5ff9b7a028a33db7f5411fc42d
09-01-07[11]	217	8b93433a73ff0b3e3f7f23439ee4c90a09a1d7e2b52a000864c5212269983119
09-01-07[13]	291	07d12bad7782f72acc2cbdbc444a731367d54c8b594cbb1a5cd7340f77c7e8b9
09-01-07[14]	292	a43ff57e88028d2d1eb8d965293e6ac1b941fd987db34517e272df12f9b3f171
09-01-08[02]	561	6d5288e8b4bd37892f17df9ad546ddff295d99b319013703b3790a2983daf41f
09-01-08[05]	655	e9324e129399024e0e0a74471b887ac81a7a08cd5e955807b1f9fa506f0aee86
09-01-08[06]	530	87c22802c5de402ad854bf859e9c888cad530fcf25815b4fbae3fee0c6affbc0
09-01-09[03]	1291	d048cb686ebc5d7db89cb16411cc25abb4e62f1a4f274ea59f021b2bc9f2695f
09-01-10[01]	496	7f2094cf26f07252526b7e3d2aacd02dab7f6ab85e19b4a18c7db8bcc1526317
09-01-10[04]	370	352ba513949372eb48ce6316f642852eb1eb0dd73fb7a8b38fd191b85a27cd05
09-01-10[05]	169	e44609f3f7760986af2ac9ca0e9b23a1b78da445494315b9fb20dace0574539a
09-01-10[06]	492	b1db6bd4cedbd54c1c425c465c48e30039cf20458084c061836a526550023b81
09-01-11[01]	57	25eca25239c978bbb32f1e3c67a64bb5f8ea2e6c15603863574d2a260d2a2465
09-01-11[03]	1430	2082b79d5d5141e97d11133b0b87ddc028e6d4f8730ea3bbc8b04a09892c3583
09-01-11[04]	162	bc92d20de6064546dfaae807dcf00cf92f3460ea5f123e025155e4555223d5d0
09-01-12[02]	606	467175a88ee30d65397058b63f8f06fd28b5ab79dcf4c4317098a3ac044c42cc
09-01-12[03]	556	92bdab9553c6b0192753f7d58c13806322530bc17fb935ec06a248b429af9441
09-01-13[02]	180	e57c0eec8df88df3c554b1029d2890b17241dec178175a1912babffc82a1a015
09-01-13[04]	453	7755ea634f309607bc929d8bda9b0990ff7f4ae09984245555a52f24b18d751a
09-01-13[05]	1947	e024c83ff58c551ff9e5e5d3e71203dc45aa8c491d320b69d000acb2c284fbdc
09-01-13[07]	295	7f6581ae7933b6a38f357f6ae6baf443c5cdbd3eaff23a9ef7f574acab5732a0
09-01-13[08]	235	b10fe4873a22153a403d979e3fcd03ba107c4f6b911de79f5d5f565238c60208
09-01-14[01]	193	e879f8c2556b3fa02918561debcd72310c85936de170fed3c54a64bfaaf2bab9
09-01-14[04]	106	51a0039cfdc7424a95d4a94dafdedbabd7b3b959dacee8d6e7ce81609141526b
09-01-14[05]	116	251ccb5e920378fe37e44762170dc122b0f3e355fd7323cb3600695cf72613cf
09-01-18[01]	298	5d24d56662ffa9d27d1160215c66afb89a3191bbbf0681634bc809ed9c9dac5a
09-01-18[02]	409	809ffeb027f068622037ce33661e94f121c5f12682843db93bbe3d9e778a5cc5
09-01-19[02]	495	6da2c83028babf0e1c96e0099898211b89b8039e3647a45125f4ebd008567920
09-01-19[04]	212	612fdbcc1d58fa930b14fbd7be5aa1c08b3119b87d2291a96befeb550dc604f1
09-01-19[07]	101	d434247b88c72108fea00cc9dd3edc25ff5014007726b7959988dd39746a6d11
09-01-19[08]	98	14e7eb44e63dc7579ed6e8276e9180e395d8014dfd6998a64b7eaa91ead175c1
09-01-20[01]	386	4a4f61941d75bb3049507dda831a695c110bccb91ce02c71bceb00151ba632fc
09-01-21[01]	523	5456254c4769c4f4b01f9cd95303aa9874993171d86ca59b22d2e35e75b1c5f6
09-01-22[01]	312	e1ecd046e96aba63cd442463565e6add7386c000e732db5328fc632ef2d6ccd2
09-01-24[01]	513	eebf9fe56eddb1ba6062baff71f13d169e2b025da08a6d32d5ff54231b7515f3
09-01-25[01]	57	902c67b32201e6b7b3319e823c6676074c6e89e41230541ec4f5414494fdff72
09-01-25[03]	282	b468ba7fa2e0d67da1dd8d24d7373aa542ddae2d337cd0348a407b24f69ddf8a
09-01-26[01]	481	3aa3e0b1320705979d9c20561c18bad3c2ae1331c134137ef0bfe7cda20e5838
09-01-26[03]	1788	1cf3323cbf310f26fe8277c08a4df30642223feeffe010117080d7287998436c
09-01-26[04]	217	b7ef7e9ff96b4d0398ea8aaa16c5895dda337ba90a39312a5c417280c5418861
09-01-27[01]	57	72b0cba26837f5e516222cd82b7a0f8acb1b71f85fcbb556a41af2af3b0b8902
09-01-27[02]	1497	256082410fb9f3bd804380f6ff0d49dd887b5e95b95664abb1dd47f0cbb8b3a4
09-01-27[03]	2032	71b7fda6b945fa009aafec10f35755f08ea94aa7a69dfa4632447ec3ea27b461
09-01-28[01]	96	8b026a93ba769537324300e5dc198dfdb2415533122fc51692307e7676b052f4
09-01-29[01]	163	b327cbfe1ff3f933384d36fccb786158790c02ca9346b490d27afd0477e2bdb8
09-02-01[02]	1067	0941cdfe13fd050a26f747f73728339ce592e15103a8898c0f91ca5d81121e55
09-02-02[04]	91	5c43d41d38adda036276c14400d2b73cc7457b1bac609ff38644b3d232acd433
09-02-02[05]	388	18603d2093a1b45cbe8fcbc8972bd7336b7ab63a627d53e0ec0b7a9354a00170
09-02-02[06]	306	dba092b827e7183ee0950e34c1090389902fbd1436bea917efbf2bd8a6b390ab
09-02-02[07]	63	5540cb931a1410eb347d74230f0f3279a7a52490ce0f462417cbd20f1dc3210c
09-02-02[08]	135	37978d2752c5edd2078d968ce66ecc4a1c72af5bbb9877e503d080d05de0aac6
09-02-03[01]	58	f78f045884c6e53ef41a5ed9b70cdda8962d902179b42b45d18192c6d3896b0e
09-02-06[03]	75	08d539b2e3a7528083fe6d088f70f883c15ab8ac9abb0838d7f99af4dde88e1a
09-02-06[04]	185	2eab9c1f8d302eaa4d01f450ddc53dde025a6c34c85731bf275919e04358009a
09-02-07[03]	78	f76cb69f15d5f33ef98438d350e67b95cc0d4e83f1b8857a60f1512cdb31f29d
09-02-07[04]	174	fbf2222b28125dfe725ad6d160a92a32e6ce1ad0ea3c2984892f3d8d01fc764a
09-02-08[01]	278	d6d61d1076f3bd1964f5ea6052f0814c00ce6f342c7c60c80c6b12f446d59dbd
09-02-08[02]	4664	d96e27805b9a051aa0dba2f9e3dbdedb88cffa59ffe318f168475ed19d762ae8
09-02-10[02]	255	7b60b08432089ba5c5e665d06a71594ea6830f18b7e974bd9e61626b4e876c9f
09-02-10[04]	433	277f116a63f4e001fe1173449a8da586c34f9242fe467625e9f935b3bfe58347
09-02-10[05]	130	a64eb28ecddc975fa4391b47223a11d1ee5026629b4635a9b9679a72107bbfe3
09-02-11[04]	153	e3caa515d6f1764394ea3d61c4bb6c75e8fdc798b4ff669fbf1347906b7572bd
09-02-12[02]	462	f6dce11ff05b84a9f4b585784e3ef70fcb069f5a9ed159aa6e1a64e6d28400bc
09-02-14[04]	853	66c6f4e630e85b5006778cd65407668d98e6c3b925465f28fd48e583e5473723
09-02-14[05]	661	4cbca35d5b71f619dfd9a6de7548cf3f941dd0f4aeaefac38c524bd47e95b14c
09-02-14[06]	169	719c3c8d0467cff4e7e707fd2f35526b8aa85a03096acd294f465fb9f8b7efea
09-02-15[02]	705	fe5b056d352226884c05c5c47364243a00efad1e2824dab72f8f1e472f3f10c1
09-02-16[02]	235	4c675acf59ea531d5b5890d86e190de7d8c5ea1657e79d4d7698b97dee4ce16f
09-02-19[03]	702	a49cbd82c5d40d50bb5cbd7fe5ba518549214b0d641df7b43ad621b0900ec112
09-02-19[04]	1227	050288d1072dbc517532f8eb1955608d61f47a8e56240f4e31fa862f1946d904
09-02-19[05]	197	b457c8c4d16c4a7aa1ce587e8c1e6cbe5e09f4113e1ed60fbc17c6973cb7d80a
09-02-19[06]	293	20fba39c9207ab852ed7f54f85e925489506df515238919437d0f5d4277e43cc
09-02-19[07]	685	969648b770fc48a1f3cc983fb5dbff5f12b2552436e40d51303845287178ea47
09-02-19[08]	4218	b13ee530763214554ee6a2e5b13544bf14b8e224d7ce410fa7c691ec2b757b37
09-02-19[10]	112	e9427172f5f167d1c81c2e27bfcb865247736fc331a9a33cb1073be575be9e97
09-02-21[02]	352	81e39181b3db9a9f10ac41522274dc75c41363585e756a6e70f9cdff61dbd477
09-02-21[03]	779	007e4b983a29ca8262a2b897186b705ed32a629201bca768ee551b11e6e17216
09-02-22[07]	109	463a2c620bd2d811c2f254d1060c599d21d285f7f3844e54cf39169f6f3aa2b2
09-02-23[04]	237	3affb7341c37a3da2caa491073eba4ae6bb12570ce381f6942100972cf440389
09-02-24[01]	881	e0bfccf97f218ab083a14a069cc32939f7115d14de74c8212b131141a87a9cd7
09-02-25[02]	566	11a3e85a500c2635e3531e33e27b9c401811548a1436955243ee7f05a59f412a
09-02-25[05]	129	2e77c02b4ea5c0aa90fbc9595ac775fa71bd3774890182541c713d29446c5c54
09-02-26[02]	145	0c0e1edf791a0b624cfe6028c9ecb7cf10c92ce43999a4b6f6cefe3b8b028c5b
09-02-28[02]	268	a57e1eb5b5fe9cfa5f8cb75a986cce49833bccd4caca367d972a040501b48eb8
09-02-29[01]	215	fbe48e3af8a53b14ae423fbf4cdc254c434e008857cc1c94f8bc5ad081827b26
09-03-03[02]	382	4f3ed6131137f488d640dd6f8a85866b3e6fbc1bb00637fb01d4bf3c5c0076cd
09-03-03[03]	355	b3d3fa0904dad7681552bb8100fdd8c0b2ebaf6073e0aaadf87d0d6bae05cbd4
09-03-04[02]	211	a48db3ed4b0fc9dd54de22e3cd6fd16828150ff5b7469c94ac3f305a937c79a7
09-03-04[04]	208	bfd82e48db22f5b1bd5ea3c963ca3b2edfbc06332e923d376796e29776bb992b
09-03-06[02]	1082	6ec92656d2fda1577362a69785290975fe420ff997a3abfa7068173d0ca3292d
09-03-10[01]	568	456ce75bc1dddb8f90e6352f22566903f098d69a2503898187c66a9591ae54d9
09-03-11[02]	245	ff36aaa8a866118d391fe34a781125f9fb15500052e17ee5c7a6280cb3ce3885
09-03-11[03]	98	ec93b904cacf08f01587bdecbeec768d3ae014580c9d662b7bd92e6c3e2e85ab
09-03-13[01]	460	9a450874c54b7eec89d710a9bcc4eb867945890c9b3b330d2914057ffc8ec59b
09-03-13[03]	151	37c2f3ae85a21e4a4e92399643176d904c89842e0877af328b79b0ec08bc32ca
09-03-14[01]	238	d5ab0033aa63011178d4fd5b465f3ba4f08fdd73a5b1bacbfe0a1f391470f705
09-03-15[02]	72	56b99e51b7c98661b8b0e2a30647b333bf9eb2007e22dd7c284390a4877ec798
09-03-16[01]	2225	cc62d3ebdce4606c3020f42b212c288924a1d45f0182c0728bed5608a731dfa6
09-03-16[02]	151	e0b5a8523b8a5acffd2eb635638dcfb6c638888616378ba295f21ebb994e67d3
09-03-19[02]	122	554b53aa3ddaaaac01fa5cafca279f99a7620107d01f5bc4aeadaafcf96948e0
09-03-20[01]	892	e119e4521172867478710c3a057b7f31966dbae8f8c14f7850cb4e79833916f7
09-03-23[02]	415	b782a4e4bf15150ab7a45041e55f2526dbefc9749f85438a8aeed9ea91c0c68b
09-03-23[03]	92	3cee0361a0b7a7d94d7408e8b877129a810ec4d903c41e803428dd9430a874a3
09-03-24[02]	157	0aed0f65710023020d646f37974c911c9d2b12b008439f3e0c6dfc6748aa2384
09-03-25[02]	712	916dd0513ac714d004d78fcc9482bf2045f2cb0c4b7ed38832e781b69b1bbd6f
09-03-25[03]	152	d5c017b4111c70d0fb716d8796b16c61bfebfd4ad75d4a0a655a8a5c2d184c8d
09-03-25[04]	481	9ed2084f62eabc3ea7da89be8c981eff445fcc1abebfe813983066db8a75b6a2
09-03-25[05]	105	0e05bccdd5c5b9a14b42e64e6a22431f3ecdf84abe9f61ddd66b2cc66d5dac86
09-03-27[02]	81	0f19d8ef76b668849031fc8e9f0a361faa55b7bd7bd3318e02da2d2138af740b
09-03-27[03]	614	0988e71cf78b764dce826747fb14d611a91c968cd83e43c2eaf6c184ede7fd7b
09-03-27[04]	303	337980a3f4a09aa0048927feeec93f6acb3c8ad81e6981a4b0179be17d68e738
09-03-28[03]	471	62fa6f931b8064e9964e27f9e480831d030618993cc16262c9e85812418e3652
09-03-28[04]	68	7cddc9364e2b7f1c936746beb053b21e8d44d255ec9d2735933976db25f2dd30
09-03-29[02]	825	fd71cda42dbd688588bd1132cf6f4f53141b24e0b4baf7052eeef4ee1167143e
09-04-04[04]	551	62e313a6c03d3f3fb3f59c141d5042913aeba8f3e9fed7d077de290f94322be0
09-04-04[05]	274	0048bf896f84c67f34d837ea2dbcb21be7f7bd1b7c597aab624c17606e0cb335
09-04-04[06]	487	d6a781c231666dda8d966d0093b66ebb9855e15c4f52b2e0d4e40b7711194fc4
09-04-06[02]	1126	8bc44cb98c62e6bc7bb9352436f5b1426c0013a1b0073646f95377f880e1e217
09-04-06[03]	537	8ea22c66a69e5a7004ee325e4bfd1291eac29bdf23fd2dfd943effc3b65923b9
09-04-08[01]	310	d1c283918bfe6112930defc8e3575ddd20569a719873a13fc3276591fa6908fa
09-04-08[02]	73	69766e84f3b5031a977ee676f4559bb2850ad9cf14a7e025f14c30273f35f8a2
09-04-09[01]	247	ca439319b8a9efc6f53573429e64fea280558b00837ec636263ef94e2ab661c1
09-04-09[02]	5260	cf27e5f5e5ea3d25ab6b1f4cd991aca6ac717b8e6c4d8303deea47406c3c3870
09-04-10[02]	192	1419027557557c4bbbdde51362ed1a1fc508295f4c4d9ca6d063aa92244bff6b
09-04-11[01]	1272	eaa9ca4bfcdff5e35b452bd44eacd73fb26fc6d5595e762426e68a3273e84234
09-04-12[03]	441	5b408e937aad7d6ed9c913332cf8eaaabff8ff1cb098a61923332089c17381cc
09-04-12[04]	96	adad1c39707b5d52c8bb9b374d1dd9d00839907241537f6f777b84ecf12a123a
09-04-14[01]	204	08dfcf7c0a8a6702ab7ab8535d5b9d542f9e141f15906293212cda4f8c646610
09-04-16[01]	116	dae4489c2c4a3f901ebf0aef62676cd735452af0bac01b7357ab48e63f7740a5
09-04-16[04]	104	8589e3abdb40fc3a1a4fe6156394ea9b6b983609c195ffc6ae2cbe68cecbd29b
09-04-16[05]	344	1bf4efd53931b8277a494f0b3ea9b4100433850a22c6ba1737304b2cba619b30
09-04-17[01]	165	b70ddeea7ae30e3d807a668ea0c271e8e0d25eeaa5151fa4fdb8d3e270147c16
09-04-18[01]	87	25c40f916625237a15c6701e7f106e5aa33eafb2bc83871052995b18370f6915
09-04-18[02]	331	b9324c29020678298453b6e0185e1b436219859ac7a78abec605eb998bb37421
09-04-20[01]	457	c5f5affde2ae4a07a8a204e549ca8eaff5543f3c2acb9e465ba96ec58d9b6f0a
09-04-21[01]	702	359a5366d07136bdae291fc93054954b90ce6fe4ffac6800298faeb7d61465e3
09-04-21[02]	137	34d5d479df6d7b48d2241b9ea74cf6e6f5bd1cf4ddc13ebb1229d30b738e230b
09-04-22[01]	75	bee7e6f4bf5c12043a4c6a4edda0b4ae2067b938c30105bd42bfee5850051e10
09-04-23[01]	114	ca6bc5ce439863989dd198f254a43916daf95027b6ed48e8a73c78aa68fe706b
09-04-23[03]	79	e38b03fbd9d0f44992c717376b786810621c7f42fe85227b7d28f825c6115349
09-04-24[02]	115	4d65148b9de5f3738319be3f512bcbaac95625f3f245da16f181631bc8357b57
09-04-24[03]	407	1d16bf5bf48e7022b8e8ee4793a96a3daf8fd4bce4d42be0119a07d9cb13c271
09-04-24[04]	751	96319e104e873c6a5048bc0de0133060eef6971fb3cd5a6f457ae745a77c4942
09-04-24[05]	695	a1d79d7d122bcf8a0e11b6011c3a317b2f24a37bba498a8955b4ba7e07205570
09-04-24[06]	144	85f302e1e2af59c57b98691f3bc83e53617a6a0a60a6a13ef64e3759d095c4ca
09-04-25[01]	268	95436898aab1ef65e91e87be3c4490801d88f2ea566c852dce973c64bcfc5252
09-04-26[01]	259	af7f04d04c405ac544aa9966295e1ad4ab255132bcb4353cfeadc07842405dbd
09-04-26[02]	9956	6b5970e92c5acc4fa7a040602c06128e702e648b67a50467f3b77b2b8308a905
09-04-26[04]	129	de81ad6c91a64506a70db0ac6f7f5ac64a3b96485c7c876bb3749dfe1b62f1d5
09-04-27[01]	1081	b4769b0eca6abf014c922d7e3e6aacbca8cedac2d12a5b6900e905edf029e2da
09-04-28[01]	317	1943ab1d231fc86b084fd160dc641c418ce68325622464b59ea381f9470c05e1
09-04-28[02]	225	7ac25aacb0b8bc37a42c0b05b9e2b112a5c1b1215dc0fde9bcdc3b96c053b7fa
09-04-28[03]	525	919e2a519f5a7b80eb062f142b67a3d0430450ed63f7eba5393d915156d91e08
09-04-29[01]	67	6a6ada85fda97246529ae62868b940ef9eb0d3ccbf00b6adea22f34bb93f5374
09-05-01[02]	78	8232c5347a0639a0d810fb4567995d4b9aecdc8190273214dcb12857276023b3
09-05-01[03]	78	87723b8c9b5455816f8754e350c9f9d10b2d41bb9f75320b29e73ab3b3a91971
09-05-01[04]	344	e269f68387e7f4426662ab6ff01a5fe52f3ea8184aeefba85c0298f4668a33bd
09-05-02[02]	116	a694815b4574a6ccf872d7eab4b1437c7071b6f8cc77a589853285486a0101bc
09-05-02[04]	123	d5557407d410126734861625d34c186a50cf430eb6769a8e2437dbce47c372ec
09-05-03[02]	555	316d90d0930943e76e6a0151931fda345d1bc31114b539fa42187d18e6e15e4a
09-05-03[03]	75	c721201aed873cd5a31d563b5cc94fe95337c9150d818f45a089bb4788eda768
09-05-03[04]	187	af4b341e86f7a7e2b11d16ec1c44b5770debce4e293e318d6041768be403b11d
09-05-04[01]	90	3689ca57383c2744b13a3aefc49ab2084b56a1b8dabee9ce30ac3dd04e7fb270
09-05-04[02]	80	664f2b5f6cc1482a5038fa4dcd1504d982d8902b178603139e8f2c64d61cc186
09-05-04[03]	144	1c89c11c6884aabb5aec0049c428908f8f6e99682a981da4c8c4adda41509972
09-05-04[06]	72	a30afd4d9af973edbd23262b2e46009bdd6cac50d3740f3387595af178439ece
09-05-04[07]	574	c182d5ba03396d5a69bd93de54225c0ab9699294a601dd32b96ae88e6d326870
09-05-05[01]	142	a8ffbfb316cd582d5fc7212b2b295986ba14925aadca96c09e79b5bb8cd3433e
09-05-05[02]	104	9e3ebfc25363865798e1b045c4782fd3daa3809c0040cf59936bb654a8a39254
09-05-05[03]	146	988244956d73177f32ca2ae0927652d44c60de41ba40554f9ad6387c4cea839f
09-05-05[04]	283	1c485059ff6aa2b1992cd61ef7ba30508b0077bf86e5693cb1e8b560f07b922b
09-05-06[03]	171	27d651368c8c9ab117bb0771c9250bb1cdcfe74975fbf003d970e77d29ce118d
09-05-06[04]	358	f65c062fc4a08772a516230f4afb5ae6ab05cff154f30b4567f5f50961ed90c7
09-05-06[05]	151	6c9d11fd74b9ba38a8f33582f05af24cc6af8756da5d0896256fa7cbac3fbe50
09-05-06[06]	88	d54aea9cd7147bb133e626304a504aa3bb1b5c0b3af4986703795ff90427fc6e
09-05-07[02]	480	1b1a6f2e9417bcd6030d8c8ad44b5234da428afc110fd5b591bb43ea4c169cc3
09-05-07[04]	173	f15f53a05ec4be5e488734d623729a930bd28034f48f69638e00aa7618442aec
09-05-07[05]	734	a6695fe14cee971e77aef9ee8d995fd2ba6436e61b764c39e73254a58a1c1235
09-05-07[06]	147	eefa0988a872b99507165e8b6762ae30b68c5a53a75367cbe67b276c683ac6ae
09-05-07[07]	125	517e88719b2626be392e4e28c096533d9d3338f52bf36d3fbfa65fe2b92dbeec
09-05-08[01]	82	6197bec6ed3b200fa829813d4b3ee1226db8c2bc9f762182d9b6c7f7daa3ea44
09-05-08[02]	1046	47136b94d1715a6ff57164f9bf46edc3e994e63c4a8fa659397ec30b14d442b6
09-05-09[02]	680	00da505d2e8426bd3536bddd257ff6c9129345cef892c027783e513b54b3d513
09-05-11[01]	1115	2945f71a4b526ebc78e581233114c58167c3179978ba356d2bad7fdb95d65c88
09-05-11[02]	3658	0121ac77cc6b59469b45f03112855a7ffe098a8576dd5efe1067dc5fa9984c5a
09-05-11[03]	88	ed7fdaf8fb14f0484317a69d07922791c20ebf2d0b47449113741996f4318532
09-05-11[04]	457	fa4dcbdcc31ecc403f70709ff881199d8ba7210d803f14494cb8d0a525e5f58d
09-05-12[01]	908	7479b4a38ae02f0289a53c0c2408618dff414bfe321d9baa4f9b158cae6cba58
09-05-12[02]	63	5dff826e109439c3df497e04f503cdf80a1a796811997cba0648e7f552eb3811
09-05-12[03]	105	006d564b2196595878ebcdbec9240787c50a744dccc689119d3216a6a2b11722
09-05-13[01]	140	c7f2362b2facab47b8d2df055be98516b0bc8715a6e6fa440f0338a8e28878b7
09-05-14[04]	927	0cece8357c0af61a1a70403c4620eace0db7423cac8f3fe36c72b64ad676ce8c
09-05-14[08]	120	d610d0cf94c2928ebf41727f9c31755c225256c52615974f2af5893e3b5468fb
09-05-15[01]	697	a6daf11040ac13e5002d8fc7a2988bd11ad94c55c452ea377fd961e3bee33ae2
09-05-15[02]	270	cbd31c36ba50dab1fa7e530f0bc08179b87b5dda619634158b96343c4f18fbb5
09-05-17[02]	207	14adce5b793f43db28e21552428e5a3b7b29051c7ec44684c07c57ff90c06faf
09-05-18[01]	143	9f0e8c1de5da1660884c5ef0017bde31025ffd0d08c57902506e7e8aaefc285f
09-05-18[02]	69	3bedfa4d5b2cb94e0e3fb89c8e0d8af0424083831751400e91e69f56f694d52a
09-05-18[04]	120	cd56201311bd480a53a4f84f355423dc0aa652279342483993d208715b61ee34
09-05-19[02]	117	0a35428dd4447c3033d651bcf2798f3e2584c306afd0933b1425b8a987e2e758
09-05-19[04]	125	b3c1a31fa1939f6b10060476389cf2ecdeea08d99549ed763f12a99155784962
09-05-19[06]	277	d59da3b3379f6ff630a77b216c9580f08e48691b0654b8630b68493ec43906e9
09-05-19[08]	585	83086f638c71fec72879fa97fbe8ca10aee977bc5890edf0f63b03d7e1f40c32
09-05-20[02]	156	878870c5afa184d776d0640d4d74e69a131278216a46c04df67ba2d251653c38
09-05-20[04]	107	b8edec3bf1971ae89edbde5e85b949c8b48c10c18d71f2a5f454db3563803677
09-05-21[01]	745	d37fbc6a8bb3e2d0ec5e34b50a0a9cd90a7723087dde5604f2b3e7159221ebdf
09-05-21[03]	818	66c538cfec34f137ba837e251ad3c059143836f2ef0387cda8a9adeacd8df439
09-05-21[04]	80	4b1ca7fbd503cf8574ad781cd2e32d85b4001aa03b6b981ffc7b2e644717cf65
09-05-21[05]	167	f9884e1bacd780a525c71fe70700e66a973377ecb1510526b01cce3d121c8182
09-05-21[06]	154	ce477a332ec66863454c56c1df85d1113a7b7dddbe3ceff9bb51274e6a61ff53
09-05-22[01]	1446	9da9b36983ef33a3b08d1553b0c10ce9d230d69958c09e7a4589c9b34922c69b
09-05-22[02]	93	33dcd37b04b6d15f12933e5a338d3db46bf47d09a818e1f3a675f0cdc9c434d9
09-05-22[04]	120	135d20be66cf9d82d455bc9e78b18f768b2ad8c5a2cad04adea427d622d51cbb
09-05-23[02]	194	2c3b1aa86db327e03489c40709db360a2dc5210d2415c4fb9dbf652eb294f81c
09-05-24[01]	58	c347413162cfabeddbd82feb25eaf43859975d82982adb224df565b45d024d52
09-05-25[03]	107	4e71f8619b3c424b4bb49c705b4d6e427acf0b604683ade870a1029c98fd5f22
09-05-26[03]	115	f8e1da548a5e4ec8e5720001e21aa5439d381bc91f71b403419b716553179494
09-05-26[04]	79	99bb630764a171c38aa1a7785940f426befcd1d20046b9e7031743d42eb8ade9
09-05-26[05]	124	24977d7a0e4838a9d4789ba215b13e80833edb880f8b3afd1cd6822f71933078
09-05-27[01]	173	6fc08734b3ca22262860a2398a09cfeea43bdf57295f53941ecd66dec9a75332
09-05-27[02]	173	13067233e3f6a9cbe132d3cb4c48ab999aab05d7083eb629c8cce526f4996e6d
09-05-28[02]	2707	ab13d37412e0b816be37ccd7b065a822772db5334535b74e6f86a075f2b5eb8b
09-05-29[01]	66	7f7d06ffdc76e31530916407326cf12f5b02e882a93d95b013ee32c82d246fe4
09-05-29[02]	136	52edcca42b2bb5f3e43d63226e5f49ae0470526c519f87391c38cead5c36c89d
09-05-29[03]	520	662fdfe4ca522cd818030f51c897104d89a9c63187572a9c29357ff05e5e0ae0
09-05-30[01]	732	2b3a93ad539810896aa0d835d1fba18b08eb39ecf16c2f614f10124a0db96bbe
09-05-30[02]	115	f51e343616b54f91dac7673159266c0b877abe13c862c32ac69702c8b5cd95c2
09-06-01[01]	52	92c5e2e6a5615b5e3b9d51b20201b94cb688eb5e52ed907796144fed831252e3
09-06-01[02]	1026	a1ea50cc38ab2e29846933787363aea86fcda9c8570a1cfec34963bce32f6e3b
09-06-02[01]	132	3a9901ffcd5548cfaf9872c118e4fcde832295f7490f3791e87cdf485873d781
09-06-02[02]	941	376ef9f8c01743846d06503301b1ad4caf3254c48e64b320e75f88d45195fd0f
09-06-02[03]	151	22797b452dc8d22123005c82c14331af62e41b4c0c6ba54772a7c2a9961f41c7
09-06-02[04]	49	613b13b5b9a227b4277e5d70e63cfc0898cc8ddb823d22b6793d7298681a4cdc
09-06-02[05]	156	be31096b2d4080c1c20b3182452e399ef43d0e2ad219545b9c4f1c64b7edd8da
09-06-02[06]	300	764ca8c59a9dfc427256b71e27825c990f2b91e09494e1471afaedc81893e91e
09-06-04[03]	612	e31ac1175179b7d2f57525cd9677ea55ae174ae7b37e8d1fd3e5e8e5fc506ab6
09-06-04[04]	179	6279e6e57b549c7623d84bbbea841f6198c99089d5bf69b1d62f01b6e6745062
09-06-05[01]	90	1c3ec58c167f3432abe2c523dad0eb252839be0d34244d6e3ef3f847542812c6
09-06-06[01]	59	eca7bd33556287cfc1bdc89d96357dab1085009165afbcd9cce9313a43f49439
09-06-06[02]	135	c4d1c1e1b139165fce9fdc32dc8f38086222139212d614e4be3d5ec2a4850244
09-06-06[03]	73	73c2df89c8e6dbe3334d102362090f8a5dbb699ee8145d967e111de87ee0b669
09-06-08[02]	90	45d0afe56bb981a80ed99ce7bc15cb5ee1176e3796f34ba7a19c6802963b1bf9
09-06-08[03]	343	1992d88871ee0fba7d13b4e10a07239e8731be67252182e8bba0e4f51cac718a
09-06-08[04]	111	804d436eeb77e7107e7a3d64f1458d14188aa5c1847a315e24677bebf84c3813
09-06-09[02]	731	005d0584b8b9b81935587f0a3d58e4f3b9004f7ecf645a1cd7d758332a1041e3
09-06-09[03]	477	79746ce9c703dec3e751488e342a22ea2b0b4b966b5b9cc4722489e489e0d4e1
09-06-10[01]	148	2be5efe8998ff97fc8ae666889d2b01aed8aaaf9a67b0d43739b0d98d940d7ae
09-06-10[02]	60	6533a46928e5385e251df3e1c770557a282a0d65ad9bf12f219fee0d87bd4b88
09-06-10[03]	4593	3c0a6cfa1975a2816e5fb0f244869d16a8f7b07311f35451ea6f6ce335b3311c
09-06-11[01]	79	b5169853478cc773cf84b0a1d6b3b4ab8adac85d00ded26f13164ef3a5b03d8b
09-06-11[02]	913	c8f88d3e4dcd449b0a61207a71ef2e16d4812fbb43b9d4174e3787228bbbd819
09-06-11[03]	97	29e0a1235a6b0a5027ffa90157ee746857e2fb3086de7590e0a63fb3b42d70e2
09-06-12[03]	95	518bcb9f661c206e9cc305b8962048e3a7bba92db47ee44704cf0ca3839f2b39
09-06-12[04]	71	34300e926365e349227d0a65bbff906ea60ca1b2f59206d158b2d8869ad4159f
09-06-13[01]	253	f68fa55b021bb7c007d5c1aa412395dbc12083e408062b691e3e006fdc8d1986
09-06-13[02]	162	8469a882c5f21733fc028cdd7f429fc4aab0b48e04934f504e6e57a4fe4b7293
09-06-14[01]	3303	5bf38d2a21c5b218c1e6f9d339b2f2f1d3afb5ae21dc1604ced8e9a38f793fef
09-06-14[04]	1369	b0a81bfcdf9fcce2ae75d44ea0288b27ed614a6cf9393be9c21e4044e3e6f9a5
09-06-14[05]	1749	fda1629745235b5dce3c84641738c7cdcce78372e3d86ef3c410287af143dd24
09-06-15[01]	119	bed8e5b2771c389082f6bc7d15ea8bf40d02425c9b64dc0d11bf83b3e2cbf656
09-06-16[02]	64	283249275e14ab8be128422bb1c59bdc3b58e6785a24564e07172b1342349272
09-06-16[04]	144	e873fc7027c74a4fa833e94f88b9499788a7cc70d7c5bf27fbb94d7a542260ed
09-06-17[01]	369	8c926cc3ac0614fd329b441d6ac5e7342ddaedb3d674dd4391e000ff6654e4e5
09-06-17[02]	138	021c34a55c1f892b24915ef513ddc91d13625622391ea3c7323e5e4635c7da68
09-06-17[03]	145	0be5d772cbef448d684b0ea50d28a43f7af68c46a0f7775263f3f1baf1ead7fe
09-06-17[04]	298	2d32a053a602e73a386d2e76705bddb66ccdbe11f0b6f335b9d257b86d151771
09-06-17[05]	353	ace98b48cf18fa185f41ed2209658a325a6c9faa3383449c0d03d16bb0ab36c8
09-06-18[02]	83	92366bb0c9a55c8ec85accd3893ade780d55a799c727dee4738da420553ac124
09-06-18[03]	113	10cb49be5e3853588b4d664865d6cb64202ec140e67dfbb9f9293a8721b880b0
09-06-19[01]	95	cbf121217164738caa02cab9209bdeac79682ceac25cf8b190ae633b99b754f5
09-06-20[01]	116	ff2c2f4ac9f94f5866c7561947e0ebc9aebedaf7ee1137207f90a4791a5b184b
09-06-21[01]	49	f5635c9b41a3a2d5dc3b75e472180c681841bbe06b646d7cefe1543ad93a7ccd
09-06-21[03]	2311	8badfb236260973c1894d5c645b4181587d3010bc0a9d7ab645a5077eb913a8c
09-06-22[01]	146	9121e011298c1d173e96685c170698ee381c55176e21bab1a3385ff2c64c1876
09-06-22[03]	213	c34f79a6dbe6bc338714b6721fc0332d69bbe7578d25e68bf19eae26531b90e3
09-06-23[01]	918	ade7fb11025786e7295bdc65c0eb3cef4fabf8a09cc5ac79140eb61478191aaf
09-06-23[02]	206	e078b9b57fa538f8395bf9afa1478de0270b525670cc3d4ad49cb2f8df81daf9
09-06-23[05]	269	460fdec5ac914d8fe70962327baf1add7782a5cb975fb1f23147730e7c609785
09-06-23[06]	751	1105aff608070b1fa5b06f963f63882f167320491b930ed1c02613dc257895d9
09-06-25[01]	572	cfdfdcedaa73198ec0c6921cf17eeba564560c66b6026f15ee5ecfd6809b2b47
09-06-26[02]	81	e41884c30b340104cfb4956ab80c51c5362a0e5c4181a6614fd32d2e1ee382dd
09-06-26[03]	248	258a66c70f833c63ba7efd4007067415e942eaadb6a969125ec8b739c161632e
09-06-28[02]	206	bb7c544264973d3ef9ffe0a99e103723490fb4d403557496277d5602a98d24cc
09-07-01[03]	391	130359f9ddcb9513b23c38fa07837d600cc0cb0a96929cc71627420ba0b1a838
09-07-01[04]	109	c2273f457287a0ed1159f580cb10026a16d8c9a4d2b7da70fffd1ddf0523bb29
09-07-03[01]	66	d20a1d87c22ce5ff8cdbdf4425e97a854d6af65e605b8cf9375039174a2e8f66
09-07-03[02]	551	fde9f21ce031d5d037fca44c52f4b121d2435981397fe5c4c68e173b165d95e3
09-07-04[02]	549	ec3ae3f35012e745c54106074886b81f23860153b3a90712d4a5cc4af499c50c
09-07-04[04]	138	504e5514bd5889ee6e8bc0a68de4331b28c67099a237b36f5fff234b5958c3a5
09-07-06[02]	172	11800d68379146e2462f8d850a2bfff52e9a420059c8e226a280d27fb7f2f4e3
09-07-07[02]	528	3dcb4f62e9507e89315ecbe99bad3741ff33bfbd995d88f749d27ffd857fc771
09-07-08[05]	112	136f561c55d7c8703feb63a237bd2c488032f3b3ae7a6868459f42bb71c278f8
09-07-08[06]	548	3d42030b09fb1c10bfbd5ec9d3516d3ab5ee9f6316b9a6d2f079ce60dffeba33
09-07-08[07]	325	18b68da0dcf9d3ab0130b89ae5389d6c870dea7e5da50cfe378ee8a0a36bf94c
09-07-09[01]	65	6bbcfd78585969e2b379b1f04f96e658996e0f8bbf3410ae722e86aa7e64940d
09-07-09[03]	327	355a47eb7db166639274a9fca92530fd4592dae58bb7086702ed55cf5a21f18b
09-07-10[02]	139	49675122f5bdd3e71fd40a69c4c5879bce6cc35dc756301075c6e210447008a7
09-07-11[04]	943	fa89c487e5fb295122eb952d2749e2553227c2c73ac8e4a80ed9d1af2747cf4d
09-07-11[05]	272	670fe81fdec538bebf9e19fbede18d0c023ca75ebb8c1107d2ec42556d2dabaa
09-07-11[06]	88	5d74b657fcda9a0fde5ae6bfc35e9855eb8c8a406a4713604562190cec55c2b8
09-07-13[01]	49	650c88df23d642314b2d21a4aa03c11e8440f79bc98d78a152cf88b5e6cef739
09-07-13[02]	425	647011e7e4a43e54db154755e99f94f8b030d2e18ede8b8e9772d85e8de6f9ea
09-07-13[04]	177	2b19671344853c878ea4a6aa154f01f80710341f1c7758ee0850d354f38f153f
09-07-13[05]	111	5bbcd2ba247fd9e84504a584f6ac30e3e57b16d3ab851a480995c111efb5eb5a
09-07-14[01]	49	bebef8c6dd32caf93ead1ca6102f5c6ca92f0b8208069ab1e654ada75627b337
09-07-14[03]	187	7a6bf70f9cb83ec22fe343dc95ac38d7412316c82553e2dbd4e26bbc020aaa73
09-07-15[02]	1037	069d7c5d4a6117ce27aabb45c3a2268d2dce426fec14d59824d6e565b64f675b
09-07-15[04]	174	b1267631df85b39ef6e73e1d4b5551f2c2bb0414566380669fead7d864b9b790
09-07-15[06]	187	59f86d58e84d2ddf26bc62b465f9348c694da9a168870af20087f7be6c9b6c6c
09-07-16[03]	639	b78101bdb725b618c02b6a0d184f45deb749628768142ea2caeb5a5a447dc747
09-07-16[05]	328	5cc908971d32b7f42659ac5cdd5c1c394508c3ee487938bbb9b031fa01810605
09-07-17[01]	71	b82fbf4b8bd1c47d5448eb6c4de0192b2eedbafe731c8dd73c9bc85d9b066ced
09-07-18[02]	82	557409881c112a42f8ce5e2272ebd0fb1d25c9dafae0a4e5be8b8e3ceb9c1ea9
09-07-18[03]	263	1ba89ae497de2c79721bdc76ca368a9b4c4a35e5ebe531b551035be509d242e1
09-07-18[04]	93	5a29b036106a7dc18f1114a68150a93fbd8893cbe85597b63c0b13223bd1f850
09-07-19[01]	131	81b064dd82d41c5254b9fd7c0e6260afc8183d6d0e74340d110090031c962471
09-07-19[03]	120	b16119ff22375fd55f298ee00f50aab9e7ff8bdf50386c7def282046b9756a72
09-07-19[04]	334	730bd6ed4aecd4bbfde48a4ff2452baeab7ddb0549ba6a5380d442c7c6cdac7e
09-07-19[05]	112	b358f02c040e1115fcd342f3d7cca3be2eee40df9fd5d8cbfb328592165f194d
09-07-20[01]	323	ff0527f8be587378d9e2d821a0f11fb08a1fde76f4c5c26e80a400634558d848
09-07-20[02]	237	18c7ea25c07748192baaa068c5d25d65c812450f458e850e9d44e5bd75a46b9a
09-07-20[04]	2145	6e6d3289aca3ad07a32d2e529f1adba73fbfacc46454788c12592ed62e51504e
09-07-21[02]	167	e5390f4ffa42c15192f797c08261943b5ac2f6fd00f1025a9b00b3aefe783a14
09-07-21[03]	287	2ede49622e6326c8921fbcddc704be799235af50729101e841ee1e290d478215
09-07-21[05]	75	c76e200374bd74984a13d258a9c02d09d712fcf58f830ac91f29d2cdd26486c0
09-07-21[06]	58	ac40dd56980396333627895791f5fcb14b2a27c2a5267465b9273ac17d043cd3
09-07-21[07]	825	476b01553399f25ba1868cdce741974678c9aabf86d5f1af0f1b36bc8f61e72c
09-07-22[02]	610	6d05e342325c3f5b4c7fae51c48ee07e1295085c040d0f973702c1fa1e2cdf02
09-07-22[03]	121	5f3a9a7cf481493dd2c9eaf89349008d4ebd13455a3b40bf27a0f21a2c2280ed
09-07-22[05]	260	e94e5d27eae04e727c6ae049d96f88d4ebfb43f291971c3fa427ca04e6cf3b48
09-07-23[01]	915	a7031f96d805d0a507ee52c8ef688adc4a797c46fd9af47ef25d6b2aae243f18
09-07-25[01]	2110	0b720355b45eaf297ce4987edecdd5782309b6fb65363dcd3541c94fd689830e
09-07-26[02]	83	83e2def95f4db9a05fd8e05a2ff6d8352e149eeff0477c47bbff55219b9a4d23
09-07-26[03]	345	b3f3e3294fe7e8c0660b86c2beb8ec273d5a1bc92f08d4f15b5180a5da81e91d
09-07-27[02]	813	b75c7bd6ab36c95ce74a7df6ecdaf2a3111b73464ae1efeb432f9a9df1519071
09-07-27[03]	124	2ecec9d8177725906be164a6cd303a60d557dbd64e99dd4f911ed0f830d03e35
09-07-27[04]	153	45432a7ffc5befbab0a5f322f592e1b71f71c8460efa7284040aeb4ea127dbb3
09-07-28[02]	662	9505b32cb426469a2616da2c236cc257f2174f4889e5562a0a3290c22ba8506c
09-07-28[03]	86	8e0d1e42aaa1d062bc69f993f8857f908e6d156dfea99c852ff1acd31a8112b4
09-07-29[06]	212	eae3e37a3aa4b1ca7c9efc5c966cea4f6af19de346801eeaff0e160d7157cba8
09-07-29[07]	140	247f5117c21771b7bbac3fb869147e4bf8529447f049926aea5bb5398ffa87dd
09-07-29[08]	454	8019d5c3b89dd1c22abe2f58a3e6bec56f294c8d016774f03bbfb833677573d3
09-07-29[09]	81	629267abaff7448b83db781a2691aedf2af7f79e843647046a7873951ac28a7d
09-08-01[01]	728	9f44231cb166e9f82a31a06a073dc551e8f8939c93bfea9ae34754cb3c1dd559
09-08-01[03]	964	bc099fa3607ab9129483804f891ab52b6b7354f2bc220db5f03d388957ba7701
09-08-03[01]	91	e21945abb28819a1801d5da4ec680a9559f7d30524e7a3a5798afce953c88120
09-08-03[02]	295	afe171888c894fdbd5330143abd194eb87e7c40e6b5a7351b56c852b9b72781a
09-08-03[03]	343	5892f94533d08df91a3b94404abe2f318b9bf1751a44196662fbf3b737618d64
09-08-04[02]	304	61b77920c4c682a735767c62fb95a7a6787d0e67f9534d6e5d9548a0ac62f098
09-08-06[01]	131	d7fe1115b225da76d727c570f59b02f87ce61df5a8a4cdd57655d346091a02c2
09-08-06[02]	727	7462d6950e52c803214d9ff9ba699d412aef491102a8f39a3a9020d7f68d1c89
09-08-07[01]	72	59a73d4eca0677b59221d3f1dab4465399d97b7afb20c6b8479013decd8057b2
09-08-07[02]	241	c4f41092af702a72d8492675e5d7f11dcecbd8294bf27e8668c46b8dd06768c4
09-08-08[01]	92	c0372512bda7b1e73d0dbf8855252ea3b29fdec8cc4239ff07decb0556af6f53
09-08-08[02]	2040	7d6a3d42a1eb4926b3b82888238ae6d6e82b02f6265043a4b3b03b587ecbaddf
09-08-10[01]	1162	d5ae4240c29946353bf3e95f4f08b42e1d8efe1fe273a475f7afce010df42d85
09-08-10[02]	1422	a828681f602514a929a94826218e4f0dc0eac5ec7b3844b9dfd750c90c86b783
09-08-10[03]	472	b4731689ca026e22b169dea639b2f18ab70d741c1951e1732e54a9b38bec2932
09-08-11[01]	49	4da88ab976e7a7355eb5003c061ec56cdae894b0ccb8ac368021495711b2cd55
09-08-12[02]	674	44e84602a1d46b021b6d87a0e593764ae409d113485da79efd1f171044658e7f
09-08-12[03]	193	f39fd0206b07ec48592521358328fae47219560b4b5699cfa660b8b72f5e41ba
09-08-12[04]	60	605a925cebff9d687f4db02d971e5fa6a5dd570c8896ef880a1256579965c82d
09-08-12[05]	74	9962c7801e31e22c670f6f80b34a52b3eeac2a0c84f6926d4bc359812e4ff612
09-08-13[03]	363	50c963501b22f33a046129b781e97d33f072488b7054c446be170858c9638732
09-08-13[04]	317	e65b728c68ff1eaae81c251966e85a38f805aa4b8fbb110fa8acd834cfa8e188
09-08-14[02]	65	cd14115c52d1a4c70ead124af7c29d3aac00663cc8d80de7b0a24c9bccd054ee
09-08-15[03]	792	c448a51850a152d051a0266b506714ea7c41fa852a80c970b3fb348e238fc84d
09-08-16[02]	250	c322cc5b72c6d7cfa612affb12b9f0e7497bebc86791be6401dc9550fe1fc786
09-08-16[03]	1022	91042214373fb98166f057774fc5d9a46119934f5366887c3fb2cc8e8dd8fc7b
09-08-17[01]	633	ce148eea000e0e316e1d2887baa3bc88ffbf37458438542880165038e853488a
09-08-17[02]	433	5669600f4de44bff5394818c3978eb0d66f5d74e82b2f1c0b7a349bd0b1b1a74
09-08-18[01]	88	e8f6bc6514ded68c0d2cbc4a29b7ff003f8eb4128ee9f9cb06240f97eb8240d7
09-08-18[03]	315	5d553f79d85a4bd8ec4bf77720c1783e983d63435951e66e092cdfbc62165c22
09-08-18[04]	89	a03e03beedef5d217a4035d77340055019de96de4316cd8431ea744785975357
09-08-19[03]	161	a5c965b4f58a047b9748b5f8a194134922f1ef3dec1308874ea8b5e320b47796
09-08-20[03]	787	b411e4c61013731da6716221254d52b3e0a053008e947ec558114e04be94b860
09-08-20[04]	820	a464a822416fa94fa5d898d70ebb7ac4e4cfcaef5c5926548a8f5079b2bbeca7
09-08-20[05]	380	a4b4198e7b09c9b1fdca5f36ed56df19af9f4198857a164784b2580c015e3203
09-08-20[06]	297	bfefa7998ae684a5d74cddbf0255e601f1f7f1b886edf2689eca9dc3e1c6b929
09-08-21[03]	180	1bf843d2db664f71f914c713315d389784059b893c45d96627ef58322e1757ec
09-08-23[01]	95	62518211ed7eda9e632d3083a2eae091bc2ba21a5d2921e591735bf748fb0e0d
09-08-24[02]	700	49f56a170dff0b247f6da0836422260d469fc81410de257544a29ca2b03ba4d2
09-08-24[03]	404	28472b4ad0fc4cd2d563f2c24ccfe6e985032a70cea65e3b67053b397f659712
09-08-24[04]	313	87d141cb048dfef84b61251d5f4dc2e7bdd14d961840d656bacda8a259590d25
09-08-26[02]	1642	ae8d977bdd25939a0f11bb0bba825505a3df45942739bdc3c1592fb22538c3f7
09-08-26[03]	482	c0946623fbf7ffe294087fb3f942c0426bcacaf8cbd49167e7810f4e71b83bb5
09-08-26[04]	674	37960fdedd0643a86fd53d80ee7eed2bc3b980478770a26662409c5b546beed2
09-08-26[05]	170	468e1989854d678d8171ec1bb25dd75db789c233079a9333040aee8cfd7e7ddc
09-08-27[02]	663	9cd84c01fae2179cb195e81ce2742e2f38f08e6db649d75254de374284fd906e
09-08-27[03]	159	f62c775f8d1f3f48e7613e7255496e2bfc7a3f9eb47449dbd807ba8b10834482
09-08-28[02]	272	f483dba1978661d690366f592a9ff712fc28ebf93f95928973f09466acbd9493
09-08-28[03]	325	6c709115c8277b24af5d88154f56c2fc7dd37b6ba681dc21d4cb6890be21d0d9
09-08-29[02]	1369	ffcb8e457d9c21313884024de8bfb99af653bd5b1ceffbe9f8108c984eaeea77
09-08-29[03]	411	c1278b2a075e7f62c49d709ba934efd14cea58d8d3836dc13cb9b007004e82f7
09-08-29[04]	343	8191f09c18e65a5471c600e2464a5d12398abebd12d684ff2026b038430ebba5
09-08-30[03]	408	f165fc5d53ec9803a5d934837458439f12d6ec4d8ce8411320735d480627acdb
09-08-30[04]	357	b74adeeb5e6553b1da44c36dc8fdbfd958fd8d9996dd3d9285de4338f46c0b52
09-08-○○[01]	6428	758ebb7862bf9bb9d13c83b1530b550f7a48c7435e4f65453ab69ec572d9075a
09-09-01[02]	431	3dd4039cd052799be45ef6099f492c90b16f0591e255d1e821805e5fbc482957
09-09-01[05]	413	c3608d13a7001fd6be297c1899fb23e7a5823614accbd4962407f880752109ac
09-09-02[02]	152	a72c789f6e47c759c2b796b5148de5b4a602b9ef0d29151f26269395fbd4daf6
09-09-02[04]	541	57baa170f083ac297b16a202dc385978b601c59b1c63b526097020329b08716a
09-09-03[02]	314	3d9a409798da0faa369846e06391a9dc8189720e5c585deea4a1a8fe5203bbec
09-09-03[03]	140	908451ba98ec6df4b04b6d0bcb65930041dded7cc190d9dd097c62d796971941
09-09-04[02]	420	ea3bb0659317030910ce36ad3172ce5c3a540b1ab96e2c15e48fcb49748c5c3e
09-09-04[03]	858	f791233ef604dea8caf17e1755171dbc1a26e6d49b83df70c728f532b300f336
09-09-04[04]	316	c0b0c91ddb9947de585354d9b0fb79da3a1b29671787f2024f1291b03850b0c0
09-09-04[05]	458	4f70590774ebca63764cf8e9ca6a2844e304c03c3a5508ef410ac561f9d279c7
09-09-04[06]	2446	1885e8ddb552821ea2771cec52b7bed09cbef64d65d783aa40499166da991586
09-09-04[07]	1140	52dffbce22351b823bb7f016e05f751057324055340781bfb53c937c887edf3e
09-09-04[08]	231	99f899f61073b77862fc880d999dd54c287909b0ed06a66683b5f654ee025b47
09-09-05[02]	915	6418094a310767421f0ac9373681d67adec8a56ec4929cc7afad4decd2744751
09-09-06[02]	232	d2d3e309e515d30e8101f74135d1c1f980621cb0af9a015cbbb9540825aa7418
09-09-07[03]	642	ab9506858206ae6a8177ca056c1be4e02e18845e904ac725cef17df590fd8fec
09-09-08[02]	313	97a09e26e42ecee83650678fb2f1cc8679294adebc4c4712f4ccb2c8ed1c48fc
09-09-08[03]	357	59e4695fc64d0e535389af7d00512aa55bd2fd9b9d824979736f39d9a68f4b1f
09-09-11[03]	139	fafc32725b23009c334d89d47e7a3ad0794bcfd049dcaaa8ec4fa84543a3a677
09-09-11[04]	156	1543774f65b034b01f3b2b4f81b2f5799a9ae5ee21f5e7799a78f763831b7379
09-09-11[05]	128	d53b629f344c76a485ef140810fe03505c858a2f54371ecf8f0d75ada880b7ed
09-09-12[02]	637	96572bb559272a6aa4a7161682e5f3b231ab428f0d15b4b2a0589e1939b3895a
09-09-12[03]	884	61c5198ede7a48f9b3ee8cb85a900702ffa6ea78251f9dbfe2076be7c01e609a
09-09-14[01]	746	cd33cae52b157b94bb23613c17e8687ceb4bbb642fa7ade05a826f56606dc3b6
09-09-15[02]	284	de45c6e604c9efb80b506aca4accea093e938f75a53d0625c3e12dee3d363b17
09-09-15[03]	203	1507af4ccb48d62175d9247169be2b7cdf0e259691db571ef8190fcd32adcab9
09-09-16[01]	2694	546a19a307f0040ca5f777d03a01310ef28cab42a687081e1afd0969df7faf08
09-09-16[02]	529	60d082fb07b2ba3559100dd9314fc7aa72aafb3b2ced59fbb06fa4027760e58b
09-09-16[03]	411	238a8ecee3e920eefc614ec66d40570a4144d1f3196cd6796fca97b87b2e7b11
09-09-17[01]	901	2b37416bafb2341890cd966d1371c9e8cb919573816b1ffff357721b8426f4c9
09-09-18[01]	2180	90b1fc15132df9a036df2d202a54c0287042fe742a5efb969fe7845756266134
09-09-19[02]	86	4874bc7dd239a3acabdb71f7c24148b4e1c44ff228b2e5dceb5484bce10dbf33
09-09-21[02]	124	3407ad9001cd965a929e4427def45b209c83afc6ec141e4147daa34d5ae14dbe
09-09-21[03]	108	80717d877641aea28b88bbe99bd2f26f72c36febc9fff6f8a65ef34bcd833d37
09-09-22[03]	539	ce5c1651a07f05116107cf09a7573108c8a21430e0691f21b3a1cfb44d706f44
09-09-22[04]	964	795b133acefdf29cb4e3234c22d0211188b9e10da092671e4360cb4a0016f96d
09-09-24[01]	1003	fbcc1dcd7f8f8ddea8c7b1f684544ec1ca637675801ee395e429f458232753f2
09-09-24[02]	955	7a03619def5c1f7601c10046a9cef4a0cec0d240717326528e02a38ad27fdc41
09-09-25[02]	477	7239199612b23147421f20b2dc947909458d113a0bad987c0680fd16c08e22be
09-09-27[02]	548	5a235ed55a8de5b013140a05e6b435b873a917c519db9c1e067d8f2d789e74c2
09-09-27[03]	294	c688de7c463d9f23b315073b41503e22b2c2b184157d74d92f95e88bf700884e
09-09-27[04]	588	ae3bf3bea7022dc2450918cd578ea3acfe782e3215459953791b61600e2b6fb2
09-09-27[05]	99	63dcdc9275322469bc2f00da81898a6d02d380997802c593054b7c0dd95a7b26
09-09-28[02]	210	490bdc7f2f81b93b5da7bf6211e30714a9938b84a6430ca7b3b66776f1ff0ec0
09-09-29[02]	1650	1763c5bf5ae8fc83f243a74c973659decbf8ff6cbf8515132f9a7c581c27f7ea
09-09-29[03]	1624	7e6f800b9aea15529c76a50589591ad96d51584e1ea8d2ce19268041881a44ad
09-09-29[04]	334	f3a034bae119ea7cf63902f587c4dca607cdc5c3f4acf5ae7e8537285ea13a43
09-10-01[01]	203	b56e1565794ac1ca9159042c008932d2a3d828b8b21042a861a424493bf139e8
09-10-02[01]	194	97cd46b258326d8fdd00bc4cf9753faddbea6bb49953356170f7af6b4d06b4bc
09-10-02[03]	107	3207b621d8e63f45313c50987c22525f1decdb86ed788eedc0bf596689756c08
09-10-03[02]	235	0d2137b3cd9209a4ef457e1838bbc6f6738d2a7ec32a1ceebf68e9e40d44340f
09-10-04[01]	193	254deb49f2b901a2b1f5516b1210402c539c872e54a7c323fb015f6b4e66ab30
09-10-05[01]	129	506a3f6538029cf70377b35cb3897fe02c4d03411d0ae5514de512bd50360eaf
09-10-07[01]	323	9fce3ed7c45644655c37ebd2d3989db73163f48e88045cd6ff79365596761500
09-10-08[02]	3910	34684339b9641ab96ae7553d8a474ea24d2fc94131920da1bcfd1fde74aa8455
09-10-08[03]	209	ea3263401f33d57adc00a0b583e13721568fc5bd8701f5cff8291456f5598d6c
09-10-08[04]	63	07bbad943f34f7c6081b4cb9d9e5912612b480fef79de857907f5f7523e405cd
09-10-08[05]	272	3fa5bd2686efd3e8b47a3430607d75ad6c59b801adf05207062f524491e07794
09-10-10[02]	137	6d99d08fca7b928c10248443d496142ddff5176e8a75728c8212e3ec92fe11f0
09-10-11[01]	228	67d1d4b843f3538c7f32b7967ad5f845bb8d52e5a1ff3196b9d0be29021bc917
09-10-12[02]	147	2a5fe12f419b43ddfaf81040999b6cdfa6800617211e8ea935b1701d4fed9886
09-10-12[03]	215	0e1e4a13bda0bc101a8c16a5d8ba47e5c1a2d98140e5d6901c2776ba827b6e98
09-10-12[04]	935	a9ac6e016ceb597c5b8e63162fd23c262b67139c2ae00a22279c6a284ba09fe7
09-10-13[02]	188	8af4032b8bd373251739c221b12e89f781c7fa87757cea5cf57187f0db436bb6
09-10-13[03]	115	a5f5c0fed5ddff170435c80148fccff0121dcba6cf99624358c9f16e3f7bb4ea
09-10-14[02]	135	ca66d3bea920f6b1dd3180ecb768bc2d85b6dd0c62bc0bd210f73b836fbee7c4
09-10-14[03]	129	830a03659585a756e38df04ea44f4da8ba36dc3a934960cb1de01adb8ee26a9e
09-10-14[04]	132	b93bff359f2b392bf8066266c29a6b31d078d8d202e96d8f099e6f51f86da67d
09-10-15[02]	151	f8547decbf41be2f929a22cdbbec824bd6059c9d3f5c2f99b2f84a90ab814eb1
09-10-15[03]	100	4a0f8ef3def9bccbba3b65112440654740955db70dad5da28343061caafca320
09-10-16[01]	2320	6de10b5b05c23a4fb67f7f6dd5c87a12bfa452cabbf8b2ff9ff5ac3c2f193232
09-10-16[03]	295	dd81622232903d3da3f3486051580713fd2e0ef7f8959ddab495de08b539f3ed
09-10-16[05]	279	4456bd5cc39a239bf5f1a3e74151f9417dd6c1db2dca38b27766212d86c801bb
09-10-16[06]	182	84534b934f2b3b28aae02a5e1d68d8323ebf1ffd595535b11c11acc01e13eb28
09-10-16[07]	1523	b9305421894bc92efeff43cc60a690930dbd3fc98e77ae67f5fd987b658b45d7
09-10-17[02]	65	d34cb5b12a8bd54d29392e46ac1f43ea4410911f957bf8c001c57c6e49ec8851
09-10-17[03]	681	af6d7ebe808dae69bd07626b2d52014cd9ce2d6713bc1854d981ec7d27b3b4e0
09-10-17[04]	101	d6296cb2883c54f58b85504ca163a3ea27378195e1e42c2b3017df529869e56a
09-10-18[02]	290	ff1b40220f92483ecc0ab002b293a0c89ca49574ce8a2a45480263453fc0f384
09-10-18[03]	99	c1921bebd00c79e2f15ff30a48e8f4587cb8461b419319d999950eb4014831dc
09-10-18[04]	488	d261b8cd2a574f7ed83e5d28cc42d6d1f7211f01ac85e013b65128c0ca80bc36
09-10-19[01]	554	d7af4187de3564ceb80452716bfcfd106f8431efe2d48d06022ed294cd2eb5a5
09-10-19[02]	1117	6d01f072f33648b2eda36395a597e482857e2a0b3416b7e349455bbfb7f318db
09-10-21[02]	125	bc1780446f281cd032fdf85168359c0ced683941e9996251a4bcecf647c9c47f
09-10-24[01]	407	6a3d61bf418ca6162a3b9d49cdd9e6707bfd3a426023aa3a5e9c19a24160be2a
09-10-25[01]	581	4d947d708593ece2158275f044e30cd53b0759a632ab8e91d6afc356a09ae2c0
09-10-26[02]	93	0c0d1f1f333282d9d15afb1e806d38e58b453d2261155ae41faf0b208f4e5ac5
09-10-26[04]	940	e95acbceb22c916c980a1f577f7988093e80edd949e85830ebbd2e8b22987873
09-10-26[05]	105	21c95dffae6b568936597030bdc47b203b74126cdb57ac6481cdbe5c23582db1
09-10-27[02]	167	10f24291bc275762ec9b3dbd456695b91577a3de6fab1829aa9172fbd487861e
09-10-27[04]	238	d064fa7c89dfeeec766badc5364e2307317787a40fe924333162fdb519b04b97
09-10-27[05]	278	34187157a931569971e5b517ab488a43216cf81c80a31d783491da0bb2658d59
09-10-28[01]	769	70f8849ab448e4c7495c2bfec1e3227b0fd6796f36377043be0f810c6ec9e7db
09-10-28[04]	353	2e0fe7326a1cdb80c370935561ad7c69b334e8f5f31f56e074457460b7c7272f
09-10-28[05]	133	8813f47e311730d9794e62d45aa53c3f34401432d8b5897205605952960d6eaf
09-10-30[01]	457	38f1fcf7d686e2c8d29d004f872077dbdb86a50f147454e8a9a83c841962cde1
09-10-30[02]	365	6306b880809ef14ce887449c0572b9b9620865dd9ffcf9ee2833ad17e509b240
09-10-30[03]	255	794f382016a71ad7d186050bf38f26168337eb0a11746c2c6572978a85a651e2
09-10-30[06]	364	2b1dbe6aad936682e00dc378cb7e2d5a32d8385d1404a976f622e3f2b3369de9
09-11-01[03]	115	4b801bf89256fd0ab15d6de7575e15788ce9ad44ca602440940a5b1b516507b0
09-11-02[03]	151	35502e28c65ef97321afd61b552a380703414cefd18c317d339a569c5bb980d9
09-11-02[04]	412	38f4cc870a31177f651da9d801217a00a26c1871c7033c22b35696be96ca40f1
09-11-02[06]	286	3a16a47f724590e80a32d3ac272ca711f3eaca3dc39eb6429b58a7735e318fb6
09-11-02[07]	401	a3e40897e6204c502dd6670139393706d579fa8bcdea371040bec4d3a4337bdd
09-11-03[01]	207	880c4abca1497885d86177b3ddeb19be0e963350f18e88f4a1d861b62df6f17b
09-11-03[02]	112	56d23c3dc0071af49ba3e0a45972e709be3223fb0a014955aa06bd4bbb317a29
09-11-05[02]	908	3dfb15a3843121b936575377342f2a41ca8afbef1f07d85391a4268afb08b89b
09-11-05[04]	121	21cf89d15e46115e1b423aa4d8ac0d95a12442da878f897c8f8a381e80c730ee
09-11-07[01]	97	359f66442de405680d4389c9533642e7f09dd26b48ca9754db7085fe2c1f7cf2
09-11-07[02]	2128	0a924f32f3092805fac060ff7f9d59a922c0e45adffcc9868f72c56e6ba48d30
09-11-08[01]	618	9c924760c6502be7595c6a9a9ef9c81985acf05e3f0c6bb08477a81cefba7d54
09-11-08[02]	600	ab15c3cde25654308b4e1c2555924392ea4bafefd402c2f71f7a548c2ad7517c
09-11-08[04]	1222	53538c7d44625554aba842d859928656f371c5338655e72f727dd7a75ee694d9
09-11-08[05]	93	71802882f41886fa4183fc86688acf8790226cdebdaf7f9f8f0a7be8dd1d7b6d
09-11-09[02]	168	e03a49b74c156467c26ad074965f02dc8f55972c3f736508016d2e52ca8a5476
09-11-09[04]	586	55e1963dddac43689f1da6f91b982feb11b786a4b90f4ca6bd7db11f476ad0c7
09-11-10[01]	468	6e0da03ce1fbc02cb9217455cca370df38d2ec80eb68c2a34d14265a2b270d86
09-11-10[02]	494	49beb9c940a7bcba329949e39b1a149d9896c8ab78612e8e36359ded970d3945
09-11-10[03]	654	ea2bb036fd047dc3d16c1b1d0eb292c7cd9086e6fc9b63784fd06f7c4ee11f35
09-11-11[02]	1907	ace532c0278bcc03030c88231a92c4421335a2fe97b26df4a1638f9dcd7b19ba
09-11-11[03]	567	e78b2c970afdfb8ec09258caf24e8ae3a58cd8bedd2479473d307253c44e15ee
09-11-12[02]	840	5a38b093cf31dafa388631379fe55aeed6c8bfe8cff082b8888bcc7b79d8fd25
09-11-12[03]	468	62d29cbe1ee67925a0e03e0586a3aeba895853fb4edaa59476db9cf49188011e
09-11-12[04]	736	372c6a6a0fb4aabecd9a8457959b651a2a0a6f086634b440f59e7bfa0a67cf91
09-11-13[02]	233	cb2c4c1f9ed60e9e259901a9c95944f623ae9ac35a0ea4b26303543e3d5913bb
09-11-13[03]	216	c95724c7a6378cb8a2bff84b842570ca4c9b9fb7ec8c46377b381babfa09b595
09-11-13[04]	414	3a5f271f32f0945aedda8531659bb4329a6a9c89fce6b346fe8908a82c62a943
09-11-17[04]	296	c086d264869f809501eb8dfee545bd9d58524392c52346ef689a17864561c315
09-11-18[01]	91	78365bdee5e60ac7681a1503dbae4e600243815e4d11dc3d18e8f542bdee8750
09-11-18[03]	851	467658ebd1595853b83bc33691d3dc2e474da16449e7c2bf29fefba2d55b4d5c
09-11-20[01]	147	ba63eb96483779b2135a485a634f36e49e2479642518eb97c3828be9241343b6
09-11-21[02]	88	dd42abe7e9c26df3a939a368953ffeaff7ef2a41777b36db903de31820a84298
09-11-22[01]	150	72ba2b1f1e1cd73cdbb03e7e0d4d882823fe10c2a8a876cc6fb8dc87d3b4e5e6
09-11-23[01]	526	4f9b0118c8aa14fe6be8138d0d97995955249d70fa0b54430d5a867fd56f33d3
09-11-24[02]	119	9d1b8579f4f2e871863fd6d4e2323b1ac9113842dd7520f9cd963bfea6e109f2
09-11-27[01]	287	cd0424786f1bafda53c76862bf938ddee15d144742139fd54c93eb6333e3558c
09-11-27[02]	845	6c0d3a95c37aedc6fa0c147fd8c6ccd400a31c856896731f351d06464dbc2592
09-12-01[02]	131	fcf982b88b17446628c6eb4156838c5f08c0496f9c856d602cb50ea1f2c403fb
09-12-03[02]	495	f19659ad7e0ad3b6d86cbfc233c821eec9528346d3dd974ed61241677c7ffa3e
09-12-05[02]	133	a6ce05c725e7a2f2bb79c92716891d9634607bbce6a23d97aafc506f32b9508b
09-12-06[02]	81	34bc09faa87fde589c01ec722fb13bade111a6440380fc1e777874cff47020e3
09-12-06[03]	266	90b21077589775d392335af2a83fc84be9c00fa37c7cb253c6124389952a96d3
09-12-06[04]	254	3defb37d8650ffdd9e58575683aff7fd964d76138a612cf6f94e90d5085d640a
09-12-06[05]	265	0fde78c35904eb8efb1654ee90eb45bac397b0243ce1b8c50e4a6f0b4473c3fe
09-12-06[06]	153	cc665e1ded1a2d56f71d028c638a8891c82273cd7bead2288c2946823467a3d1
09-12-08[02]	374	b59aa45502d708805f678bf52d64284c7d10105e58dc7a3408a50df039c87ba3
09-12-10[01]	98	ce40e80e94f0fb25f0d6d616f9bede729d16fbf7913951c4beede2828c85da5c
09-12-11[02]	377	c09bc6916418e54fde43464738bdc68727f12106306232da15601a75d463578f
09-12-12[01]	439	319dbbb3eaa5e8c37b8ea8b15aa1c93277167ae533a7ef2f852d40f93b8bd0c4
09-12-13[02]	369	a3b0c51d55873f8a94d1b4d453df9aec64bbe11118dc103940818d21ae5c2817
09-12-13[03]	383	a9152a9bf5223f9b0a5cf8c79d31b1b3a09c9f17a24e2afa24bbeef7d0d0bda6
09-12-13[04]	486	a4e646d6acba756e5365cadd9ffdad77a18bdaed7716c097f2dd5e0187e0d585
09-12-13[05]	130	9ec0448ad97d4b89438336240993e4f0150af5c2b1f70fbb5e0dc0bf649faf5d
09-12-13[06]	555	67b59467faa99adbfd7fe39a40354ca24426a1c9cb27b88aac1e1a2a67d0fb4d
09-12-14[02]	1053	9c6fec9e129abb77df1646702960c4761ceef452367a6bb884f8c6397b60db16
09-12-14[03]	436	593c0d62d528d9a4af127f1050a065278577dbb9505f04c8e35b2b6eb6cc6aea
09-12-14[05]	147	4d33bac95ee175e7014caa05b570f43d42d13deebe7ed72f75a0b9bcd37a6a78
09-12-14[06]	57	432e213710025fe2efcbb954bc644f472868409b29e06fdfd6e8b377249be05b
09-12-14[07]	358	e5dbd1e56eb0b9b519e4a93c0757d3108d899bb3d3bf474474d99a87345f552f
09-12-16[02]	478	25e0cdd6a53e8a6146595f17558e7802809e89c4002783120c3151855dbb9832
09-12-19[02]	259	b58dd02be70ec454ec96707d545a05b752349f27940efb6e9ff2e7aa67e5aacd
09-12-19[03]	126	6809960facb2ab7d30144dd936d4f453f271644a2ff63a51c58d1b08459a40b4
09-12-20[01]	425	c9b136f562c78f97e5b436e1c4e175338d2459cd1c771f39302253f7fff695ff
09-12-20[02]	108	bb4b22186d1fadddb6a55311aeaf8faaca6ec416360a01734da77cf5b8673162
09-12-21[01]	453	6db87881f6f4ba31a15831fe99064b46d17dbe643a7143d4c86e072c466d263a
09-12-21[03]	174	17a20fbecfd8be48273496cba8f43d20915e1e1a02f4d0050de22818f880068b
09-12-21[04]	223	b05199f6e1bd9c53abe8c88c228164fbbc2828c76850d8ab6d956491d8d6a973
09-12-21[05]	412	2db9965e8631ecdf25ac841ef23145499c5e45a68e6a9ec817510cf52a8c41c7
09-12-21[06]	742	505ac25461fc19e989938e280bf04107fc371b203efb38dab1191615e08e76f5
09-12-21[07]	955	7cf0391b8172c01b4e38cee394a8e481dc2eec087bc9b567d4aaf9a4fc97edcc
09-12-21[08]	97	3328fb0696473d20ad3a528fd2eb6b86c1bfb10d325b4784ff04e2bd661df4fd
09-12-21[09]	296	5b9163ae6be344a82a854b39771e2abf1f6255c9d6fab6f64fe93b11c91b16bf
09-12-24[02]	115	a5e0673d091fd6dab79fe36b3078b8171a28adc47b7b31d574249a7e1d2ea938
09-12-24[03]	160	115f72cf93822a68d87fb4e62e8a0ec556764f0d9892c2e931820dda3301b4b9
09-12-27[02]	136	7b7a94b2e5218cdb209ba25a013354a2bc21d62644516187a718a3549bc03a02
09-12-27[03]	532	c6252761bc23ad4a088d2097ba2ec91bbb4728fb051aaf1e57deb89406c21cd7
09-12-27[04]	248	192932094653fc921acf2aef839b2389c93755f290b4a207161e9f18fb85e543
09-12-29[02]	103	d949b60a50be0a7b054d9783d1d597a2cae8b035f64465f20da8217b54aa932f
09-12-29[03]	104	e40ca0a89b60263f894970e1154b34c38c81545b78ab8ebfc86d6fcbd8aa30f2
09-12-30[02]	75	2bebf02a659134cd9ae80f2bfe4a0851f4fb68f0e3d6ba1c91e7935f14759375
10-02-13[06]	1777	b7acc66efa0f67ea087d29e69be6de92449f65c38f6de812f68eda5c79086c0b
10-02-20[02]	114	98a6c1dfa72b9f17b1d61d3cae3c1db6c7b4772277b4319fde279c341931f4b0
10-06-14[02]	2165	9370ee7fe4777e32d4c4b5eb79b3cf1219c15b06daae857cedd47d778c001d8b
10-07-03[01]	1900	4cc42e6656a563e1ab58b74f55f83befed72d2d0db333ebabfdb53646843286d
10-10-20[06]	2620	ce9b1b8fdd9fbbe57659c8d9afcf65b52778a274b8d72c15fed75a5d85df951d
11-01-16[01]	1032	17b4ac0b645dcdc4ab3837282681cb51f7feeb2753384681f7a3ceaf08b76583
11-08-18[01]	2964	898827fc850cfb9a2bf6ee08f76576f1a2a799befb00b5329a6081e0f32f41af
11-12-15[01]	1585	65bc6ac376dd90f1089c7f3b1ee9e8f686dfc97641fd62094f5f7146826b063e
12-02-19[05]	31451	aa9b17d29922c9746464652057ad5c5a63abe0ed386ffb582027e628e1ec0532
12-04-20[03]	1184	e498df65609fbe2a33715e8585069fe210c36a7c1a074ae565afc074585dd8fd
12-08-18[03]	120	7df4fa11d4ca163a5f6d028ffa0c3011fe9a570c5da6c7f7ad81c3dd64181c97
12-09-21[04]	1976	db5ccfa615e3a691d059310f3c6282148a2439cf8fddc9d476cf8b6831f956b8
12-12-27[03]	109	021aba7ffed2f31159673fd10be49b9cd857128a7ef938ba117abd0d7fd2abc6
13-10-25[01]	131	bf7331042acd694a016a36dfb18820aaba788c2549232207c004085c11515c52
14-03-06[03]	1007	7309dc78ae1a5cc63c725c1176a1d7b9f330d838918ed386643f34d89070ad37
14-04-12[05]	5595	552a37449eddec040b759bb96335da395fb341acd61e35b97347bd190a2d5eae
14-12-14[03]	1672	4a36017e282f38aef4f6e40e628b0d9571fd67c831b561fe97dd7abfb434dc15
15-12-12[06]	870	a5529b0833dda12a019bc6d7d48f4760902545cec15e377e93985daa8e33e28c
16-02-14[03]	2686	a0b77e5c652b31b175caa4d4ef5c9a2048eb39af886d1fa9dfa9e87d8ec50a45
16-08-17[02]	436	82e5a65b1c74a69e3ebcd4fc0fd89566e36cc1c5fae75e2e418b16f5f9ca959b
18-04-16[03]	488	c3303fa62747bf5ff6d9e40d83c68a4386275da3df57693e7405f10f647ce724
18-10-08[04]	301	baf75874218df3e5c281c1f483554d27f190d1af5cc59cb7c76c8932aaf17e21
23-10-20[02]	2251	94708bae627bb5c0d93cba8ee248c67bfc67c0907e559771802bcda7b0a6f9b6
25-11-04[02]	606	7518c732f13df2d9c6f48444123b69c123f415e90a034ecdc845afb351592bdc
26-윤07-05[05]	838	62bb16261121d079e8d4b682d6251e69c7ab29636d5f586a4b538b8d892caba8
31-05-06[01]	58	9bdf5f2ba13fd40a2cb1d7d52bc1e31e682a11cb04372ba51e6e9fc5a6bc35fb
31-05-06[04]	247	167e3f1cef5aa965c3577770ed58b92fbb9abff79dd5e95eff1f1d70b0bc26e9
32-02-22[01]	10204	2db310e4d167b8bca447627e1889e88c6ee18de389d77d5d56ea1f647c4f5a53
