id	used_in_wiki
00-08-11[01]	yes
00-08-11[02]	no
00-08-11[03]	yes
00-08-12[01]	no
00-08-12[02]	yes
00-08-12[03]	yes
00-08-12[04]	yes
00-08-12[05]	yes
00-08-12[06]	yes
00-08-12[07]	yes
00-08-12[08]	yes
00-08-13[01]	yes
00-08-13[02]	yes
00-08-14[01]	yes
00-08-14[02]	no
00-08-14[03]	yes
00-08-14[04]	no
00-08-14[05]	no
00-08-14[06]	yes
00-08-14[07]	yes
00-08-14[08]	yes
00-08-14[09]	no
00-08-14[10]	yes
00-08-15[01]	yes
00-08-15[02]	yes
00-08-15[03]	yes
00-08-15[04]	yes
00-08-15[05]	yes
00-08-15[06]	yes
00-08-16[01]	yes
00-08-16[02]	yes
00-08-16[03]	yes
00-08-16[04]	no
00-08-16[05]	no
00-08-17[01]	no
00-08-17[02]	yes
00-08-17[03]	no
00-08-17[04]	yes
00-08-17[05]	no
00-08-17[06]	yes
00-08-18[01]	yes
00-08-18[02]	yes
00-08-19[01]	no
00-08-19[02]	no
00-08-19[03]	yes
00-08-19[04]	no
00-08-19[05]	no
00-08-19[06]	yes
00-08-19[07]	no
00-08-19[08]	yes
00-08-19[09]	no
00-08-19[10]	yes
00-08-20[01]	no
00-08-20[02]	no
00-08-20[03]	yes
00-08-20[04]	no
00-08-20[05]	yes
00-08-21[01]	no
00-08-21[02]	yes
00-08-21[03]	yes
00-08-21[04]	yes
00-08-21[05]	yes
00-08-21[06]	yes
00-08-21[07]	yes
00-08-21[08]	yes
00-08-22[01]	yes
00-08-22[02]	yes
00-08-22[03]	yes
00-08-22[04]	yes
00-08-22[05]	no
00-08-22[06]	yes
00-08-22[07]	no
00-08-22[08]	yes
00-08-23[01]	yes
00-08-23[02]	yes
00-08-24[01]	no
00-08-24[02]	no
00-08-24[03]	yes
00-08-24[04]	no
00-08-24[05]	yes
00-08-25[01]	no
00-08-25[02]	no
00-08-25[03]	yes
00-08-25[04]	yes
00-08-26[01]	no
00-08-26[02]	yes
00-08-26[03]	no
00-08-26[04]	no
00-08-27[01]	yes
00-08-27[02]	yes
00-08-27[03]	yes
00-08-28[01]	yes
00-08-28[02]	yes
00-08-29[01]	no
00-08-29[02]	no
00-08-29[03]	yes
00-08-29[04]	yes
00-08-29[05]	no
00-08-30[01]	no
00-08-30[02]	no
00-08-30[03]	yes
00-08-30[04]	no
00-08-30[05]	no
00-08-30[06]	no
00-08-30[07]	yes
00-08-30[08]	yes
00-09-01[01]	no
00-09-01[02]	yes
00-09-01[03]	yes
00-09-02[01]	no
00-09-02[02]	yes
00-09-02[03]	no
00-09-02[04]	yes
00-09-02[05]	yes
00-09-02[06]	yes
00-09-02[07]	yes
00-09-02[08]	yes
00-09-02[09]	yes
00-09-03[01]	no
00-09-03[02]	yes
00-09-03[03]	yes
00-09-03[04]	yes
00-09-03[05]	yes
00-09-03[06]	yes
00-09-04[01]	yes
00-09-05[01]	no
00-09-05[02]	no
00-09-05[03]	yes
00-09-05[04]	yes
00-09-06[01]	no
00-09-06[02]	no
00-09-06[03]	yes
00-09-06[04]	yes
00-09-06[05]	no
00-09-06[06]	no
00-09-06[07]	yes
00-09-06[08]	no
00-09-07[01]	no
00-09-07[02]	yes
00-09-07[03]	yes
00-09-07[04]	yes
00-09-08[01]	no
00-09-08[02]	no
00-09-08[03]	no
00-09-08[04]	no
00-09-08[05]	yes
00-09-08[06]	yes
00-09-09[01]	yes
00-09-09[02]	yes
00-09-09[03]	no
00-09-09[04]	yes
00-09-09[05]	yes
00-09-09[06]	no
00-09-10[01]	no
00-09-10[02]	yes
00-09-10[03]	yes
00-09-10[04]	no
00-09-11[01]	no
00-09-11[02]	yes
00-09-11[03]	no
00-09-11[04]	no
00-09-11[05]	yes
00-09-11[06]	yes
00-09-11[07]	yes
00-09-11[08]	no
00-09-12[01]	no
00-09-12[02]	no
00-09-12[03]	yes
00-09-12[04]	yes
00-09-12[05]	yes
00-09-13[01]	no
00-09-13[02]	yes
00-09-13[03]	yes
00-09-13[04]	yes
00-09-13[05]	yes
00-09-13[06]	yes
00-09-14[01]	no
00-09-14[02]	yes
00-09-14[03]	yes
00-09-14[04]	no
00-09-14[05]	yes
00-09-14[06]	yes
00-09-15[01]	yes
00-09-15[02]	yes
00-09-15[03]	no
00-09-15[04]	yes
00-09-15[05]	no
00-09-15[06]	yes
00-09-16[01]	no
00-09-16[02]	no
00-09-16[03]	yes
00-09-16[04]	yes
00-09-16[05]	yes
00-09-16[06]	yes
00-09-17[01]	no
00-09-17[02]	yes
00-09-17[03]	yes
00-09-18[01]	no
00-09-18[02]	no
00-09-18[03]	yes
00-09-18[04]	yes
00-09-19[01]	no
00-09-19[02]	yes
00-09-19[03]	no
00-09-19[04]	yes
00-09-19[05]	yes
00-09-20[01]	no
00-09-20[02]	yes
00-09-20[03]	yes
00-09-20[04]	no
00-09-21[01]	no
00-09-21[02]	yes
00-09-22[01]	yes
00-09-22[02]	yes
00-09-24[01]	yes
00-09-24[02]	yes
00-09-25[01]	yes
00-09-25[02]	yes
00-09-25[03]	no
00-09-25[04]	yes
00-09-25[05]	yes
00-09-26[01]	no
00-09-26[02]	no
00-09-26[03]	yes
00-09-26[04]	yes
00-09-26[05]	yes
00-09-26[06]	no
00-09-26[07]	yes
00-09-26[08]	yes
00-09-26[09]	no
00-09-27[01]	no
00-09-27[02]	no
00-09-27[03]	no
00-09-27[04]	yes
00-09-27[05]	yes
00-09-27[06]	yes
00-09-27[07]	no
00-09-27[08]	yes
00-09-28[01]	no
00-09-28[02]	no
00-09-28[03]	yes
00-09-28[04]	yes
00-09-28[05]	no
00-09-29[01]	no
00-09-29[02]	yes
00-10-02[01]	no
00-10-03[01]	yes
00-10-03[02]	yes
00-10-03[03]	yes
00-10-04[01]	no
00-10-04[02]	no
00-10-04[03]	no
00-10-04[04]	yes
00-10-04[05]	yes
00-10-05[01]	no
00-10-05[02]	yes
00-10-06[01]	no
00-10-06[02]	no
00-10-06[03]	yes
00-10-06[04]	no
00-10-06[05]	yes
00-10-07[01]	no
00-10-07[02]	yes
00-10-07[03]	yes
00-10-07[04]	no
00-10-08[01]	no
00-10-08[02]	no
00-10-08[03]	yes
00-10-08[04]	yes
00-10-08[05]	yes
00-10-09[01]	yes
00-10-10[01]	no
00-10-11[01]	no
00-10-11[02]	no
00-10-12[01]	yes
00-10-12[02]	yes
00-10-12[03]	yes
00-10-12[04]	yes
00-10-13[01]	no
00-10-13[02]	no
00-10-13[03]	no
00-10-13[04]	yes
00-10-13[05]	yes
00-10-13[06]	no
00-10-13[07]	yes
00-10-14[01]	no
00-10-14[02]	no
00-10-14[03]	yes
00-10-14[04]	yes
00-10-14[05]	yes
00-10-15[01]	no
00-10-16[01]	yes
00-10-16[02]	yes
00-10-17[01]	no
00-10-17[02]	no
00-10-17[03]	yes
00-10-17[04]	no
00-10-17[05]	no
00-10-17[06]	yes
00-10-17[07]	yes
00-10-18[01]	yes
00-10-18[02]	no
00-10-18[03]	no
00-10-18[04]	yes
00-10-19[01]	no
00-10-19[02]	no
00-10-19[03]	yes
00-10-19[04]	yes
00-10-20[01]	no
00-10-20[02]	no
00-10-20[03]	yes
00-10-20[04]	no
00-10-21[01]	no
00-10-21[02]	no
00-10-21[03]	no
00-10-21[04]	no
00-10-21[05]	no
00-10-21[06]	yes
00-10-22[01]	no
00-10-22[02]	no
00-10-22[03]	yes
00-10-22[04]	yes
00-10-23[01]	no
00-10-23[02]	no
00-10-23[03]	no
00-10-23[04]	no
00-10-23[05]	no
00-10-23[06]	no
00-10-24[01]	no
00-10-24[02]	no
00-10-25[01]	no
00-10-25[02]	no
00-10-25[03]	no
00-10-25[04]	yes
00-10-25[05]	no
00-10-25[06]	yes
00-10-26[01]	no
00-10-26[02]	no
00-10-26[03]	no
00-10-26[04]	no
00-10-26[05]	no
00-10-26[06]	no
00-10-27[01]	no
00-10-27[02]	no
00-10-27[03]	no
00-10-27[04]	yes
00-10-27[05]	yes
00-10-27[06]	no
00-10-27[07]	no
00-10-27[08]	yes
00-10-27[09]	no
00-10-27[10]	yes
00-10-27[11]	no
00-10-27[12]	no
00-10-27[13]	no
00-10-28[01]	yes
00-10-29[01]	yes
00-10-30[01]	no
00-10-30[02]	no
00-10-30[03]	no
00-10-30[04]	yes
00-10-30[05]	yes
00-10-30[06]	yes
00-10-30[07]	yes
00-10-30[08]	yes
00-10-30[09]	yes
00-11-01[01]	yes
00-11-01[02]	no
00-11-01[03]	yes
00-11-02[01]	yes
00-11-03[01]	yes
00-11-03[02]	yes
00-11-03[03]	yes
00-11-03[04]	yes
00-11-03[05]	yes
00-11-03[06]	yes
00-11-03[07]	yes
00-11-03[08]	yes
00-11-03[09]	yes
00-11-03[10]	no
00-11-03[11]	yes
00-11-03[12]	yes
00-11-04[01]	no
00-11-04[02]	no
00-11-04[03]	yes
00-11-04[04]	no
00-11-04[05]	no
00-11-04[06]	yes
00-11-04[07]	no
00-11-04[08]	no
00-11-05[01]	no
00-11-05[02]	yes
00-11-05[03]	yes
00-11-05[04]	yes
00-11-05[05]	yes
00-11-05[06]	no
00-11-06[01]	no
00-11-06[02]	no
00-11-06[03]	no
00-11-06[04]	no
00-11-06[05]	yes
00-11-07[01]	yes
00-11-07[02]	no
00-11-07[03]	yes
00-11-07[04]	yes
00-11-07[05]	yes
00-11-07[06]	yes
00-11-07[07]	yes
00-11-07[08]	yes
00-11-07[09]	yes
00-11-07[10]	yes
00-11-08[01]	yes
00-11-09[01]	yes
00-11-09[02]	no
00-11-09[03]	no
00-11-09[04]	no
00-11-09[05]	no
00-11-09[06]	no
00-11-10[01]	no
00-11-10[02]	no
00-11-10[03]	yes
00-11-11[01]	yes
00-11-11[02]	yes
00-11-11[03]	no
00-11-11[04]	yes
00-11-11[05]	no
00-11-11[06]	yes
00-11-11[07]	no
00-11-11[08]	yes
00-11-12[01]	no
00-11-12[02]	no
00-11-12[03]	yes
00-11-13[01]	yes
00-11-13[02]	no
00-11-13[03]	yes
00-11-13[04]	yes
00-11-14[01]	no
00-11-14[02]	no
00-11-14[03]	yes
00-11-14[04]	yes
00-11-14[05]	no
00-11-14[06]	yes
00-11-14[07]	no
00-11-15[01]	no
00-11-15[02]	no
00-11-15[03]	no
00-11-15[04]	yes
00-11-15[05]	no
00-11-15[06]	yes
00-11-15[07]	no
00-11-15[08]	yes
00-11-15[09]	yes
00-11-15[10]	yes
00-11-15[11]	yes
00-11-15[12]	yes
00-11-16[01]	no
00-11-16[02]	yes
00-11-17[01]	no
00-11-17[02]	no
00-11-17[03]	yes
00-11-17[04]	yes
00-11-17[05]	no
00-11-18[01]	no
00-11-18[02]	no
00-11-18[03]	yes
00-11-18[04]	yes
00-11-18[05]	no
00-11-19[01]	no
00-11-19[02]	yes
00-11-19[03]	yes
00-11-19[04]	no
00-11-19[05]	yes
00-11-19[06]	yes
00-11-19[07]	yes
00-11-19[08]	yes
00-11-19[09]	no
00-11-19[10]	yes
00-11-20[01]	no
00-11-20[02]	yes
00-11-20[03]	yes
00-11-20[04]	yes
00-11-20[05]	yes
00-11-20[06]	yes
00-11-21[01]	no
00-11-21[02]	no
00-11-21[03]	no
00-11-21[04]	no
00-11-21[05]	yes
00-11-21[06]	yes
00-11-21[07]	yes
00-11-21[08]	yes
00-11-21[09]	yes
00-11-21[10]	yes
00-11-21[11]	no
00-11-21[12]	yes
00-11-21[13]	no
00-11-22[01]	no
00-11-22[02]	no
00-11-22[03]	yes
00-11-23[01]	no
00-11-23[02]	yes
00-11-23[03]	no
00-11-23[04]	yes
00-11-24[01]	no
00-11-24[02]	no
00-11-24[03]	yes
00-11-24[04]	no
00-11-24[05]	yes
00-11-25[01]	no
00-11-25[02]	yes
00-11-25[03]	no
00-11-25[04]	yes
00-11-25[05]	no
00-11-25[06]	yes
00-11-26[01]	no
00-11-26[02]	no
00-11-26[03]	yes
00-11-26[04]	yes
00-11-27[01]	no
00-11-27[02]	yes
00-11-28[01]	no
00-11-28[02]	no
00-11-28[03]	yes
00-11-28[04]	yes
00-11-28[05]	yes
00-11-28[06]	no
00-11-28[07]	no
00-11-29[01]	yes
00-11-29[02]	no
00-11-29[03]	yes
00-11-29[04]	yes
00-11-29[05]	yes
00-11-29[06]	no
00-11-29[07]	yes
00-11-29[08]	yes
00-11-29[09]	yes
00-11-29[10]	yes
00-11-29[11]	yes
00-12-01[01]	yes
00-12-01[02]	yes
00-12-02[01]	no
00-12-02[02]	no
00-12-02[03]	yes
00-12-02[04]	no
00-12-02[05]	no
00-12-02[06]	no
00-12-03[01]	no
00-12-03[02]	no
00-12-03[03]	yes
00-12-04[01]	no
00-12-04[02]	yes
00-12-04[03]	yes
00-12-04[04]	yes
00-12-04[05]	yes
00-12-04[06]	no
00-12-05[01]	yes
00-12-05[02]	yes
00-12-05[03]	no
00-12-05[04]	no
00-12-05[05]	no
00-12-05[06]	no
00-12-06[01]	no
00-12-06[02]	yes
00-12-06[03]	yes
00-12-06[04]	no
00-12-06[05]	yes
00-12-07[01]	no
00-12-07[02]	yes
00-12-08[01]	no
00-12-08[02]	no
00-12-08[03]	no
00-12-08[04]	yes
00-12-09[01]	no
00-12-09[02]	no
00-12-09[03]	yes
00-12-10[01]	no
00-12-10[02]	yes
00-12-10[03]	no
00-12-10[04]	no
00-12-10[05]	no
00-12-10[06]	no
00-12-11[01]	no
00-12-11[02]	yes
00-12-12[01]	no
00-12-12[02]	yes
00-12-12[03]	yes
00-12-13[01]	no
00-12-13[02]	yes
00-12-13[03]	yes
00-12-13[04]	no
00-12-13[05]	no
00-12-13[06]	no
00-12-14[01]	no
00-12-14[02]	no
00-12-14[03]	yes
00-12-14[04]	yes
00-12-14[05]	yes
00-12-14[06]	yes
00-12-14[07]	yes
00-12-14[08]	yes
00-12-14[09]	no
00-12-14[10]	yes
00-12-15[01]	yes
00-12-15[02]	yes
00-12-16[01]	no
00-12-16[02]	yes
00-12-16[03]	yes
00-12-17[01]	no
00-12-17[02]	yes
00-12-17[03]	no
00-12-17[04]	yes
00-12-17[05]	yes
00-12-17[06]	yes
00-12-17[07]	yes
00-12-17[08]	yes
00-12-17[09]	yes
00-12-17[10]	no
00-12-18[01]	no
00-12-18[02]	yes
00-12-18[03]	yes
00-12-18[04]	yes
00-12-19[01]	no
00-12-19[02]	no
00-12-19[03]	no
00-12-19[04]	yes
00-12-19[05]	yes
00-12-20[01]	yes
00-12-20[02]	no
00-12-20[03]	yes
00-12-20[04]	yes
00-12-20[05]	yes
00-12-20[06]	no
00-12-21[01]	no
00-12-21[02]	no
00-12-21[03]	no
00-12-21[04]	yes
00-12-21[05]	no
00-12-21[06]	no
00-12-21[07]	no
00-12-21[08]	no
00-12-22[01]	no
00-12-22[02]	yes
00-12-22[03]	yes
00-12-22[04]	yes
00-12-22[05]	yes
00-12-23[01]	no
00-12-23[02]	no
00-12-23[03]	yes
00-12-24[01]	yes
00-12-24[02]	yes
00-12-24[03]	no
00-12-24[04]	no
00-12-24[05]	yes
00-12-25[01]	yes
00-12-25[02]	yes
00-12-25[03]	no
00-12-25[04]	yes
00-12-26[01]	no
00-12-26[02]	no
00-12-26[03]	yes
00-12-26[04]	yes
00-12-26[05]	yes
00-12-27[01]	yes
00-12-27[02]	no
00-12-27[03]	yes
00-12-27[04]	no
00-12-27[05]	yes
00-12-27[06]	yes
00-12-27[07]	yes
00-12-28[01]	yes
00-12-28[02]	no
00-12-28[03]	no
00-12-29[01]	no
00-12-29[02]	no
00-12-29[03]	no
00-12-29[04]	no
00-12-29[05]	yes
00-12-29[06]	yes
00-12-29[07]	yes
00-12-30[01]	yes
00-12-30[02]	yes
00-12-30[03]	no
00-12-30[04]	yes
00-12-30[05]	yes
00-12-30[06]	yes
01-01-01[01]	no
01-01-01[02]	yes
01-01-02[01]	no
01-01-02[02]	yes
01-01-02[03]	no
01-01-03[01]	no
01-01-03[02]	no
01-01-03[03]	yes
01-01-04[01]	no
01-01-05[01]	no
01-01-05[02]	no
01-01-05[03]	no
01-01-05[04]	no
01-01-06[01]	no
01-01-06[02]	yes
01-01-06[03]	no
01-01-06[04]	no
01-01-06[05]	yes
01-01-06[06]	yes
01-01-06[07]	no
01-01-06[08]	no
01-01-06[09]	no
01-01-07[01]	no
01-01-07[02]	no
01-01-07[03]	no
01-01-07[04]	no
01-01-08[01]	no
01-01-08[02]	no
01-01-08[03]	yes
01-01-08[04]	no
01-01-08[05]	no
01-01-09[01]	no
01-01-09[02]	yes
01-01-09[03]	yes
01-01-09[04]	no
01-01-09[05]	yes
01-01-09[06]	no
01-01-09[07]	no
01-01-10[01]	no
01-01-10[02]	no
01-01-10[03]	no
01-01-10[04]	no
01-01-10[05]	no
01-01-10[06]	no
01-01-11[01]	no
01-01-11[02]	yes
01-01-11[03]	no
01-01-11[04]	yes
01-01-11[05]	no
01-01-12[01]	no
01-01-12[02]	no
01-01-12[03]	no
01-01-12[04]	no
01-01-12[05]	yes
01-01-13[01]	no
01-01-13[02]	no
01-01-13[03]	yes
01-01-13[04]	no
01-01-14[01]	no
01-01-14[02]	no
01-01-14[03]	no
01-01-14[04]	no
01-01-15[01]	no
01-01-15[02]	no
01-01-15[03]	no
01-01-15[04]	yes
01-01-15[05]	no
01-01-16[01]	no
01-01-16[02]	no
01-01-16[03]	no
01-01-16[04]	no
01-01-16[05]	no
01-01-16[06]	no
01-01-16[07]	yes
01-01-17[01]	no
01-01-17[02]	no
01-01-17[03]	no
01-01-17[04]	no
01-01-17[05]	yes
01-01-17[06]	no
01-01-17[07]	no
01-01-17[08]	yes
01-01-18[01]	yes
01-01-18[02]	no
01-01-18[03]	no
01-01-18[04]	no
01-01-19[01]	no
01-01-19[02]	yes
01-01-19[03]	yes
01-01-19[04]	yes
01-01-19[05]	yes
01-01-20[01]	no
01-01-20[02]	no
01-01-20[03]	no
01-01-20[04]	no
01-01-20[05]	no
01-01-21[01]	no
01-01-21[02]	no
01-01-21[03]	yes
01-01-21[04]	yes
01-01-22[01]	no
01-01-22[02]	no
01-01-22[03]	no
01-01-22[04]	yes
01-01-22[05]	yes
01-01-23[01]	no
01-01-23[02]	yes
01-01-23[03]	no
01-01-23[04]	yes
01-01-23[05]	no
01-01-24[01]	yes
01-01-24[02]	yes
01-01-24[03]	no
01-01-24[04]	no
01-01-24[05]	no
01-01-24[06]	yes
01-01-25[01]	no
01-01-25[02]	no
01-01-25[03]	no
01-01-25[04]	no
01-01-25[05]	no
01-01-25[06]	no
01-01-25[07]	no
01-01-26[01]	no
01-01-26[02]	no
01-01-26[03]	no
01-01-27[01]	no
01-01-27[02]	no
01-01-27[03]	no
01-01-27[04]	no
01-01-27[05]	no
01-01-27[06]	yes
01-01-27[07]	no
01-01-28[01]	no
01-01-28[02]	no
01-01-28[03]	no
01-01-28[04]	no
01-01-28[05]	no
01-01-28[06]	no
01-01-29[01]	no
01-01-29[02]	no
01-01-29[03]	no
01-01-29[04]	no
01-01-29[05]	no
01-01-29[06]	no
01-01-30[01]	no
01-01-30[02]	yes
01-01-30[03]	no
01-01-30[04]	no
01-01-30[05]	no
01-01-30[06]	yes
01-02-01[01]	no
01-02-01[02]	yes
01-02-01[03]	no
01-02-01[04]	yes
01-02-02[01]	no
01-02-02[02]	no
01-02-02[03]	yes
01-02-02[04]	yes
01-02-03[01]	no
01-02-03[02]	no
01-02-03[03]	yes
01-02-03[04]	yes
01-02-03[05]	no
01-02-04[01]	no
01-02-04[02]	yes
01-02-04[03]	yes
01-02-05[01]	no
01-02-06[01]	no
01-02-06[02]	no
01-02-06[03]	yes
01-02-06[04]	no
01-02-07[01]	no
01-02-07[02]	no
01-02-07[03]	no
01-02-07[04]	no
01-02-07[05]	no
01-02-07[06]	no
01-02-07[07]	no
01-02-07[08]	no
01-02-08[01]	no
01-02-08[02]	yes
01-02-08[03]	no
01-02-08[04]	no
01-02-09[01]	no
01-02-09[02]	no
01-02-09[03]	yes
01-02-09[04]	no
01-02-09[05]	no
01-02-09[06]	no
01-02-10[01]	no
01-02-10[02]	no
01-02-10[03]	no
01-02-10[04]	no
01-02-11[01]	no
01-02-11[02]	no
01-02-11[03]	no
01-02-11[04]	no
01-02-11[05]	no
01-02-11[06]	yes
01-02-11[07]	yes
01-02-11[08]	yes
01-02-12[01]	no
01-02-12[02]	no
01-02-12[03]	no
01-02-12[04]	no
01-02-12[05]	no
01-02-13[01]	no
01-02-13[02]	no
01-02-13[03]	no
01-02-14[01]	no
01-02-14[02]	no
01-02-14[03]	no
01-02-14[04]	yes
01-02-14[05]	no
01-02-14[06]	no
01-02-15[01]	no
01-02-15[02]	no
01-02-15[03]	yes
01-02-15[04]	no
01-02-15[05]	no
01-02-15[06]	no
01-02-16[01]	no
01-02-16[02]	no
01-02-16[03]	yes
01-02-16[04]	yes
01-02-16[05]	no
01-02-17[01]	no
01-02-17[02]	yes
01-02-17[03]	no
01-02-17[04]	no
01-02-17[05]	no
01-02-17[06]	no
01-02-17[07]	no
01-02-18[01]	no
01-02-18[02]	no
01-02-18[03]	no
01-02-18[04]	no
01-02-19[01]	no
01-02-19[02]	no
01-02-19[03]	no
01-02-19[04]	yes
01-02-19[05]	yes
01-02-19[06]	no
01-02-19[07]	no
01-02-20[01]	no
01-02-20[02]	no
01-02-20[03]	no
01-02-20[04]	no
01-02-20[05]	no
01-02-20[06]	no
01-02-20[07]	no
01-02-21[01]	no
01-02-21[02]	no
01-02-21[03]	yes
01-02-22[01]	no
01-02-22[02]	no
01-02-22[03]	no
01-02-22[04]	no
01-02-22[05]	no
01-02-22[06]	no
01-02-23[01]	no
01-02-23[02]	no
01-02-23[03]	no
01-02-23[04]	no
01-02-23[05]	no
01-02-23[06]	no
01-02-23[07]	no
01-02-24[01]	no
01-02-24[02]	no
01-02-24[03]	no
01-02-24[04]	no
01-02-25[01]	no
01-02-25[02]	no
01-02-25[03]	no
01-02-25[04]	yes
01-02-25[05]	yes
01-02-25[06]	no
01-02-25[07]	no
01-02-26[01]	no
01-02-26[02]	no
01-02-26[03]	no
01-02-27[01]	no
01-02-27[02]	no
01-02-27[03]	no
01-02-27[04]	no
01-02-27[05]	no
01-02-28[01]	no
01-02-29[01]	no
01-02-29[02]	no
01-02-29[03]	no
01-03-01[01]	no
01-03-01[02]	no
01-03-01[03]	no
01-03-01[04]	yes
01-03-01[05]	no
01-03-01[06]	no
01-03-01[07]	no
01-03-02[01]	no
01-03-02[02]	no
01-03-02[03]	no
01-03-02[04]	no
01-03-02[05]	no
01-03-02[06]	no
01-03-02[07]	no
01-03-03[01]	no
01-03-04[01]	no
01-03-04[02]	no
01-03-04[03]	yes
01-03-04[04]	no
01-03-04[05]	no
01-03-04[06]	no
01-03-04[07]	no
01-03-04[08]	no
01-03-04[09]	no
01-03-04[10]	yes
01-03-05[01]	no
01-03-05[02]	yes
01-03-05[03]	no
01-03-05[04]	no
01-03-05[05]	no
01-03-06[01]	no
01-03-06[02]	no
01-03-06[03]	no
01-03-06[04]	no
01-03-06[05]	no
01-03-06[06]	yes
01-03-06[07]	no
01-03-06[08]	no
01-03-06[09]	no
01-03-07[01]	no
01-03-07[02]	no
01-03-07[03]	no
01-03-07[04]	no
01-03-07[05]	no
01-03-07[06]	no
01-03-07[07]	no
01-03-07[08]	no
01-03-08[01]	no
01-03-08[02]	no
01-03-08[03]	no
01-03-08[04]	no
01-03-08[05]	no
01-03-08[06]	no
01-03-09[01]	no
01-03-09[02]	no
01-03-09[03]	no
01-03-09[04]	yes
01-03-09[05]	no
01-03-09[06]	yes
01-03-10[01]	yes
01-03-11[01]	no
01-03-11[02]	yes
01-03-12[01]	no
01-03-12[02]	no
01-03-13[01]	no
01-03-13[02]	no
01-03-14[01]	no
01-03-14[02]	no
01-03-14[03]	no
01-03-15[01]	no
01-03-15[02]	no
01-03-16[01]	no
01-03-17[01]	no
01-03-17[02]	no
01-03-18[01]	no
01-03-19[01]	no
01-03-20[01]	no
01-03-21[01]	no
01-03-21[02]	no
01-03-21[03]	no
01-03-21[04]	no
01-03-21[05]	no
01-03-22[01]	no
01-03-23[01]	no
01-03-23[02]	no
01-03-23[03]	no
01-03-23[04]	no
01-03-24[01]	no
01-03-24[02]	no
01-03-25[01]	yes
01-03-25[02]	no
01-03-26[01]	no
01-03-26[02]	no
01-03-26[03]	no
01-03-26[04]	no
01-03-26[05]	no
01-03-26[06]	no
01-03-26[07]	no
01-03-27[01]	no
01-03-27[02]	no
01-03-27[03]	no
01-03-27[04]	no
01-03-27[05]	no
01-03-27[06]	no
01-03-27[07]	yes
01-03-27[08]	no
01-03-27[09]	no
01-03-27[10]	no
01-03-28[01]	no
01-03-28[02]	no
01-03-28[03]	no
01-03-28[04]	no
01-03-29[01]	no
01-03-29[02]	no
01-03-29[03]	no
01-03-30[01]	no
01-03-30[02]	no
01-03-30[03]	no
01-03-30[04]	no
01-04-01[01]	no
01-04-01[02]	no
01-04-01[03]	no
01-04-02[01]	no
01-04-02[02]	no
01-04-02[03]	no
01-04-02[04]	no
01-04-04[01]	no
01-04-04[02]	no
01-04-04[03]	no
01-04-04[04]	no
01-04-04[05]	no
01-04-04[06]	no
01-04-04[07]	yes
01-04-05[01]	no
01-04-05[02]	no
01-04-06[01]	no
01-04-06[02]	no
01-04-06[03]	no
01-04-07[01]	no
01-04-07[02]	no
01-04-08[01]	no
01-04-08[02]	yes
01-04-08[03]	no
01-04-09[01]	yes
01-04-09[02]	yes
01-04-09[03]	yes
01-04-10[01]	no
01-04-11[01]	no
01-04-11[02]	no
01-04-11[03]	no
01-04-11[04]	no
01-04-11[05]	no
01-04-11[06]	no
01-04-12[01]	no
01-04-12[02]	no
01-04-12[03]	yes
01-04-12[04]	yes
01-04-13[01]	no
01-04-13[02]	no
01-04-13[03]	no
01-04-13[04]	no
01-04-13[05]	no
01-04-13[06]	no
01-04-14[01]	no
01-04-14[02]	yes
01-04-14[03]	no
01-04-14[04]	no
01-04-14[05]	no
01-04-14[06]	no
01-04-14[07]	no
01-04-15[01]	no
01-04-15[02]	no
01-04-15[03]	no
01-04-15[04]	no
01-04-15[05]	no
01-04-15[06]	no
01-04-15[07]	no
01-04-15[08]	no
01-04-15[09]	yes
01-04-15[10]	no
01-04-15[11]	no
01-04-16[01]	no
01-04-16[02]	no
01-04-16[03]	no
01-04-16[04]	no
01-04-16[05]	no
01-04-16[06]	no
01-04-16[07]	yes
01-04-16[08]	no
01-04-17[01]	no
01-04-17[02]	no
01-04-17[03]	no
01-04-17[04]	no
01-04-17[05]	yes
01-04-17[06]	yes
01-04-17[07]	no
01-04-17[08]	no
01-04-17[09]	no
01-04-18[01]	no
01-04-18[02]	yes
01-04-18[03]	no
01-04-19[01]	no
01-04-19[02]	yes
01-04-19[03]	yes
01-04-19[04]	yes
01-04-19[05]	yes
01-04-19[06]	no
01-04-19[07]	yes
01-04-20[01]	no
01-04-20[02]	no
01-04-20[03]	no
01-04-20[04]	yes
01-04-20[05]	no
01-04-21[01]	no
01-04-21[02]	no
01-04-22[01]	no
01-04-22[02]	no
01-04-22[03]	no
01-04-23[01]	no
01-04-23[02]	no
01-04-23[03]	yes
01-04-24[01]	no
01-04-24[02]	no
01-04-24[03]	no
01-04-25[01]	no
01-04-25[02]	no
01-04-26[01]	no
01-04-26[02]	no
01-04-26[03]	no
01-04-26[04]	no
01-04-26[05]	no
01-04-26[06]	no
01-04-26[07]	no
01-04-26[08]	no
01-04-26[09]	no
01-04-27[01]	no
01-04-27[02]	no
01-04-27[03]	no
01-04-27[04]	no
01-04-27[05]	no
01-04-27[06]	no
01-04-28[01]	no
01-04-28[02]	no
01-04-29[01]	no
01-04-29[02]	no
01-04-29[03]	no
01-04-30[01]	no
01-04-30[02]	no
01-04-30[03]	no
01-04-30[04]	no
01-04-30[05]	no
01-04-30[06]	no
01-05-01[01]	no
01-05-01[02]	no
01-05-01[03]	no
01-05-01[04]	no
01-05-01[05]	no
01-05-02[01]	no
01-05-02[02]	no
01-05-02[03]	no
01-05-02[04]	no
01-05-03[01]	no
01-05-03[02]	no
01-05-03[03]	no
01-05-03[04]	no
01-05-04[01]	no
01-05-04[02]	no
01-05-04[03]	no
01-05-04[04]	no
01-05-04[05]	no
01-05-04[06]	no
01-05-05[01]	no
01-05-05[02]	no
01-05-05[03]	no
01-05-05[04]	no
01-05-05[05]	no
01-05-05[06]	no
01-05-05[07]	no
01-05-06[01]	no
01-05-06[02]	no
01-05-07[01]	yes
01-05-07[02]	yes
01-05-07[03]	no
01-05-07[04]	no
01-05-08[01]	no
01-05-08[02]	no
01-05-08[03]	no
01-05-08[04]	no
01-05-09[01]	no
01-05-09[02]	yes
01-05-09[03]	no
01-05-10[01]	no
01-05-10[02]	yes
01-05-10[03]	no
01-05-10[04]	yes
01-05-10[05]	no
01-05-10[06]	yes
01-05-10[07]	yes
01-05-10[08]	no
01-05-11[01]	no
01-05-11[02]	no
01-05-11[03]	no
01-05-11[04]	no
01-05-11[05]	no
01-05-12[01]	no
01-05-12[02]	yes
01-05-12[03]	no
01-05-12[04]	no
01-05-13[01]	no
01-05-13[02]	no
01-05-13[03]	yes
01-05-13[04]	no
01-05-14[01]	yes
01-05-14[02]	no
01-05-14[03]	yes
01-05-14[04]	yes
01-05-14[05]	no
01-05-15[01]	no
01-05-15[02]	no
01-05-15[03]	yes
01-05-16[01]	no
01-05-16[02]	yes
01-05-16[03]	no
01-05-16[04]	no
01-05-16[05]	no
01-05-16[06]	no
01-05-17[01]	no
01-05-17[02]	no
01-05-18[01]	no
01-05-18[02]	no
01-05-18[03]	yes
01-05-18[04]	yes
01-05-18[05]	no
01-05-18[06]	no
01-05-18[07]	no
01-05-18[08]	no
01-05-19[01]	no
01-05-19[02]	no
01-05-19[03]	no
01-05-19[04]	no
01-05-19[05]	no
01-05-19[06]	yes
01-05-19[07]	no
01-05-19[08]	no
01-05-19[09]	no
01-05-19[10]	no
01-05-20[01]	no
01-05-20[02]	no
01-05-20[03]	yes
01-05-20[04]	no
01-05-20[05]	yes
01-05-20[06]	no
01-05-21[01]	no
01-05-21[02]	no
01-05-21[03]	yes
01-05-21[04]	no
01-05-22[01]	yes
01-05-22[02]	no
01-05-22[03]	no
01-05-23[01]	no
01-05-23[02]	no
01-05-23[03]	yes
01-05-23[04]	no
01-05-23[05]	no
01-05-23[06]	no
01-05-23[07]	no
01-05-23[08]	no
01-05-23[09]	no
01-05-23[10]	no
01-05-24[01]	no
01-05-24[02]	yes
01-05-24[03]	yes
01-05-24[04]	no
01-05-24[05]	no
01-05-24[06]	no
01-05-25[01]	yes
01-05-25[02]	no
01-05-26[01]	no
01-05-26[02]	no
01-05-26[03]	no
01-05-26[04]	no
01-05-26[05]	no
01-05-26[06]	no
01-05-26[07]	no
01-05-26[08]	no
01-05-26[09]	no
01-05-27[01]	no
01-05-27[02]	no
01-05-27[03]	yes
01-05-28[01]	no
01-05-28[02]	no
01-05-28[03]	yes
01-05-28[04]	no
01-05-28[05]	no
01-05-28[06]	no
01-05-28[07]	no
01-05-28[08]	no
01-05-28[09]	no
01-05-29[01]	no
01-05-29[02]	no
01-05-29[03]	no
01-05-29[04]	yes
01-05-29[05]	no
01-05-29[06]	no
01-05-29[07]	yes
01-06-01[01]	no
01-06-01[02]	no
01-06-01[03]	yes
01-06-01[04]	no
01-06-02[01]	no
01-06-02[02]	no
01-06-02[03]	no
01-06-02[04]	no
01-06-02[05]	no
01-06-02[06]	no
01-06-02[07]	no
01-06-02[08]	no
01-06-02[09]	no
01-06-02[10]	no
01-06-03[01]	yes
01-06-03[02]	no
01-06-03[03]	yes
01-06-03[04]	no
01-06-03[05]	no
01-06-03[06]	yes
01-06-04[01]	no
01-06-04[02]	no
01-06-04[03]	no
01-06-04[04]	no
01-06-04[05]	yes
01-06-04[06]	yes
01-06-04[07]	no
01-06-04[08]	no
01-06-05[01]	no
01-06-05[02]	no
01-06-06[01]	no
01-06-06[02]	yes
01-06-06[03]	yes
01-06-06[04]	no
01-06-06[05]	no
01-06-06[06]	no
01-06-07[01]	no
01-06-07[02]	no
01-06-07[03]	yes
01-06-07[04]	yes
01-06-07[05]	no
01-06-07[06]	no
01-06-07[07]	no
01-06-07[08]	no
01-06-08[01]	no
01-06-08[02]	no
01-06-08[03]	no
01-06-08[04]	yes
01-06-08[05]	no
01-06-08[06]	yes
01-06-08[07]	no
01-06-09[01]	no
01-06-09[02]	no
01-06-09[03]	no
01-06-09[04]	no
01-06-09[05]	yes
01-06-10[01]	no
01-06-10[02]	no
01-06-10[03]	no
01-06-10[04]	no
01-06-10[05]	no
01-06-11[01]	no
01-06-11[02]	no
01-06-11[03]	no
01-06-11[04]	no
01-06-11[05]	no
01-06-11[06]	no
01-06-12[01]	no
01-06-12[02]	yes
01-06-13[01]	no
01-06-13[02]	no
01-06-13[03]	yes
01-06-14[01]	no
01-06-14[02]	no
01-06-14[03]	no
01-06-14[04]	yes
01-06-15[01]	no
01-06-16[01]	yes
01-06-17[01]	no
01-06-17[02]	no
01-06-17[03]	no
01-06-17[04]	yes
01-06-18[01]	yes
01-06-18[02]	no
01-06-18[03]	no
01-06-18[04]	yes
01-06-18[05]	no
01-06-18[06]	no
01-06-18[07]	no
01-06-18[08]	no
01-06-19[01]	no
01-06-19[02]	no
01-06-19[03]	no
01-06-19[04]	no
01-06-19[05]	no
01-06-19[06]	no
01-06-19[07]	yes
01-06-20[01]	no
01-06-20[02]	no
01-06-20[03]	no
01-06-20[04]	yes
01-06-21[01]	no
01-06-21[02]	no
01-06-21[03]	yes
01-06-22[01]	no
01-06-22[02]	no
01-06-22[03]	no
01-06-22[04]	no
01-06-22[05]	no
01-06-22[06]	no
01-06-23[01]	no
01-06-23[02]	no
01-06-23[03]	yes
01-06-24[01]	no
01-06-24[02]	no
01-06-24[03]	no
01-06-24[04]	no
01-06-25[01]	no
01-06-25[02]	no
01-06-25[03]	no
01-06-25[04]	no
01-06-26[01]	no
01-06-26[02]	no
01-06-26[03]	yes
01-06-26[04]	no
01-06-26[05]	no
01-06-27[01]	no
01-06-27[02]	yes
01-06-27[03]	no
01-06-28[01]	yes
01-06-28[02]	no
01-06-29[01]	no
01-06-29[02]	yes
01-06-29[03]	yes
01-06-30[01]	no
01-06-30[02]	no
01-06-30[03]	no
01-07-01[01]	no
01-07-01[02]	yes
01-07-02[01]	no
01-07-03[01]	no
01-07-03[02]	yes
01-07-04[01]	no
01-07-04[02]	no
01-07-04[03]	yes
01-07-04[04]	no
01-07-04[05]	no
01-07-04[06]	yes
01-07-04[07]	no
01-07-04[08]	no
01-07-05[01]	no
01-07-05[02]	no
01-07-05[03]	no
01-07-05[04]	no
01-07-05[05]	no
01-07-06[01]	no
01-07-06[02]	no
01-07-06[03]	no
01-07-06[04]	no
01-07-06[05]	no
01-07-06[06]	yes
01-07-07[01]	no
01-07-07[02]	yes
01-07-07[03]	no
01-07-08[01]	no
01-07-08[02]	no
01-07-09[01]	yes
01-07-09[02]	no
01-07-09[03]	no
01-07-09[04]	no
01-07-09[05]	yes
01-07-10[01]	no
01-07-10[02]	no
01-07-10[03]	yes
01-07-10[04]	yes
01-07-11[01]	no
01-07-12[01]	no
01-07-12[02]	no
01-07-12[03]	yes
01-07-12[04]	no
01-07-12[05]	no
01-07-13[01]	no
01-07-13[02]	no
01-07-13[03]	yes
01-07-13[04]	no
01-07-13[05]	yes
01-07-14[01]	no
01-07-14[02]	no
01-07-14[03]	no
01-07-14[04]	no
01-07-14[05]	no
01-07-14[06]	no
01-07-15[01]	no
01-07-15[02]	no
01-07-15[03]	no
01-07-15[04]	yes
01-07-15[05]	no
01-07-15[06]	yes
01-07-16[01]	no
01-07-16[02]	yes
01-07-16[03]	yes
01-07-16[04]	yes
01-07-17[01]	no
01-07-17[02]	no
01-07-17[03]	yes
01-07-17[04]	no
01-07-17[05]	yes
01-07-18[01]	no
01-07-18[02]	no
01-07-18[03]	no
01-07-18[04]	yes
01-07-18[05]	no
01-07-18[06]	no
01-07-18[07]	no
01-07-18[08]	no
01-07-18[09]	no
01-07-19[01]	no
01-07-19[02]	no
01-07-20[01]	no
01-07-20[02]	no
01-07-20[03]	yes
01-07-20[04]	no
01-07-20[05]	no
01-07-20[06]	no
01-07-21[01]	no
01-07-21[02]	no
01-07-21[03]	yes
01-07-21[04]	no
01-07-22[01]	no
01-07-22[02]	no
01-07-22[03]	no
01-07-22[04]	no
01-07-22[05]	yes
01-07-22[06]	yes
01-07-23[01]	yes
01-07-23[02]	no
01-07-23[03]	yes
01-07-23[04]	no
01-07-24[01]	no
01-07-24[02]	yes
01-07-24[03]	yes
01-07-25[01]	no
01-07-25[02]	no
01-07-25[03]	yes
01-07-25[04]	no
01-07-25[05]	no
01-07-26[01]	no
01-07-26[02]	yes
01-07-26[03]	no
01-07-27[01]	no
01-07-27[02]	yes
01-07-27[03]	no
01-07-27[04]	no
01-07-27[05]	no
01-07-27[06]	no
01-07-28[01]	no
01-07-28[02]	yes
01-07-28[03]	no
01-07-28[04]	no
01-07-29[01]	no
01-07-29[02]	no
01-07-29[03]	no
01-08-01[01]	no
01-08-01[02]	no
01-08-01[03]	no
01-08-01[04]	no
01-08-01[05]	no
01-08-02[01]	no
01-08-02[02]	no
01-08-02[03]	no
01-08-02[04]	yes
01-08-03[01]	no
01-08-03[02]	no
01-08-03[03]	yes
01-08-03[04]	no
01-08-04[01]	yes
01-08-04[02]	no
01-08-05[01]	no
01-08-05[02]	yes
01-08-05[03]	yes
01-08-05[04]	yes
01-08-06[01]	no
01-08-06[02]	no
01-08-06[03]	no
01-08-06[04]	no
01-08-06[05]	no
01-08-06[06]	yes
01-08-06[07]	yes
01-08-06[08]	yes
01-08-06[09]	no
01-08-07[01]	no
01-08-07[02]	no
01-08-07[03]	no
01-08-07[04]	no
01-08-07[05]	no
01-08-07[06]	no
01-08-07[07]	no
01-08-07[08]	no
01-08-08[01]	no
01-08-08[02]	yes
01-08-08[03]	no
01-08-08[04]	no
01-08-08[05]	yes
01-08-08[06]	no
01-08-08[07]	no
01-08-09[01]	no
01-08-09[02]	no
01-08-09[03]	no
01-08-09[04]	no
01-08-09[05]	no
01-08-10[01]	no
01-08-10[02]	yes
01-08-10[03]	yes
01-08-10[04]	yes
01-08-10[05]	yes
01-08-11[01]	no
01-08-11[02]	no
01-08-11[03]	no
01-08-11[04]	yes
01-08-11[05]	yes
01-08-11[06]	yes
01-08-12[01]	no
01-08-12[02]	no
01-08-12[03]	no
01-08-12[04]	no
01-08-12[05]	no
01-08-12[06]	yes
01-08-12[07]	yes
01-08-13[01]	no
01-08-13[02]	no
01-08-13[03]	no
01-08-13[04]	no
01-08-13[05]	no
01-08-13[06]	no
01-08-13[07]	no
01-08-13[08]	no
01-08-13[09]	yes
01-08-13[10]	yes
01-08-14[01]	no
01-08-14[02]	no
01-08-14[03]	no
01-08-14[04]	yes
01-08-14[05]	yes
01-08-15[01]	no
01-08-15[02]	yes
01-08-15[03]	no
01-08-15[04]	yes
01-08-16[01]	no
01-08-16[02]	no
01-08-16[03]	yes
01-08-17[01]	yes
01-08-17[02]	yes
01-08-17[03]	no
01-08-18[01]	no
01-08-18[02]	no
01-08-18[03]	yes
01-08-18[04]	yes
01-08-19[01]	no
01-08-19[02]	yes
01-08-20[01]	no
01-08-20[02]	no
01-08-21[01]	no
01-08-21[02]	no
01-08-22[01]	no
01-08-22[02]	no
01-08-22[03]	yes
01-08-22[04]	yes
01-08-22[05]	yes
01-08-23[01]	no
01-08-23[02]	no
01-08-23[03]	no
01-08-23[04]	no
01-08-23[05]	no
01-08-23[06]	yes
01-08-24[01]	no
01-08-24[02]	no
01-08-25[01]	no
01-08-25[02]	no
01-08-25[03]	no
01-08-25[04]	yes
01-08-25[05]	no
01-08-25[06]	no
01-08-26[01]	no
01-08-26[02]	no
01-08-26[03]	no
01-08-27[01]	no
01-08-27[02]	no
01-08-27[03]	no
01-08-27[04]	no
01-08-27[05]	no
01-08-27[06]	no
01-08-27[07]	no
01-08-27[08]	yes
01-08-28[01]	no
01-08-28[02]	no
01-08-29[01]	no
01-08-30[01]	no
01-08-30[02]	yes
01-08-30[03]	no
01-09-01[01]	no
01-09-01[02]	no
01-09-01[03]	no
01-09-01[04]	no
01-09-01[05]	no
01-09-01[06]	yes
01-09-01[07]	yes
01-09-01[08]	no
01-09-02[01]	no
01-09-02[02]	yes
01-09-02[03]	no
01-09-02[04]	no
01-09-03[01]	no
01-09-03[02]	no
01-09-03[03]	no
01-09-03[04]	no
01-09-04[01]	no
01-09-04[02]	no
01-09-04[03]	yes
01-09-04[04]	no
01-09-04[05]	no
01-09-04[06]	no
01-09-04[07]	no
01-09-04[08]	no
01-09-04[09]	yes
01-09-04[10]	yes
01-09-04[11]	no
01-09-04[12]	no
01-09-04[13]	no
01-09-04[14]	no
01-09-05[01]	no
01-09-05[02]	no
01-09-05[03]	no
01-09-05[04]	no
01-09-05[05]	no
01-09-05[06]	no
01-09-06[01]	no
01-09-06[02]	no
01-09-06[03]	no
01-09-06[04]	no
01-09-06[05]	no
01-09-06[06]	no
01-09-06[07]	no
01-09-07[01]	yes
01-09-07[02]	no
01-09-08[01]	no
01-09-08[02]	no
01-09-08[03]	no
01-09-08[04]	yes
01-09-08[05]	no
01-09-08[06]	no
01-09-09[01]	no
01-09-09[02]	no
01-09-10[01]	no
01-09-10[02]	no
01-09-10[03]	yes
01-09-10[04]	no
01-09-11[01]	no
01-09-11[02]	no
01-09-11[03]	no
01-09-11[04]	no
01-09-11[05]	yes
01-09-11[06]	no
01-09-11[07]	yes
01-09-11[08]	no
01-09-11[09]	no
01-09-12[01]	no
01-09-12[02]	no
01-09-12[03]	yes
01-09-12[04]	no
01-09-13[01]	no
01-09-13[02]	yes
01-09-14[01]	no
01-09-14[02]	yes
01-09-15[01]	no
01-09-15[02]	no
01-09-15[03]	no
01-09-15[04]	no
01-09-15[05]	no
01-09-16[01]	no
01-09-16[02]	no
01-09-16[03]	no
01-09-16[04]	yes
01-09-16[05]	yes
01-09-17[01]	no
01-09-18[01]	yes
01-09-18[02]	yes
01-09-18[03]	no
01-09-19[01]	no
01-09-19[02]	yes
01-09-19[03]	yes
01-09-19[04]	no
01-09-19[05]	yes
01-09-19[06]	no
01-09-20[01]	no
01-09-20[02]	yes
01-09-20[03]	no
01-09-20[04]	yes
01-09-21[01]	no
01-09-21[02]	no
01-09-21[03]	no
01-09-21[04]	yes
01-09-21[05]	no
01-09-21[06]	no
01-09-22[01]	no
01-09-22[02]	no
01-09-22[03]	no
01-09-22[04]	no
01-09-23[01]	no
01-09-23[02]	no
01-09-23[03]	no
01-09-24[01]	no
01-09-24[02]	no
01-09-24[03]	yes
01-09-24[04]	yes
01-09-25[01]	yes
01-09-25[02]	yes
01-09-25[03]	yes
01-09-25[04]	no
01-09-25[05]	no
01-09-26[01]	yes
01-09-26[02]	no
01-09-26[03]	no
01-09-26[04]	yes
01-09-26[05]	no
01-09-26[06]	yes
01-09-26[07]	no
01-09-27[01]	no
01-09-27[02]	no
01-09-27[03]	no
01-09-27[04]	yes
01-09-27[05]	no
01-09-27[06]	no
01-09-28[01]	no
01-09-28[02]	no
01-09-28[03]	no
01-09-28[04]	no
01-09-28[05]	no
01-09-28[06]	no
01-09-29[01]	no
01-09-29[02]	no
01-09-29[03]	no
01-09-29[04]	no
01-09-29[05]	no
01-09-29[06]	no
01-09-29[07]	no
01-10-01[01]	no
01-10-01[02]	yes
01-10-01[03]	no
01-10-01[04]	yes
01-10-02[01]	no
01-10-02[02]	no
01-10-03[01]	no
01-10-03[02]	yes
01-10-03[03]	no
01-10-03[04]	no
01-10-03[05]	yes
01-10-04[01]	yes
01-10-04[02]	no
01-10-04[03]	no
01-10-04[04]	yes
01-10-04[05]	no
01-10-04[06]	no
01-10-04[07]	no
01-10-05[01]	no
01-10-05[02]	no
01-10-06[01]	no
01-10-06[02]	yes
01-10-06[03]	no
01-10-06[04]	no
01-10-07[01]	no
01-10-07[02]	yes
01-10-08[01]	no
01-10-08[02]	no
01-10-09[01]	yes
01-10-09[02]	no
01-10-09[03]	no
01-10-10[01]	no
01-10-10[02]	no
01-10-10[03]	no
01-10-11[01]	yes
01-10-11[02]	yes
01-10-11[03]	yes
01-10-11[04]	no
01-10-11[05]	no
01-10-11[06]	no
01-10-12[01]	yes
01-10-12[02]	no
01-10-13[01]	no
01-10-13[02]	yes
01-10-13[03]	no
01-10-14[01]	no
01-10-15[01]	no
01-10-15[02]	yes
01-10-15[03]	no
01-10-16[01]	no
01-10-16[02]	no
01-10-17[01]	no
01-10-17[02]	no
01-10-17[03]	yes
01-10-17[04]	no
01-10-18[01]	no
01-10-18[02]	no
01-10-18[03]	yes
01-10-18[04]	yes
01-10-19[01]	yes
01-10-19[02]	no
01-10-19[03]	no
01-10-20[01]	no
01-10-20[02]	no
01-10-21[01]	yes
01-10-21[02]	no
01-10-21[03]	no
01-10-22[01]	no
01-10-22[02]	yes
01-10-22[03]	no
01-10-22[04]	yes
01-10-23[01]	yes
01-10-23[02]	no
01-10-23[03]	no
01-10-23[04]	no
01-10-24[01]	yes
01-10-24[02]	no
01-10-24[03]	yes
01-10-24[04]	yes
01-10-24[05]	no
01-10-24[06]	yes
01-10-24[07]	yes
01-10-24[08]	yes
01-10-24[09]	no
01-10-24[10]	yes
01-10-25[01]	no
01-10-25[02]	yes
01-10-25[03]	no
01-10-26[01]	no
01-10-26[02]	no
01-10-26[03]	yes
01-10-26[04]	no
01-10-26[05]	no
01-10-27[01]	yes
01-10-27[02]	yes
01-10-27[03]	no
01-10-27[04]	no
01-10-28[01]	no
01-10-28[02]	yes
01-10-28[03]	no
01-10-28[04]	no
01-10-29[01]	no
01-10-29[02]	no
01-10-29[03]	no
01-10-29[04]	no
01-11-01[01]	no
01-11-01[02]	yes
01-11-01[03]	no
01-11-01[04]	yes
01-11-01[05]	no
01-11-02[01]	no
01-11-02[02]	yes
01-11-02[03]	yes
01-11-03[01]	yes
01-11-03[02]	yes
01-11-04[01]	no
01-11-05[01]	no
01-11-06[01]	yes
01-11-07[01]	no
01-11-08[01]	no
01-11-09[01]	yes
01-11-10[01]	no
01-11-11[01]	no
01-11-12[01]	yes
01-11-13[01]	no
01-11-14[01]	yes
01-11-14[02]	no
01-11-15[01]	no
01-11-15[02]	yes
01-11-15[03]	no
01-11-15[04]	yes
01-11-15[05]	yes
01-11-15[06]	yes
01-11-15[07]	no
01-11-15[08]	no
01-11-15[09]	yes
01-11-16[01]	no
01-11-16[02]	no
01-11-16[03]	yes
01-11-16[04]	no
01-11-16[05]	yes
01-11-16[06]	no
01-11-17[01]	no
01-11-17[02]	yes
01-11-17[03]	yes
01-11-17[04]	no
01-11-18[01]	no
01-11-18[02]	yes
01-11-18[03]	no
01-11-19[01]	no
01-11-19[02]	no
01-11-19[03]	yes
01-11-19[04]	yes
01-11-20[01]	no
01-11-20[02]	no
01-11-20[03]	yes
01-11-20[04]	yes
01-11-21[01]	no
01-11-21[02]	yes
01-11-21[03]	yes
01-11-22[01]	no
01-11-22[02]	yes
01-11-23[01]	no
01-11-23[02]	no
01-11-23[03]	no
01-11-23[04]	no
01-11-23[05]	yes
01-11-24[01]	no
01-11-24[02]	yes
01-11-24[03]	no
01-11-25[01]	no
01-11-25[02]	no
01-11-25[03]	no
01-11-25[04]	yes
01-11-25[05]	no
01-11-26[01]	no
01-11-26[02]	no
01-11-27[01]	no
01-11-27[02]	yes
01-11-27[03]	yes
01-11-28[01]	no
01-11-28[02]	yes
01-11-28[03]	yes
01-11-29[01]	no
01-11-29[02]	yes
01-11-29[03]	no
01-11-29[04]	yes
01-11-30[01]	yes
01-11-30[02]	yes
01-11-30[03]	yes
01-12-01[01]	no
01-12-01[02]	yes
01-12-01[03]	yes
01-12-02[01]	no
01-12-02[02]	yes
01-12-02[03]	yes
01-12-02[04]	no
01-12-02[05]	no
01-12-02[06]	yes
01-12-02[07]	yes
01-12-03[01]	no
01-12-03[02]	yes
01-12-04[01]	yes
01-12-04[02]	yes
01-12-04[03]	yes
01-12-05[01]	yes
01-12-05[02]	yes
01-12-06[01]	no
01-12-06[02]	yes
01-12-06[03]	yes
01-12-07[01]	no
01-12-07[02]	yes
01-12-07[03]	yes
01-12-07[04]	yes
01-12-07[05]	no
01-12-07[06]	yes
01-12-08[01]	no
01-12-08[02]	yes
01-12-09[01]	no
01-12-09[02]	yes
01-12-10[01]	no
01-12-10[02]	no
01-12-10[03]	yes
01-12-10[04]	yes
01-12-10[05]	no
01-12-11[01]	yes
01-12-11[02]	yes
01-12-11[03]	no
01-12-11[04]	no
01-12-11[05]	no
01-12-11[06]	yes
01-12-11[07]	yes
01-12-11[08]	yes
01-12-12[01]	yes
01-12-12[02]	yes
01-12-12[03]	yes
01-12-12[04]	no
01-12-12[05]	yes
01-12-12[06]	yes
01-12-12[07]	yes
01-12-12[08]	no
01-12-13[01]	yes
01-12-13[02]	no
01-12-13[03]	no
01-12-13[04]	yes
01-12-13[05]	yes
01-12-14[01]	no
01-12-14[02]	yes
01-12-14[03]	no
01-12-14[04]	yes
01-12-14[05]	no
01-12-15[01]	no
01-12-15[02]	no
01-12-15[03]	yes
01-12-15[04]	no
01-12-16[01]	no
01-12-16[02]	yes
01-12-16[03]	yes
01-12-16[04]	yes
01-12-16[05]	yes
01-12-17[01]	yes
01-12-17[02]	yes
01-12-17[03]	yes
01-12-17[04]	yes
01-12-17[05]	no
01-12-18[01]	yes
01-12-18[02]	no
01-12-18[03]	no
01-12-18[04]	no
01-12-18[05]	yes
01-12-18[06]	yes
01-12-18[07]	yes
01-12-19[01]	yes
01-12-19[02]	no
01-12-19[03]	yes
01-12-19[04]	yes
01-12-19[05]	yes
01-12-19[06]	yes
01-12-19[07]	no
01-12-19[08]	no
01-12-19[09]	no
01-12-20[01]	yes
01-12-20[02]	no
01-12-20[03]	yes
01-12-20[04]	yes
01-12-20[05]	no
01-12-20[06]	yes
01-12-21[01]	yes
01-12-21[02]	yes
01-12-21[03]	no
01-12-21[04]	yes
01-12-21[05]	yes
01-12-21[06]	no
01-12-21[07]	no
01-12-21[08]	yes
01-12-22[01]	no
01-12-22[02]	no
01-12-22[03]	no
01-12-22[04]	yes
01-12-22[05]	yes
01-12-22[06]	no
01-12-23[01]	yes
01-12-23[02]	no
01-12-23[03]	yes
01-12-24[01]	no
01-12-24[02]	no
01-12-24[03]	yes
01-12-24[04]	yes
01-12-24[05]	no
01-12-24[06]	no
01-12-24[07]	yes
01-12-25[01]	yes
01-12-25[02]	yes
01-12-25[03]	yes
01-12-25[04]	no
01-12-25[05]	no
01-12-25[06]	no
01-12-25[07]	no
01-12-26[01]	no
01-12-26[02]	yes
01-12-26[03]	yes
01-12-26[04]	no
01-12-26[05]	yes
01-12-26[06]	no
01-12-26[07]	yes
01-12-26[08]	yes
01-12-27[01]	no
01-12-27[02]	yes
01-12-27[03]	yes
01-12-27[04]	yes
01-12-27[05]	yes
01-12-27[06]	yes
01-12-28[01]	no
01-12-28[02]	yes
01-12-28[03]	yes
01-12-28[04]	yes
01-12-28[05]	yes
01-12-29[01]	no
01-12-29[02]	yes
01-12-29[03]	yes
02-01-01[01]	yes
02-01-01[02]	no
02-01-02[01]	yes
02-01-02[02]	no
02-01-03[01]	no
02-01-03[02]	no
02-01-03[03]	yes
02-01-03[04]	no
02-01-03[05]	yes
02-01-03[06]	no
02-01-04[01]	no
02-01-04[02]	no
02-01-04[03]	no
02-01-04[04]	no
02-01-04[05]	no
02-01-04[06]	no
02-01-05[01]	no
02-01-05[02]	no
02-01-05[03]	no
02-01-06[01]	no
02-01-06[02]	no
02-01-06[03]	no
02-01-06[04]	no
02-01-07[01]	yes
02-01-07[02]	no
02-01-07[03]	no
02-01-07[04]	no
02-01-07[05]	no
02-01-08[01]	no
02-01-09[01]	no
02-01-09[02]	no
02-01-09[03]	no
02-01-09[04]	no
02-01-09[05]	no
02-01-09[06]	no
02-01-10[01]	no
02-01-10[02]	no
02-01-10[03]	no
02-01-10[04]	no
02-01-10[05]	no
02-01-10[06]	no
02-01-10[07]	no
02-01-11[01]	no
02-01-11[02]	no
02-01-11[03]	no
02-01-12[01]	no
02-01-12[02]	no
02-01-13[01]	no
02-01-13[02]	no
02-01-13[03]	no
02-01-13[04]	no
02-01-13[05]	no
02-01-13[06]	no
02-01-15[01]	no
02-01-15[02]	no
02-01-15[03]	yes
02-01-16[01]	no
02-01-16[02]	no
02-01-16[03]	no
02-01-17[01]	no
02-01-17[02]	yes
02-01-17[03]	no
02-01-18[01]	no
02-01-19[01]	no
02-01-19[02]	no
02-01-20[01]	no
02-01-20[02]	no
02-01-20[03]	yes
02-01-20[04]	no
02-01-21[01]	yes
02-01-21[02]	yes
02-01-21[03]	yes
02-01-21[04]	no
02-01-21[05]	no
02-01-22[01]	no
02-01-22[02]	no
02-01-22[03]	no
02-01-22[04]	no
02-01-22[05]	no
02-01-23[01]	no
02-01-23[02]	no
02-01-23[03]	no
02-01-23[04]	yes
02-01-24[01]	no
02-01-24[02]	no
02-01-24[03]	no
02-01-25[01]	yes
02-01-25[02]	no
02-01-25[03]	no
02-01-25[04]	no
02-01-25[05]	yes
02-01-26[01]	no
02-01-26[02]	no
02-01-26[03]	no
02-01-26[04]	no
02-01-27[01]	no
02-01-27[02]	no
02-01-28[01]	no
02-01-28[02]	no
02-01-28[03]	no
02-01-28[04]	yes
02-01-29[01]	no
02-01-29[02]	no
02-01-29[03]	yes
02-01-30[01]	no
02-윤01-01[01]	no
02-윤01-01[02]	yes
02-윤01-02[01]	no
02-윤01-02[02]	no
02-윤01-02[03]	yes
02-윤01-02[04]	no
02-윤01-03[01]	no
02-윤01-03[02]	no
02-윤01-03[03]	no
02-윤01-03[04]	no
02-윤01-03[05]	no
02-윤01-03[06]	no
02-윤01-04[01]	no
02-윤01-05[01]	no
02-윤01-05[02]	no
02-윤01-05[03]	yes
02-윤01-05[04]	yes
02-윤01-06[01]	no
02-윤01-06[02]	no
02-윤01-06[03]	no
02-윤01-06[04]	yes
02-윤01-07[01]	yes
02-윤01-08[01]	no
02-윤01-09[01]	no
02-윤01-09[02]	no
02-윤01-09[03]	no
02-윤01-09[04]	no
02-윤01-09[05]	no
02-윤01-09[06]	no
02-윤01-09[07]	no
02-윤01-09[08]	no
02-윤01-10[01]	no
02-윤01-10[02]	no
02-윤01-10[03]	no
02-윤01-10[04]	no
02-윤01-10[05]	no
02-윤01-10[06]	yes
02-윤01-11[01]	no
02-윤01-11[02]	no
02-윤01-11[03]	no
02-윤01-12[01]	no
02-윤01-13[01]	no
02-윤01-13[02]	no
02-윤01-13[03]	no
02-윤01-13[04]	yes
02-윤01-13[05]	no
02-윤01-13[06]	yes
02-윤01-13[07]	yes
02-윤01-14[01]	no
02-윤01-14[02]	no
02-윤01-14[03]	no
02-윤01-14[04]	no
02-윤01-14[05]	no
02-윤01-14[06]	no
02-윤01-14[07]	no
02-윤01-15[01]	no
02-윤01-15[02]	no
02-윤01-15[03]	no
02-윤01-15[04]	no
02-윤01-15[05]	no
02-윤01-15[06]	yes
02-윤01-15[07]	no
02-윤01-15[08]	no
02-윤01-16[01]	no
02-윤01-16[02]	no
02-윤01-16[03]	no
02-윤01-17[01]	no
02-윤01-17[02]	no
02-윤01-18[01]	no
02-윤01-18[02]	no
02-윤01-18[03]	no
02-윤01-19[01]	no
02-윤01-19[02]	no
02-윤01-19[03]	yes
02-윤01-20[01]	no
02-윤01-20[02]	no
02-윤01-21[01]	no
02-윤01-22[01]	no
02-윤01-22[02]	no
02-윤01-23[01]	no
02-윤01-23[02]	yes
02-윤01-23[03]	no
02-윤01-23[04]	no
02-윤01-24[01]	no
02-윤01-25[01]	no
02-윤01-26[01]	yes
02-윤01-26[02]	no
02-윤01-27[01]	yes
02-윤01-27[02]	no
02-윤01-27[03]	no
02-윤01-27[04]	no
02-윤01-27[05]	no
02-윤01-28[01]	no
02-윤01-28[02]	no
02-윤01-28[03]	no
02-윤01-28[04]	no
02-윤01-28[05]	no
02-윤01-28[06]	yes
02-윤01-29[01]	no
02-윤01-29[02]	no
02-윤01-29[03]	yes
02-02-01[01]	yes
02-02-01[02]	no
02-02-01[03]	no
02-02-01[04]	no
02-02-02[01]	no
02-02-02[02]	no
02-02-02[03]	no
02-02-03[01]	no
02-02-03[02]	no
02-02-03[03]	no
02-02-04[01]	no
02-02-04[02]	no
02-02-05[01]	no
02-02-05[02]	no
02-02-05[03]	no
02-02-05[04]	no
02-02-06[01]	no
02-02-06[02]	no
02-02-06[03]	no
02-02-07[01]	no
02-02-07[02]	no
02-02-07[03]	no
02-02-08[01]	yes
02-02-09[01]	no
02-02-09[02]	no
02-02-10[01]	no
02-02-11[01]	no
02-02-11[02]	no
02-02-11[03]	no
02-02-12[01]	no
02-02-12[02]	no
02-02-13[01]	no
02-02-13[02]	no
02-02-13[03]	no
02-02-14[01]	no
02-02-14[02]	no
02-02-14[03]	no
02-02-15[01]	yes
02-02-15[02]	no
02-02-15[03]	yes
02-02-15[04]	no
02-02-15[05]	no
02-02-16[01]	no
02-02-17[01]	no
02-02-18[01]	no
02-02-18[02]	no
02-02-18[03]	no
02-02-19[01]	no
02-02-19[02]	no
02-02-19[03]	no
02-02-19[04]	yes
02-02-20[01]	no
02-02-20[02]	no
02-02-21[01]	no
02-02-21[02]	no
02-02-22[01]	no
02-02-22[02]	no
02-02-22[03]	no
02-02-22[04]	no
02-02-22[05]	no
02-02-23[01]	yes
02-02-24[01]	no
02-02-25[01]	no
02-02-25[02]	no
02-02-25[03]	no
02-02-25[04]	yes
02-02-25[05]	yes
02-02-25[06]	no
02-02-25[07]	no
02-02-25[08]	no
02-02-25[09]	no
02-02-26[01]	no
02-02-29[01]	no
02-02-29[02]	no
02-02-29[03]	no
02-02-29[04]	no
02-02-30[01]	no
02-03-01[01]	no
02-03-02[01]	no
02-03-02[02]	no
02-03-02[03]	no
02-03-03[01]	no
02-03-03[02]	no
02-03-04[01]	no
02-03-04[02]	no
02-03-04[03]	no
02-03-04[04]	no
02-03-04[05]	no
02-03-05[01]	no
02-03-05[02]	no
02-03-05[03]	no
02-03-05[04]	no
02-03-05[05]	no
02-03-06[01]	no
02-03-06[02]	yes
02-03-07[01]	no
02-03-08[01]	no
02-03-08[02]	no
02-03-08[03]	no
02-03-09[01]	yes
02-03-10[01]	no
02-03-10[02]	yes
02-03-10[03]	no
02-03-11[01]	no
02-03-11[02]	yes
02-03-11[03]	no
02-03-12[01]	no
02-03-13[01]	no
02-03-13[02]	yes
02-03-14[01]	no
02-03-14[02]	no
02-03-15[01]	no
02-03-15[02]	no
02-03-15[03]	no
02-03-16[01]	yes
02-03-16[02]	yes
02-03-16[03]	no
02-03-17[01]	no
02-03-17[02]	yes
02-03-17[03]	no
02-03-17[04]	no
02-03-18[01]	no
02-03-18[02]	no
02-03-19[01]	no
02-03-19[02]	no
02-03-19[03]	no
02-03-19[04]	no
02-03-19[05]	no
02-03-19[06]	yes
02-03-19[07]	no
02-03-20[01]	yes
02-03-20[02]	no
02-03-20[03]	no
02-03-20[04]	no
02-03-20[05]	yes
02-03-21[01]	no
02-03-22[01]	yes
02-03-22[02]	yes
02-03-23[01]	no
02-03-23[02]	no
02-03-23[03]	no
02-03-23[04]	no
02-03-23[05]	yes
02-03-23[06]	no
02-03-24[01]	no
02-03-24[02]	no
02-03-25[01]	no
02-03-25[02]	no
02-03-25[03]	no
02-03-26[01]	no
02-03-26[02]	no
02-03-26[03]	no
02-03-26[04]	no
02-03-27[01]	no
02-03-27[02]	no
02-03-27[03]	no
02-03-27[04]	no
02-03-27[05]	no
02-03-28[01]	no
02-03-28[02]	no
02-03-28[03]	no
02-03-28[04]	no
02-03-28[05]	no
02-03-28[06]	yes
02-03-29[01]	no
02-03-29[02]	no
02-03-30[01]	no
02-03-30[02]	no
02-03-30[03]	no
02-03-30[04]	no
02-04-01[01]	no
02-04-02[01]	no
02-04-02[02]	no
02-04-02[03]	yes
02-04-02[04]	no
02-04-03[01]	no
02-04-03[02]	no
02-04-03[03]	no
02-04-03[04]	no
02-04-03[05]	no
02-04-03[06]	no
02-04-03[07]	no
02-04-04[01]	no
02-04-04[02]	yes
02-04-04[03]	no
02-04-04[04]	no
02-04-04[05]	no
02-04-04[06]	no
02-04-04[07]	no
02-04-05[01]	no
02-04-05[02]	no
02-04-06[01]	no
02-04-06[02]	no
02-04-06[03]	no
02-04-06[04]	no
02-04-06[05]	no
02-04-06[06]	yes
02-04-07[01]	no
02-04-07[02]	yes
02-04-07[03]	yes
02-04-07[04]	no
02-04-07[05]	no
02-04-07[06]	no
02-04-08[01]	no
02-04-08[02]	no
02-04-08[03]	no
02-04-09[01]	no
02-04-09[02]	no
02-04-10[01]	no
02-04-10[02]	no
02-04-10[03]	no
02-04-10[04]	yes
02-04-10[05]	no
02-04-11[01]	no
02-04-11[02]	yes
02-04-11[03]	no
02-04-11[04]	no
02-04-11[05]	no
02-04-12[01]	no
02-04-12[02]	no
02-04-12[03]	yes
02-04-12[04]	yes
02-04-12[05]	yes
02-04-12[06]	yes
02-04-13[01]	no
02-04-13[02]	no
02-04-13[03]	yes
02-04-13[04]	yes
02-04-14[01]	no
02-04-14[02]	yes
02-04-15[01]	yes
02-04-15[02]	yes
02-04-15[03]	no
02-04-15[04]	no
02-04-15[05]	no
02-04-15[06]	no
02-04-16[01]	no
02-04-16[02]	no
02-04-16[03]	yes
02-04-16[04]	no
02-04-16[05]	no
02-04-16[06]	no
02-04-17[01]	no
02-04-17[02]	yes
02-04-17[03]	no
02-04-17[04]	no
02-04-18[01]	no
02-04-18[02]	yes
02-04-18[03]	no
02-04-18[04]	yes
02-04-18[05]	no
02-04-18[06]	no
02-04-18[07]	yes
02-04-19[01]	yes
02-04-19[02]	no
02-04-19[03]	no
02-04-20[01]	no
02-04-20[02]	no
02-04-20[03]	no
02-04-20[04]	no
02-04-20[05]	no
02-04-21[01]	no
02-04-21[02]	yes
02-04-21[03]	yes
02-04-21[04]	no
02-04-21[05]	no
02-04-21[06]	no
02-04-22[01]	no
02-04-22[02]	no
02-04-23[01]	no
02-04-23[02]	no
02-04-23[03]	no
02-04-23[04]	yes
02-04-23[05]	no
02-04-24[01]	yes
02-04-24[02]	no
02-04-24[03]	no
02-04-25[01]	no
02-04-25[02]	yes
02-04-25[03]	yes
02-04-25[04]	no
02-04-26[01]	no
02-04-26[02]	no
02-04-26[03]	yes
02-04-26[04]	yes
02-04-26[05]	yes
02-04-27[01]	no
02-04-27[02]	yes
02-04-27[03]	no
02-04-28[01]	no
02-04-28[02]	no
02-04-28[03]	yes
02-04-28[04]	yes
02-04-28[05]	yes
02-04-28[06]	yes
02-04-29[01]	no
02-04-29[02]	no
02-04-29[03]	no
02-05-01[01]	yes
02-05-01[02]	no
02-05-02[01]	no
02-05-02[02]	yes
02-05-02[03]	yes
02-05-02[04]	no
02-05-03[01]	yes
02-05-03[02]	no
02-05-03[03]	yes
02-05-03[04]	yes
02-05-03[05]	yes
02-05-04[01]	no
02-05-04[02]	no
02-05-04[03]	no
02-05-04[04]	no
02-05-04[05]	no
02-05-04[06]	yes
02-05-04[07]	no
02-05-05[01]	no
02-05-06[01]	no
02-05-06[02]	yes
02-05-06[03]	yes
02-05-06[04]	no
02-05-06[05]	no
02-05-07[01]	yes
02-05-07[02]	yes
02-05-07[03]	no
02-05-08[01]	yes
02-05-08[02]	yes
02-05-09[01]	no
02-05-10[01]	no
02-05-10[02]	yes
02-05-10[03]	no
02-05-10[04]	yes
02-05-11[01]	no
02-05-11[02]	yes
02-05-11[03]	yes
02-05-11[04]	no
02-05-11[05]	yes
02-05-11[06]	yes
02-05-11[07]	no
02-05-12[01]	no
02-05-12[02]	yes
02-05-13[01]	yes
02-05-13[02]	no
02-05-14[01]	no
02-05-14[02]	yes
02-05-15[01]	no
02-05-15[02]	yes
02-05-15[03]	no
02-05-16[01]	yes
02-05-16[02]	yes
02-05-17[01]	no
02-05-17[02]	no
02-05-17[03]	no
02-05-18[01]	no
02-05-18[02]	yes
02-05-18[03]	yes
02-05-18[04]	no
02-05-19[01]	no
02-05-19[02]	yes
02-05-19[03]	yes
02-05-19[04]	yes
02-05-20[01]	yes
02-05-20[02]	no
02-05-20[03]	yes
02-05-21[01]	no
02-05-22[01]	yes
02-05-22[02]	yes
02-05-22[03]	yes
02-05-23[01]	yes
02-05-23[02]	no
02-05-23[03]	yes
02-05-23[04]	no
02-05-25[01]	no
02-05-25[02]	yes
02-05-25[03]	yes
02-05-26[01]	no
02-05-26[02]	yes
02-05-26[03]	no
02-05-27[01]	yes
02-05-28[01]	yes
02-05-28[02]	yes
02-05-29[01]	yes
02-05-29[02]	no
02-05-30[01]	yes
02-05-30[02]	no
02-06-01[01]	no
02-06-05[01]	yes
02-06-06[01]	yes
02-06-06[02]	yes
02-06-07[01]	yes
02-06-07[02]	yes
02-06-08[01]	yes
02-06-09[01]	no
02-06-10[01]	yes
02-06-11[01]	yes
02-06-11[02]	no
02-06-12[01]	no
02-06-12[02]	yes
02-06-13[01]	no
02-06-13[02]	yes
02-06-14[01]	yes
02-06-14[02]	no
02-06-14[03]	yes
02-06-14[04]	yes
02-06-15[01]	yes
02-06-15[02]	no
02-06-16[01]	no
02-06-17[01]	no
02-06-19[01]	yes
02-06-20[01]	yes
02-06-21[01]	yes
02-06-22[01]	no
02-06-22[02]	yes
02-06-22[03]	yes
02-06-23[01]	yes
02-06-24[01]	yes
02-06-25[01]	no
02-06-26[01]	yes
02-06-26[02]	no
02-06-27[01]	yes
02-06-28[01]	yes
02-06-28[02]	yes
02-06-29[01]	yes
02-07-01[01]	yes
02-07-02[01]	yes
02-07-03[01]	yes
02-07-04[01]	no
02-07-05[01]	yes
02-07-06[01]	no
02-07-06[02]	no
02-07-06[03]	yes
02-07-07[01]	yes
02-07-07[02]	no
02-07-08[01]	yes
02-07-08[02]	no
02-07-09[01]	no
02-07-09[02]	no
02-07-10[01]	yes
02-07-10[02]	yes
02-07-10[03]	yes
02-07-10[04]	no
02-07-10[05]	yes
02-07-11[01]	no
02-07-11[02]	no
02-07-11[03]	yes
02-07-11[04]	yes
02-07-11[05]	yes
02-07-11[06]	no
02-07-12[01]	no
02-07-12[02]	no
02-07-12[03]	yes
02-07-12[04]	no
02-07-13[01]	yes
02-07-13[02]	yes
02-07-13[03]	yes
02-07-13[04]	no
02-07-14[01]	no
02-07-14[02]	no
02-07-15[01]	yes
02-07-15[02]	no
02-07-15[03]	no
02-07-15[04]	no
02-07-15[05]	no
02-07-15[06]	yes
02-07-16[01]	no
02-07-17[01]	yes
02-07-18[01]	yes
02-07-18[02]	no
02-07-18[03]	yes
02-07-19[01]	no
02-07-19[02]	yes
02-07-19[03]	yes
02-07-19[04]	no
02-07-19[05]	yes
02-07-20[01]	no
02-07-21[01]	yes
02-07-22[01]	yes
02-07-22[02]	no
02-07-22[03]	yes
02-07-22[04]	yes
02-07-22[05]	yes
02-07-23[01]	no
02-07-23[02]	yes
02-07-23[03]	no
02-07-24[01]	no
02-07-24[02]	yes
02-07-24[03]	yes
02-07-24[04]	yes
02-07-25[01]	yes
02-07-25[02]	yes
02-07-25[03]	yes
02-07-25[04]	yes
02-07-26[01]	no
02-07-26[02]	no
02-07-26[03]	no
02-07-26[04]	yes
02-07-27[01]	no
02-07-28[01]	no
02-07-29[01]	yes
02-07-29[02]	no
02-07-29[03]	no
02-07-29[04]	yes
02-07-29[05]	no
02-07-30[01]	no
02-07-30[02]	yes
02-07-30[03]	yes
02-07-30[04]	yes
02-08-01[01]	yes
02-08-01[02]	no
02-08-02[01]	yes
02-08-02[02]	yes
02-08-02[03]	yes
02-08-02[04]	yes
02-08-02[05]	yes
02-08-02[06]	yes
02-08-04[01]	no
02-08-04[02]	yes
02-08-05[01]	yes
02-08-05[02]	no
02-08-05[03]	yes
02-08-06[01]	no
02-08-06[02]	no
02-08-06[03]	no
02-08-07[01]	no
02-08-07[02]	yes
02-08-08[01]	yes
02-08-08[02]	yes
02-08-09[01]	yes
02-08-09[02]	yes
02-08-09[03]	no
02-08-09[04]	yes
02-08-10[01]	yes
02-08-10[02]	yes
02-08-11[01]	yes
02-08-11[02]	yes
02-08-11[03]	yes
02-08-11[04]	no
02-08-12[01]	no
02-08-12[02]	yes
02-08-13[01]	no
02-08-13[02]	no
02-08-13[03]	no
02-08-14[01]	yes
02-08-14[02]	yes
02-08-14[03]	yes
02-08-14[04]	yes
02-08-15[01]	no
02-08-15[02]	no
02-08-15[03]	yes
02-08-15[04]	yes
02-08-15[05]	yes
02-08-15[06]	yes
02-08-16[01]	no
02-08-16[02]	yes
02-08-17[01]	yes
02-08-17[02]	yes
02-08-18[01]	yes
02-08-18[02]	no
02-08-18[03]	no
02-08-18[04]	yes
02-08-19[01]	yes
02-08-19[02]	no
02-08-20[01]	no
02-08-20[02]	no
02-08-20[03]	yes
02-08-21[01]	no
02-08-21[02]	yes
02-08-21[03]	yes
02-08-22[01]	no
02-08-22[02]	yes
02-08-23[01]	yes
02-08-24[01]	no
02-08-24[02]	yes
02-08-25[01]	no
02-08-25[02]	yes
02-08-25[03]	yes
02-08-25[04]	no
02-08-26[01]	no
02-08-26[02]	no
02-08-26[03]	yes
02-08-26[04]	yes
02-08-27[01]	no
02-08-28[01]	yes
02-08-29[01]	no
02-08-29[02]	yes
02-08-29[03]	yes
02-08-29[04]	yes
02-08-29[05]	yes
02-09-01[01]	no
02-09-01[02]	no
02-09-01[03]	yes
02-09-01[04]	yes
02-09-01[05]	no
02-09-01[06]	yes
02-09-01[07]	yes
02-09-01[08]	no
02-09-02[01]	no
02-09-02[02]	yes
02-09-02[03]	no
02-09-03[01]	no
02-09-03[02]	yes
02-09-04[01]	no
02-09-04[02]	yes
02-09-05[01]	no
02-09-05[02]	no
02-09-05[03]	yes
02-09-05[04]	no
02-09-06[01]	no
02-09-06[02]	no
02-09-06[03]	no
02-09-06[04]	yes
02-09-06[05]	yes
02-09-06[06]	yes
02-09-06[07]	no
02-09-07[01]	no
02-09-07[02]	yes
02-09-07[03]	no
02-09-08[01]	no
02-09-08[02]	yes
02-09-08[03]	yes
02-09-08[04]	yes
02-09-09[01]	no
02-09-09[02]	yes
02-09-09[03]	yes
02-09-10[01]	no
02-09-10[02]	no
02-09-10[03]	yes
02-09-10[04]	no
02-09-10[05]	yes
02-09-10[06]	no
02-09-11[01]	no
02-09-11[02]	no
02-09-11[03]	no
02-09-11[04]	no
02-09-11[05]	no
02-09-12[01]	no
02-09-12[02]	no
02-09-12[03]	yes
02-09-12[04]	yes
02-09-13[01]	no
02-09-13[02]	yes
02-09-13[03]	yes
02-09-13[04]	yes
02-09-13[05]	yes
02-09-13[06]	yes
02-09-13[07]	no
02-09-14[01]	yes
02-09-14[02]	yes
02-09-14[03]	yes
02-09-14[04]	yes
02-09-15[01]	yes
02-09-15[02]	yes
02-09-16[01]	yes
02-09-16[02]	no
02-09-16[03]	yes
02-09-17[01]	yes
02-09-17[02]	yes
02-09-18[01]	no
02-09-18[02]	yes
02-09-19[01]	no
02-09-19[02]	yes
02-09-19[03]	yes
02-09-19[04]	no
02-09-20[01]	yes
02-09-20[02]	no
02-09-21[01]	no
02-09-21[02]	yes
02-09-21[03]	no
02-09-22[01]	no
02-09-22[02]	yes
02-09-23[01]	no
02-09-23[02]	yes
02-09-23[03]	no
02-09-23[04]	no
02-09-24[01]	no
02-09-24[02]	no
02-09-24[03]	yes
02-09-24[04]	no
02-09-24[05]	yes
02-09-24[06]	yes
02-09-24[07]	yes
02-09-24[08]	yes
02-09-25[01]	no
02-09-25[02]	no
02-09-26[01]	yes
02-09-27[01]	no
02-09-27[02]	no
02-09-27[03]	no
02-09-27[04]	no
02-09-28[01]	yes
02-09-28[02]	no
02-09-29[01]	yes
02-09-29[02]	no
02-09-29[03]	yes
02-09-29[04]	yes
02-09-29[05]	no
02-09-29[06]	yes
02-09-30[01]	no
02-09-30[02]	yes
02-10-01[01]	no
02-10-01[02]	yes
02-10-01[03]	yes
02-10-01[04]	no
02-10-01[05]	yes
02-10-02[01]	yes
02-10-02[02]	no
02-10-02[03]	yes
02-10-02[04]	yes
02-10-03[01]	no
02-10-04[01]	yes
02-10-04[02]	yes
02-10-04[03]	yes
02-10-04[04]	no
02-10-06[01]	no
02-10-07[01]	no
02-10-08[01]	yes
02-10-08[02]	yes
02-10-09[01]	no
02-10-09[02]	no
02-10-10[01]	yes
02-10-10[02]	yes
02-10-10[03]	yes
02-10-10[04]	no
02-10-11[01]	yes
02-10-11[02]	no
02-10-11[03]	yes
02-10-11[04]	no
02-10-12[01]	yes
02-10-12[02]	no
02-10-12[03]	yes
02-10-13[01]	yes
02-10-13[02]	no
02-10-14[01]	no
02-10-14[02]	yes
02-10-15[01]	yes
02-10-15[02]	yes
02-10-15[03]	yes
02-10-16[01]	no
02-10-16[02]	no
02-10-16[03]	yes
02-10-16[04]	yes
02-10-17[01]	yes
02-10-17[02]	yes
02-10-17[03]	no
02-10-17[04]	yes
02-10-18[01]	no
02-10-18[02]	no
02-10-18[03]	yes
02-10-19[01]	yes
02-10-19[02]	yes
02-10-20[01]	yes
02-10-21[01]	yes
02-10-21[02]	yes
02-10-22[01]	yes
02-10-23[01]	yes
02-10-23[02]	no
02-10-24[01]	no
02-10-24[02]	yes
02-10-24[03]	yes
02-10-24[04]	yes
02-10-24[05]	yes
02-10-25[01]	yes
02-10-26[01]	no
02-10-26[02]	yes
02-10-26[03]	yes
02-10-26[04]	yes
02-10-26[05]	yes
02-10-26[06]	no
02-10-27[01]	yes
02-10-27[02]	no
02-10-27[03]	no
02-10-28[01]	no
02-10-29[01]	no
02-10-29[02]	no
02-10-29[03]	yes
02-11-01[01]	yes
02-11-01[02]	yes
02-11-01[03]	yes
02-11-01[04]	yes
02-11-01[05]	yes
02-11-02[01]	yes
02-11-02[02]	no
02-11-03[01]	yes
02-11-03[02]	yes
02-11-03[03]	yes
02-11-03[04]	yes
02-11-03[05]	no
02-11-04[01]	no
02-11-04[02]	yes
02-11-05[01]	no
02-11-05[02]	no
02-11-05[03]	yes
02-11-05[04]	yes
02-11-06[01]	yes
02-11-07[01]	no
02-11-07[02]	no
02-11-07[03]	yes
02-11-08[01]	no
02-11-08[02]	yes
02-11-09[01]	no
02-11-09[02]	yes
02-11-10[01]	no
02-11-10[02]	no
02-11-10[03]	yes
02-11-11[01]	no
02-11-11[02]	yes
02-11-11[03]	no
02-11-13[01]	no
02-11-13[02]	no
02-11-13[03]	yes
02-11-14[01]	no
02-11-15[01]	no
02-11-15[02]	no
02-11-15[03]	yes
02-11-15[04]	yes
02-11-15[05]	yes
02-11-16[01]	no
02-11-16[02]	yes
02-11-17[01]	yes
02-11-17[02]	yes
02-11-18[01]	yes
02-11-18[02]	yes
02-11-19[01]	no
02-11-20[01]	no
02-11-20[02]	yes
02-11-21[01]	no
02-11-21[02]	yes
02-11-21[03]	yes
02-11-22[01]	no
02-11-22[02]	no
02-11-22[03]	no
02-11-22[04]	yes
02-11-23[01]	no
02-11-23[02]	yes
02-11-24[01]	no
02-11-24[02]	yes
02-11-25[01]	yes
02-11-25[02]	no
02-11-25[03]	no
02-11-26[01]	no
02-11-26[02]	yes
02-11-26[03]	yes
02-11-27[01]	yes
02-11-27[02]	yes
02-11-28[01]	no
02-11-28[02]	no
02-11-29[01]	no
02-11-29[02]	yes
02-11-29[03]	yes
02-11-29[04]	no
02-11-30[01]	no
02-11-30[02]	no
02-11-30[03]	yes
02-12-01[01]	yes
02-12-01[02]	no
02-12-01[03]	no
02-12-01[04]	yes
02-12-02[01]	no
02-12-02[02]	no
02-12-03[01]	yes
02-12-04[01]	no
02-12-05[01]	no
02-12-06[01]	no
02-12-08[01]	no
02-12-08[02]	yes
02-12-08[03]	no
02-12-08[04]	no
02-12-09[01]	yes
02-12-09[02]	no
02-12-09[03]	yes
02-12-10[01]	no
02-12-12[01]	no
02-12-12[02]	no
02-12-13[01]	no
02-12-13[02]	yes
02-12-14[01]	no
02-12-15[01]	no
02-12-15[02]	no
02-12-15[03]	yes
02-12-15[04]	no
02-12-15[05]	yes
02-12-15[06]	yes
02-12-16[01]	no
02-12-17[01]	no
02-12-17[02]	yes
02-12-17[03]	no
02-12-18[01]	no
02-12-18[02]	yes
02-12-19[01]	no
02-12-19[02]	yes
02-12-20[01]	no
02-12-20[02]	yes
02-12-20[03]	yes
02-12-21[01]	no
02-12-22[01]	no
02-12-23[01]	no
02-12-23[02]	no
02-12-24[01]	no
02-12-24[02]	yes
02-12-25[01]	no
02-12-27[01]	yes
02-12-27[02]	yes
02-12-27[03]	yes
02-12-28[01]	no
02-12-28[02]	yes
02-12-29[01]	yes
02-12-29[02]	no
02-12-29[03]	yes
03-01-01[01]	yes
03-01-02[01]	no
03-01-03[01]	yes
03-01-04[01]	no
03-01-04[02]	no
03-01-04[03]	no
03-01-05[01]	no
03-01-05[02]	no
03-01-05[03]	yes
03-01-05[04]	no
03-01-06[01]	no
03-01-06[02]	no
03-01-06[03]	no
03-01-06[04]	no
03-01-07[01]	no
03-01-07[02]	no
03-01-07[03]	yes
03-01-08[01]	no
03-01-08[02]	no
03-01-09[01]	no
03-01-09[02]	yes
03-01-10[01]	no
03-01-10[02]	no
03-01-10[03]	no
03-01-10[04]	no
03-01-10[05]	yes
03-01-11[01]	no
03-01-12[01]	yes
03-01-12[02]	no
03-01-13[01]	no
03-01-13[02]	no
03-01-13[03]	no
03-01-13[04]	no
03-01-13[05]	yes
03-01-13[06]	no
03-01-13[07]	yes
03-01-13[08]	no
03-01-14[01]	no
03-01-14[02]	yes
03-01-15[01]	no
03-01-15[02]	yes
03-01-15[03]	no
03-01-16[01]	no
03-01-16[02]	no
03-01-16[03]	yes
03-01-16[04]	no
03-01-16[05]	no
03-01-16[06]	no
03-01-16[07]	no
03-01-16[08]	yes
03-01-16[09]	no
03-01-17[01]	no
03-01-17[02]	yes
03-01-19[01]	no
03-01-19[02]	yes
03-01-19[03]	no
03-01-19[04]	no
03-01-19[05]	no
03-01-19[06]	no
03-01-19[07]	no
03-01-20[01]	no
03-01-20[02]	no
03-01-21[01]	no
03-01-21[02]	no
03-01-22[01]	no
03-01-22[02]	no
03-01-22[03]	no
03-01-23[01]	no
03-01-23[02]	yes
03-01-23[03]	no
03-01-23[04]	yes
03-01-24[01]	no
03-01-24[02]	no
03-01-25[01]	no
03-01-25[02]	yes
03-01-26[01]	no
03-01-26[02]	no
03-01-27[01]	no
03-01-27[02]	no
03-01-27[03]	no
03-01-30[01]	no
03-01-30[02]	yes
03-02-01[01]	no
03-02-01[02]	no
03-02-01[03]	no
03-02-01[04]	yes
03-02-01[05]	no
03-02-02[01]	no
03-02-02[02]	yes
03-02-02[03]	no
03-02-02[04]	no
03-02-03[01]	no
03-02-03[02]	no
03-02-04[01]	no
03-02-05[01]	no
03-02-05[02]	no
03-02-05[03]	no
03-02-05[04]	no
03-02-05[05]	no
03-02-06[01]	no
03-02-06[02]	no
03-02-07[01]	no
03-02-07[02]	no
03-02-07[03]	no
03-02-08[01]	no
03-02-08[02]	no
03-02-09[01]	yes
03-02-09[02]	no
03-02-10[01]	no
03-02-10[02]	yes
03-02-10[03]	no
03-02-10[04]	yes
03-02-10[05]	yes
03-02-10[06]	no
03-02-10[07]	no
03-02-11[01]	yes
03-02-12[01]	no
03-02-12[02]	no
03-02-12[03]	yes
03-02-12[04]	no
03-02-12[05]	no
03-02-13[01]	no
03-02-14[01]	no
03-02-14[02]	no
03-02-15[01]	yes
03-02-16[01]	yes
03-02-16[02]	no
03-02-16[03]	no
03-02-17[01]	no
03-02-18[01]	no
03-02-18[02]	no
03-02-18[03]	yes
03-02-19[01]	no
03-02-20[01]	yes
03-02-20[02]	no
03-02-21[01]	no
03-02-22[01]	no
03-02-22[02]	yes
03-02-23[01]	yes
03-02-23[02]	no
03-02-23[03]	no
03-02-23[04]	no
03-02-23[05]	no
03-02-23[06]	no
03-02-24[01]	no
03-02-24[02]	no
03-02-24[03]	no
03-02-25[01]	no
03-02-25[02]	yes
03-02-26[01]	no
03-02-26[02]	no
03-02-26[03]	yes
03-02-26[04]	yes
03-02-26[05]	no
03-02-27[01]	yes
03-02-28[01]	no
03-02-29[01]	no
03-03-01[01]	no
03-03-01[02]	no
03-03-02[01]	no
03-03-02[02]	no
03-03-03[01]	no
03-03-03[02]	yes
03-03-03[03]	yes
03-03-04[01]	no
03-03-05[01]	yes
03-03-06[01]	no
03-03-07[01]	no
03-03-07[02]	no
03-03-08[01]	no
03-03-08[02]	no
03-03-09[01]	no
03-03-09[02]	yes
03-03-09[03]	no
03-03-09[04]	no
03-03-09[05]	no
03-03-09[06]	no
03-03-10[01]	no
03-03-11[01]	no
03-03-12[01]	yes
03-03-12[02]	yes
03-03-13[01]	no
03-03-14[01]	no
03-03-14[02]	yes
03-03-14[03]	no
03-03-14[04]	no
03-03-14[05]	yes
03-03-14[06]	no
03-03-14[07]	yes
03-03-15[01]	no
03-03-15[02]	yes
03-03-15[03]	yes
03-03-15[04]	yes
03-03-16[01]	no
03-03-16[02]	yes
03-03-16[03]	no
03-03-17[01]	yes
03-03-18[01]	no
03-03-18[02]	no
03-03-18[03]	yes
03-03-18[04]	yes
03-03-19[01]	no
03-03-19[02]	no
03-03-20[01]	yes
03-03-21[01]	yes
03-03-21[02]	no
03-03-22[01]	no
03-03-23[01]	no
03-03-23[02]	yes
03-03-23[03]	no
03-03-23[04]	no
03-03-23[05]	yes
03-03-23[06]	no
03-03-24[01]	yes
03-03-24[02]	yes
03-03-24[03]	no
03-03-26[01]	no
03-03-26[02]	yes
03-03-26[03]	yes
03-03-26[04]	yes
03-03-26[05]	yes
03-03-27[01]	yes
03-03-28[01]	no
03-03-28[02]	yes
03-03-28[03]	no
03-03-28[04]	no
03-03-28[05]	yes
03-03-29[01]	no
03-03-30[01]	no
03-04-01[01]	no
03-04-01[02]	yes
03-04-02[01]	no
03-04-02[02]	no
03-04-03[01]	no
03-04-03[02]	yes
03-04-04[01]	no
03-04-05[01]	yes
03-04-05[02]	no
03-04-05[03]	no
03-04-05[04]	no
03-04-05[05]	no
03-04-06[01]	no
03-04-06[02]	yes
03-04-06[03]	yes
03-04-07[01]	no
03-04-07[02]	no
03-04-07[03]	no
03-04-07[04]	yes
03-04-08[01]	no
03-04-08[02]	yes
03-04-09[01]	no
03-04-09[02]	yes
03-04-10[01]	no
03-04-10[02]	no
03-04-10[03]	no
03-04-11[01]	no
03-04-12[01]	no
03-04-12[02]	no
03-04-12[03]	no
03-04-12[04]	no
03-04-13[01]	yes
03-04-13[02]	no
03-04-13[03]	no
03-04-13[04]	no
03-04-14[01]	no
03-04-14[02]	yes
03-04-14[03]	no
03-04-14[04]	yes
03-04-15[01]	no
03-04-16[01]	no
03-04-16[02]	yes
03-04-16[03]	yes
03-04-16[04]	yes
03-04-16[05]	no
03-04-17[01]	no
03-04-17[02]	no
03-04-17[03]	no
03-04-17[04]	yes
03-04-18[01]	no
03-04-18[02]	yes
03-04-19[01]	no
03-04-19[02]	yes
03-04-20[01]	no
03-04-21[01]	no
03-04-22[01]	no
03-04-23[01]	yes
03-04-24[01]	yes
03-04-25[01]	no
03-04-26[01]	no
03-04-26[02]	no
03-04-26[03]	yes
03-04-26[04]	yes
03-04-27[01]	yes
03-04-27[02]	no
03-04-27[03]	no
03-04-27[04]	no
03-04-27[05]	yes
03-04-28[01]	no
03-05-01[01]	no
03-05-01[02]	no
03-05-02[01]	yes
03-05-03[01]	no
03-05-03[02]	yes
03-05-03[03]	yes
03-05-04[01]	yes
03-05-04[02]	yes
03-05-05[01]	yes
03-05-06[01]	no
03-05-07[01]	no
03-05-07[02]	yes
03-05-07[03]	yes
03-05-08[01]	no
03-05-08[02]	no
03-05-08[03]	no
03-05-08[04]	no
03-05-09[01]	no
03-05-10[01]	no
03-05-10[02]	no
03-05-11[01]	no
03-05-11[02]	yes
03-05-11[03]	no
03-05-11[04]	no
03-05-11[05]	yes
03-05-11[06]	yes
03-05-12[01]	no
03-05-12[02]	no
03-05-13[01]	no
03-05-14[01]	no
03-05-14[02]	yes
03-05-15[01]	no
03-05-15[02]	no
03-05-16[01]	no
03-05-16[02]	no
03-05-16[03]	no
03-05-16[04]	yes
03-05-17[01]	no
03-05-18[01]	yes
03-05-19[01]	no
03-05-19[02]	yes
03-05-20[01]	no
03-05-20[02]	no
03-05-20[03]	yes
03-05-20[04]	yes
03-05-20[05]	no
03-05-21[01]	no
03-05-21[02]	yes
03-05-21[03]	yes
03-05-21[04]	yes
03-05-21[05]	no
03-05-22[01]	no
03-05-22[02]	no
03-05-24[01]	yes
03-05-25[01]	yes
03-05-25[02]	no
03-05-26[01]	yes
03-05-26[02]	no
03-05-27[01]	no
03-05-27[02]	yes
03-05-27[03]	no
03-05-28[01]	no
03-05-28[02]	no
03-05-29[01]	no
03-06-01[01]	no
03-06-01[02]	yes
03-06-02[01]	no
03-06-02[02]	no
03-06-02[03]	no
03-06-02[04]	no
03-06-03[01]	yes
03-06-04[01]	no
03-06-04[02]	no
03-06-04[03]	no
03-06-04[04]	no
03-06-05[01]	no
03-06-05[02]	no
03-06-05[03]	no
03-06-06[01]	no
03-06-06[02]	no
03-06-06[03]	no
03-06-06[04]	no
03-06-07[01]	no
03-06-07[02]	yes
03-06-08[01]	yes
03-06-09[01]	no
03-06-09[02]	no
03-06-09[03]	yes
03-06-09[04]	yes
03-06-09[05]	no
03-06-09[06]	no
03-06-09[07]	no
03-06-10[01]	no
03-06-10[02]	no
03-06-10[03]	yes
03-06-10[04]	yes
03-06-10[05]	yes
03-06-10[06]	no
03-06-10[07]	no
03-06-10[08]	yes
03-06-11[01]	no
03-06-12[01]	yes
03-06-12[02]	no
03-06-14[01]	no
03-06-14[02]	no
03-06-14[03]	no
03-06-15[01]	yes
03-06-16[01]	no
03-06-16[02]	no
03-06-16[03]	no
03-06-16[04]	no
03-06-16[05]	no
03-06-16[06]	no
03-06-17[01]	no
03-06-17[02]	yes
03-06-17[03]	yes
03-06-17[04]	yes
03-06-18[01]	no
03-06-18[02]	yes
03-06-18[03]	yes
03-06-19[01]	no
03-06-19[02]	yes
03-06-19[03]	no
03-06-20[01]	no
03-06-20[02]	yes
03-06-20[03]	no
03-06-20[04]	no
03-06-20[05]	no
03-06-20[06]	yes
03-06-20[07]	yes
03-06-20[08]	no
03-06-21[01]	yes
03-06-21[02]	yes
03-06-22[01]	no
03-06-23[01]	yes
03-06-24[01]	no
03-06-24[02]	yes
03-06-24[03]	no
03-06-24[04]	no
03-06-24[05]	yes
03-06-25[01]	no
03-06-25[02]	no
03-06-26[01]	no
03-06-26[02]	yes
03-06-26[03]	no
03-06-27[01]	no
03-06-28[01]	no
03-06-28[02]	no
03-06-28[03]	no
03-06-29[01]	yes
03-07-01[01]	no
03-07-01[02]	no
03-07-02[01]	no
03-07-02[02]	yes
03-07-02[03]	no
03-07-02[04]	yes
03-07-02[05]	yes
03-07-03[01]	no
03-07-03[02]	yes
03-07-03[03]	yes
03-07-04[01]	no
03-07-04[02]	yes
03-07-04[03]	yes
03-07-04[04]	yes
03-07-05[01]	no
03-07-05[02]	no
03-07-05[03]	no
03-07-05[04]	yes
03-07-05[05]	yes
03-07-05[06]	yes
03-07-06[01]	no
03-07-06[02]	no
03-07-06[03]	yes
03-07-06[04]	yes
03-07-07[01]	no
03-07-07[02]	no
03-07-08[01]	yes
03-07-08[02]	no
03-07-08[03]	no
03-07-09[01]	yes
03-07-09[02]	yes
03-07-10[01]	no
03-07-10[02]	no
03-07-10[03]	no
03-07-11[01]	no
03-07-11[02]	no
03-07-11[03]	yes
03-07-11[04]	yes
03-07-12[01]	no
03-07-13[01]	no
03-07-13[02]	yes
03-07-13[03]	yes
03-07-14[01]	no
03-07-15[01]	yes
03-07-15[02]	no
03-07-15[03]	no
03-07-16[01]	no
03-07-16[02]	no
03-07-16[03]	no
03-07-16[04]	no
03-07-17[01]	yes
03-07-17[02]	yes
03-07-17[03]	no
03-07-18[01]	yes
03-07-18[02]	yes
03-07-19[01]	no
03-07-19[02]	no
03-07-20[01]	yes
03-07-20[02]	yes
03-07-21[01]	no
03-07-21[02]	no
03-07-21[03]	yes
03-07-21[04]	yes
03-07-21[05]	no
03-07-22[01]	no
03-07-23[01]	no
03-07-23[02]	yes
03-07-24[01]	no
03-07-24[02]	yes
03-07-25[01]	no
03-07-25[02]	yes
03-07-26[01]	no
03-07-27[01]	yes
03-07-27[02]	yes
03-07-27[03]	yes
03-07-27[04]	no
03-07-27[05]	yes
03-07-27[06]	yes
03-07-28[01]	yes
03-07-28[02]	yes
03-07-28[03]	yes
03-07-28[04]	yes
03-07-28[05]	yes
03-07-29[01]	no
03-07-29[02]	yes
03-07-30[01]	no
03-08-01[01]	no
03-08-01[02]	no
03-08-01[03]	yes
03-08-02[01]	no
03-08-02[02]	yes
03-08-02[03]	yes
03-08-02[04]	no
03-08-02[05]	yes
03-08-02[06]	yes
03-08-03[01]	no
03-08-03[02]	yes
03-08-03[03]	yes
03-08-03[04]	yes
03-08-03[05]	yes
03-08-03[06]	no
03-08-05[01]	no
03-08-05[02]	yes
03-08-05[03]	yes
03-08-05[04]	yes
03-08-05[05]	yes
03-08-05[06]	no
03-08-06[01]	no
03-08-06[02]	no
03-08-06[03]	no
03-08-06[04]	yes
03-08-06[05]	no
03-08-07[01]	no
03-08-08[01]	no
03-08-08[02]	yes
03-08-08[03]	no
03-08-08[04]	yes
03-08-08[05]	yes
03-08-09[01]	no
03-08-09[02]	yes
03-08-10[01]	no
03-08-11[01]	no
03-08-12[01]	no
03-08-12[02]	yes
03-08-13[01]	no
03-08-13[02]	no
03-08-13[03]	yes
03-08-14[01]	no
03-08-14[02]	no
03-08-15[01]	no
03-08-15[02]	no
03-08-15[03]	no
03-08-15[04]	no
03-08-16[01]	no
03-08-16[02]	no
03-08-17[01]	no
03-08-17[02]	yes
03-08-17[03]	yes
03-08-18[01]	no
03-08-18[02]	yes
03-08-18[03]	yes
03-08-18[04]	no
03-08-18[05]	no
03-08-18[06]	yes
03-08-19[01]	no
03-08-19[02]	no
03-08-19[03]	no
03-08-20[01]	yes
03-08-20[02]	no
03-08-21[01]	yes
03-08-22[01]	no
03-08-22[02]	yes
03-08-23[01]	no
03-08-23[02]	yes
03-08-23[03]	yes
03-08-23[04]	yes
03-08-24[01]	yes
03-08-24[02]	yes
03-08-24[03]	yes
03-08-24[04]	yes
03-08-24[05]	yes
03-08-24[06]	yes
03-08-24[07]	no
03-08-24[08]	no
03-08-25[01]	no
03-08-25[02]	no
03-08-25[03]	yes
03-08-26[01]	yes
03-08-26[02]	yes
03-08-27[01]	yes
03-08-27[02]	yes
03-08-27[03]	no
03-08-27[04]	no
03-08-27[05]	no
03-08-28[01]	no
03-08-28[02]	no
03-08-28[03]	yes
03-08-29[01]	no
03-08-29[02]	yes
03-08-29[03]	yes
03-08-29[04]	yes
03-08-30[01]	yes
03-08-30[02]	yes
03-09-01[01]	no
03-09-01[02]	no
03-09-01[03]	yes
03-09-02[01]	no
03-09-03[01]	no
03-09-04[01]	yes
03-09-04[02]	no
03-09-04[03]	yes
03-09-05[01]	no
03-09-05[02]	yes
03-09-05[03]	yes
03-09-06[01]	no
03-09-06[02]	yes
03-09-06[03]	no
03-09-07[01]	no
03-09-07[02]	yes
03-09-07[03]	yes
03-09-07[04]	yes
03-09-07[05]	no
03-09-07[06]	yes
03-09-07[07]	no
03-09-08[01]	yes
03-09-09[01]	no
03-09-09[02]	no
03-09-09[03]	yes
03-09-09[04]	yes
03-09-09[05]	no
03-09-10[01]	no
03-09-10[02]	yes
03-09-11[01]	no
03-09-11[02]	no
03-09-11[03]	yes
03-09-11[04]	no
03-09-11[05]	no
03-09-11[06]	yes
03-09-11[07]	no
03-09-11[08]	yes
03-09-11[09]	no
03-09-11[10]	no
03-09-12[01]	yes
03-09-12[02]	no
03-09-12[03]	no
03-09-13[01]	no
03-09-13[02]	no
03-09-14[01]	no
03-09-14[02]	no
03-09-14[03]	yes
03-09-14[04]	no
03-09-15[01]	yes
03-09-15[02]	no
03-09-15[03]	yes
03-09-15[04]	no
03-09-16[01]	no
03-09-16[02]	no
03-09-16[03]	no
03-09-17[01]	no
03-09-18[01]	no
03-09-19[01]	no
03-09-19[02]	yes
03-09-19[03]	yes
03-09-19[04]	no
03-09-19[05]	yes
03-09-19[06]	no
03-09-19[07]	yes
03-09-19[08]	yes
03-09-20[01]	no
03-09-20[02]	no
03-09-21[01]	yes
03-09-21[02]	yes
03-09-22[01]	yes
03-09-22[02]	no
03-09-22[03]	no
03-09-23[01]	yes
03-09-23[02]	no
03-09-24[01]	yes
03-09-25[01]	no
03-09-25[02]	no
03-09-25[03]	no
03-09-25[04]	yes
03-09-25[05]	no
03-09-26[01]	no
03-09-26[02]	yes
03-09-26[03]	no
03-09-26[04]	yes
03-09-26[05]	yes
03-09-26[06]	yes
03-09-27[01]	yes
03-09-27[02]	no
03-09-27[03]	no
03-09-28[01]	no
03-09-29[01]	no
03-09-29[02]	no
03-10-01[01]	no
03-10-01[02]	no
03-10-02[01]	yes
03-10-02[02]	yes
03-10-02[03]	no
03-10-02[04]	no
03-10-02[05]	yes
03-10-03[01]	no
03-10-03[02]	no
03-10-03[03]	yes
03-10-03[04]	no
03-10-04[01]	no
03-10-04[02]	no
03-10-04[03]	yes
03-10-05[01]	no
03-10-05[02]	yes
03-10-05[03]	yes
03-10-05[04]	yes
03-10-05[05]	no
03-10-06[01]	no
03-10-06[02]	yes
03-10-06[03]	yes
03-10-07[01]	no
03-10-07[02]	yes
03-10-07[03]	no
03-10-07[04]	yes
03-10-08[01]	no
03-10-08[02]	yes
03-10-08[03]	no
03-10-09[01]	no
03-10-09[02]	yes
03-10-09[03]	yes
03-10-10[01]	yes
03-10-10[02]	yes
03-10-10[03]	yes
03-10-10[04]	yes
03-10-10[05]	no
03-10-10[06]	no
03-10-11[01]	no
03-10-11[02]	yes
03-10-11[03]	yes
03-10-12[01]	no
03-10-12[02]	yes
03-10-13[01]	no
03-10-13[02]	yes
03-10-13[03]	no
03-10-14[01]	no
03-10-14[02]	no
03-10-14[03]	no
03-10-14[04]	no
03-10-14[05]	no
03-10-14[06]	yes
03-10-15[01]	no
03-10-15[02]	yes
03-10-15[03]	no
03-10-15[04]	yes
03-10-16[01]	no
03-10-17[01]	no
03-10-17[02]	no
03-10-17[03]	yes
03-10-17[04]	yes
03-10-17[05]	yes
03-10-18[01]	no
03-10-18[02]	no
03-10-18[03]	no
03-10-18[04]	yes
03-10-18[05]	yes
03-10-19[01]	yes
03-10-19[02]	no
03-10-19[03]	yes
03-10-19[04]	yes
03-10-19[05]	yes
03-10-19[06]	no
03-10-19[07]	yes
03-10-20[01]	no
03-10-20[02]	yes
03-10-20[03]	no
03-10-20[04]	yes
03-10-20[05]	yes
03-10-20[06]	yes
03-10-21[01]	no
03-10-21[02]	yes
03-10-22[01]	no
03-10-22[02]	yes
03-10-22[03]	yes
03-10-22[04]	yes
03-10-23[01]	no
03-10-24[01]	no
03-10-24[02]	no
03-10-24[03]	no
03-10-24[04]	no
03-10-24[05]	yes
03-10-25[01]	no
03-10-25[02]	yes
03-10-25[03]	yes
03-10-25[04]	yes
03-10-25[05]	yes
03-10-25[06]	no
03-10-25[07]	yes
03-10-25[08]	yes
03-10-26[01]	yes
03-10-26[02]	yes
03-10-26[03]	yes
03-10-26[04]	no
03-10-26[05]	no
03-10-26[06]	no
03-10-27[01]	no
03-10-27[02]	yes
03-10-27[03]	no
03-10-27[04]	yes
03-10-27[05]	yes
03-10-28[01]	no
03-10-28[02]	yes
03-10-28[03]	yes
03-10-28[04]	yes
03-10-28[05]	yes
03-10-29[01]	no
03-10-29[02]	no
03-10-29[03]	yes
03-10-29[04]	yes
03-10-29[05]	yes
03-10-29[06]	yes
03-10-29[07]	yes
03-10-29[08]	yes
03-10-30[01]	no
03-10-30[02]	no
03-10-30[03]	yes
03-10-30[04]	yes
03-11-01[01]	no
03-11-01[02]	yes
03-11-02[01]	no
03-11-02[02]	yes
03-11-02[03]	no
03-11-03[01]	no
03-11-03[02]	yes
03-11-03[03]	no
03-11-03[04]	yes
03-11-03[05]	yes
03-11-04[01]	no
03-11-04[02]	no
03-11-05[01]	no
03-11-06[01]	no
03-11-06[02]	no
03-11-06[03]	no
03-11-06[04]	yes
03-11-06[05]	no
03-11-06[06]	yes
03-11-06[07]	yes
03-11-06[08]	yes
03-11-07[01]	yes
03-11-07[02]	no
03-11-07[03]	yes
03-11-07[04]	yes
03-11-07[05]	yes
03-11-07[06]	no
03-11-08[01]	no
03-11-08[02]	no
03-11-08[03]	yes
03-11-08[04]	no
03-11-08[05]	yes
03-11-09[01]	no
03-11-09[02]	no
03-11-09[03]	yes
03-11-09[04]	no
03-11-09[05]	yes
03-11-10[01]	no
03-11-11[01]	no
03-11-12[01]	no
03-11-12[02]	yes
03-11-13[01]	no
03-11-13[02]	yes
03-11-13[03]	yes
03-11-14[01]	no
03-11-14[02]	no
03-11-14[03]	yes
03-11-15[01]	no
03-11-15[02]	no
03-11-15[03]	no
03-11-15[04]	yes
03-11-15[05]	no
03-11-16[01]	no
03-11-16[02]	no
03-11-16[03]	no
03-11-17[01]	no
03-11-18[01]	no
03-11-18[02]	no
03-11-19[01]	no
03-11-19[02]	no
03-11-19[03]	no
03-11-20[01]	no
03-11-20[02]	no
03-11-21[01]	no
03-11-21[02]	no
03-11-21[03]	yes
03-11-22[01]	no
03-11-22[02]	yes
03-11-23[01]	no
03-11-24[01]	yes
03-11-24[02]	no
03-11-24[03]	yes
03-11-24[04]	no
03-11-25[01]	no
03-11-25[02]	yes
03-11-25[03]	yes
03-11-26[01]	yes
03-11-27[01]	no
03-11-27[02]	no
03-11-27[03]	yes
03-11-27[04]	yes
03-11-27[05]	yes
03-11-28[01]	no
03-11-28[02]	no
03-11-28[03]	yes
03-11-28[04]	yes
03-11-28[05]	yes
03-11-28[06]	yes
03-11-29[01]	no
03-11-29[02]	no
03-11-30[01]	no
03-11-30[02]	yes
03-12-01[01]	no
03-12-01[02]	no
03-12-01[03]	no
03-12-02[01]	yes
03-12-02[02]	no
03-12-03[01]	no
03-12-03[02]	yes
03-12-03[03]	yes
03-12-04[01]	no
03-12-04[02]	yes
03-12-05[01]	no
03-12-05[02]	no
03-12-06[01]	no
03-12-06[02]	no
03-12-06[03]	yes
03-12-07[01]	no
03-12-07[02]	yes
03-12-07[03]	yes
03-12-08[01]	no
03-12-08[02]	yes
03-12-09[01]	no
03-12-09[02]	no
03-12-09[03]	yes
03-12-09[04]	yes
03-12-09[05]	yes
03-12-09[06]	yes
03-12-10[01]	no
03-12-10[02]	no
03-12-10[03]	yes
03-12-10[04]	no
03-12-10[05]	yes
03-12-11[01]	no
03-12-11[02]	no
03-12-11[03]	yes
03-12-11[04]	yes
03-12-12[01]	no
03-12-12[02]	yes
03-12-12[03]	yes
03-12-13[01]	yes
03-12-13[02]	no
03-12-13[03]	no
03-12-13[04]	no
03-12-13[05]	yes
03-12-14[01]	no
03-12-14[02]	no
03-12-14[03]	no
03-12-15[01]	yes
03-12-15[02]	no
03-12-15[03]	yes
03-12-16[01]	no
03-12-16[02]	no
03-12-16[03]	yes
03-12-16[04]	no
03-12-16[05]	yes
03-12-17[01]	no
03-12-17[02]	no
03-12-17[03]	no
03-12-17[04]	no
03-12-18[01]	yes
03-12-18[02]	no
03-12-18[03]	yes
03-12-18[04]	no
03-12-20[01]	no
03-12-20[02]	no
03-12-21[01]	no
03-12-21[02]	yes
03-12-21[03]	yes
03-12-22[01]	yes
03-12-22[02]	no
03-12-22[03]	yes
03-12-22[04]	yes
03-12-23[01]	yes
03-12-23[02]	no
03-12-23[03]	yes
03-12-23[04]	yes
03-12-24[01]	no
03-12-24[02]	no
03-12-24[03]	yes
03-12-25[01]	yes
03-12-25[02]	yes
03-12-25[03]	no
03-12-26[01]	no
03-12-26[02]	no
03-12-26[03]	yes
03-12-26[04]	yes
03-12-27[01]	no
03-12-27[02]	no
03-12-27[03]	yes
03-12-27[04]	yes
03-12-28[01]	no
03-12-28[02]	no
03-12-29[01]	yes
03-12-29[02]	yes
03-12-29[03]	yes
04-01-01[01]	yes
04-01-01[02]	yes
04-01-02[01]	no
04-01-03[01]	no
04-01-04[01]	no
04-01-04[02]	yes
04-01-04[03]	yes
04-01-05[01]	yes
04-01-05[02]	no
04-01-05[03]	yes
04-01-06[01]	yes
04-01-06[02]	yes
04-01-08[01]	yes
04-01-09[01]	no
04-01-09[02]	yes
04-01-09[03]	yes
04-01-09[04]	no
04-01-10[01]	no
04-01-10[02]	no
04-01-10[03]	yes
04-01-10[04]	yes
04-01-11[01]	no
04-01-11[02]	no
04-01-11[03]	no
04-01-12[01]	no
04-01-13[01]	no
04-01-13[02]	yes
04-01-13[03]	no
04-01-14[01]	no
04-01-14[02]	no
04-01-14[03]	yes
04-01-14[04]	yes
04-01-14[05]	no
04-01-15[01]	no
04-01-15[02]	yes
04-01-16[01]	no
04-01-16[02]	yes
04-01-16[03]	yes
04-01-17[01]	no
04-01-17[02]	no
04-01-17[03]	no
04-01-17[04]	yes
04-01-17[05]	no
04-01-18[01]	no
04-01-18[02]	no
04-01-18[03]	no
04-01-19[01]	no
04-01-19[02]	no
04-01-19[03]	no
04-01-19[04]	no
04-01-20[01]	no
04-01-20[02]	no
04-01-20[03]	yes
04-01-20[04]	yes
04-01-20[05]	no
04-01-21[01]	no
04-01-21[02]	no
04-01-21[03]	no
04-01-21[04]	no
04-01-22[01]	yes
04-01-22[02]	yes
04-01-23[01]	yes
04-01-23[02]	no
04-01-23[03]	no
04-01-23[04]	yes
04-01-24[01]	no
04-01-24[02]	no
04-01-24[03]	no
04-01-24[04]	no
04-01-24[05]	no
04-01-25[01]	no
04-01-25[02]	no
04-01-25[03]	no
04-01-25[04]	yes
04-01-25[05]	no
04-01-26[01]	no
04-01-26[02]	no
04-01-26[03]	no
04-01-26[04]	no
04-01-26[05]	yes
04-01-26[06]	no
04-01-27[01]	no
04-01-27[02]	no
04-01-28[01]	no
04-01-28[02]	no
04-01-28[03]	no
04-01-28[04]	no
04-01-29[01]	no
04-01-29[02]	no
04-01-29[03]	no
04-01-29[04]	no
04-01-29[05]	no
04-01-29[06]	yes
04-02-01[01]	yes
04-02-01[02]	yes
04-02-01[03]	no
04-02-01[04]	yes
04-02-01[05]	yes
04-02-01[06]	no
04-02-01[07]	no
04-02-01[08]	no
04-02-01[09]	no
04-02-02[01]	no
04-02-02[02]	no
04-02-02[03]	yes
04-02-02[04]	no
04-02-03[01]	no
04-02-03[02]	no
04-02-03[03]	yes
04-02-04[01]	yes
04-02-04[02]	no
04-02-04[03]	no
04-02-05[01]	no
04-02-05[02]	no
04-02-05[03]	no
04-02-05[04]	no
04-02-05[05]	yes
04-02-05[06]	no
04-02-06[01]	no
04-02-06[02]	no
04-02-06[03]	no
04-02-07[01]	no
04-02-07[02]	no
04-02-07[03]	no
04-02-07[04]	no
04-02-08[01]	yes
04-02-08[02]	no
04-02-08[03]	no
04-02-08[04]	yes
04-02-08[05]	no
04-02-08[06]	no
04-02-09[01]	no
04-02-09[02]	no
04-02-09[03]	no
04-02-09[04]	no
04-02-09[05]	no
04-02-09[06]	no
04-02-09[07]	no
04-02-10[01]	no
04-02-10[02]	no
04-02-10[03]	yes
04-02-10[04]	no
04-02-10[05]	yes
04-02-11[01]	no
04-02-11[02]	no
04-02-11[03]	no
04-02-11[04]	no
04-02-11[05]	no
04-02-12[01]	no
04-02-12[02]	no
04-02-12[03]	yes
04-02-12[04]	yes
04-02-12[05]	no
04-02-13[01]	no
04-02-13[02]	no
04-02-13[03]	no
04-02-13[04]	yes
04-02-14[01]	no
04-02-14[02]	no
04-02-14[03]	no
04-02-14[04]	no
04-02-14[05]	no
04-02-15[01]	no
04-02-15[02]	yes
04-02-15[03]	no
04-02-16[01]	no
04-02-16[02]	yes
04-02-16[03]	yes
04-02-17[01]	no
04-02-18[01]	no
04-02-18[02]	no
04-02-18[03]	yes
04-02-18[04]	yes
04-02-19[01]	no
04-02-19[02]	no
04-02-19[03]	yes
04-02-20[01]	yes
04-02-20[02]	no
04-02-20[03]	yes
04-02-21[01]	no
04-02-21[02]	yes
04-02-22[01]	no
04-02-22[02]	yes
04-02-22[03]	no
04-02-23[01]	no
04-02-23[02]	yes
04-02-23[03]	yes
04-02-24[01]	no
04-02-24[02]	yes
04-02-24[03]	yes
04-02-25[01]	no
04-02-25[02]	no
04-02-25[03]	no
04-02-25[04]	no
04-02-25[05]	no
04-02-25[06]	yes
04-02-25[07]	yes
04-02-26[01]	yes
04-02-26[02]	yes
04-02-26[03]	yes
04-02-26[04]	no
04-02-27[01]	no
04-02-27[02]	yes
04-02-28[01]	yes
04-02-28[02]	no
04-02-28[03]	no
04-02-28[04]	no
04-02-28[05]	no
04-02-29[01]	no
04-02-29[02]	no
04-02-29[03]	yes
04-02-29[04]	yes
04-02-29[05]	yes
04-02-30[01]	yes
04-02-30[02]	no
04-02-30[03]	no
04-02-30[04]	yes
04-02-30[05]	no
04-02-30[06]	no
04-03-01[01]	no
04-03-01[02]	no
04-03-02[01]	yes
04-03-03[01]	no
04-03-03[02]	no
04-03-03[03]	no
04-03-03[04]	no
04-03-04[01]	no
04-03-04[02]	no
04-03-04[03]	no
04-03-04[04]	no
04-03-04[05]	no
04-03-04[06]	no
04-03-05[01]	no
04-03-05[02]	no
04-03-05[03]	yes
04-03-05[04]	yes
04-03-05[05]	no
04-03-06[01]	no
04-03-06[02]	no
04-03-06[03]	no
04-03-06[04]	yes
04-03-07[01]	no
04-03-07[02]	no
04-03-08[01]	no
04-03-08[02]	no
04-03-08[03]	no
04-03-08[04]	no
04-03-08[05]	no
04-03-08[06]	yes
04-03-08[07]	no
04-03-08[08]	yes
04-03-09[01]	no
04-03-09[02]	no
04-03-09[03]	yes
04-03-09[04]	no
04-03-10[01]	no
04-03-10[02]	no
04-03-11[01]	no
04-03-11[02]	yes
04-03-12[01]	no
04-03-13[01]	yes
04-03-14[01]	yes
04-03-15[01]	no
04-03-15[02]	no
04-03-16[01]	yes
04-03-16[02]	no
04-03-17[01]	no
04-03-17[02]	no
04-03-17[03]	no
04-03-18[01]	no
04-03-18[02]	no
04-03-18[03]	no
04-03-18[04]	yes
04-03-19[01]	no
04-03-19[02]	no
04-03-19[03]	no
04-03-19[04]	yes
04-03-19[05]	no
04-03-20[01]	yes
04-03-20[02]	yes
04-03-21[01]	no
04-03-21[02]	yes
04-03-21[03]	no
04-03-21[04]	no
04-03-22[01]	yes
04-03-22[02]	yes
04-03-23[01]	no
04-03-24[01]	no
04-03-25[01]	no
04-03-26[01]	no
04-03-26[02]	no
04-03-26[03]	no
04-03-27[01]	no
04-03-27[02]	no
04-03-27[03]	yes
04-03-27[04]	yes
04-03-28[01]	no
04-03-28[02]	no
04-03-29[01]	no
04-03-29[02]	yes
04-04-01[01]	no
04-04-01[02]	no
04-04-01[03]	no
04-04-01[04]	no
04-04-01[05]	no
04-04-01[06]	no
04-04-02[01]	no
04-04-02[02]	no
04-04-02[03]	yes
04-04-02[04]	no
04-04-02[05]	no
04-04-03[01]	no
04-04-03[02]	no
04-04-03[03]	no
04-04-04[01]	no
04-04-04[02]	no
04-04-04[03]	no
04-04-04[04]	no
04-04-04[05]	yes
04-04-04[06]	yes
04-04-05[01]	no
04-04-05[02]	no
04-04-06[01]	no
04-04-07[01]	no
04-04-07[02]	no
04-04-08[01]	no
04-04-08[02]	no
04-04-08[03]	no
04-04-09[01]	no
04-04-10[01]	no
04-04-10[02]	yes
04-04-10[03]	no
04-04-11[01]	yes
04-04-11[02]	yes
04-04-11[03]	yes
04-04-11[04]	yes
04-04-12[01]	no
04-04-12[02]	no
04-04-13[01]	no
04-04-14[01]	no
04-04-15[01]	no
04-04-16[01]	no
04-04-16[02]	no
04-04-16[03]	yes
04-04-16[04]	no
04-04-16[05]	no
04-04-17[01]	no
04-04-17[02]	yes
04-04-17[03]	no
04-04-17[04]	yes
04-04-17[05]	yes
04-04-18[01]	no
04-04-18[02]	yes
04-04-19[01]	no
04-04-19[02]	no
04-04-19[03]	yes
04-04-19[04]	yes
04-04-20[01]	no
04-04-20[02]	no
04-04-20[03]	yes
04-04-20[04]	yes
04-04-21[01]	no
04-04-21[02]	no
04-04-21[03]	yes
04-04-22[01]	yes
04-04-24[01]	yes
04-04-25[01]	yes
04-04-26[01]	no
04-04-26[02]	yes
04-04-26[03]	yes
04-04-29[01]	yes
04-04-30[01]	no
04-05-01[01]	yes
04-05-02[01]	yes
04-05-03[01]	no
04-05-04[01]	no
04-05-04[02]	no
04-05-04[03]	no
04-05-05[01]	no
04-05-06[01]	no
04-05-06[02]	yes
04-05-07[01]	no
04-05-08[01]	yes
04-05-08[02]	no
04-05-08[03]	no
04-05-09[01]	no
04-05-09[02]	yes
04-05-09[03]	yes
04-05-10[01]	yes
04-05-10[02]	yes
04-05-10[03]	yes
04-05-10[04]	yes
04-05-10[05]	no
04-05-10[06]	yes
04-05-10[07]	no
04-05-11[01]	yes
04-05-12[01]	yes
04-05-12[02]	yes
04-05-12[03]	yes
04-05-13[01]	yes
04-05-13[02]	yes
04-05-13[03]	no
04-05-13[04]	no
04-05-13[05]	no
04-05-14[01]	no
04-05-14[02]	yes
04-05-14[03]	yes
04-05-14[04]	no
04-05-15[01]	no
04-05-15[02]	no
04-05-15[03]	yes
04-05-15[04]	no
04-05-15[05]	no
04-05-16[01]	yes
04-05-16[02]	no
04-05-16[03]	no
04-05-16[04]	yes
04-05-16[05]	no
04-05-16[06]	no
04-05-17[01]	no
04-05-17[02]	yes
04-05-18[01]	yes
04-05-18[02]	yes
04-05-19[01]	no
04-05-19[02]	yes
04-05-20[01]	no
04-05-20[02]	yes
04-05-22[01]	no
04-05-22[02]	no
04-05-23[01]	no
04-05-24[01]	no
04-05-25[01]	yes
04-05-26[01]	yes
04-05-26[02]	yes
04-05-26[03]	no
04-05-26[04]	yes
04-05-27[01]	no
04-05-27[02]	yes
04-05-28[01]	no
04-05-28[02]	yes
04-05-28[03]	no
04-05-28[04]	yes
04-05-28[05]	no
04-05-29[01]	no
04-05-29[02]	yes
04-06-01[01]	no
04-06-01[02]	yes
04-06-01[03]	yes
04-06-02[01]	no
04-06-02[02]	no
04-06-02[03]	yes
04-06-03[01]	yes
04-06-04[01]	no
04-06-04[02]	yes
04-06-04[03]	yes
04-06-04[04]	no
04-06-05[01]	yes
04-06-06[01]	yes
04-06-07[01]	no
04-06-07[02]	yes
04-06-07[03]	no
04-06-08[01]	yes
04-06-08[02]	yes
04-06-11[01]	yes
04-06-11[02]	yes
04-06-14[01]	no
04-06-15[01]	no
04-06-15[02]	yes
04-06-16[01]	yes
04-06-16[02]	yes
04-06-17[01]	no
04-06-17[02]	yes
04-06-18[01]	yes
04-06-19[01]	no
04-06-20[01]	yes
04-06-20[02]	yes
04-06-20[03]	yes
04-06-20[04]	yes
04-06-21[01]	no
04-06-21[02]	yes
04-06-21[03]	yes
04-06-23[01]	no
04-06-23[02]	no
04-06-23[03]	no
04-06-23[04]	no
04-06-25[01]	no
04-06-25[02]	no
04-06-25[03]	no
04-06-25[04]	yes
04-06-26[01]	no
04-06-26[02]	no
04-06-27[01]	no
04-06-27[02]	yes
04-06-27[03]	yes
04-06-28[01]	yes
04-06-28[02]	yes
04-07-01[01]	no
04-07-01[02]	no
04-07-01[03]	no
04-07-02[01]	no
04-07-02[02]	no
04-07-02[03]	no
04-07-02[04]	yes
04-07-02[05]	no
04-07-02[06]	yes
04-07-03[01]	no
04-07-03[02]	no
04-07-04[01]	no
04-07-04[02]	no
04-07-04[03]	yes
04-07-04[04]	no
04-07-04[05]	yes
04-07-05[01]	yes
04-07-05[02]	yes
04-07-06[01]	no
04-07-06[02]	no
04-07-06[03]	yes
04-07-06[04]	yes
04-07-07[01]	no
04-07-07[02]	yes
04-07-08[01]	no
04-07-08[02]	no
04-07-08[03]	yes
04-07-08[04]	no
04-07-08[05]	no
04-07-08[06]	yes
04-07-08[07]	no
04-07-09[01]	no
04-07-09[02]	yes
04-07-09[03]	yes
04-07-10[01]	no
04-07-10[02]	yes
04-07-10[03]	yes
04-07-10[04]	no
04-07-10[05]	yes
04-07-11[01]	no
04-07-12[01]	yes
04-07-12[02]	yes
04-07-14[01]	no
04-07-14[02]	yes
04-07-15[01]	no
04-07-15[02]	no
04-07-15[03]	yes
04-07-15[04]	no
04-07-15[05]	no
04-07-15[06]	no
04-07-16[01]	no
04-07-16[02]	no
04-07-17[01]	yes
04-07-17[02]	yes
04-07-17[03]	yes
04-07-17[04]	no
04-07-18[01]	no
04-07-18[02]	no
04-07-18[03]	yes
04-07-18[04]	no
04-07-20[01]	no
04-07-20[02]	no
04-07-20[03]	yes
04-07-21[01]	no
04-07-21[02]	yes
04-07-21[03]	no
04-07-22[01]	yes
04-07-22[02]	yes
04-07-22[03]	no
04-07-23[01]	no
04-07-24[01]	no
04-07-25[01]	no
04-07-25[02]	no
04-07-26[01]	yes
04-07-27[01]	no
04-07-27[02]	yes
04-07-27[03]	no
04-07-27[04]	no
04-07-28[01]	yes
04-07-29[01]	yes
04-08-01[01]	yes
04-08-01[02]	no
04-08-01[03]	yes
04-08-01[04]	yes
04-08-02[01]	yes
04-08-02[02]	yes
04-08-03[01]	yes
04-08-03[02]	no
04-08-03[03]	no
04-08-04[01]	no
04-08-04[02]	no
04-08-05[01]	yes
04-08-05[02]	yes
04-08-05[03]	yes
04-08-06[01]	yes
04-08-07[01]	no
04-08-07[02]	no
04-08-08[01]	no
04-08-08[02]	yes
04-08-08[03]	yes
04-08-08[04]	no
04-08-09[01]	no
04-08-10[01]	no
04-08-11[01]	yes
04-08-12[01]	no
04-08-12[02]	yes
04-08-13[01]	yes
04-08-13[02]	yes
04-08-13[03]	no
04-08-13[04]	no
04-08-13[05]	yes
04-08-14[01]	no
04-08-15[01]	no
04-08-15[02]	yes
04-08-15[03]	no
04-08-16[01]	yes
04-08-16[02]	no
04-08-16[03]	no
04-08-17[01]	no
04-08-18[01]	no
04-08-18[02]	yes
04-08-19[01]	no
04-08-19[02]	no
04-08-19[03]	yes
04-08-19[04]	yes
04-08-19[05]	no
04-08-19[06]	yes
04-08-20[01]	yes
04-08-20[02]	yes
04-08-21[01]	yes
04-08-22[01]	yes
04-08-22[02]	no
04-08-23[01]	no
04-08-23[02]	yes
04-08-23[03]	yes
04-08-23[04]	no
04-08-24[01]	no
04-08-24[02]	no
04-08-25[01]	no
04-08-25[02]	yes
04-08-25[03]	yes
04-08-26[01]	no
04-08-26[02]	no
04-08-27[01]	no
04-08-27[02]	no
04-08-27[03]	no
04-08-27[04]	no
04-08-28[01]	no
04-08-28[02]	no
04-08-29[01]	no
04-08-29[02]	no
04-08-29[03]	no
04-08-30[01]	no
04-08-30[02]	yes
04-08-30[03]	no
04-09-01[01]	no
04-09-01[02]	yes
04-09-02[01]	no
04-09-02[02]	yes
04-09-02[03]	yes
04-09-02[04]	yes
04-09-03[01]	yes
04-09-03[02]	no
04-09-03[03]	yes
04-09-03[04]	no
04-09-04[01]	yes
04-09-04[02]	no
04-09-05[01]	no
04-09-06[01]	yes
04-09-06[02]	yes
04-09-06[03]	yes
04-09-06[04]	no
04-09-06[05]	no
04-09-06[06]	no
04-09-06[07]	no
04-09-06[08]	no
04-09-07[01]	no
04-09-08[01]	no
04-09-08[02]	no
04-09-08[03]	yes
04-09-09[01]	yes
04-09-09[02]	yes
04-09-10[01]	no
04-09-10[02]	no
04-09-10[03]	yes
04-09-10[04]	yes
04-09-12[01]	no
04-09-12[02]	yes
04-09-12[03]	yes
04-09-14[01]	no
04-09-14[02]	yes
04-09-14[03]	no
04-09-15[01]	no
04-09-15[02]	no
04-09-15[03]	no
04-09-15[04]	no
04-09-16[01]	no
04-09-16[02]	no
04-09-17[01]	no
04-09-17[02]	no
04-09-18[01]	no
04-09-18[02]	yes
04-09-18[03]	yes
04-09-18[04]	no
04-09-19[01]	no
04-09-19[02]	yes
04-09-19[03]	no
04-09-19[04]	no
04-09-20[01]	no
04-09-21[01]	no
04-09-21[02]	no
04-09-21[03]	no
04-09-21[04]	yes
04-09-21[05]	no
04-09-23[01]	no
04-09-23[02]	yes
04-09-24[01]	yes
04-09-24[02]	yes
04-09-25[01]	yes
04-09-25[02]	yes
04-09-26[01]	no
04-09-27[01]	no
04-09-27[02]	yes
04-09-28[01]	yes
04-09-28[02]	yes
04-09-28[03]	no
04-09-29[01]	no
04-09-29[02]	no
04-09-29[03]	no
04-09-30[01]	no
04-10-01[01]	no
04-10-01[02]	yes
04-10-02[01]	no
04-10-02[02]	no
04-10-02[03]	yes
04-10-02[04]	yes
04-10-02[05]	yes
04-10-02[06]	yes
04-10-02[07]	yes
04-10-02[08]	yes
04-10-02[09]	yes
04-10-02[10]	no
04-10-03[01]	no
04-10-03[02]	yes
04-10-05[01]	yes
04-10-06[01]	no
04-10-06[02]	no
04-10-07[01]	no
04-10-07[02]	yes
04-10-07[03]	no
04-10-08[01]	yes
04-10-08[02]	no
04-10-08[03]	yes
04-10-08[04]	yes
04-10-09[01]	no
04-10-09[02]	yes
04-10-09[03]	yes
04-10-09[04]	no
04-10-09[05]	no
04-10-09[06]	yes
04-10-09[07]	no
04-10-10[01]	no
04-10-10[02]	yes
04-10-10[03]	yes
04-10-10[04]	yes
04-10-11[01]	no
04-10-11[02]	no
04-10-11[03]	no
04-10-12[01]	no
04-10-12[02]	yes
04-10-12[03]	no
04-10-12[04]	no
04-10-12[05]	no
04-10-13[01]	yes
04-10-14[01]	yes
04-10-14[02]	yes
04-10-15[01]	no
04-10-15[02]	yes
04-10-15[03]	yes
04-10-16[01]	yes
04-10-16[02]	yes
04-10-18[01]	yes
04-10-19[01]	yes
04-10-20[01]	no
04-10-20[02]	no
04-10-21[01]	no
04-10-22[01]	no
04-10-22[02]	no
04-10-22[03]	yes
04-10-22[04]	yes
04-10-22[05]	yes
04-10-23[01]	no
04-10-23[02]	no
04-10-24[01]	yes
04-10-25[01]	yes
04-10-25[02]	yes
04-10-26[01]	yes
04-10-26[02]	no
04-10-27[01]	yes
04-10-27[02]	yes
04-10-27[03]	no
04-10-28[01]	yes
04-10-28[02]	yes
04-10-28[03]	yes
04-10-29[01]	yes
04-10-29[02]	yes
04-10-29[03]	yes
04-11-01[01]	yes
04-11-03[01]	yes
04-11-03[02]	yes
04-11-03[03]	yes
04-11-03[04]	no
04-11-03[05]	yes
04-11-04[01]	yes
04-11-04[02]	no
04-11-06[01]	no
04-11-06[02]	no
04-11-07[01]	yes
04-11-07[02]	yes
04-11-07[03]	no
04-11-09[01]	no
04-11-09[02]	yes
04-11-09[03]	no
04-11-09[04]	yes
04-11-09[05]	no
04-11-10[01]	no
04-11-10[02]	yes
04-11-10[03]	no
04-11-10[04]	yes
04-11-10[05]	yes
04-11-10[06]	no
04-11-10[07]	yes
04-11-11[01]	no
04-11-11[02]	no
04-11-12[01]	yes
04-11-12[02]	no
04-11-13[01]	no
04-11-13[02]	yes
04-11-13[03]	no
04-11-13[04]	no
04-11-14[01]	no
04-11-14[02]	yes
04-11-14[03]	yes
04-11-14[04]	yes
04-11-14[05]	no
04-11-14[06]	yes
04-11-14[07]	yes
04-11-14[08]	yes
04-11-14[09]	yes
04-11-14[10]	no
04-11-14[11]	yes
04-11-14[12]	yes
04-11-16[01]	yes
04-11-16[02]	yes
04-11-16[03]	yes
04-11-16[04]	no
04-11-17[01]	yes
04-11-18[01]	yes
04-11-18[02]	yes
04-11-18[03]	yes
04-11-19[01]	yes
04-11-21[01]	no
04-11-21[02]	yes
04-11-21[03]	no
04-11-21[04]	no
04-11-22[01]	yes
04-11-22[02]	yes
04-11-22[03]	no
04-11-22[04]	yes
04-11-22[05]	yes
04-11-22[06]	yes
04-11-23[01]	yes
04-11-24[01]	no
04-11-24[02]	yes
04-11-24[03]	yes
04-11-24[04]	no
04-11-25[01]	no
04-11-25[02]	yes
04-11-26[01]	yes
04-11-26[02]	yes
04-11-27[01]	yes
04-11-27[02]	no
04-11-27[03]	no
04-11-28[01]	yes
04-11-30[01]	no
04-11-30[02]	no
04-11-30[03]	yes
04-11-30[04]	yes
04-12-01[01]	no
04-12-01[02]	no
04-12-01[03]	yes
04-12-01[04]	yes
04-12-01[05]	yes
04-12-01[06]	no
04-12-01[07]	yes
04-12-02[01]	no
04-12-02[02]	yes
04-12-02[03]	yes
04-12-02[04]	no
04-12-02[05]	no
04-12-02[06]	yes
04-12-03[01]	no
04-12-03[02]	no
04-12-04[01]	yes
04-12-04[02]	no
04-12-04[03]	yes
04-12-04[04]	yes
04-12-04[05]	yes
04-12-04[06]	no
04-12-05[01]	no
04-12-05[02]	no
04-12-05[03]	no
04-12-05[04]	no
04-12-05[05]	yes
04-12-06[01]	no
04-12-06[02]	no
04-12-06[03]	yes
04-12-07[01]	yes
04-12-08[01]	no
04-12-09[01]	no
04-12-09[02]	yes
04-12-10[01]	yes
04-12-10[02]	no
04-12-12[01]	yes
04-12-12[02]	no
04-12-12[03]	yes
04-12-13[01]	yes
04-12-14[01]	no
04-12-15[01]	yes
04-12-16[01]	yes
04-12-17[01]	yes
04-12-17[02]	yes
04-12-18[01]	yes
04-12-18[02]	no
04-12-19[01]	yes
04-12-19[02]	yes
04-12-20[01]	no
04-12-20[02]	yes
04-12-20[03]	yes
04-12-20[04]	yes
04-12-20[05]	yes
04-12-21[01]	no
04-12-21[02]	yes
04-12-21[03]	yes
04-12-21[04]	no
04-12-21[05]	yes
04-12-21[06]	yes
04-12-21[07]	no
04-12-22[01]	no
04-12-22[02]	yes
04-12-22[03]	yes
04-12-24[01]	no
04-12-24[02]	yes
04-12-24[03]	yes
04-12-24[04]	no
04-12-24[05]	yes
04-12-25[01]	yes
04-12-25[02]	yes
04-12-25[03]	yes
04-12-25[04]	yes
04-12-26[01]	no
04-12-26[02]	no
04-12-27[01]	no
04-12-27[02]	yes
04-12-28[01]	no
04-12-28[02]	no
04-12-28[03]	yes
04-12-29[01]	no
04-12-29[02]	yes
04-12-29[03]	no
04-윤12-01[01]	no
04-윤12-01[02]	no
04-윤12-01[03]	yes
04-윤12-02[01]	no
04-윤12-02[02]	yes
04-윤12-02[03]	no
04-윤12-02[04]	no
04-윤12-02[05]	no
04-윤12-03[01]	no
04-윤12-04[01]	no
04-윤12-04[02]	no
04-윤12-05[01]	no
04-윤12-06[01]	no
04-윤12-06[02]	no
04-윤12-07[01]	no
04-윤12-08[01]	no
04-윤12-08[02]	yes
04-윤12-08[03]	yes
04-윤12-09[01]	no
04-윤12-09[02]	yes
04-윤12-09[03]	no
04-윤12-10[01]	no
04-윤12-10[02]	no
04-윤12-11[01]	no
04-윤12-11[02]	yes
04-윤12-11[03]	yes
04-윤12-11[04]	yes
04-윤12-14[01]	no
04-윤12-14[02]	no
04-윤12-15[01]	no
04-윤12-15[02]	yes
04-윤12-16[01]	yes
04-윤12-16[02]	yes
04-윤12-17[01]	no
04-윤12-17[02]	yes
04-윤12-17[03]	yes
04-윤12-17[04]	yes
04-윤12-17[05]	yes
04-윤12-19[01]	no
04-윤12-19[02]	yes
04-윤12-19[03]	no
04-윤12-20[01]	yes
04-윤12-20[02]	yes
04-윤12-20[03]	yes
04-윤12-21[01]	no
04-윤12-21[02]	yes
04-윤12-22[01]	yes
04-윤12-22[02]	yes
04-윤12-22[03]	yes
04-윤12-22[04]	no
04-윤12-22[05]	no
04-윤12-22[06]	yes
04-윤12-23[01]	no
04-윤12-23[02]	no
04-윤12-23[03]	no
04-윤12-24[01]	no
04-윤12-24[02]	yes
04-윤12-24[03]	yes
04-윤12-25[01]	no
04-윤12-25[02]	yes
04-윤12-26[01]	no
04-윤12-26[02]	yes
04-윤12-26[03]	no
04-윤12-26[04]	yes
04-윤12-27[01]	no
04-윤12-28[01]	no
04-윤12-28[02]	no
04-윤12-28[03]	yes
04-윤12-28[04]	yes
05-01-01[01]	no
05-01-01[02]	no
05-01-01[03]	no
05-01-01[04]	no
05-01-02[01]	no
05-01-02[02]	no
05-01-02[03]	no
05-01-03[01]	no
05-01-04[01]	no
05-01-04[02]	no
05-01-04[03]	yes
05-01-04[04]	no
05-01-04[05]	no
05-01-04[06]	no
05-01-05[01]	no
05-01-05[02]	no
05-01-05[03]	no
05-01-06[01]	no
05-01-07[01]	no
05-01-08[01]	no
05-01-09[01]	no
05-01-09[02]	no
05-01-09[03]	yes
05-01-09[04]	yes
05-01-09[05]	yes
05-01-09[06]	yes
05-01-09[07]	yes
05-01-09[08]	no
05-01-09[09]	yes
05-01-09[10]	no
05-01-09[11]	no
05-01-09[12]	no
05-01-10[01]	no
05-01-10[02]	no
05-01-11[01]	no
05-01-12[01]	no
05-01-12[02]	no
05-01-12[03]	yes
05-01-12[04]	no
05-01-12[05]	no
05-01-12[06]	yes
05-01-12[07]	no
05-01-12[08]	yes
05-01-14[01]	no
05-01-14[02]	no
05-01-14[03]	no
05-01-15[01]	no
05-01-16[01]	no
05-01-16[02]	yes
05-01-16[03]	no
05-01-16[04]	no
05-01-17[01]	yes
05-01-17[02]	no
05-01-17[03]	yes
05-01-17[04]	yes
05-01-18[01]	no
05-01-18[02]	yes
05-01-19[01]	yes
05-01-20[01]	no
05-01-20[02]	no
05-01-20[03]	no
05-01-20[04]	no
05-01-20[05]	no
05-01-20[06]	no
05-01-21[01]	no
05-01-21[02]	no
05-01-21[03]	yes
05-01-21[04]	no
05-01-21[05]	no
05-01-22[01]	no
05-01-22[02]	yes
05-01-22[03]	no
05-01-22[04]	no
05-01-22[05]	no
05-01-22[06]	no
05-01-22[07]	no
05-01-23[01]	no
05-01-23[02]	no
05-01-24[01]	no
05-01-24[02]	yes
05-01-24[03]	yes
05-01-24[04]	no
05-01-24[05]	no
05-01-24[06]	yes
05-01-24[07]	yes
05-01-25[01]	no
05-01-25[02]	yes
05-01-26[01]	no
05-01-26[02]	no
05-01-27[01]	no
05-01-27[02]	no
05-01-27[03]	yes
05-01-27[04]	no
05-01-27[05]	no
05-01-27[06]	no
05-01-28[01]	no
05-01-28[02]	yes
05-01-28[03]	no
05-01-28[04]	no
05-01-28[05]	yes
05-01-28[06]	no
05-01-28[07]	no
05-01-28[08]	no
05-01-28[09]	no
05-01-29[01]	no
05-02-01[01]	no
05-02-01[02]	no
05-02-01[03]	yes
05-02-01[04]	no
05-02-01[05]	yes
05-02-01[06]	yes
05-02-01[07]	no
05-02-02[01]	no
05-02-03[01]	no
05-02-04[01]	no
05-02-04[02]	no
05-02-04[03]	no
05-02-04[04]	no
05-02-04[05]	no
05-02-04[06]	yes
05-02-04[07]	no
05-02-04[08]	no
05-02-05[01]	no
05-02-05[02]	no
05-02-05[03]	yes
05-02-05[04]	no
05-02-05[05]	yes
05-02-05[06]	yes
05-02-05[07]	no
05-02-06[01]	no
05-02-06[02]	no
05-02-06[03]	no
05-02-07[01]	no
05-02-07[02]	no
05-02-07[03]	no
05-02-07[04]	no
05-02-07[05]	no
05-02-07[06]	no
05-02-08[01]	no
05-02-08[02]	no
05-02-09[01]	no
05-02-09[02]	no
05-02-09[03]	yes
05-02-09[04]	yes
05-02-10[01]	no
05-02-10[02]	no
05-02-10[03]	yes
05-02-10[04]	yes
05-02-10[05]	no
05-02-11[01]	no
05-02-11[02]	no
05-02-11[03]	yes
05-02-11[04]	yes
05-02-11[05]	yes
05-02-12[01]	no
05-02-12[02]	no
05-02-12[03]	yes
05-02-13[01]	no
05-02-13[02]	yes
05-02-14[01]	no
05-02-14[02]	no
05-02-14[03]	no
05-02-14[04]	no
05-02-14[05]	no
05-02-15[01]	no
05-02-15[02]	yes
05-02-15[03]	yes
05-02-15[04]	yes
05-02-16[01]	no
05-02-16[02]	yes
05-02-16[03]	yes
05-02-17[01]	no
05-02-17[02]	no
05-02-17[03]	no
05-02-17[04]	yes
05-02-17[05]	yes
05-02-17[06]	no
05-02-17[07]	no
05-02-18[01]	no
05-02-18[02]	yes
05-02-18[03]	no
05-02-18[04]	no
05-02-18[05]	yes
05-02-19[01]	no
05-02-19[02]	yes
05-02-19[03]	no
05-02-20[01]	no
05-02-20[02]	yes
05-02-21[01]	no
05-02-21[02]	yes
05-02-21[03]	yes
05-02-22[01]	no
05-02-22[02]	no
05-02-22[03]	no
05-02-22[04]	yes
05-02-22[05]	no
05-02-23[01]	no
05-02-23[02]	no
05-02-23[03]	no
05-02-23[04]	no
05-02-24[01]	no
05-02-25[01]	no
05-02-25[02]	yes
05-02-25[03]	no
05-02-25[04]	no
05-02-26[01]	no
05-02-26[02]	no
05-02-26[03]	yes
05-02-26[04]	no
05-02-26[05]	yes
05-02-26[06]	no
05-02-26[07]	no
05-02-26[08]	no
05-02-26[09]	yes
05-02-27[01]	no
05-02-28[01]	no
05-02-28[02]	no
05-02-28[03]	no
05-02-28[04]	no
05-02-28[05]	no
05-02-28[06]	no
05-02-29[01]	no
05-02-30[01]	no
05-02-30[02]	no
05-03-01[01]	no
05-03-01[02]	yes
05-03-02[01]	no
05-03-02[02]	no
05-03-02[03]	yes
05-03-02[04]	yes
05-03-03[01]	no
05-03-03[02]	yes
05-03-03[03]	yes
05-03-03[04]	no
05-03-03[05]	no
05-03-04[01]	no
05-03-04[02]	yes
05-03-04[03]	no
05-03-05[01]	no
05-03-05[02]	yes
05-03-05[03]	no
05-03-05[04]	no
05-03-05[05]	no
05-03-05[06]	yes
05-03-05[07]	yes
05-03-06[01]	no
05-03-07[01]	no
05-03-07[02]	no
05-03-07[03]	no
05-03-07[04]	yes
05-03-08[01]	yes
05-03-08[02]	yes
05-03-08[03]	no
05-03-08[04]	no
05-03-08[05]	no
05-03-09[01]	no
05-03-09[02]	no
05-03-09[03]	no
05-03-10[01]	no
05-03-11[01]	no
05-03-11[02]	no
05-03-11[03]	no
05-03-11[04]	yes
05-03-11[05]	yes
05-03-11[06]	no
05-03-11[07]	no
05-03-12[01]	no
05-03-12[02]	yes
05-03-12[03]	no
05-03-12[04]	no
05-03-12[05]	no
05-03-12[06]	no
05-03-13[01]	no
05-03-13[02]	yes
05-03-13[03]	yes
05-03-13[04]	yes
05-03-13[05]	yes
05-03-13[06]	yes
05-03-13[07]	no
05-03-13[08]	yes
05-03-13[09]	yes
05-03-14[01]	no
05-03-14[02]	no
05-03-15[01]	yes
05-03-15[02]	yes
05-03-15[03]	yes
05-03-16[01]	no
05-03-16[02]	yes
05-03-16[03]	yes
05-03-16[04]	no
05-03-16[05]	no
05-03-16[06]	yes
05-03-16[07]	yes
05-03-16[08]	no
05-03-17[01]	no
05-03-17[02]	yes
05-03-17[03]	no
05-03-17[04]	yes
05-03-17[05]	no
05-03-17[06]	no
05-03-18[01]	no
05-03-18[02]	yes
05-03-18[03]	no
05-03-18[04]	no
05-03-19[01]	no
05-03-19[02]	yes
05-03-19[03]	no
05-03-20[01]	no
05-03-20[02]	yes
05-03-20[03]	yes
05-03-20[04]	yes
05-03-20[05]	no
05-03-20[06]	no
05-03-21[01]	no
05-03-21[02]	no
05-03-21[03]	yes
05-03-21[04]	no
05-03-21[05]	no
05-03-21[06]	no
05-03-22[01]	no
05-03-22[02]	no
05-03-22[03]	no
05-03-22[04]	yes
05-03-23[01]	no
05-03-23[02]	no
05-03-23[03]	no
05-03-23[04]	yes
05-03-23[05]	no
05-03-23[06]	yes
05-03-24[01]	no
05-03-24[02]	no
05-03-24[03]	no
05-03-24[04]	yes
05-03-24[05]	no
05-03-25[01]	no
05-03-25[02]	yes
05-03-26[01]	no
05-03-27[01]	yes
05-03-27[02]	yes
05-03-28[01]	yes
05-03-28[02]	yes
05-03-29[01]	no
05-04-01[01]	yes
05-04-01[02]	yes
05-04-01[03]	no
05-04-01[04]	no
05-04-01[05]	no
05-04-01[06]	no
05-04-02[01]	no
05-04-03[01]	no
05-04-03[02]	no
05-04-03[03]	no
05-04-03[04]	no
05-04-03[05]	no
05-04-03[06]	no
05-04-04[01]	yes
05-04-04[02]	no
05-04-04[03]	no
05-04-06[01]	yes
05-04-06[02]	no
05-04-06[03]	yes
05-04-06[04]	no
05-04-06[05]	no
05-04-07[01]	no
05-04-07[02]	yes
05-04-08[01]	no
05-04-08[02]	yes
05-04-09[01]	yes
05-04-10[01]	no
05-04-10[02]	no
05-04-10[03]	no
05-04-10[04]	yes
05-04-11[01]	yes
05-04-11[02]	no
05-04-11[03]	no
05-04-12[01]	yes
05-04-12[02]	no
05-04-12[03]	no
05-04-12[04]	yes
05-04-13[01]	yes
05-04-13[02]	yes
05-04-13[03]	no
05-04-14[01]	no
05-04-14[02]	no
05-04-15[01]	yes
05-04-15[02]	no
05-04-15[03]	no
05-04-15[04]	no
05-04-16[01]	no
05-04-16[02]	no
05-04-16[03]	no
05-04-16[04]	no
05-04-16[05]	no
05-04-16[06]	no
05-04-16[07]	no
05-04-16[08]	yes
05-04-17[01]	no
05-04-17[02]	no
05-04-17[03]	no
05-04-18[01]	no
05-04-18[02]	yes
05-04-18[03]	no
05-04-18[04]	no
05-04-19[01]	no
05-04-19[02]	yes
05-04-20[01]	no
05-04-20[02]	yes
05-04-20[03]	yes
05-04-20[04]	yes
05-04-20[05]	yes
05-04-21[01]	no
05-04-21[02]	no
05-04-21[03]	yes
05-04-21[04]	no
05-04-21[05]	yes
05-04-21[06]	no
05-04-21[07]	no
05-04-21[08]	no
05-04-21[09]	no
05-04-21[10]	no
05-04-21[11]	yes
05-04-21[12]	yes
05-04-21[13]	no
05-04-22[01]	no
05-04-22[02]	yes
05-04-22[03]	no
05-04-23[01]	no
05-04-23[02]	no
05-04-23[03]	yes
05-04-23[04]	no
05-04-24[01]	no
05-04-24[02]	no
05-04-24[03]	no
05-04-24[04]	yes
05-04-24[05]	no
05-04-25[01]	no
05-04-25[02]	no
05-04-25[03]	yes
05-04-25[04]	yes
05-04-25[05]	no
05-04-25[06]	no
05-04-26[01]	no
05-04-26[02]	yes
05-04-26[03]	yes
05-04-27[01]	yes
05-04-28[01]	yes
05-04-28[02]	yes
05-04-28[03]	yes
05-04-28[04]	no
05-04-28[05]	no
05-04-28[06]	no
05-04-29[01]	no
05-05-01[01]	no
05-05-01[02]	no
05-05-01[03]	yes
05-05-01[04]	no
05-05-01[05]	no
05-05-02[01]	no
05-05-02[02]	no
05-05-02[03]	no
05-05-02[04]	yes
05-05-02[05]	yes
05-05-02[06]	no
05-05-02[07]	no
05-05-02[08]	yes
05-05-03[01]	no
05-05-03[02]	yes
05-05-03[03]	yes
05-05-04[01]	no
05-05-04[02]	no
05-05-04[03]	yes
05-05-04[04]	no
05-05-04[05]	no
05-05-06[01]	no
05-05-06[02]	yes
05-05-06[03]	yes
05-05-07[01]	no
05-05-08[01]	no
05-05-08[02]	no
05-05-09[01]	yes
05-05-10[01]	yes
05-05-11[01]	no
05-05-11[02]	yes
05-05-11[03]	no
05-05-11[04]	yes
05-05-11[05]	yes
05-05-12[01]	no
05-05-12[02]	no
05-05-13[01]	no
05-05-13[02]	no
05-05-13[03]	no
05-05-13[04]	no
05-05-13[05]	no
05-05-13[06]	yes
05-05-14[01]	no
05-05-15[01]	no
05-05-15[02]	no
05-05-15[03]	no
05-05-15[04]	no
05-05-15[05]	no
05-05-16[01]	no
05-05-16[02]	no
05-05-16[03]	no
05-05-16[04]	no
05-05-17[01]	no
05-05-17[02]	yes
05-05-17[03]	yes
05-05-17[04]	no
05-05-18[01]	no
05-05-18[02]	yes
05-05-18[03]	no
05-05-18[04]	no
05-05-18[05]	no
05-05-18[06]	no
05-05-19[01]	no
05-05-19[02]	no
05-05-19[03]	no
05-05-20[01]	no
05-05-20[02]	yes
05-05-20[03]	no
05-05-21[01]	no
05-05-21[02]	no
05-05-21[03]	yes
05-05-21[04]	yes
05-05-21[05]	no
05-05-22[01]	no
05-05-22[02]	no
05-05-22[03]	yes
05-05-22[04]	yes
05-05-25[01]	no
05-05-25[02]	no
05-05-25[03]	no
05-05-25[04]	no
05-05-25[05]	no
05-05-26[01]	no
05-05-26[02]	no
05-05-26[03]	no
05-05-26[04]	no
05-05-26[05]	no
05-05-27[01]	yes
05-05-27[02]	yes
05-05-27[03]	yes
05-05-28[01]	no
05-05-28[02]	yes
05-05-28[03]	yes
05-05-29[01]	no
05-05-29[02]	no
05-05-30[01]	no
05-05-30[02]	no
05-06-01[01]	yes
05-06-01[02]	yes
05-06-02[01]	no
05-06-02[02]	yes
05-06-02[03]	no
05-06-03[01]	no
05-06-03[02]	no
05-06-03[03]	yes
05-06-04[01]	no
05-06-04[02]	no
05-06-04[03]	no
05-06-04[04]	no
05-06-05[01]	no
05-06-05[02]	yes
05-06-05[03]	yes
05-06-06[01]	no
05-06-06[02]	yes
05-06-06[03]	no
05-06-07[01]	no
05-06-07[02]	no
05-06-07[03]	no
05-06-08[01]	no
05-06-08[02]	yes
05-06-08[03]	no
05-06-08[04]	yes
05-06-09[01]	no
05-06-09[02]	yes
05-06-09[03]	no
05-06-10[01]	no
05-06-10[02]	yes
05-06-10[03]	no
05-06-10[04]	yes
05-06-10[05]	yes
05-06-11[01]	no
05-06-11[02]	no
05-06-12[01]	no
05-06-12[02]	no
05-06-13[01]	no
05-06-13[02]	no
05-06-13[03]	no
05-06-13[04]	no
05-06-15[01]	no
05-06-15[02]	no
05-06-15[03]	yes
05-06-15[04]	no
05-06-15[05]	yes
05-06-16[01]	no
05-06-16[02]	yes
05-06-16[03]	no
05-06-17[01]	no
05-06-17[02]	no
05-06-17[03]	no
05-06-17[04]	yes
05-06-17[05]	yes
05-06-18[01]	no
05-06-18[02]	yes
05-06-18[03]	yes
05-06-19[01]	no
05-06-20[01]	no
05-06-20[02]	no
05-06-20[03]	yes
05-06-20[04]	no
05-06-21[01]	no
05-06-21[02]	no
05-06-21[03]	no
05-06-21[04]	no
05-06-21[05]	yes
05-06-21[06]	yes
05-06-21[07]	no
05-06-21[08]	no
05-06-21[09]	no
05-06-22[01]	no
05-06-22[02]	no
05-06-22[03]	yes
05-06-23[01]	yes
05-06-23[02]	no
05-06-23[03]	no
05-06-23[04]	no
05-06-23[05]	yes
05-06-23[06]	yes
05-06-23[07]	yes
05-06-23[08]	no
05-06-23[09]	yes
05-06-23[10]	yes
05-06-23[11]	yes
05-06-23[12]	no
05-06-23[13]	no
05-06-24[01]	yes
05-06-24[02]	yes
05-06-24[03]	yes
05-06-26[01]	no
05-06-26[02]	yes
05-06-26[03]	no
05-06-26[04]	no
05-06-27[01]	no
05-06-27[02]	no
05-06-27[03]	yes
05-06-27[04]	yes
05-06-27[05]	yes
05-06-27[06]	yes
05-06-28[01]	no
05-06-28[02]	yes
05-06-29[01]	no
05-06-29[02]	no
05-06-29[03]	yes
05-06-29[04]	no
05-06-29[05]	yes
05-06-29[06]	yes
05-06-29[07]	no
05-07-01[01]	no
05-07-01[02]	no
05-07-01[03]	no
05-07-02[01]	no
05-07-03[01]	no
05-07-03[02]	yes
05-07-03[03]	yes
05-07-03[04]	no
05-07-03[05]	no
05-07-03[06]	no
05-07-03[07]	yes
05-07-04[01]	no
05-07-04[02]	no
05-07-04[03]	yes
05-07-04[04]	no
05-07-05[01]	no
05-07-05[02]	yes
05-07-05[03]	no
05-07-06[01]	no
05-07-06[02]	no
05-07-07[01]	no
05-07-07[02]	no
05-07-07[03]	yes
05-07-07[04]	yes
05-07-07[05]	no
05-07-07[06]	no
05-07-08[01]	no
05-07-08[02]	yes
05-07-08[03]	no
05-07-08[04]	no
05-07-08[05]	yes
05-07-09[01]	no
05-07-09[02]	yes
05-07-09[03]	no
05-07-10[01]	no
05-07-11[01]	no
05-07-11[02]	yes
05-07-11[03]	yes
05-07-11[04]	no
05-07-11[05]	no
05-07-11[06]	yes
05-07-12[01]	no
05-07-12[02]	yes
05-07-12[03]	yes
05-07-13[01]	no
05-07-13[02]	yes
05-07-13[03]	yes
05-07-13[04]	no
05-07-13[05]	no
05-07-13[06]	yes
05-07-13[07]	no
05-07-13[08]	no
05-07-14[01]	no
05-07-14[02]	no
05-07-14[03]	no
05-07-14[04]	no
05-07-15[01]	no
05-07-16[01]	no
05-07-16[02]	yes
05-07-16[03]	yes
05-07-16[04]	no
05-07-16[05]	no
05-07-17[01]	no
05-07-17[02]	yes
05-07-17[03]	no
05-07-17[04]	yes
05-07-18[01]	no
05-07-19[01]	no
05-07-19[02]	yes
05-07-19[03]	no
05-07-19[04]	yes
05-07-20[01]	no
05-07-20[02]	yes
05-07-20[03]	no
05-07-20[04]	no
05-07-20[05]	no
05-07-20[06]	no
05-07-20[07]	yes
05-07-20[08]	yes
05-07-21[01]	no
05-07-21[02]	no
05-07-21[03]	no
05-07-22[01]	no
05-07-22[02]	yes
05-07-22[03]	no
05-07-23[01]	no
05-07-23[02]	no
05-07-24[01]	no
05-07-24[02]	no
05-07-24[03]	yes
05-07-25[01]	no
05-07-25[02]	yes
05-07-25[03]	yes
05-07-25[04]	yes
05-07-25[05]	yes
05-07-25[06]	no
05-07-25[07]	no
05-07-25[08]	yes
05-07-25[09]	yes
05-07-26[01]	no
05-07-26[02]	no
05-07-26[03]	no
05-07-27[01]	no
05-07-28[01]	no
05-07-28[02]	no
05-07-29[01]	no
05-07-29[02]	no
05-07-30[01]	yes
05-07-30[02]	no
05-07-30[03]	no
05-07-30[04]	no
05-08-01[01]	no
05-08-01[02]	no
05-08-01[03]	yes
05-08-01[04]	yes
05-08-01[05]	no
05-08-01[06]	no
05-08-01[07]	no
05-08-02[01]	yes
05-08-02[02]	no
05-08-02[03]	yes
05-08-02[04]	no
05-08-02[05]	yes
05-08-02[06]	yes
05-08-02[07]	no
05-08-03[01]	yes
05-08-03[02]	no
05-08-04[01]	no
05-08-04[02]	yes
05-08-04[03]	yes
05-08-05[01]	no
05-08-05[02]	no
05-08-06[01]	no
05-08-06[02]	no
05-08-07[01]	no
05-08-07[02]	no
05-08-07[03]	no
05-08-07[04]	yes
05-08-07[05]	no
05-08-08[01]	no
05-08-08[02]	no
05-08-08[03]	yes
05-08-08[04]	yes
05-08-09[01]	no
05-08-09[02]	no
05-08-09[03]	no
05-08-09[04]	yes
05-08-09[05]	no
05-08-09[06]	yes
05-08-10[01]	no
05-08-11[01]	no
05-08-11[02]	no
05-08-12[01]	no
05-08-12[02]	no
05-08-13[01]	no
05-08-13[02]	no
05-08-13[03]	yes
05-08-13[04]	yes
05-08-14[01]	no
05-08-14[02]	yes
05-08-14[03]	no
05-08-14[04]	yes
05-08-16[01]	no
05-08-17[01]	no
05-08-17[02]	yes
05-08-17[03]	yes
05-08-18[01]	yes
05-08-18[02]	no
05-08-18[03]	yes
05-08-19[01]	yes
05-08-19[02]	yes
05-08-19[03]	no
05-08-19[04]	yes
05-08-19[05]	no
05-08-19[06]	yes
05-08-20[01]	yes
05-08-20[02]	no
05-08-20[03]	no
05-08-20[04]	no
05-08-20[05]	yes
05-08-21[01]	no
05-08-21[02]	no
05-08-21[03]	no
05-08-21[04]	no
05-08-21[05]	no
05-08-21[06]	yes
05-08-21[07]	no
05-08-22[01]	no
05-08-22[02]	yes
05-08-22[03]	no
05-08-22[04]	yes
05-08-23[01]	yes
05-08-23[02]	no
05-08-23[03]	yes
05-08-23[04]	yes
05-08-23[05]	no
05-08-24[01]	no
05-08-26[01]	no
05-08-26[02]	yes
05-08-26[03]	no
05-08-26[04]	yes
05-08-27[01]	yes
05-08-27[02]	no
05-08-27[03]	yes
05-08-28[01]	no
05-08-28[02]	yes
05-08-28[03]	no
05-08-29[01]	no
05-08-29[02]	yes
05-08-29[03]	no
05-08-29[04]	no
05-08-29[05]	no
05-08-30[01]	no
05-08-30[02]	no
05-08-30[03]	no
05-09-01[01]	no
05-09-01[02]	no
05-09-02[01]	yes
05-09-02[02]	no
05-09-02[03]	no
05-09-02[04]	no
05-09-02[05]	no
05-09-02[06]	yes
05-09-03[01]	no
05-09-03[02]	no
05-09-03[03]	no
05-09-03[04]	no
05-09-03[05]	yes
05-09-04[01]	no
05-09-04[02]	no
05-09-04[03]	yes
05-09-05[01]	no
05-09-05[02]	yes
05-09-05[03]	yes
05-09-05[04]	no
05-09-05[05]	no
05-09-05[06]	yes
05-09-05[07]	no
05-09-06[01]	yes
05-09-06[02]	yes
05-09-06[03]	no
05-09-07[01]	no
05-09-07[02]	yes
05-09-07[03]	yes
05-09-08[01]	no
05-09-08[02]	no
05-09-08[03]	yes
05-09-09[01]	yes
05-09-09[02]	yes
05-09-10[01]	no
05-09-10[02]	no
05-09-11[01]	no
05-09-12[01]	no
05-09-12[02]	yes
05-09-13[01]	no
05-09-13[02]	yes
05-09-13[03]	no
05-09-13[04]	yes
05-09-14[01]	yes
05-09-15[01]	no
05-09-15[02]	no
05-09-15[03]	no
05-09-15[04]	yes
05-09-16[01]	no
05-09-16[02]	no
05-09-16[03]	yes
05-09-16[04]	yes
05-09-18[01]	no
05-09-18[02]	yes
05-09-19[01]	no
05-09-19[02]	yes
05-09-21[01]	no
05-09-21[02]	no
05-09-21[03]	yes
05-09-22[01]	no
05-09-22[02]	no
05-09-22[03]	no
05-09-22[04]	no
05-09-23[01]	yes
05-09-24[01]	no
05-09-24[02]	yes
05-09-24[03]	no
05-09-24[04]	yes
05-09-25[01]	yes
05-09-25[02]	no
05-09-25[03]	no
05-09-25[04]	no
05-09-25[05]	yes
05-09-26[01]	no
05-09-26[02]	no
05-09-26[03]	no
05-09-27[01]	no
05-09-27[02]	no
05-09-27[03]	no
05-09-27[04]	no
05-09-28[01]	no
05-09-28[02]	no
05-09-29[01]	no
05-09-29[02]	yes
05-09-29[03]	yes
05-10-01[01]	no
05-10-01[02]	no
05-10-02[01]	no
05-10-02[02]	yes
05-10-02[03]	yes
05-10-03[01]	no
05-10-03[02]	no
05-10-03[03]	yes
05-10-03[04]	yes
05-10-03[05]	yes
05-10-03[06]	yes
05-10-03[07]	yes
05-10-04[01]	no
05-10-04[02]	yes
05-10-05[01]	no
05-10-08[01]	no
05-10-08[02]	no
05-10-08[03]	no
05-10-08[04]	no
05-10-08[05]	yes
05-10-08[06]	yes
05-10-08[07]	no
05-10-08[08]	yes
05-10-08[09]	yes
05-10-08[10]	yes
05-10-09[01]	no
05-10-09[02]	no
05-10-10[01]	no
05-10-10[02]	yes
05-10-10[03]	yes
05-10-10[04]	yes
05-10-10[05]	no
05-10-10[06]	yes
05-10-11[01]	yes
05-10-12[01]	no
05-10-12[02]	yes
05-10-13[01]	no
05-10-13[02]	no
05-10-13[03]	yes
05-10-13[04]	yes
05-10-13[05]	yes
05-10-13[06]	no
05-10-14[01]	no
05-10-14[02]	yes
05-10-14[03]	yes
05-10-15[01]	no
05-10-15[02]	no
05-10-15[03]	no
05-10-15[04]	yes
05-10-15[05]	yes
05-10-16[01]	no
05-10-16[02]	no
05-10-16[03]	no
05-10-16[04]	yes
05-10-17[01]	no
05-10-17[02]	no
05-10-18[01]	no
05-10-18[02]	yes
05-10-18[03]	yes
05-10-19[01]	no
05-10-19[02]	yes
05-10-20[01]	no
05-10-20[02]	yes
05-10-21[01]	yes
05-10-22[01]	no
05-10-22[02]	no
05-10-23[01]	yes
05-10-24[01]	no
05-10-24[02]	no
05-10-24[03]	yes
05-10-25[01]	no
05-10-25[02]	no
05-10-25[03]	yes
05-10-25[04]	yes
05-10-25[05]	no
05-10-25[06]	yes
05-10-26[01]	no
05-10-26[02]	no
05-10-26[03]	no
05-10-26[04]	no
05-10-26[05]	no
05-10-27[01]	no
05-10-27[02]	no
05-10-27[03]	no
05-10-27[04]	no
05-10-27[05]	no
05-10-28[01]	no
05-10-29[01]	no
05-10-29[02]	yes
05-10-30[01]	no
05-11-01[01]	no
05-11-01[02]	no
05-11-01[03]	no
05-11-02[01]	no
05-11-02[02]	no
05-11-03[01]	no
05-11-03[02]	yes
05-11-03[03]	yes
05-11-03[04]	yes
05-11-04[01]	no
05-11-04[02]	yes
05-11-05[01]	no
05-11-05[02]	yes
05-11-05[03]	yes
05-11-05[04]	no
05-11-06[01]	no
05-11-06[02]	no
05-11-07[01]	no
05-11-07[02]	yes
05-11-07[03]	yes
05-11-07[04]	yes
05-11-08[01]	no
05-11-08[02]	no
05-11-08[03]	no
05-11-09[01]	no
05-11-09[02]	yes
05-11-09[03]	yes
05-11-09[04]	yes
05-11-09[05]	yes
05-11-10[01]	no
05-11-11[01]	no
05-11-13[01]	no
05-11-13[02]	no
05-11-14[01]	no
05-11-14[02]	no
05-11-15[01]	no
05-11-15[02]	no
05-11-15[03]	yes
05-11-15[04]	yes
05-11-15[05]	yes
05-11-16[01]	no
05-11-16[02]	no
05-11-16[03]	no
05-11-17[01]	no
05-11-17[02]	no
05-11-17[03]	yes
05-11-17[04]	no
05-11-17[05]	yes
05-11-17[06]	no
05-11-18[01]	no
05-11-18[02]	yes
05-11-19[01]	no
05-11-19[02]	yes
05-11-19[03]	no
05-11-19[04]	no
05-11-20[01]	no
05-11-21[01]	no
05-11-22[01]	no
05-11-22[02]	no
05-11-22[03]	no
05-11-22[04]	no
05-11-22[05]	no
05-11-22[06]	yes
05-11-22[07]	yes
05-11-23[01]	no
05-11-23[02]	no
05-11-23[03]	yes
05-11-24[01]	no
05-11-24[02]	no
05-11-24[03]	no
05-11-25[01]	no
05-11-25[02]	yes
05-11-25[03]	yes
05-11-25[04]	yes
05-11-25[05]	yes
05-11-26[01]	no
05-11-26[02]	no
05-11-27[01]	no
05-11-27[02]	no
05-11-27[03]	no
05-11-28[01]	no
05-11-28[02]	yes
05-11-28[03]	yes
05-11-28[04]	yes
05-11-29[01]	no
05-11-29[02]	no
05-11-30[01]	no
05-11-30[02]	no
05-11-30[03]	no
05-12-01[01]	yes
05-12-01[02]	no
05-12-02[01]	no
05-12-03[01]	no
05-12-04[01]	no
05-12-04[02]	yes
05-12-04[03]	yes
05-12-05[01]	no
05-12-05[02]	yes
05-12-05[03]	no
05-12-05[04]	yes
05-12-05[05]	yes
05-12-05[06]	yes
05-12-06[01]	no
05-12-06[02]	no
05-12-06[03]	no
05-12-07[01]	no
05-12-07[02]	yes
05-12-08[01]	no
05-12-08[02]	no
05-12-08[03]	no
05-12-08[04]	no
05-12-08[05]	no
05-12-09[01]	no
05-12-09[02]	no
05-12-09[03]	no
05-12-09[04]	no
05-12-10[01]	no
05-12-10[02]	yes
05-12-11[01]	no
05-12-11[02]	yes
05-12-11[03]	yes
05-12-11[04]	yes
05-12-11[05]	yes
05-12-12[01]	no
05-12-12[02]	no
05-12-12[03]	no
05-12-13[01]	no
05-12-13[02]	no
05-12-13[03]	no
05-12-14[01]	no
05-12-14[02]	no
05-12-15[01]	no
05-12-15[02]	no
05-12-15[03]	no
05-12-15[04]	yes
05-12-16[01]	no
05-12-16[02]	no
05-12-16[03]	yes
05-12-17[01]	no
05-12-17[02]	no
05-12-18[01]	no
05-12-18[02]	yes
05-12-19[01]	no
05-12-19[02]	no
05-12-19[03]	no
05-12-19[04]	no
05-12-19[05]	yes
05-12-20[01]	no
05-12-20[02]	yes
05-12-20[03]	no
05-12-20[04]	yes
05-12-20[05]	no
05-12-21[01]	no
05-12-21[02]	yes
05-12-21[03]	no
05-12-22[01]	no
05-12-22[02]	yes
05-12-23[01]	yes
05-12-24[01]	yes
05-12-24[02]	yes
05-12-25[01]	yes
05-12-25[02]	yes
05-12-25[03]	yes
05-12-25[04]	yes
05-12-26[01]	yes
05-12-27[01]	no
05-12-27[02]	no
05-12-27[03]	no
05-12-27[04]	yes
05-12-27[05]	no
05-12-27[06]	no
05-12-27[07]	yes
05-12-27[08]	no
05-12-28[01]	yes
05-12-29[01]	no
05-12-29[02]	yes
05-12-29[03]	yes
05-12-29[04]	no
06-01-01[01]	yes
06-01-01[02]	yes
06-01-02[01]	yes
06-01-04[01]	no
06-01-04[02]	yes
06-01-04[03]	no
06-01-04[04]	no
06-01-04[05]	no
06-01-04[06]	no
06-01-04[07]	yes
06-01-05[01]	no
06-01-05[02]	no
06-01-05[03]	no
06-01-05[04]	yes
06-01-05[05]	yes
06-01-06[01]	yes
06-01-06[02]	no
06-01-06[03]	no
06-01-06[04]	no
06-01-06[05]	no
06-01-06[06]	no
06-01-07[01]	no
06-01-07[02]	no
06-01-08[01]	yes
06-01-08[02]	yes
06-01-09[01]	no
06-01-09[02]	yes
06-01-09[03]	no
06-01-09[04]	no
06-01-10[01]	yes
06-01-10[02]	no
06-01-10[03]	no
06-01-11[01]	yes
06-01-11[02]	no
06-01-11[03]	no
06-01-11[04]	no
06-01-11[05]	no
06-01-12[01]	no
06-01-14[01]	yes
06-01-14[02]	no
06-01-16[01]	no
06-01-16[02]	no
06-01-17[01]	yes
06-01-17[02]	yes
06-01-17[03]	no
06-01-18[01]	yes
06-01-18[02]	yes
06-01-19[01]	no
06-01-19[02]	no
06-01-19[03]	no
06-01-20[01]	no
06-01-20[02]	no
06-01-20[03]	no
06-01-20[04]	no
06-01-20[05]	yes
06-01-21[01]	no
06-01-21[02]	no
06-01-21[03]	yes
06-01-21[04]	no
06-01-21[05]	no
06-01-22[01]	yes
06-01-22[02]	no
06-01-22[03]	no
06-01-24[01]	no
06-01-24[02]	no
06-01-24[03]	no
06-01-24[04]	no
06-01-24[05]	yes
06-01-24[06]	yes
06-01-25[01]	no
06-01-25[02]	no
06-01-25[03]	no
06-01-25[04]	no
06-01-25[05]	no
06-01-25[06]	no
06-01-25[07]	yes
06-01-25[08]	no
06-01-25[09]	no
06-01-26[01]	yes
06-01-26[02]	no
06-01-26[03]	no
06-01-27[01]	yes
06-01-28[01]	yes
06-01-28[02]	no
06-01-28[03]	yes
06-01-28[04]	no
06-01-28[05]	yes
06-01-28[06]	yes
06-01-28[07]	no
06-01-28[08]	no
06-01-29[01]	no
06-01-29[02]	yes
06-01-29[03]	no
06-01-29[04]	yes
06-02-01[01]	no
06-02-01[02]	no
06-02-01[03]	yes
06-02-01[04]	yes
06-02-02[01]	no
06-02-02[02]	no
06-02-02[03]	no
06-02-02[04]	no
06-02-03[01]	no
06-02-03[02]	no
06-02-03[03]	no
06-02-03[04]	no
06-02-03[05]	no
06-02-03[06]	yes
06-02-03[07]	no
06-02-04[01]	no
06-02-04[02]	no
06-02-04[03]	no
06-02-04[04]	yes
06-02-04[05]	no
06-02-04[06]	no
06-02-04[07]	no
06-02-04[08]	no
06-02-05[01]	yes
06-02-05[02]	no
06-02-05[03]	yes
06-02-05[04]	no
06-02-06[01]	yes
06-02-06[02]	no
06-02-06[03]	yes
06-02-06[04]	yes
06-02-07[01]	no
06-02-07[02]	yes
06-02-07[03]	yes
06-02-07[04]	yes
06-02-07[05]	yes
06-02-07[06]	no
06-02-07[07]	no
06-02-08[01]	yes
06-02-08[02]	yes
06-02-09[01]	yes
06-02-09[02]	no
06-02-10[01]	yes
06-02-10[02]	no
06-02-10[03]	no
06-02-11[01]	no
06-02-11[02]	no
06-02-11[03]	yes
06-02-12[01]	no
06-02-12[02]	yes
06-02-12[03]	yes
06-02-12[04]	no
06-02-12[05]	no
06-02-12[06]	no
06-02-13[01]	yes
06-02-13[02]	no
06-02-13[03]	yes
06-02-13[04]	no
06-02-13[05]	yes
06-02-13[06]	yes
06-02-13[07]	no
06-02-13[08]	yes
06-02-13[09]	no
06-02-14[01]	no
06-02-14[02]	no
06-02-14[03]	yes
06-02-14[04]	no
06-02-14[05]	yes
06-02-14[06]	yes
06-02-14[07]	no
06-02-14[08]	no
06-02-15[01]	no
06-02-15[02]	yes
06-02-15[03]	no
06-02-15[04]	no
06-02-16[01]	yes
06-02-16[02]	yes
06-02-16[03]	yes
06-02-16[04]	no
06-02-17[01]	no
06-02-17[02]	no
06-02-17[03]	yes
06-02-17[04]	yes
06-02-18[01]	yes
06-02-18[02]	yes
06-02-20[01]	no
06-02-21[01]	no
06-02-21[02]	no
06-02-21[03]	yes
06-02-24[01]	yes
06-02-25[01]	yes
06-02-25[02]	no
06-02-25[03]	yes
06-02-25[04]	no
06-02-25[05]	no
06-02-25[06]	yes
06-02-26[01]	no
06-02-26[02]	yes
06-02-26[03]	yes
06-02-27[01]	no
06-02-28[01]	no
06-02-28[02]	no
06-02-28[03]	no
06-02-28[04]	no
06-02-29[01]	no
06-02-29[02]	yes
06-02-30[01]	no
06-02-30[02]	no
06-02-30[03]	no
06-02-30[04]	yes
06-03-01[01]	no
06-03-01[02]	no
06-03-01[03]	yes
06-03-01[04]	no
06-03-01[05]	no
06-03-01[06]	yes
06-03-01[07]	no
06-03-02[01]	no
06-03-02[02]	no
06-03-02[03]	no
06-03-02[04]	no
06-03-02[05]	no
06-03-02[06]	yes
06-03-03[01]	no
06-03-03[02]	no
06-03-03[03]	no
06-03-03[04]	no
06-03-03[05]	yes
06-03-03[06]	no
06-03-04[01]	no
06-03-04[02]	no
06-03-04[03]	yes
06-03-04[04]	no
06-03-04[05]	yes
06-03-04[06]	no
06-03-04[07]	no
06-03-04[08]	no
06-03-06[01]	no
06-03-06[02]	yes
06-03-06[03]	no
06-03-06[04]	no
06-03-07[01]	no
06-03-07[02]	yes
06-03-07[03]	no
06-03-08[01]	no
06-03-08[02]	yes
06-03-08[03]	no
06-03-08[04]	no
06-03-08[05]	no
06-03-09[01]	yes
06-03-10[01]	yes
06-03-10[02]	no
06-03-10[03]	yes
06-03-11[01]	no
06-03-11[02]	yes
06-03-11[03]	no
06-03-11[04]	no
06-03-11[05]	no
06-03-11[06]	no
06-03-11[07]	no
06-03-12[01]	yes
06-03-12[02]	yes
06-03-12[03]	yes
06-03-12[04]	no
06-03-13[01]	no
06-03-13[02]	yes
06-03-13[03]	yes
06-03-14[01]	yes
06-03-14[02]	no
06-03-14[03]	yes
06-03-14[04]	no
06-03-14[05]	no
06-03-15[01]	no
06-03-15[02]	no
06-03-15[03]	no
06-03-15[04]	no
06-03-16[01]	no
06-03-16[02]	yes
06-03-16[03]	yes
06-03-17[01]	no
06-03-17[02]	no
06-03-17[03]	yes
06-03-18[01]	no
06-03-18[02]	yes
06-03-18[03]	yes
06-03-18[04]	no
06-03-18[05]	no
06-03-19[01]	no
06-03-19[02]	no
06-03-20[01]	no
06-03-20[02]	yes
06-03-20[03]	no
06-03-20[04]	yes
06-03-20[05]	no
06-03-21[01]	yes
06-03-21[02]	yes
06-03-21[03]	yes
06-03-21[04]	yes
06-03-21[05]	no
06-03-22[01]	no
06-03-22[02]	yes
06-03-22[03]	yes
06-03-22[04]	no
06-03-22[05]	no
06-03-23[01]	no
06-03-23[02]	no
06-03-23[03]	no
06-03-23[04]	no
06-03-23[05]	no
06-03-23[06]	no
06-03-23[07]	no
06-03-23[08]	no
06-03-25[01]	no
06-03-25[02]	no
06-03-25[03]	no
06-03-25[04]	no
06-03-25[05]	no
06-03-25[06]	yes
06-03-26[01]	yes
06-03-26[02]	yes
06-03-27[01]	no
06-03-27[02]	no
06-03-27[03]	no
06-03-27[04]	yes
06-03-27[05]	no
06-03-27[06]	no
06-03-27[07]	no
06-03-28[01]	no
06-03-28[02]	no
06-03-28[03]	yes
06-03-29[01]	no
06-03-29[02]	no
06-03-29[03]	no
06-04-01[01]	yes
06-04-04[01]	no
06-04-04[02]	no
06-04-04[03]	yes
06-04-04[04]	no
06-04-04[05]	no
06-04-04[06]	yes
06-04-04[07]	no
06-04-04[08]	no
06-04-04[09]	no
06-04-04[10]	no
06-04-04[11]	yes
06-04-05[01]	no
06-04-05[02]	yes
06-04-05[03]	no
06-04-05[04]	no
06-04-05[05]	no
06-04-06[01]	yes
06-04-06[02]	no
06-04-06[03]	no
06-04-06[04]	no
06-04-07[01]	yes
06-04-07[02]	yes
06-04-08[01]	no
06-04-09[01]	no
06-04-09[02]	no
06-04-09[03]	yes
06-04-09[04]	yes
06-04-10[01]	no
06-04-10[02]	no
06-04-11[01]	no
06-04-11[02]	yes
06-04-11[03]	no
06-04-12[01]	no
06-04-12[02]	yes
06-04-12[03]	no
06-04-13[01]	no
06-04-13[02]	no
06-04-14[01]	no
06-04-15[01]	yes
06-04-15[02]	no
06-04-16[01]	no
06-04-17[01]	no
06-04-17[02]	no
06-04-17[03]	yes
06-04-17[04]	yes
06-04-18[01]	no
06-04-18[02]	no
06-04-18[03]	no
06-04-18[04]	no
06-04-18[05]	no
06-04-18[06]	no
06-04-19[01]	no
06-04-20[01]	no
06-04-20[02]	yes
06-04-20[03]	yes
06-04-21[01]	no
06-04-21[02]	yes
06-04-21[03]	no
06-04-21[04]	no
06-04-21[05]	no
06-04-22[01]	no
06-04-23[01]	no
06-04-23[02]	yes
06-04-23[03]	yes
06-04-23[04]	no
06-04-23[05]	no
06-04-24[01]	no
06-04-24[02]	yes
06-04-24[03]	no
06-04-24[04]	no
06-04-25[01]	no
06-04-25[02]	yes
06-04-25[03]	yes
06-04-25[04]	yes
06-04-25[05]	yes
06-04-25[06]	no
06-04-26[01]	no
06-04-26[02]	yes
06-04-26[03]	no
06-04-26[04]	no
06-04-27[01]	no
06-04-27[02]	yes
06-04-27[03]	yes
06-04-28[01]	no
06-04-28[02]	no
06-04-28[03]	yes
06-04-28[04]	yes
06-04-29[01]	no
06-04-29[02]	no
06-05-01[01]	no
06-05-01[02]	no
06-05-01[03]	no
06-05-01[04]	no
06-05-01[05]	no
06-05-03[01]	no
06-05-03[02]	yes
06-05-03[03]	no
06-05-06[01]	no
06-05-06[02]	yes
06-05-06[03]	yes
06-05-06[04]	no
06-05-06[05]	yes
06-05-06[06]	yes
06-05-07[01]	yes
06-05-08[01]	no
06-05-09[01]	yes
06-05-09[02]	yes
06-05-09[03]	yes
06-05-10[01]	yes
06-05-11[01]	no
06-05-11[02]	no
06-05-11[03]	yes
06-05-12[01]	no
06-05-12[02]	yes
06-05-12[03]	yes
06-05-12[04]	no
06-05-12[05]	no
06-05-12[06]	no
06-05-12[07]	yes
06-05-12[08]	no
06-05-12[09]	no
06-05-13[01]	no
06-05-14[01]	no
06-05-14[02]	no
06-05-14[03]	yes
06-05-14[04]	no
06-05-14[05]	no
06-05-15[01]	yes
06-05-15[02]	yes
06-05-15[03]	no
06-05-16[01]	no
06-05-16[02]	no
06-05-16[03]	yes
06-05-16[04]	yes
06-05-17[01]	no
06-05-17[02]	no
06-05-18[01]	no
06-05-19[01]	no
06-05-19[02]	yes
06-05-20[01]	no
06-05-20[02]	yes
06-05-20[03]	no
06-05-20[04]	yes
06-05-20[05]	no
06-05-21[01]	no
06-05-21[02]	yes
06-05-21[03]	yes
06-05-21[04]	no
06-05-21[05]	no
06-05-21[06]	yes
06-05-22[01]	no
06-05-23[01]	no
06-05-23[02]	no
06-05-23[03]	yes
06-05-23[04]	no
06-05-25[01]	no
06-05-25[02]	no
06-05-25[03]	no
06-05-25[04]	no
06-05-25[05]	no
06-05-25[06]	no
06-05-26[01]	no
06-05-27[01]	no
06-05-27[02]	yes
06-05-27[03]	no
06-05-27[04]	no
06-05-28[01]	no
06-05-28[02]	no
06-05-28[03]	no
06-05-29[01]	no
06-05-29[02]	no
06-05-29[03]	yes
06-05-29[04]	no
06-05-29[05]	no
06-05-29[06]	no
06-05-29[07]	yes
06-06-01[01]	yes
06-06-01[02]	no
06-06-01[03]	no
06-06-03[01]	no
06-06-04[01]	yes
06-06-04[02]	no
06-06-05[01]	no
06-06-05[02]	no
06-06-06[01]	no
06-06-06[02]	no
06-06-07[01]	yes
06-06-07[02]	yes
06-06-08[01]	no
06-06-08[02]	no
06-06-08[03]	no
06-06-08[04]	yes
06-06-10[01]	yes
06-06-10[02]	no
06-06-10[03]	no
06-06-11[01]	no
06-06-11[02]	yes
06-06-11[03]	yes
06-06-12[01]	no
06-06-12[02]	no
06-06-12[03]	no
06-06-13[01]	yes
06-06-13[02]	no
06-06-13[03]	no
06-06-14[01]	yes
06-06-14[02]	yes
06-06-14[03]	yes
06-06-14[04]	no
06-06-15[01]	yes
06-06-15[02]	no
06-06-16[01]	no
06-06-16[02]	yes
06-06-16[03]	no
06-06-16[04]	no
06-06-16[05]	no
06-06-16[06]	yes
06-06-16[07]	yes
06-06-16[08]	no
06-06-16[09]	no
06-06-17[01]	yes
06-06-18[01]	no
06-06-18[02]	no
06-06-19[01]	no
06-06-20[01]	yes
06-06-20[02]	yes
06-06-20[03]	no
06-06-20[04]	yes
06-06-20[05]	yes
06-06-21[01]	yes
06-06-21[02]	no
06-06-21[03]	no
06-06-22[01]	no
06-06-22[02]	yes
06-06-22[03]	no
06-06-22[04]	no
06-06-22[05]	no
06-06-22[06]	yes
06-06-23[01]	no
06-06-23[02]	no
06-06-24[01]	yes
06-06-24[02]	yes
06-06-25[01]	yes
06-06-25[02]	yes
06-06-26[01]	yes
06-06-26[02]	no
06-06-27[01]	no
06-06-27[02]	no
06-06-28[01]	no
06-06-28[02]	yes
06-06-28[03]	yes
06-06-29[01]	no
06-06-29[02]	no
06-06-29[03]	no
06-06-30[01]	yes
06-06-30[02]	yes
06-07-01[01]	yes
06-07-02[01]	yes
06-07-02[02]	no
06-07-02[03]	yes
06-07-02[04]	yes
06-07-02[05]	yes
06-07-04[01]	yes
06-07-05[01]	no
06-07-06[01]	no
06-07-06[02]	no
06-07-08[01]	yes
06-07-08[02]	no
06-07-11[01]	no
06-07-11[02]	yes
06-07-12[01]	yes
06-07-12[02]	yes
06-07-12[03]	no
06-07-13[01]	yes
06-07-13[02]	no
06-07-13[03]	no
06-07-13[04]	yes
06-07-14[01]	no
06-07-14[02]	no
06-07-14[03]	no
06-07-14[04]	yes
06-07-14[05]	yes
06-07-14[06]	no
06-07-15[01]	no
06-07-15[02]	yes
06-07-16[01]	yes
06-07-16[02]	no
06-07-16[03]	no
06-07-17[01]	no
06-07-17[02]	no
06-07-17[03]	yes
06-07-17[04]	no
06-07-17[05]	no
06-07-18[01]	no
06-07-18[02]	no
06-07-18[03]	yes
06-07-18[04]	no
06-07-18[05]	no
06-07-19[01]	no
06-07-19[02]	no
06-07-19[03]	yes
06-07-19[04]	yes
06-07-19[05]	no
06-07-20[01]	no
06-07-20[02]	no
06-07-20[03]	yes
06-07-20[04]	no
06-07-20[05]	yes
06-07-20[06]	no
06-07-21[01]	no
06-07-21[02]	no
06-07-22[01]	no
06-07-22[02]	yes
06-07-22[03]	yes
06-07-23[01]	no
06-07-25[01]	yes
06-07-25[02]	no
06-07-25[03]	yes
06-07-25[04]	no
06-07-25[05]	yes
06-07-26[01]	no
06-07-26[02]	no
06-07-26[03]	yes
06-07-26[04]	yes
06-07-27[01]	yes
06-07-27[02]	no
06-07-28[01]	yes
06-07-28[02]	no
06-07-28[03]	yes
06-07-28[04]	no
06-07-29[01]	no
06-07-29[02]	no
06-07-29[03]	no
06-07-29[04]	no
06-07-29[05]	no
06-08-01[01]	no
06-08-02[01]	no
06-08-02[02]	yes
06-08-02[03]	yes
06-08-03[01]	no
06-08-03[02]	no
06-08-03[03]	yes
06-08-03[04]	no
06-08-04[01]	yes
06-08-04[02]	no
06-08-04[03]	no
06-08-05[01]	no
06-08-05[02]	no
06-08-05[03]	no
06-08-05[04]	yes
06-08-05[05]	no
06-08-06[01]	no
06-08-06[02]	no
06-08-06[03]	yes
06-08-06[04]	no
06-08-06[05]	yes
06-08-06[06]	yes
06-08-07[01]	no
06-08-08[01]	no
06-08-08[02]	yes
06-08-08[03]	yes
06-08-09[01]	yes
06-08-10[01]	no
06-08-10[02]	yes
06-08-10[03]	yes
06-08-10[04]	yes
06-08-10[05]	no
06-08-11[01]	no
06-08-11[02]	no
06-08-11[03]	yes
06-08-12[01]	no
06-08-13[01]	no
06-08-13[02]	no
06-08-14[01]	no
06-08-14[02]	no
06-08-15[01]	no
06-08-15[02]	no
06-08-15[03]	yes
06-08-15[04]	no
06-08-16[01]	no
06-08-16[02]	yes
06-08-16[03]	no
06-08-17[01]	no
06-08-18[01]	no
06-08-18[02]	no
06-08-18[03]	yes
06-08-18[04]	no
06-08-18[05]	no
06-08-18[06]	no
06-08-19[01]	no
06-08-19[02]	no
06-08-19[03]	no
06-08-19[04]	yes
06-08-20[01]	yes
06-08-20[02]	no
06-08-20[03]	yes
06-08-20[04]	no
06-08-20[05]	yes
06-08-20[06]	no
06-08-21[01]	no
06-08-21[02]	no
06-08-21[03]	yes
06-08-21[04]	yes
06-08-21[05]	yes
06-08-21[06]	no
06-08-21[07]	yes
06-08-21[08]	yes
06-08-21[09]	no
06-08-21[10]	no
06-08-21[11]	no
06-08-21[12]	no
06-08-21[13]	no
06-08-22[01]	no
06-08-22[02]	no
06-08-22[03]	no
06-08-24[01]	no
06-08-25[01]	yes
06-08-25[02]	no
06-08-26[01]	no
06-08-26[02]	no
06-08-26[03]	no
06-08-26[04]	yes
06-08-26[05]	yes
06-08-26[06]	yes
06-08-26[07]	no
06-08-26[08]	no
06-08-26[09]	yes
06-08-27[01]	no
06-08-27[02]	yes
06-08-28[01]	no
06-08-28[02]	no
06-08-29[01]	no
06-08-29[02]	yes
06-08-29[03]	yes
06-08-30[01]	no
06-08-30[02]	no
06-08-30[03]	yes
06-08-30[04]	no
06-08-30[05]	no
06-08-30[06]	no
06-09-01[01]	yes
06-09-01[02]	no
06-09-01[03]	no
06-09-01[04]	no
06-09-01[05]	yes
06-09-02[01]	yes
06-09-02[02]	no
06-09-03[01]	yes
06-09-04[01]	yes
06-09-04[02]	no
06-09-04[03]	no
06-09-05[01]	no
06-09-05[02]	no
06-09-06[01]	no
06-09-07[01]	yes
06-09-07[02]	yes
06-09-07[03]	no
06-09-07[04]	no
06-09-07[05]	yes
06-09-07[06]	no
06-09-07[07]	no
06-09-08[01]	no
06-09-08[02]	no
06-09-08[03]	no
06-09-08[04]	no
06-09-08[05]	no
06-09-09[01]	no
06-09-09[02]	yes
06-09-09[03]	no
06-09-09[04]	no
06-09-09[05]	no
06-09-09[06]	no
06-09-10[01]	yes
06-09-10[02]	no
06-09-10[03]	no
06-09-11[01]	no
06-09-11[02]	no
06-09-12[01]	no
06-09-12[02]	yes
06-09-13[01]	no
06-09-14[01]	no
06-09-15[01]	yes
06-09-15[02]	no
06-09-16[01]	no
06-09-17[01]	yes
06-09-17[02]	no
06-09-17[03]	no
06-09-17[04]	no
06-09-17[05]	yes
06-09-18[01]	yes
06-09-19[01]	yes
06-09-19[02]	yes
06-09-20[01]	yes
06-09-21[01]	no
06-09-21[02]	yes
06-09-21[03]	no
06-09-21[04]	yes
06-09-21[05]	no
06-09-22[01]	no
06-09-22[02]	no
06-09-23[01]	yes
06-09-23[02]	no
06-09-23[03]	yes
06-09-23[04]	yes
06-09-23[05]	yes
06-09-24[01]	yes
06-09-24[02]	no
06-09-25[01]	no
06-09-25[02]	no
06-09-25[03]	yes
06-09-25[04]	no
06-09-25[05]	no
06-09-25[06]	no
06-09-25[07]	yes
06-09-25[08]	yes
06-09-27[01]	yes
06-09-27[02]	no
06-09-27[03]	no
06-09-28[01]	no
06-09-29[01]	no
06-10-01[01]	yes
06-10-01[02]	no
06-10-01[03]	no
06-10-02[01]	no
06-10-03[01]	yes
06-10-03[02]	yes
06-10-04[01]	yes
06-10-04[02]	no
06-10-04[03]	no
06-10-05[01]	no
06-10-05[02]	yes
06-10-05[03]	yes
06-10-05[04]	yes
06-10-05[05]	no
06-10-05[06]	no
06-10-06[01]	no
06-10-06[02]	no
06-10-06[03]	no
06-10-06[04]	yes
06-10-06[05]	no
06-10-06[06]	yes
06-10-06[07]	no
06-10-06[08]	yes
06-10-06[09]	no
06-10-06[10]	no
06-10-07[01]	yes
06-10-07[02]	yes
06-10-07[03]	no
06-10-07[04]	no
06-10-07[05]	no
06-10-07[06]	no
06-10-07[07]	no
06-10-07[08]	no
06-10-07[09]	no
06-10-07[10]	no
06-10-08[01]	yes
06-10-10[01]	no
06-10-10[02]	yes
06-10-10[03]	no
06-10-10[04]	no
06-10-10[05]	no
06-10-10[06]	no
06-10-11[01]	yes
06-10-11[02]	no
06-10-11[03]	yes
06-10-12[01]	no
06-10-12[02]	no
06-10-12[03]	no
06-10-12[04]	yes
06-10-13[01]	no
06-10-13[02]	yes
06-10-13[03]	no
06-10-13[04]	no
06-10-13[05]	yes
06-10-13[06]	no
06-10-13[07]	no
06-10-13[08]	no
06-10-13[09]	no
06-10-14[01]	no
06-10-14[02]	no
06-10-14[03]	no
06-10-14[04]	no
06-10-14[05]	no
06-10-14[06]	no
06-10-15[01]	yes
06-10-15[02]	no
06-10-16[01]	no
06-10-16[02]	no
06-10-17[01]	yes
06-10-17[02]	yes
06-10-17[03]	no
06-10-17[04]	no
06-10-17[05]	no
06-10-18[01]	yes
06-10-18[02]	no
06-10-18[03]	yes
06-10-19[01]	no
06-10-19[02]	yes
06-10-19[03]	no
06-10-19[04]	yes
06-10-19[05]	no
06-10-19[06]	no
06-10-20[01]	yes
06-10-20[02]	no
06-10-20[03]	yes
06-10-20[04]	yes
06-10-20[05]	yes
06-10-21[01]	no
06-10-21[02]	yes
06-10-21[03]	no
06-10-22[01]	no
06-10-22[02]	no
06-10-23[01]	no
06-10-23[02]	no
06-10-23[03]	no
06-10-23[04]	no
06-10-24[01]	yes
06-10-25[01]	no
06-10-25[02]	yes
06-10-25[03]	no
06-10-25[04]	yes
06-10-26[01]	no
06-10-26[02]	no
06-10-26[03]	yes
06-10-26[04]	yes
06-10-27[01]	yes
06-10-27[02]	yes
06-10-27[03]	no
06-10-27[04]	no
06-10-27[05]	no
06-10-30[01]	no
06-10-30[02]	yes
06-10-30[03]	yes
06-10-30[04]	yes
06-10-30[05]	no
06-10-30[06]	no
06-11-01[01]	no
06-11-01[02]	yes
06-11-02[01]	no
06-11-02[02]	yes
06-11-02[03]	yes
06-11-02[04]	yes
06-11-02[05]	no
06-11-02[06]	no
06-11-02[07]	yes
06-11-03[01]	yes
06-11-03[02]	no
06-11-04[01]	yes
06-11-04[02]	yes
06-11-05[01]	no
06-11-05[02]	yes
06-11-05[03]	yes
06-11-05[04]	no
06-11-06[01]	no
06-11-06[02]	yes
06-11-06[03]	yes
06-11-06[04]	no
06-11-07[01]	no
06-11-07[02]	no
06-11-08[01]	no
06-11-08[02]	yes
06-11-08[03]	yes
06-11-09[01]	no
06-11-09[02]	no
06-11-10[01]	no
06-11-10[02]	yes
06-11-11[01]	no
06-11-11[02]	no
06-11-11[03]	yes
06-11-11[04]	no
06-11-12[01]	no
06-11-12[02]	yes
06-11-13[01]	no
06-11-13[02]	no
06-11-13[03]	no
06-11-14[01]	no
06-11-14[02]	no
06-11-14[03]	no
06-11-14[04]	no
06-11-14[05]	no
06-11-14[06]	yes
06-11-14[07]	no
06-11-15[01]	no
06-11-15[02]	yes
06-11-15[03]	yes
06-11-15[04]	no
06-11-16[01]	no
06-11-16[02]	yes
06-11-16[03]	yes
06-11-17[01]	no
06-11-18[01]	no
06-11-18[02]	no
06-11-18[03]	yes
06-11-19[01]	no
06-11-19[02]	yes
06-11-20[01]	no
06-11-20[02]	yes
06-11-20[03]	yes
06-11-20[04]	no
06-11-21[01]	no
06-11-21[02]	no
06-11-21[03]	yes
06-11-22[01]	yes
06-11-22[02]	no
06-11-23[01]	no
06-11-23[02]	no
06-11-24[01]	no
06-11-24[02]	yes
06-11-25[01]	no
06-11-26[01]	no
06-11-27[01]	yes
06-11-28[01]	no
06-11-29[01]	no
06-11-29[02]	yes
06-11-29[03]	yes
06-11-30[01]	no
06-11-30[02]	yes
06-11-30[03]	yes
06-12-01[01]	yes
06-12-01[02]	yes
06-12-03[01]	no
06-12-03[02]	no
06-12-04[01]	yes
06-12-04[02]	no
06-12-04[03]	yes
06-12-04[04]	yes
06-12-04[05]	yes
06-12-05[01]	no
06-12-05[02]	yes
06-12-05[03]	no
06-12-06[01]	no
06-12-06[02]	no
06-12-07[01]	no
06-12-07[02]	yes
06-12-08[01]	no
06-12-08[02]	no
06-12-08[03]	yes
06-12-09[01]	no
06-12-09[02]	yes
06-12-10[01]	no
06-12-10[02]	yes
06-12-11[01]	no
06-12-11[02]	no
06-12-12[01]	no
06-12-12[02]	yes
06-12-12[03]	yes
06-12-13[01]	no
06-12-13[02]	yes
06-12-14[01]	no
06-12-14[02]	no
06-12-14[03]	yes
06-12-15[01]	yes
06-12-17[01]	no
06-12-17[02]	yes
06-12-17[03]	yes
06-12-18[01]	no
06-12-18[02]	no
06-12-19[01]	yes
06-12-19[02]	yes
06-12-20[01]	yes
06-12-20[02]	yes
06-12-21[01]	no
06-12-21[02]	no
06-12-21[03]	no
06-12-21[04]	no
06-12-22[01]	no
06-12-22[02]	yes
06-12-23[01]	no
06-12-24[01]	no
06-12-25[01]	no
06-12-25[02]	yes
06-12-25[03]	yes
06-12-26[01]	no
06-12-26[02]	yes
06-12-27[01]	yes
06-12-27[02]	no
06-12-27[03]	no
06-12-27[04]	yes
06-12-27[05]	no
06-12-28[01]	yes
06-12-28[02]	no
06-12-29[01]	yes
06-12-29[02]	no
06-12-30[01]	no
07-01-01[01]	yes
07-01-01[02]	yes
07-01-02[01]	no
07-01-03[01]	yes
07-01-04[01]	no
07-01-05[01]	yes
07-01-05[02]	no
07-01-05[03]	yes
07-01-05[04]	yes
07-01-05[05]	no
07-01-05[06]	yes
07-01-05[07]	yes
07-01-05[08]	no
07-01-06[01]	no
07-01-06[02]	no
07-01-06[03]	no
07-01-06[04]	no
07-01-06[05]	no
07-01-07[01]	no
07-01-08[01]	no
07-01-08[02]	no
07-01-08[03]	no
07-01-08[04]	no
07-01-09[01]	no
07-01-09[02]	yes
07-01-09[03]	yes
07-01-11[01]	yes
07-01-11[02]	yes
07-01-11[03]	yes
07-01-11[04]	no
07-01-12[01]	no
07-01-13[01]	no
07-01-13[02]	no
07-01-14[01]	yes
07-01-14[02]	no
07-01-14[03]	yes
07-01-14[04]	yes
07-01-14[05]	yes
07-01-14[06]	no
07-01-15[01]	no
07-01-15[02]	yes
07-01-15[03]	yes
07-01-15[04]	yes
07-01-15[05]	no
07-01-15[06]	no
07-01-15[07]	no
07-01-15[08]	no
07-01-16[01]	yes
07-01-16[02]	yes
07-01-17[01]	no
07-01-17[02]	yes
07-01-17[03]	no
07-01-17[04]	yes
07-01-17[05]	yes
07-01-17[06]	yes
07-01-17[07]	no
07-01-17[08]	no
07-01-17[09]	no
07-01-18[01]	yes
07-01-18[02]	no
07-01-19[01]	no
07-01-19[02]	no
07-01-19[03]	no
07-01-20[01]	no
07-01-20[02]	yes
07-01-20[03]	no
07-01-20[04]	no
07-01-20[05]	no
07-01-20[06]	no
07-01-21[01]	no
07-01-21[02]	yes
07-01-21[03]	yes
07-01-21[04]	no
07-01-22[01]	yes
07-01-22[02]	no
07-01-22[03]	no
07-01-23[01]	no
07-01-23[02]	yes
07-01-23[03]	no
07-01-23[04]	no
07-01-24[01]	no
07-01-24[02]	yes
07-01-24[03]	no
07-01-24[04]	yes
07-01-24[05]	no
07-01-24[06]	no
07-01-25[01]	no
07-01-25[02]	no
07-01-25[03]	yes
07-01-25[04]	yes
07-01-25[05]	no
07-01-25[06]	no
07-01-25[07]	no
07-01-26[01]	yes
07-01-26[02]	no
07-01-26[03]	no
07-01-26[04]	yes
07-01-26[05]	yes
07-01-27[01]	no
07-01-28[01]	no
07-01-28[02]	no
07-01-29[01]	no
07-01-29[02]	no
07-01-29[03]	yes
07-01-29[04]	yes
07-02-01[01]	yes
07-02-01[02]	no
07-02-01[03]	no
07-02-01[04]	no
07-02-02[01]	no
07-02-02[02]	yes
07-02-02[03]	no
07-02-02[04]	no
07-02-02[05]	no
07-02-02[06]	no
07-02-02[07]	no
07-02-03[01]	no
07-02-04[01]	no
07-02-04[02]	yes
07-02-04[03]	yes
07-02-05[01]	no
07-02-05[02]	no
07-02-05[03]	no
07-02-05[04]	yes
07-02-06[01]	no
07-02-06[02]	yes
07-02-06[03]	no
07-02-07[01]	no
07-02-07[02]	no
07-02-08[01]	no
07-02-08[02]	yes
07-02-08[03]	yes
07-02-08[04]	no
07-02-08[05]	yes
07-02-08[06]	no
07-02-08[07]	no
07-02-09[01]	no
07-02-10[01]	yes
07-02-10[02]	no
07-02-10[03]	no
07-02-11[01]	yes
07-02-11[02]	no
07-02-12[01]	no
07-02-12[02]	no
07-02-12[03]	no
07-02-13[01]	no
07-02-13[02]	no
07-02-14[01]	no
07-02-14[02]	yes
07-02-14[03]	no
07-02-14[04]	yes
07-02-14[05]	no
07-02-14[06]	yes
07-02-14[07]	yes
07-02-15[01]	no
07-02-15[02]	yes
07-02-15[03]	no
07-02-15[04]	no
07-02-15[05]	yes
07-02-16[01]	no
07-02-16[02]	yes
07-02-16[03]	no
07-02-16[04]	no
07-02-16[05]	yes
07-02-17[01]	yes
07-02-17[02]	yes
07-02-17[03]	no
07-02-17[04]	no
07-02-18[01]	no
07-02-18[02]	yes
07-02-18[03]	yes
07-02-18[04]	no
07-02-19[01]	yes
07-02-19[02]	no
07-02-19[03]	yes
07-02-19[04]	no
07-02-20[01]	no
07-02-20[02]	yes
07-02-20[03]	yes
07-02-20[04]	no
07-02-20[05]	no
07-02-20[06]	no
07-02-20[07]	no
07-02-20[08]	no
07-02-20[09]	yes
07-02-20[10]	no
07-02-20[11]	yes
07-02-20[12]	yes
07-02-20[13]	no
07-02-21[01]	no
07-02-21[02]	yes
07-02-21[03]	no
07-02-21[04]	no
07-02-21[05]	no
07-02-21[06]	no
07-02-22[01]	no
07-02-22[02]	yes
07-02-22[03]	no
07-02-23[01]	no
07-02-23[02]	yes
07-02-23[03]	no
07-02-23[04]	yes
07-02-23[05]	no
07-02-23[06]	no
07-02-23[07]	yes
07-02-24[01]	no
07-02-24[02]	no
07-02-24[03]	yes
07-02-24[04]	yes
07-02-24[05]	no
07-02-24[06]	yes
07-02-25[01]	no
07-02-25[02]	no
07-02-25[03]	no
07-02-25[04]	no
07-02-25[05]	no
07-02-25[06]	no
07-02-25[07]	no
07-02-25[08]	no
07-02-25[09]	no
07-02-26[01]	no
07-02-27[01]	no
07-02-27[02]	yes
07-02-27[03]	no
07-02-28[01]	no
07-02-28[02]	no
07-02-28[03]	no
07-02-29[01]	yes
07-02-29[02]	no
07-02-29[03]	no
07-02-29[04]	no
07-02-29[05]	no
07-02-29[06]	no
07-02-30[01]	no
07-02-30[02]	no
07-02-30[03]	yes
07-02-30[04]	no
07-03-01[01]	yes
07-03-01[02]	yes
07-03-02[01]	no
07-03-02[02]	yes
07-03-03[01]	no
07-03-03[02]	yes
07-03-03[03]	no
07-03-03[04]	no
07-03-04[01]	yes
07-03-05[01]	yes
07-03-05[02]	no
07-03-05[03]	yes
07-03-06[01]	no
07-03-06[02]	no
07-03-06[03]	no
07-03-06[04]	no
07-03-07[01]	no
07-03-07[02]	no
07-03-07[03]	yes
07-03-07[04]	no
07-03-08[01]	no
07-03-08[02]	no
07-03-08[03]	no
07-03-09[01]	yes
07-03-09[02]	yes
07-03-10[01]	no
07-03-10[02]	no
07-03-10[03]	no
07-03-11[01]	yes
07-03-11[02]	yes
07-03-12[01]	no
07-03-12[02]	yes
07-03-13[01]	no
07-03-13[02]	no
07-03-13[03]	no
07-03-14[01]	no
07-03-15[01]	yes
07-03-15[02]	no
07-03-16[01]	yes
07-03-16[02]	no
07-03-16[03]	no
07-03-16[04]	no
07-03-17[01]	no
07-03-17[02]	no
07-03-17[03]	yes
07-03-17[04]	yes
07-03-18[01]	no
07-03-19[01]	no
07-03-20[01]	yes
07-03-20[02]	no
07-03-20[03]	yes
07-03-21[01]	no
07-03-21[02]	yes
07-03-21[03]	yes
07-03-21[04]	no
07-03-21[05]	no
07-03-23[01]	no
07-03-23[02]	no
07-03-23[03]	no
07-03-23[04]	no
07-03-24[01]	no
07-03-24[02]	no
07-03-24[03]	yes
07-03-24[04]	yes
07-03-25[01]	no
07-03-25[02]	no
07-03-26[01]	no
07-03-26[02]	no
07-03-26[03]	no
07-03-26[04]	yes
07-03-27[01]	no
07-03-27[02]	no
07-03-28[01]	no
07-03-28[02]	yes
07-03-29[01]	yes
07-04-01[01]	no
07-04-01[02]	no
07-04-01[03]	no
07-04-01[04]	yes
07-04-01[05]	no
07-04-01[06]	no
07-04-01[07]	yes
07-04-02[01]	no
07-04-02[02]	no
07-04-02[03]	yes
07-04-02[04]	yes
07-04-02[05]	yes
07-04-02[06]	no
07-04-02[07]	no
07-04-02[08]	no
07-04-03[01]	yes
07-04-03[02]	yes
07-04-03[03]	yes
07-04-03[04]	yes
07-04-04[01]	no
07-04-04[02]	yes
07-04-04[03]	yes
07-04-04[04]	no
07-04-04[05]	no
07-04-04[06]	no
07-04-04[07]	no
07-04-07[01]	no
07-04-07[02]	yes
07-04-08[01]	no
07-04-08[02]	no
07-04-08[03]	no
07-04-08[04]	no
07-04-08[05]	no
07-04-09[01]	no
07-04-10[01]	no
07-04-10[02]	no
07-04-11[01]	no
07-04-11[02]	yes
07-04-12[01]	yes
07-04-12[02]	no
07-04-13[01]	no
07-04-13[02]	yes
07-04-13[03]	no
07-04-13[04]	no
07-04-13[05]	no
07-04-13[06]	no
07-04-14[01]	yes
07-04-14[02]	no
07-04-14[03]	no
07-04-14[04]	no
07-04-14[05]	no
07-04-15[01]	no
07-04-15[02]	yes
07-04-15[03]	yes
07-04-15[04]	no
07-04-16[01]	no
07-04-16[02]	no
07-04-16[03]	no
07-04-16[04]	no
07-04-16[05]	no
07-04-16[06]	no
07-04-16[07]	no
07-04-16[08]	no
07-04-17[01]	no
07-04-17[02]	no
07-04-17[03]	yes
07-04-18[01]	no
07-04-18[02]	no
07-04-18[03]	yes
07-04-19[01]	no
07-04-19[02]	no
07-04-19[03]	no
07-04-19[04]	yes
07-04-19[05]	yes
07-04-19[06]	yes
07-04-19[07]	yes
07-04-20[01]	no
07-04-20[02]	yes
07-04-20[03]	no
07-04-21[01]	no
07-04-21[02]	no
07-04-21[03]	no
07-04-21[04]	no
07-04-21[05]	no
07-04-22[01]	no
07-04-22[02]	yes
07-04-22[03]	yes
07-04-23[01]	no
07-04-23[02]	no
07-04-23[03]	yes
07-04-23[04]	yes
07-04-24[01]	no
07-04-24[02]	no
07-04-24[03]	no
07-04-24[04]	no
07-04-24[05]	no
07-04-24[06]	no
07-04-25[01]	no
07-04-25[02]	no
07-04-25[03]	no
07-04-25[04]	no
07-04-26[01]	no
07-04-26[02]	no
07-04-26[03]	no
07-04-26[04]	no
07-04-26[05]	no
07-04-26[06]	no
07-04-26[07]	no
07-04-26[08]	no
07-04-27[01]	no
07-04-27[02]	no
07-04-27[03]	no
07-04-27[04]	no
07-04-28[01]	no
07-04-28[02]	no
07-04-28[03]	no
07-04-28[04]	no
07-04-29[01]	yes
07-04-29[02]	no
07-04-29[03]	yes
07-04-29[04]	yes
07-04-30[01]	no
07-05-01[01]	no
07-05-01[02]	yes
07-05-01[03]	no
07-05-01[04]	no
07-05-01[05]	no
07-05-01[06]	no
07-05-01[07]	no
07-05-02[01]	yes
07-05-02[02]	no
07-05-02[03]	no
07-05-02[04]	no
07-05-03[01]	yes
07-05-03[02]	yes
07-05-03[03]	yes
07-05-03[04]	no
07-05-03[05]	no
07-05-06[01]	yes
07-05-06[02]	yes
07-05-06[03]	no
07-05-08[01]	no
07-05-08[02]	yes
07-05-08[03]	no
07-05-08[04]	no
07-05-08[05]	no
07-05-08[06]	yes
07-05-09[01]	no
07-05-09[02]	yes
07-05-09[03]	no
07-05-09[04]	yes
07-05-09[05]	no
07-05-11[01]	no
07-05-11[02]	yes
07-05-11[03]	yes
07-05-11[04]	no
07-05-11[05]	yes
07-05-12[01]	no
07-05-12[02]	no
07-05-12[03]	no
07-05-12[04]	no
07-05-13[01]	yes
07-05-14[01]	yes
07-05-14[02]	no
07-05-14[03]	no
07-05-14[04]	no
07-05-14[05]	yes
07-05-15[01]	no
07-05-15[02]	no
07-05-16[01]	no
07-05-16[02]	no
07-05-17[01]	yes
07-05-17[02]	no
07-05-17[03]	yes
07-05-17[04]	no
07-05-17[05]	no
07-05-18[01]	no
07-05-18[02]	no
07-05-19[01]	no
07-05-19[02]	yes
07-05-19[03]	yes
07-05-19[04]	no
07-05-19[05]	yes
07-05-20[01]	no
07-05-20[02]	no
07-05-20[03]	no
07-05-21[01]	no
07-05-21[02]	no
07-05-21[03]	no
07-05-21[04]	no
07-05-22[01]	yes
07-05-23[01]	no
07-05-24[01]	yes
07-05-25[01]	no
07-05-25[02]	yes
07-05-25[03]	no
07-05-26[01]	no
07-05-26[02]	no
07-05-26[03]	yes
07-05-26[04]	no
07-05-27[01]	no
07-05-27[02]	no
07-05-27[03]	no
07-05-28[01]	no
07-05-28[02]	no
07-05-29[01]	no
07-05-29[02]	no
07-06-01[01]	no
07-06-01[02]	no
07-06-02[01]	no
07-06-02[02]	yes
07-06-02[03]	yes
07-06-02[04]	no
07-06-02[05]	no
07-06-02[06]	no
07-06-02[07]	yes
07-06-03[01]	no
07-06-03[02]	no
07-06-04[01]	no
07-06-05[01]	no
07-06-06[01]	no
07-06-06[02]	no
07-06-07[01]	no
07-06-07[02]	no
07-06-07[03]	no
07-06-08[01]	no
07-06-09[01]	no
07-06-09[02]	yes
07-06-09[03]	no
07-06-09[04]	no
07-06-10[01]	no
07-06-10[02]	no
07-06-11[01]	no
07-06-11[02]	no
07-06-12[01]	no
07-06-13[01]	yes
07-06-13[02]	no
07-06-14[01]	no
07-06-14[02]	no
07-06-14[03]	no
07-06-14[04]	no
07-06-14[05]	no
07-06-14[06]	no
07-06-14[07]	no
07-06-14[08]	no
07-06-15[01]	no
07-06-15[02]	no
07-06-15[03]	no
07-06-16[01]	no
07-06-16[02]	no
07-06-16[03]	yes
07-06-16[04]	yes
07-06-16[05]	yes
07-06-16[06]	yes
07-06-16[07]	yes
07-06-16[08]	yes
07-06-16[09]	yes
07-06-17[01]	no
07-06-17[02]	no
07-06-17[03]	no
07-06-17[04]	yes
07-06-17[05]	yes
07-06-17[06]	no
07-06-17[07]	yes
07-06-18[01]	yes
07-06-18[02]	yes
07-06-18[03]	yes
07-06-18[04]	no
07-06-19[01]	yes
07-06-19[02]	no
07-06-19[03]	no
07-06-19[04]	no
07-06-19[05]	no
07-06-19[06]	no
07-06-20[01]	yes
07-06-20[02]	no
07-06-20[03]	no
07-06-21[01]	no
07-06-21[02]	no
07-06-21[03]	no
07-06-21[04]	no
07-06-22[01]	no
07-06-22[02]	yes
07-06-22[03]	yes
07-06-22[04]	yes
07-06-22[05]	no
07-06-22[06]	no
07-06-22[07]	no
07-06-23[01]	no
07-06-23[02]	yes
07-06-23[03]	yes
07-06-23[04]	yes
07-06-23[05]	yes
07-06-23[06]	yes
07-06-23[07]	no
07-06-23[08]	no
07-06-24[01]	no
07-06-24[02]	yes
07-06-24[03]	no
07-06-24[04]	no
07-06-25[01]	no
07-06-25[02]	no
07-06-26[01]	yes
07-06-26[02]	no
07-06-26[03]	no
07-06-26[04]	no
07-06-26[05]	yes
07-06-27[01]	no
07-06-27[02]	no
07-06-27[03]	no
07-06-27[04]	no
07-06-27[05]	no
07-06-27[06]	no
07-06-27[07]	no
07-06-27[08]	no
07-06-27[09]	yes
07-06-27[10]	yes
07-06-28[01]	yes
07-06-28[02]	yes
07-06-28[03]	yes
07-06-29[01]	no
07-06-29[02]	no
07-07-01[01]	yes
07-07-02[01]	yes
07-07-02[02]	no
07-07-02[03]	no
07-07-02[04]	no
07-07-02[05]	no
07-07-02[06]	no
07-07-03[01]	no
07-07-03[02]	no
07-07-03[03]	no
07-07-03[04]	no
07-07-03[05]	no
07-07-03[06]	no
07-07-04[01]	no
07-07-04[02]	no
07-07-04[03]	yes
07-07-04[04]	no
07-07-04[05]	yes
07-07-04[06]	yes
07-07-05[01]	no
07-07-05[02]	yes
07-07-05[03]	no
07-07-05[04]	no
07-07-06[01]	no
07-07-06[02]	no
07-07-06[03]	no
07-07-06[04]	no
07-07-06[05]	no
07-07-07[01]	yes
07-07-07[02]	yes
07-07-07[03]	no
07-07-07[04]	no
07-07-08[01]	yes
07-07-08[02]	no
07-07-09[01]	no
07-07-09[02]	yes
07-07-09[03]	no
07-07-09[04]	no
07-07-09[05]	no
07-07-09[06]	yes
07-07-10[01]	no
07-07-11[01]	no
07-07-11[02]	no
07-07-11[03]	no
07-07-11[04]	no
07-07-11[05]	no
07-07-11[06]	no
07-07-11[07]	no
07-07-11[08]	yes
07-07-11[09]	no
07-07-11[10]	yes
07-07-12[01]	no
07-07-12[02]	no
07-07-13[01]	no
07-07-13[02]	no
07-07-13[03]	no
07-07-13[04]	no
07-07-14[01]	no
07-07-14[02]	no
07-07-14[03]	no
07-07-15[01]	no
07-07-15[02]	yes
07-07-15[03]	no
07-07-15[04]	no
07-07-15[05]	no
07-07-15[06]	no
07-07-15[07]	no
07-07-15[08]	no
07-07-15[09]	no
07-07-15[10]	no
07-07-16[01]	no
07-07-17[01]	no
07-07-17[02]	no
07-07-18[01]	yes
07-07-18[02]	no
07-07-19[01]	yes
07-07-19[02]	yes
07-07-20[01]	yes
07-07-20[02]	yes
07-07-20[03]	no
07-07-21[01]	no
07-07-21[02]	yes
07-07-22[01]	no
07-07-22[02]	no
07-07-22[03]	no
07-07-22[04]	no
07-07-23[01]	no
07-07-23[02]	no
07-07-24[01]	no
07-07-24[02]	no
07-07-25[01]	yes
07-07-25[02]	yes
07-07-25[03]	no
07-07-25[04]	no
07-07-27[01]	no
07-07-27[02]	no
07-07-28[01]	no
07-07-28[02]	yes
07-07-29[01]	yes
07-07-29[02]	yes
07-07-30[01]	no
07-07-30[02]	yes
07-윤07-01[01]	yes
07-윤07-02[01]	no
07-윤07-02[02]	yes
07-윤07-02[03]	yes
07-윤07-02[04]	no
07-윤07-03[01]	no
07-윤07-03[02]	yes
07-윤07-03[03]	no
07-윤07-04[01]	no
07-윤07-04[02]	no
07-윤07-04[03]	no
07-윤07-05[01]	no
07-윤07-05[02]	no
07-윤07-05[03]	no
07-윤07-05[04]	no
07-윤07-06[01]	no
07-윤07-06[02]	no
07-윤07-06[03]	no
07-윤07-06[04]	yes
07-윤07-07[01]	no
07-윤07-07[02]	no
07-윤07-07[03]	no
07-윤07-07[04]	yes
07-윤07-08[01]	no
07-윤07-08[02]	no
07-윤07-08[03]	no
07-윤07-08[04]	no
07-윤07-09[01]	no
07-윤07-09[02]	no
07-윤07-09[03]	no
07-윤07-09[04]	no
07-윤07-09[05]	yes
07-윤07-10[01]	no
07-윤07-10[02]	yes
07-윤07-10[03]	no
07-윤07-11[01]	no
07-윤07-12[01]	no
07-윤07-12[02]	no
07-윤07-12[03]	no
07-윤07-13[01]	yes
07-윤07-14[01]	yes
07-윤07-14[02]	no
07-윤07-15[01]	yes
07-윤07-15[02]	no
07-윤07-15[03]	no
07-윤07-16[01]	yes
07-윤07-17[01]	yes
07-윤07-18[01]	no
07-윤07-18[02]	no
07-윤07-18[03]	no
07-윤07-19[01]	yes
07-윤07-19[02]	yes
07-윤07-19[03]	no
07-윤07-19[04]	yes
07-윤07-19[05]	no
07-윤07-19[06]	no
07-윤07-19[07]	yes
07-윤07-20[01]	no
07-윤07-20[02]	yes
07-윤07-20[03]	yes
07-윤07-21[01]	no
07-윤07-21[02]	no
07-윤07-21[03]	no
07-윤07-22[01]	yes
07-윤07-22[02]	yes
07-윤07-22[03]	no
07-윤07-22[04]	yes
07-윤07-23[01]	no
07-윤07-23[02]	no
07-윤07-23[03]	no
07-윤07-23[04]	no
07-윤07-24[01]	no
07-윤07-24[02]	yes
07-윤07-24[03]	yes
07-윤07-25[01]	yes
07-윤07-25[02]	yes
07-윤07-25[03]	yes
07-윤07-26[01]	yes
07-윤07-26[02]	no
07-윤07-26[03]	no
07-윤07-27[01]	no
07-윤07-27[02]	no
07-윤07-27[03]	yes
07-윤07-28[01]	no
07-윤07-28[02]	yes
07-윤07-28[03]	yes
07-윤07-28[04]	no
07-윤07-28[05]	yes
07-윤07-29[01]	no
07-윤07-29[02]	no
07-08-01[01]	yes
07-08-01[02]	no
07-08-01[03]	no
07-08-01[04]	no
07-08-02[01]	no
07-08-03[01]	no
07-08-04[01]	no
07-08-05[01]	no
07-08-05[02]	yes
07-08-06[01]	no
07-08-07[01]	no
07-08-07[02]	no
07-08-08[01]	yes
07-08-08[02]	yes
07-08-09[01]	no
07-08-10[01]	no
07-08-12[01]	no
07-08-12[02]	no
07-08-14[01]	yes
07-08-15[01]	yes
07-08-16[01]	yes
07-08-17[01]	no
07-08-17[02]	no
07-08-17[03]	no
07-08-17[04]	no
07-08-18[01]	no
07-08-18[02]	no
07-08-19[01]	yes
07-08-19[02]	no
07-08-20[01]	yes
07-08-20[02]	no
07-08-20[03]	no
07-08-21[01]	yes
07-08-21[02]	no
07-08-21[03]	no
07-08-22[01]	no
07-08-22[02]	no
07-08-23[01]	yes
07-08-23[02]	yes
07-08-23[03]	yes
07-08-24[01]	yes
07-08-24[02]	yes
07-08-25[01]	no
07-08-25[02]	yes
07-08-25[03]	no
07-08-26[01]	yes
07-08-26[02]	yes
07-08-26[03]	yes
07-08-27[01]	no
07-08-27[02]	yes
07-08-28[01]	no
07-08-28[02]	no
07-08-29[01]	yes
07-08-30[01]	no
07-08-30[02]	yes
07-08-30[03]	no
07-08-30[04]	no
07-08-30[05]	no
07-09-01[01]	no
07-09-01[02]	no
07-09-01[03]	no
07-09-02[01]	no
07-09-02[02]	no
07-09-02[03]	no
07-09-02[04]	no
07-09-03[01]	yes
07-09-03[02]	no
07-09-04[01]	no
07-09-04[02]	no
07-09-04[03]	no
07-09-05[01]	no
07-09-05[02]	no
07-09-05[03]	no
07-09-05[04]	yes
07-09-06[01]	no
07-09-06[02]	no
07-09-06[03]	no
07-09-07[01]	no
07-09-07[02]	no
07-09-08[01]	yes
07-09-09[01]	no
07-09-09[02]	no
07-09-10[01]	no
07-09-10[02]	no
07-09-10[03]	no
07-09-11[01]	yes
07-09-11[02]	yes
07-09-11[03]	no
07-09-11[04]	no
07-09-11[05]	no
07-09-12[01]	no
07-09-12[02]	no
07-09-13[01]	no
07-09-13[02]	yes
07-09-13[03]	no
07-09-14[01]	yes
07-09-16[01]	no
07-09-17[01]	yes
07-09-17[02]	yes
07-09-17[03]	no
07-09-18[01]	yes
07-09-19[01]	yes
07-09-21[01]	no
07-09-21[02]	no
07-09-21[03]	no
07-09-22[01]	yes
07-09-24[01]	no
07-09-25[01]	no
07-09-25[02]	no
07-09-25[03]	no
07-09-25[04]	yes
07-09-25[05]	no
07-09-27[01]	yes
07-09-28[01]	yes
07-09-28[02]	yes
07-09-29[01]	yes
07-09-29[02]	no
07-10-01[01]	no
07-10-01[02]	no
07-10-02[01]	yes
07-10-03[01]	yes
07-10-04[01]	yes
07-10-05[01]	no
07-10-06[01]	no
07-10-06[02]	no
07-10-07[01]	no
07-10-08[01]	no
07-10-08[02]	no
07-10-08[03]	no
07-10-08[04]	no
07-10-08[05]	no
07-10-08[06]	yes
07-10-09[01]	no
07-10-09[02]	yes
07-10-09[03]	no
07-10-09[04]	no
07-10-09[05]	no
07-10-09[06]	no
07-10-09[07]	no
07-10-09[08]	yes
07-10-10[01]	no
07-10-10[02]	no
07-10-11[01]	no
07-10-12[01]	no
07-10-12[02]	yes
07-10-12[03]	no
07-10-13[01]	no
07-10-13[02]	no
07-10-13[03]	no
07-10-13[04]	no
07-10-13[05]	no
07-10-13[06]	no
07-10-14[01]	no
07-10-14[02]	no
07-10-14[03]	no
07-10-14[04]	yes
07-10-14[05]	no
07-10-14[06]	no
07-10-15[01]	no
07-10-15[02]	yes
07-10-15[03]	no
07-10-15[04]	no
07-10-15[05]	yes
07-10-15[06]	no
07-10-16[01]	no
07-10-16[02]	no
07-10-16[03]	no
07-10-16[04]	no
07-10-16[05]	no
07-10-16[06]	no
07-10-16[07]	no
07-10-16[08]	yes
07-10-16[09]	no
07-10-16[10]	yes
07-10-17[01]	no
07-10-17[02]	no
07-10-17[03]	no
07-10-18[01]	no
07-10-18[02]	no
07-10-18[03]	no
07-10-19[01]	no
07-10-20[01]	no
07-10-20[02]	no
07-10-20[03]	yes
07-10-21[01]	no
07-10-21[02]	no
07-10-21[03]	yes
07-10-21[04]	yes
07-10-22[01]	no
07-10-22[02]	no
07-10-22[03]	yes
07-10-23[01]	no
07-10-23[02]	no
07-10-23[03]	no
07-10-23[04]	yes
07-10-23[05]	no
07-10-24[01]	no
07-10-24[02]	no
07-10-25[01]	no
07-10-25[02]	yes
07-10-25[03]	no
07-10-25[04]	no
07-10-26[01]	no
07-10-26[02]	no
07-10-26[03]	yes
07-10-26[04]	no
07-10-26[05]	no
07-10-26[06]	no
07-10-27[01]	no
07-10-27[02]	yes
07-10-28[01]	no
07-10-29[01]	no
07-10-29[02]	no
07-10-30[01]	no
07-10-30[02]	no
07-10-30[03]	no
07-10-30[04]	no
07-11-01[01]	yes
07-11-01[02]	no
07-11-02[01]	no
07-11-02[02]	no
07-11-02[03]	yes
07-11-02[04]	no
07-11-02[05]	no
07-11-02[06]	no
07-11-02[07]	yes
07-11-03[01]	no
07-11-03[02]	no
07-11-03[03]	yes
07-11-03[04]	no
07-11-03[05]	no
07-11-04[01]	no
07-11-04[02]	no
07-11-04[03]	no
07-11-05[01]	no
07-11-05[02]	no
07-11-06[01]	no
07-11-06[02]	no
07-11-07[01]	yes
07-11-07[02]	no
07-11-08[01]	no
07-11-08[02]	no
07-11-08[03]	no
07-11-08[04]	no
07-11-08[05]	no
07-11-08[06]	no
07-11-08[07]	no
07-11-08[08]	yes
07-11-08[09]	no
07-11-09[01]	no
07-11-09[02]	no
07-11-09[03]	no
07-11-10[01]	no
07-11-10[02]	no
07-11-10[03]	no
07-11-11[01]	yes
07-11-11[02]	no
07-11-11[03]	yes
07-11-12[01]	no
07-11-12[02]	no
07-11-13[01]	no
07-11-14[01]	yes
07-11-14[02]	yes
07-11-14[03]	no
07-11-14[04]	no
07-11-14[05]	no
07-11-14[06]	no
07-11-14[07]	no
07-11-14[08]	no
07-11-14[09]	no
07-11-14[10]	no
07-11-15[01]	no
07-11-15[02]	no
07-11-16[01]	no
07-11-16[02]	no
07-11-16[03]	no
07-11-16[04]	no
07-11-17[01]	no
07-11-17[02]	no
07-11-17[03]	no
07-11-17[04]	no
07-11-18[01]	no
07-11-18[02]	yes
07-11-18[03]	no
07-11-18[04]	no
07-11-19[01]	no
07-11-20[01]	yes
07-11-20[02]	no
07-11-20[03]	yes
07-11-20[04]	yes
07-11-20[05]	no
07-11-21[01]	no
07-11-21[02]	no
07-11-22[01]	no
07-11-22[02]	yes
07-11-22[03]	no
07-11-22[04]	yes
07-11-22[05]	no
07-11-22[06]	no
07-11-22[07]	no
07-11-23[01]	no
07-11-23[02]	no
07-11-23[03]	yes
07-11-24[01]	no
07-11-24[02]	yes
07-11-24[03]	no
07-11-24[04]	no
07-11-25[01]	no
07-11-25[02]	yes
07-11-25[03]	no
07-11-25[04]	no
07-11-26[01]	no
07-11-26[02]	no
07-11-26[03]	no
07-11-26[04]	no
07-11-27[01]	no
07-11-28[01]	no
07-11-29[01]	no
07-11-29[02]	no
07-11-29[03]	no
07-11-29[04]	no
07-11-29[05]	yes
07-11-29[06]	no
07-11-29[07]	yes
07-11-29[08]	yes
07-11-29[09]	yes
07-11-30[01]	no
07-11-30[02]	no
07-12-01[01]	no
07-12-01[02]	no
07-12-02[01]	no
07-12-02[02]	no
07-12-02[03]	yes
07-12-02[04]	no
07-12-03[01]	no
07-12-04[01]	no
07-12-04[02]	no
07-12-04[03]	yes
07-12-04[04]	no
07-12-04[05]	no
07-12-05[01]	no
07-12-05[02]	yes
07-12-05[03]	yes
07-12-05[04]	yes
07-12-05[05]	no
07-12-06[01]	no
07-12-07[01]	no
07-12-07[02]	yes
07-12-07[03]	no
07-12-07[04]	no
07-12-07[05]	no
07-12-07[06]	no
07-12-07[07]	no
07-12-08[01]	yes
07-12-08[02]	no
07-12-08[03]	yes
07-12-08[04]	no
07-12-09[01]	no
07-12-09[02]	no
07-12-09[03]	no
07-12-10[01]	no
07-12-10[02]	no
07-12-10[03]	yes
07-12-10[04]	yes
07-12-10[05]	no
07-12-10[06]	no
07-12-10[07]	no
07-12-10[08]	no
07-12-11[01]	no
07-12-11[02]	yes
07-12-11[03]	yes
07-12-11[04]	yes
07-12-11[05]	no
07-12-12[01]	yes
07-12-12[02]	no
07-12-12[03]	yes
07-12-13[01]	no
07-12-13[02]	yes
07-12-14[01]	no
07-12-14[02]	no
07-12-14[03]	no
07-12-14[04]	no
07-12-15[01]	no
07-12-15[02]	no
07-12-16[01]	yes
07-12-16[02]	yes
07-12-16[03]	no
07-12-16[04]	no
07-12-16[05]	no
07-12-16[06]	no
07-12-17[01]	no
07-12-18[01]	no
07-12-18[02]	no
07-12-19[01]	no
07-12-19[02]	no
07-12-19[03]	no
07-12-19[04]	no
07-12-19[05]	no
07-12-19[06]	no
07-12-19[07]	yes
07-12-19[08]	no
07-12-20[01]	no
07-12-20[02]	no
07-12-22[01]	no
07-12-22[02]	no
07-12-22[03]	no
07-12-22[04]	yes
07-12-22[05]	yes
07-12-22[06]	yes
07-12-22[07]	no
07-12-23[01]	no
07-12-23[02]	no
07-12-23[03]	no
07-12-23[04]	no
07-12-24[01]	no
07-12-24[02]	no
07-12-24[03]	no
07-12-25[01]	no
07-12-25[02]	no
07-12-25[03]	no
07-12-26[01]	no
07-12-26[02]	no
07-12-26[03]	no
07-12-26[04]	no
07-12-26[05]	no
07-12-27[01]	no
07-12-27[02]	no
07-12-27[03]	no
07-12-27[04]	no
07-12-28[01]	no
07-12-28[02]	yes
07-12-28[03]	yes
07-12-29[01]	no
07-12-29[02]	yes
07-12-29[03]	no
07-12-29[04]	no
07-12-30[01]	no
08-01-01[01]	no
08-01-01[02]	no
08-01-01[03]	no
08-01-01[04]	yes
08-01-01[05]	no
08-01-02[01]	no
08-01-02[02]	no
08-01-03[01]	yes
08-01-04[01]	no
08-01-04[02]	no
08-01-04[03]	no
08-01-04[04]	no
08-01-04[05]	no
08-01-04[06]	no
08-01-04[07]	no
08-01-04[08]	no
08-01-05[01]	no
08-01-05[02]	no
08-01-06[01]	no
08-01-06[02]	no
08-01-07[01]	no
08-01-07[02]	no
08-01-07[03]	no
08-01-07[04]	no
08-01-09[01]	no
08-01-10[01]	no
08-01-10[02]	no
08-01-10[03]	yes
08-01-11[01]	no
08-01-11[02]	no
08-01-11[03]	no
08-01-11[04]	no
08-01-11[05]	no
08-01-12[01]	no
08-01-12[02]	no
08-01-12[03]	no
08-01-12[04]	no
08-01-13[01]	no
08-01-13[02]	no
08-01-13[03]	no
08-01-13[04]	no
08-01-14[01]	no
08-01-14[02]	no
08-01-14[03]	no
08-01-14[04]	no
08-01-15[01]	no
08-01-15[02]	no
08-01-16[01]	yes
08-01-17[01]	no
08-01-17[02]	no
08-01-17[03]	no
08-01-17[04]	no
08-01-17[05]	no
08-01-18[01]	yes
08-01-18[02]	no
08-01-18[03]	yes
08-01-18[04]	no
08-01-19[01]	no
08-01-19[02]	no
08-01-19[03]	no
08-01-19[04]	no
08-01-20[01]	no
08-01-21[01]	no
08-01-21[02]	no
08-01-21[03]	no
08-01-21[04]	no
08-01-21[05]	no
08-01-21[06]	no
08-01-21[07]	no
08-01-21[08]	no
08-01-21[09]	no
08-01-21[10]	no
08-01-21[11]	no
08-01-21[12]	no
08-01-22[01]	no
08-01-22[02]	no
08-01-23[01]	no
08-01-23[02]	no
08-01-24[01]	no
08-01-24[02]	no
08-01-24[03]	no
08-01-24[04]	no
08-01-24[05]	yes
08-01-24[06]	no
08-01-24[07]	no
08-01-24[08]	no
08-01-25[01]	no
08-01-25[02]	no
08-01-25[03]	yes
08-01-25[04]	no
08-01-26[01]	no
08-01-26[02]	yes
08-01-26[03]	no
08-01-26[04]	no
08-01-26[05]	no
08-01-26[06]	no
08-01-27[01]	no
08-01-27[02]	no
08-01-27[03]	no
08-01-27[04]	yes
08-01-27[05]	no
08-01-28[01]	no
08-01-28[02]	no
08-01-28[03]	no
08-01-28[04]	no
08-01-28[05]	no
08-01-28[06]	no
08-01-29[01]	no
08-01-29[02]	no
08-01-29[03]	no
08-02-01[01]	no
08-02-01[02]	no
08-02-01[03]	no
08-02-01[04]	no
08-02-02[01]	no
08-02-02[02]	no
08-02-02[03]	yes
08-02-02[04]	no
08-02-02[05]	no
08-02-02[06]	no
08-02-02[07]	no
08-02-03[01]	no
08-02-03[02]	no
08-02-03[03]	no
08-02-03[04]	no
08-02-03[05]	no
08-02-03[06]	no
08-02-03[07]	no
08-02-04[01]	no
08-02-04[02]	no
08-02-04[03]	no
08-02-05[01]	no
08-02-06[01]	no
08-02-06[02]	no
08-02-06[03]	no
08-02-07[01]	no
08-02-07[02]	no
08-02-08[01]	no
08-02-08[02]	no
08-02-08[03]	no
08-02-08[04]	yes
08-02-09[01]	no
08-02-09[02]	no
08-02-09[03]	no
08-02-09[04]	no
08-02-09[05]	no
08-02-09[06]	yes
08-02-09[07]	no
08-02-10[01]	no
08-02-10[02]	no
08-02-10[03]	no
08-02-11[01]	no
08-02-11[02]	no
08-02-11[03]	no
08-02-12[01]	yes
08-02-12[02]	no
08-02-12[03]	no
08-02-12[04]	no
08-02-12[05]	no
08-02-13[01]	yes
08-02-14[01]	no
08-02-14[02]	yes
08-02-15[01]	no
08-02-15[02]	no
08-02-15[03]	yes
08-02-15[04]	yes
08-02-16[01]	yes
08-02-16[02]	yes
08-02-16[03]	no
08-02-16[04]	yes
08-02-17[01]	no
08-02-17[02]	no
08-02-18[01]	no
08-02-18[02]	no
08-02-19[01]	no
08-02-19[02]	no
08-02-19[03]	no
08-02-19[04]	yes
08-02-20[01]	no
08-02-20[02]	no
08-02-20[03]	no
08-02-20[04]	no
08-02-20[05]	no
08-02-20[06]	no
08-02-21[01]	no
08-02-21[02]	yes
08-02-21[03]	no
08-02-21[04]	no
08-02-21[05]	no
08-02-21[06]	no
08-02-22[01]	no
08-02-22[02]	no
08-02-22[03]	no
08-02-22[04]	no
08-02-22[05]	no
08-02-23[01]	no
08-02-23[02]	no
08-02-23[03]	no
08-02-25[01]	no
08-02-25[02]	no
08-02-25[03]	no
08-02-26[01]	no
08-02-26[02]	no
08-02-26[03]	no
08-02-26[04]	yes
08-02-26[05]	yes
08-02-26[06]	no
08-02-27[01]	no
08-02-27[02]	no
08-02-27[03]	no
08-02-27[04]	yes
08-02-28[01]	no
08-02-28[02]	no
08-02-28[03]	no
08-02-28[04]	no
08-02-28[05]	no
08-02-28[06]	yes
08-02-28[07]	yes
08-02-29[01]	no
08-02-29[02]	yes
08-02-29[03]	no
08-02-29[04]	no
08-02-30[01]	no
08-02-30[02]	no
08-02-30[03]	no
08-03-01[01]	no
08-03-01[02]	no
08-03-02[01]	no
08-03-02[02]	no
08-03-03[01]	no
08-03-03[02]	no
08-03-03[03]	no
08-03-04[01]	no
08-03-04[02]	no
08-03-04[03]	no
08-03-04[04]	no
08-03-04[05]	yes
08-03-05[01]	no
08-03-05[02]	yes
08-03-05[03]	no
08-03-05[04]	no
08-03-06[01]	no
08-03-06[02]	no
08-03-06[03]	no
08-03-06[04]	no
08-03-07[01]	yes
08-03-07[02]	no
08-03-07[03]	no
08-03-07[04]	no
08-03-07[05]	yes
08-03-07[06]	no
08-03-07[07]	no
08-03-07[08]	no
08-03-08[01]	no
08-03-08[02]	no
08-03-08[03]	no
08-03-09[01]	no
08-03-09[02]	no
08-03-10[01]	no
08-03-10[02]	no
08-03-10[03]	no
08-03-10[04]	no
08-03-11[01]	no
08-03-12[01]	yes
08-03-12[02]	yes
08-03-12[03]	no
08-03-13[01]	no
08-03-13[02]	no
08-03-13[03]	no
08-03-14[01]	no
08-03-14[02]	no
08-03-14[03]	no
08-03-14[04]	no
08-03-14[05]	no
08-03-15[01]	no
08-03-15[02]	yes
08-03-15[03]	no
08-03-15[04]	yes
08-03-15[05]	yes
08-03-15[06]	yes
08-03-15[07]	no
08-03-16[01]	no
08-03-16[02]	no
08-03-16[03]	yes
08-03-17[01]	no
08-03-17[02]	yes
08-03-17[03]	no
08-03-17[04]	no
08-03-17[05]	no
08-03-18[01]	no
08-03-18[02]	no
08-03-18[03]	no
08-03-19[01]	no
08-03-19[02]	no
08-03-19[03]	no
08-03-20[01]	no
08-03-20[02]	no
08-03-20[03]	yes
08-03-20[04]	no
08-03-20[05]	no
08-03-21[01]	no
08-03-21[02]	no
08-03-22[01]	no
08-03-22[02]	no
08-03-22[03]	no
08-03-22[04]	yes
08-03-22[05]	no
08-03-23[01]	no
08-03-23[02]	no
08-03-23[03]	no
08-03-23[04]	no
08-03-24[01]	no
08-03-25[01]	no
08-03-25[02]	no
08-03-25[03]	no
08-03-25[04]	no
08-03-25[05]	no
08-03-25[06]	no
08-03-26[01]	no
08-03-26[02]	no
08-03-26[03]	no
08-03-26[04]	no
08-03-26[05]	no
08-03-26[06]	no
08-03-27[01]	no
08-03-27[02]	no
08-03-27[03]	no
08-03-27[04]	no
08-03-28[01]	yes
08-03-28[02]	no
08-03-29[01]	no
08-03-29[02]	no
08-03-29[03]	yes
08-04-01[01]	no
08-04-02[01]	no
08-04-02[02]	no
08-04-02[03]	no
08-04-04[01]	no
08-04-04[02]	no
08-04-04[03]	no
08-04-04[04]	no
08-04-05[01]	no
08-04-05[02]	no
08-04-05[03]	no
08-04-05[04]	no
08-04-05[05]	no
08-04-05[06]	yes
08-04-05[07]	no
08-04-05[08]	no
08-04-06[01]	yes
08-04-06[02]	no
08-04-06[03]	no
08-04-07[01]	no
08-04-07[02]	no
08-04-07[03]	no
08-04-07[04]	no
08-04-07[05]	no
08-04-07[06]	no
08-04-08[01]	yes
08-04-08[02]	no
08-04-08[03]	no
08-04-09[01]	no
08-04-09[02]	no
08-04-09[03]	no
08-04-09[04]	no
08-04-09[05]	yes
08-04-09[06]	no
08-04-09[07]	no
08-04-09[08]	no
08-04-10[01]	no
08-04-10[02]	no
08-04-10[03]	no
08-04-11[01]	no
08-04-11[02]	yes
08-04-12[01]	no
08-04-12[02]	yes
08-04-12[03]	no
08-04-12[04]	no
08-04-12[05]	no
08-04-13[01]	no
08-04-13[02]	yes
08-04-13[03]	yes
08-04-13[04]	no
08-04-13[05]	no
08-04-13[06]	no
08-04-13[07]	no
08-04-13[08]	yes
08-04-13[09]	no
08-04-13[10]	no
08-04-14[01]	no
08-04-14[02]	no
08-04-14[03]	no
08-04-14[04]	no
08-04-15[01]	no
08-04-15[02]	no
08-04-15[03]	no
08-04-15[04]	no
08-04-15[05]	no
08-04-15[06]	no
08-04-15[07]	yes
08-04-15[08]	no
08-04-16[01]	no
08-04-16[02]	yes
08-04-16[03]	no
08-04-17[01]	no
08-04-17[02]	yes
08-04-17[03]	no
08-04-17[04]	yes
08-04-18[01]	no
08-04-18[02]	no
08-04-18[03]	yes
08-04-19[01]	no
08-04-19[02]	no
08-04-19[03]	no
08-04-19[04]	yes
08-04-19[05]	no
08-04-19[06]	no
08-04-20[01]	no
08-04-20[02]	no
08-04-21[01]	no
08-04-21[02]	no
08-04-21[03]	no
08-04-21[04]	no
08-04-21[05]	yes
08-04-21[06]	yes
08-04-21[07]	no
08-04-21[08]	no
08-04-22[01]	no
08-04-22[02]	no
08-04-22[03]	yes
08-04-22[04]	no
08-04-22[05]	no
08-04-22[06]	no
08-04-22[07]	no
08-04-22[08]	yes
08-04-23[01]	no
08-04-23[02]	no
08-04-23[03]	no
08-04-23[04]	no
08-04-23[05]	yes
08-04-24[01]	no
08-04-24[02]	yes
08-04-25[01]	yes
08-04-25[02]	yes
08-04-26[01]	no
08-04-26[02]	no
08-04-26[03]	yes
08-04-26[04]	no
08-04-26[05]	yes
08-04-26[06]	no
08-04-26[07]	no
08-04-26[08]	no
08-04-27[01]	no
08-04-27[02]	no
08-04-28[01]	yes
08-04-28[02]	yes
08-04-28[03]	yes
08-04-28[04]	no
08-04-29[01]	no
08-04-29[02]	yes
08-04-29[03]	no
08-04-30[01]	no
08-04-30[02]	no
08-04-30[03]	no
08-05-01[01]	no
08-05-01[02]	yes
08-05-02[01]	no
08-05-02[02]	no
08-05-03[01]	no
08-05-04[01]	no
08-05-04[02]	no
08-05-04[03]	no
08-05-04[04]	no
08-05-04[05]	no
08-05-04[06]	yes
08-05-04[07]	yes
08-05-04[08]	no
08-05-04[09]	yes
08-05-04[10]	no
08-05-05[01]	no
08-05-05[02]	no
08-05-05[03]	no
08-05-06[01]	no
08-05-06[02]	yes
08-05-06[03]	yes
08-05-06[04]	yes
08-05-08[01]	yes
08-05-09[01]	no
08-05-09[02]	yes
08-05-10[01]	no
08-05-11[01]	no
08-05-11[02]	no
08-05-11[03]	yes
08-05-11[04]	yes
08-05-12[01]	no
08-05-13[01]	no
08-05-13[02]	yes
08-05-13[03]	yes
08-05-13[04]	no
08-05-13[05]	yes
08-05-14[01]	no
08-05-14[02]	yes
08-05-14[03]	yes
08-05-15[01]	yes
08-05-15[02]	no
08-05-15[03]	yes
08-05-15[04]	yes
08-05-15[05]	no
08-05-15[06]	no
08-05-15[07]	no
08-05-16[01]	yes
08-05-17[01]	no
08-05-17[02]	yes
08-05-17[03]	no
08-05-18[01]	no
08-05-19[01]	no
08-05-19[02]	yes
08-05-19[03]	yes
08-05-19[04]	yes
08-05-19[05]	no
08-05-19[06]	no
08-05-19[07]	yes
08-05-19[08]	yes
08-05-19[09]	yes
08-05-19[10]	no
08-05-20[01]	yes
08-05-20[02]	yes
08-05-21[01]	no
08-05-21[02]	yes
08-05-21[03]	yes
08-05-21[04]	yes
08-05-22[01]	no
08-05-23[01]	yes
08-05-23[02]	yes
08-05-24[01]	no
08-05-24[02]	no
08-05-25[01]	no
08-05-25[02]	no
08-05-25[03]	no
08-05-25[04]	yes
08-05-25[05]	yes
08-05-25[06]	no
08-05-25[07]	no
08-05-26[01]	no
08-05-26[02]	no
08-05-26[03]	no
08-05-27[01]	no
08-05-27[02]	no
08-05-27[03]	yes
08-05-27[04]	yes
08-05-28[01]	no
08-05-28[02]	no
08-05-28[03]	yes
08-05-28[04]	no
08-05-28[05]	yes
08-05-28[06]	no
08-05-28[07]	no
08-05-29[01]	yes
08-05-29[02]	yes
08-05-29[03]	yes
08-06-01[01]	no
08-06-01[02]	no
08-06-01[03]	no
08-06-01[04]	yes
08-06-01[05]	yes
08-06-01[06]	yes
08-06-02[01]	yes
08-06-02[02]	no
08-06-02[03]	no
08-06-02[04]	yes
08-06-02[05]	yes
08-06-03[01]	no
08-06-04[01]	yes
08-06-04[02]	yes
08-06-04[03]	no
08-06-04[04]	no
08-06-05[01]	no
08-06-05[02]	no
08-06-06[01]	no
08-06-06[02]	yes
08-06-06[03]	yes
08-06-06[04]	no
08-06-06[05]	yes
08-06-07[01]	no
08-06-08[01]	no
08-06-08[02]	yes
08-06-08[03]	yes
08-06-09[01]	no
08-06-09[02]	yes
08-06-09[03]	yes
08-06-09[04]	yes
08-06-09[05]	yes
08-06-11[01]	no
08-06-11[02]	yes
08-06-11[03]	yes
08-06-11[04]	no
08-06-11[05]	no
08-06-11[06]	no
08-06-11[07]	no
08-06-12[01]	no
08-06-12[02]	yes
08-06-13[01]	no
08-06-13[02]	no
08-06-14[01]	no
08-06-14[02]	no
08-06-14[03]	no
08-06-14[04]	yes
08-06-14[05]	no
08-06-15[01]	no
08-06-15[02]	no
08-06-15[03]	yes
08-06-16[01]	no
08-06-16[02]	yes
08-06-16[03]	no
08-06-16[04]	yes
08-06-16[05]	yes
08-06-16[06]	no
08-06-16[07]	yes
08-06-17[01]	no
08-06-17[02]	no
08-06-17[03]	yes
08-06-17[04]	no
08-06-18[01]	no
08-06-18[02]	no
08-06-18[03]	no
08-06-19[01]	no
08-06-19[02]	yes
08-06-19[03]	yes
08-06-20[01]	no
08-06-21[01]	yes
08-06-22[01]	no
08-06-22[02]	yes
08-06-23[01]	yes
08-06-23[02]	no
08-06-23[03]	no
08-06-24[01]	yes
08-06-24[02]	yes
08-06-25[01]	no
08-06-26[01]	yes
08-06-26[02]	no
08-06-26[03]	no
08-06-26[04]	no
08-06-26[05]	yes
08-06-27[01]	no
08-06-27[02]	no
08-06-27[03]	yes
08-06-27[04]	no
08-06-28[01]	no
08-06-28[02]	no
08-06-28[03]	yes
08-06-29[01]	no
08-06-29[02]	no
08-06-29[03]	no
08-06-29[04]	no
08-06-29[05]	yes
08-07-01[01]	no
08-07-01[02]	no
08-07-01[03]	yes
08-07-01[04]	no
08-07-01[05]	no
08-07-01[06]	yes
08-07-02[01]	no
08-07-02[02]	no
08-07-02[03]	yes
08-07-02[04]	yes
08-07-03[01]	no
08-07-03[02]	no
08-07-03[03]	no
08-07-03[04]	no
08-07-03[05]	no
08-07-04[01]	yes
08-07-04[02]	no
08-07-05[01]	no
08-07-06[01]	no
08-07-07[01]	no
08-07-07[02]	yes
08-07-07[03]	no
08-07-08[01]	no
08-07-08[02]	no
08-07-08[03]	yes
08-07-08[04]	yes
08-07-08[05]	yes
08-07-08[06]	no
08-07-08[07]	yes
08-07-08[08]	yes
08-07-08[09]	yes
08-07-09[01]	no
08-07-09[02]	no
08-07-11[01]	yes
08-07-12[01]	no
08-07-12[02]	yes
08-07-13[01]	no
08-07-14[01]	no
08-07-15[01]	no
08-07-15[02]	yes
08-07-15[03]	yes
08-07-15[04]	yes
08-07-16[01]	no
08-07-17[01]	yes
08-07-17[02]	yes
08-07-17[03]	no
08-07-17[04]	no
08-07-17[05]	no
08-07-18[01]	yes
08-07-18[02]	yes
08-07-18[03]	no
08-07-18[04]	yes
08-07-19[01]	yes
08-07-19[02]	yes
08-07-19[03]	no
08-07-20[01]	no
08-07-20[02]	yes
08-07-21[01]	no
08-07-22[01]	no
08-07-23[01]	no
08-07-24[01]	yes
08-07-25[01]	yes
08-07-25[02]	no
08-07-25[03]	yes
08-07-26[01]	yes
08-07-26[02]	yes
08-07-27[01]	yes
08-07-28[01]	yes
08-07-29[01]	no
08-07-29[02]	no
08-07-30[01]	no
08-08-01[01]	no
08-08-01[02]	yes
08-08-02[01]	no
08-08-02[02]	no
08-08-02[03]	yes
08-08-03[01]	no
08-08-03[02]	no
08-08-03[03]	yes
08-08-04[01]	no
08-08-04[02]	no
08-08-05[01]	yes
08-08-06[01]	no
08-08-07[01]	yes
08-08-08[01]	yes
08-08-08[02]	yes
08-08-08[03]	no
08-08-09[01]	no
08-08-09[02]	no
08-08-10[01]	no
08-08-10[02]	yes
08-08-11[01]	no
08-08-11[02]	no
08-08-13[01]	no
08-08-14[01]	no
08-08-15[01]	yes
08-08-15[02]	yes
08-08-15[03]	yes
08-08-15[04]	no
08-08-16[01]	no
08-08-16[02]	yes
08-08-16[03]	no
08-08-16[04]	yes
08-08-16[05]	yes
08-08-16[06]	yes
08-08-16[07]	no
08-08-16[08]	no
08-08-16[09]	yes
08-08-17[01]	no
08-08-17[02]	yes
08-08-17[03]	no
08-08-17[04]	yes
08-08-17[05]	no
08-08-17[06]	yes
08-08-17[07]	yes
08-08-18[01]	yes
08-08-19[01]	no
08-08-19[02]	yes
08-08-20[01]	no
08-08-20[02]	no
08-08-21[01]	no
08-08-21[02]	no
08-08-22[01]	no
08-08-22[02]	yes
08-08-22[03]	no
08-08-23[01]	no
08-08-23[02]	no
08-08-23[03]	no
08-08-23[04]	no
08-08-23[05]	no
08-08-23[06]	yes
08-08-23[07]	no
08-08-24[01]	no
08-08-24[02]	yes
08-08-25[01]	no
08-08-25[02]	yes
08-08-25[03]	yes
08-08-26[01]	no
08-08-26[02]	yes
08-08-26[03]	yes
08-08-26[04]	yes
08-08-27[01]	no
08-08-27[02]	yes
08-08-27[03]	yes
08-08-28[01]	no
08-08-28[02]	yes
08-08-29[01]	no
08-08-29[02]	no
08-08-29[03]	no
08-09-01[01]	no
08-09-01[02]	no
08-09-02[01]	yes
08-09-03[01]	yes
08-09-03[02]	yes
08-09-04[01]	no
08-09-04[02]	yes
08-09-04[03]	yes
08-09-04[04]	yes
08-09-05[01]	yes
08-09-05[02]	yes
08-09-05[03]	no
08-09-06[01]	no
08-09-06[02]	yes
08-09-06[03]	yes
08-09-07[01]	no
08-09-07[02]	yes
08-09-07[03]	yes
08-09-07[04]	no
08-09-07[05]	no
08-09-08[01]	no
08-09-08[02]	yes
08-09-08[03]	no
08-09-09[01]	yes
08-09-09[02]	no
08-09-09[03]	yes
08-09-11[01]	no
08-09-11[02]	yes
08-09-11[03]	yes
08-09-11[04]	no
08-09-11[05]	no
08-09-11[06]	no
08-09-12[01]	no
08-09-12[02]	yes
08-09-12[03]	no
08-09-12[04]	yes
08-09-13[01]	no
08-09-13[02]	no
08-09-14[01]	no
08-09-14[02]	no
08-09-14[03]	no
08-09-15[01]	no
08-09-15[02]	yes
08-09-16[01]	no
08-09-16[02]	yes
08-09-16[03]	no
08-09-16[04]	no
08-09-16[05]	yes
08-09-16[06]	no
08-09-17[01]	no
08-09-18[01]	no
08-09-18[02]	no
08-09-19[01]	no
08-09-19[02]	yes
08-09-21[01]	no
08-09-21[02]	yes
08-09-21[03]	no
08-09-22[01]	no
08-09-22[02]	no
08-09-22[03]	no
08-09-22[04]	no
08-09-22[05]	yes
08-09-23[01]	no
08-09-24[01]	yes
08-09-25[01]	no
08-09-27[01]	no
08-09-27[02]	no
08-09-27[03]	no
08-09-27[04]	yes
08-09-28[01]	no
08-09-28[02]	yes
08-09-29[01]	yes
08-09-29[02]	no
08-09-29[03]	no
08-09-29[04]	no
08-09-29[05]	no
08-09-30[01]	no
08-09-30[02]	no
08-10-01[01]	no
08-10-01[02]	yes
08-10-01[03]	no
08-10-01[04]	no
08-10-02[01]	no
08-10-02[02]	no
08-10-02[03]	no
08-10-03[01]	no
08-10-03[02]	yes
08-10-03[03]	yes
08-10-04[01]	yes
08-10-04[02]	no
08-10-05[01]	no
08-10-06[01]	no
08-10-06[02]	no
08-10-06[03]	yes
08-10-07[01]	no
08-10-07[02]	no
08-10-08[01]	no
08-10-08[02]	no
08-10-08[03]	yes
08-10-09[01]	no
08-10-09[02]	no
08-10-10[01]	no
08-10-11[01]	no
08-10-11[02]	yes
08-10-11[03]	no
08-10-12[01]	no
08-10-13[01]	yes
08-10-13[02]	yes
08-10-14[01]	no
08-10-14[02]	no
08-10-14[03]	yes
08-10-16[01]	no
08-10-16[02]	yes
08-10-17[01]	yes
08-10-17[02]	no
08-10-18[01]	no
08-10-20[01]	no
08-10-20[02]	yes
08-10-21[01]	yes
08-10-21[02]	yes
08-10-22[01]	no
08-10-22[02]	no
08-10-22[03]	no
08-10-23[01]	no
08-10-24[01]	no
08-10-24[02]	no
08-10-25[01]	no
08-10-25[02]	yes
08-10-26[01]	no
08-10-26[02]	yes
08-10-26[03]	yes
08-10-27[01]	no
08-10-27[02]	yes
08-10-27[03]	yes
08-10-27[04]	yes
08-10-28[01]	no
08-10-28[02]	no
08-10-29[01]	no
08-10-29[02]	no
08-10-29[03]	no
08-10-29[04]	yes
08-10-29[05]	no
08-10-29[06]	no
08-10-29[07]	yes
08-11-01[01]	no
08-11-01[02]	no
08-11-01[03]	yes
08-11-01[04]	yes
08-11-01[05]	yes
08-11-02[01]	yes
08-11-02[02]	no
08-11-03[01]	yes
08-11-03[02]	no
08-11-03[03]	no
08-11-03[04]	no
08-11-04[01]	no
08-11-05[01]	no
08-11-05[02]	yes
08-11-05[03]	yes
08-11-05[04]	no
08-11-05[05]	yes
08-11-05[06]	no
08-11-05[07]	yes
08-11-06[01]	no
08-11-06[02]	yes
08-11-07[01]	yes
08-11-07[02]	no
08-11-07[03]	no
08-11-07[04]	no
08-11-08[01]	no
08-11-09[01]	yes
08-11-09[02]	no
08-11-09[03]	no
08-11-09[04]	no
08-11-10[01]	no
08-11-10[02]	yes
08-11-11[01]	no
08-11-11[02]	no
08-11-12[01]	no
08-11-12[02]	yes
08-11-12[03]	yes
08-11-12[04]	no
08-11-12[05]	no
08-11-12[06]	yes
08-11-12[07]	no
08-11-12[08]	no
08-11-13[01]	no
08-11-14[01]	no
08-11-14[02]	yes
08-11-15[01]	yes
08-11-15[02]	yes
08-11-15[03]	no
08-11-15[04]	no
08-11-16[01]	no
08-11-16[02]	no
08-11-17[01]	no
08-11-17[02]	yes
08-11-17[03]	yes
08-11-17[04]	no
08-11-17[05]	no
08-11-18[01]	no
08-11-18[02]	yes
08-11-19[01]	no
08-11-19[02]	yes
08-11-19[03]	yes
08-11-20[01]	no
08-11-20[02]	no
08-11-20[03]	yes
08-11-21[01]	no
08-11-21[02]	no
08-11-22[01]	no
08-11-22[02]	yes
08-11-23[01]	no
08-11-23[02]	yes
08-11-23[03]	no
08-11-23[04]	no
08-11-24[01]	yes
08-11-24[02]	yes
08-11-25[01]	no
08-11-25[02]	yes
08-11-26[01]	no
08-11-26[02]	yes
08-11-27[01]	yes
08-11-27[02]	yes
08-11-27[03]	no
08-11-28[01]	yes
08-11-28[02]	no
08-11-28[03]	yes
08-11-29[01]	no
08-11-29[02]	no
08-11-30[01]	no
08-11-30[02]	no
08-11-30[03]	yes
08-11-30[04]	no
08-12-01[01]	no
08-12-01[02]	no
08-12-01[03]	no
08-12-01[04]	yes
08-12-01[05]	yes
08-12-01[06]	no
08-12-01[07]	no
08-12-02[01]	no
08-12-02[02]	no
08-12-02[03]	no
08-12-03[01]	no
08-12-03[02]	yes
08-12-03[03]	yes
08-12-03[04]	yes
08-12-03[05]	yes
08-12-03[06]	no
08-12-03[07]	no
08-12-04[01]	yes
08-12-04[02]	no
08-12-05[01]	no
08-12-05[02]	no
08-12-06[01]	no
08-12-06[02]	yes
08-12-06[03]	no
08-12-06[04]	no
08-12-07[01]	no
08-12-07[02]	yes
08-12-07[03]	no
08-12-08[01]	no
08-12-08[02]	yes
08-12-08[03]	yes
08-12-08[04]	no
08-12-08[05]	yes
08-12-08[06]	no
08-12-08[07]	no
08-12-08[08]	yes
08-12-08[09]	no
08-12-09[01]	no
08-12-09[02]	no
08-12-10[01]	yes
08-12-10[02]	no
08-12-11[01]	no
08-12-11[02]	no
08-12-11[03]	no
08-12-11[04]	yes
08-12-12[01]	no
08-12-12[02]	no
08-12-13[01]	no
08-12-13[02]	no
08-12-13[03]	yes
08-12-14[01]	no
08-12-14[02]	no
08-12-14[03]	no
08-12-14[04]	yes
08-12-14[05]	no
08-12-14[06]	no
08-12-14[07]	no
08-12-14[08]	no
08-12-14[09]	no
08-12-14[10]	yes
08-12-15[01]	no
08-12-15[02]	yes
08-12-15[03]	yes
08-12-15[04]	yes
08-12-15[05]	yes
08-12-16[01]	no
08-12-16[02]	no
08-12-16[03]	no
08-12-16[04]	yes
08-12-17[01]	no
08-12-17[02]	no
08-12-18[01]	no
08-12-18[02]	no
08-12-18[03]	no
08-12-19[01]	no
08-12-19[02]	yes
08-12-20[01]	no
08-12-20[02]	no
08-12-20[03]	no
08-12-20[04]	yes
08-12-21[01]	no
08-12-22[01]	no
08-12-23[01]	no
08-12-23[02]	no
08-12-23[03]	no
08-12-23[04]	no
08-12-24[01]	no
08-12-24[02]	no
08-12-24[03]	no
08-12-24[04]	no
08-12-25[01]	yes
08-12-25[02]	no
08-12-25[03]	no
08-12-27[01]	no
08-12-27[02]	no
08-12-27[03]	no
08-12-28[01]	no
08-12-28[02]	yes
08-12-28[03]	yes
08-12-28[04]	no
08-12-29[01]	no
08-12-29[02]	yes
08-12-29[03]	yes
08-12-30[01]	no
09-01-01[01]	yes
09-01-02[01]	no
09-01-03[01]	yes
09-01-03[02]	yes
09-01-03[03]	yes
09-01-03[04]	no
09-01-03[05]	no
09-01-04[01]	yes
09-01-05[01]	no
09-01-06[01]	no
09-01-07[01]	no
09-01-07[02]	no
09-01-07[03]	yes
09-01-07[04]	no
09-01-07[05]	yes
09-01-07[06]	yes
09-01-07[07]	yes
09-01-07[08]	yes
09-01-07[09]	yes
09-01-07[10]	no
09-01-07[11]	yes
09-01-07[12]	no
09-01-07[13]	yes
09-01-07[14]	yes
09-01-08[01]	no
09-01-08[02]	yes
09-01-08[03]	no
09-01-08[04]	no
09-01-08[05]	yes
09-01-08[06]	yes
09-01-09[01]	no
09-01-09[02]	no
09-01-09[03]	yes
09-01-10[01]	yes
09-01-10[02]	no
09-01-10[03]	no
09-01-10[04]	yes
09-01-10[05]	yes
09-01-10[06]	yes
09-01-11[01]	yes
09-01-11[02]	no
09-01-11[03]	yes
09-01-11[04]	yes
09-01-11[05]	no
09-01-12[01]	no
09-01-12[02]	yes
09-01-12[03]	yes
09-01-12[04]	no
09-01-13[01]	no
09-01-13[02]	yes
09-01-13[03]	no
09-01-13[04]	yes
09-01-13[05]	yes
09-01-13[06]	no
09-01-13[07]	yes
09-01-13[08]	yes
09-01-13[09]	no
09-01-14[01]	yes
09-01-14[02]	no
09-01-14[03]	no
09-01-14[04]	yes
09-01-14[05]	yes
09-01-14[06]	no
09-01-17[01]	no
09-01-18[01]	yes
09-01-18[02]	yes
09-01-19[01]	no
09-01-19[02]	yes
09-01-19[03]	no
09-01-19[04]	yes
09-01-19[05]	no
09-01-19[06]	no
09-01-19[07]	yes
09-01-19[08]	yes
09-01-20[01]	yes
09-01-21[01]	yes
09-01-21[02]	no
09-01-21[03]	no
09-01-21[04]	no
09-01-22[01]	yes
09-01-22[02]	no
09-01-22[03]	no
09-01-23[01]	no
09-01-23[02]	no
09-01-24[01]	yes
09-01-25[01]	yes
09-01-25[02]	no
09-01-25[03]	yes
09-01-26[01]	yes
09-01-26[02]	no
09-01-26[03]	yes
09-01-26[04]	yes
09-01-27[01]	yes
09-01-27[02]	yes
09-01-27[03]	yes
09-01-27[04]	no
09-01-27[05]	no
09-01-28[01]	yes
09-01-29[01]	yes
09-02-01[01]	no
09-02-01[02]	yes
09-02-02[01]	no
09-02-02[02]	no
09-02-02[03]	no
09-02-02[04]	yes
09-02-02[05]	yes
09-02-02[06]	yes
09-02-02[07]	yes
09-02-02[08]	yes
09-02-02[09]	no
09-02-03[01]	yes
09-02-03[02]	no
09-02-03[03]	no
09-02-04[01]	no
09-02-04[02]	no
09-02-05[01]	no
09-02-06[01]	no
09-02-06[02]	no
09-02-06[03]	yes
09-02-06[04]	yes
09-02-07[01]	no
09-02-07[02]	no
09-02-07[03]	yes
09-02-07[04]	yes
09-02-08[01]	yes
09-02-08[02]	yes
09-02-08[03]	no
09-02-08[04]	no
09-02-08[05]	no
09-02-09[01]	no
09-02-09[02]	no
09-02-09[03]	no
09-02-10[01]	no
09-02-10[02]	yes
09-02-10[03]	no
09-02-10[04]	yes
09-02-10[05]	yes
09-02-11[01]	no
09-02-11[02]	no
09-02-11[03]	no
09-02-11[04]	yes
09-02-11[05]	no
09-02-12[01]	no
09-02-12[02]	yes
09-02-13[01]	no
09-02-14[01]	no
09-02-14[02]	no
09-02-14[03]	no
09-02-14[04]	yes
09-02-14[05]	yes
09-02-14[06]	yes
09-02-15[01]	no
09-02-15[02]	yes
09-02-16[01]	no
09-02-16[02]	yes
09-02-16[03]	no
09-02-17[01]	no
09-02-18[01]	no
09-02-19[01]	no
09-02-19[02]	no
09-02-19[03]	yes
09-02-19[04]	yes
09-02-19[05]	yes
09-02-19[06]	yes
09-02-19[07]	yes
09-02-19[08]	yes
09-02-19[09]	no
09-02-19[10]	yes
09-02-21[01]	no
09-02-21[02]	yes
09-02-21[03]	yes
09-02-21[04]	no
09-02-22[01]	no
09-02-22[02]	no
09-02-22[03]	no
09-02-22[04]	no
09-02-22[05]	no
09-02-22[06]	no
09-02-22[07]	yes
09-02-23[01]	no
09-02-23[02]	no
09-02-23[03]	no
09-02-23[04]	yes
09-02-24[01]	yes
09-02-25[01]	no
09-02-25[02]	yes
09-02-25[03]	no
09-02-25[04]	no
09-02-25[05]	yes
09-02-26[01]	no
09-02-26[02]	yes
09-02-27[01]	no
09-02-28[01]	no
09-02-28[02]	yes
09-02-29[01]	yes
09-02-30[01]	no
09-02-30[02]	no
09-02-30[03]	no
09-02-30[04]	no
09-03-01[01]	no
09-03-01[02]	no
09-03-02[01]	no
09-03-02[02]	no
09-03-03[01]	no
09-03-03[02]	yes
09-03-03[03]	yes
09-03-04[01]	no
09-03-04[02]	yes
09-03-04[03]	no
09-03-04[04]	yes
09-03-05[01]	no
09-03-05[02]	no
09-03-06[01]	no
09-03-06[02]	yes
09-03-07[01]	no
09-03-08[01]	no
09-03-09[01]	no
09-03-10[01]	yes
09-03-11[01]	no
09-03-11[02]	yes
09-03-11[03]	yes
09-03-12[01]	no
09-03-13[01]	yes
09-03-13[02]	no
09-03-13[03]	yes
09-03-14[01]	yes
09-03-15[01]	no
09-03-15[02]	yes
09-03-16[01]	yes
09-03-16[02]	yes
09-03-17[01]	no
09-03-19[01]	no
09-03-19[02]	yes
09-03-20[01]	yes
09-03-20[02]	no
09-03-21[01]	no
09-03-21[02]	no
09-03-22[01]	no
09-03-22[02]	no
09-03-23[01]	no
09-03-23[02]	yes
09-03-23[03]	yes
09-03-24[01]	no
09-03-24[02]	yes
09-03-24[03]	no
09-03-25[01]	no
09-03-25[02]	yes
09-03-25[03]	yes
09-03-25[04]	yes
09-03-25[05]	yes
09-03-26[01]	no
09-03-26[02]	no
09-03-27[01]	no
09-03-27[02]	yes
09-03-27[03]	yes
09-03-27[04]	yes
09-03-28[01]	no
09-03-28[02]	no
09-03-28[03]	yes
09-03-28[04]	yes
09-03-28[05]	no
09-03-29[01]	no
09-03-29[02]	yes
09-03-30[01]	no
09-03-30[02]	no
09-04-01[01]	no
09-04-01[02]	no
09-04-02[01]	no
09-04-03[01]	no
09-04-03[02]	no
09-04-04[01]	no
09-04-04[02]	no
09-04-04[03]	no
09-04-04[04]	yes
09-04-04[05]	yes
09-04-04[06]	yes
09-04-04[07]	no
09-04-05[01]	no
09-04-06[01]	no
09-04-06[02]	yes
09-04-06[03]	yes
09-04-07[01]	no
09-04-08[01]	yes
09-04-08[02]	yes
09-04-09[01]	yes
09-04-09[02]	yes
09-04-09[03]	no
09-04-09[04]	no
09-04-10[01]	no
09-04-10[02]	yes
09-04-11[01]	yes
09-04-12[01]	no
09-04-12[02]	no
09-04-12[03]	yes
09-04-12[04]	yes
09-04-13[01]	no
09-04-14[01]	yes
09-04-15[01]	no
09-04-16[01]	yes
09-04-16[02]	no
09-04-16[03]	no
09-04-16[04]	yes
09-04-16[05]	yes
09-04-17[01]	yes
09-04-18[01]	yes
09-04-18[02]	yes
09-04-19[01]	no
09-04-19[02]	no
09-04-19[03]	no
09-04-20[01]	yes
09-04-21[01]	yes
09-04-21[02]	yes
09-04-21[03]	no
09-04-22[01]	yes
09-04-22[02]	no
09-04-23[01]	yes
09-04-23[02]	no
09-04-23[03]	yes
09-04-23[04]	no
09-04-24[01]	no
09-04-24[02]	yes
09-04-24[03]	yes
09-04-24[04]	yes
09-04-24[05]	yes
09-04-24[06]	yes
09-04-25[01]	yes
09-04-25[02]	no
09-04-26[01]	yes
09-04-26[02]	yes
09-04-26[03]	no
09-04-26[04]	yes
09-04-27[01]	yes
09-04-27[02]	no
09-04-28[01]	yes
09-04-28[02]	yes
09-04-28[03]	yes
09-04-29[01]	yes
09-05-01[01]	no
09-05-01[02]	yes
09-05-01[03]	yes
09-05-01[04]	yes
09-05-02[01]	no
09-05-02[02]	yes
09-05-02[03]	no
09-05-02[04]	yes
09-05-02[05]	no
09-05-03[01]	no
09-05-03[02]	yes
09-05-03[03]	yes
09-05-03[04]	yes
09-05-04[01]	yes
09-05-04[02]	yes
09-05-04[03]	yes
09-05-04[04]	no
09-05-04[05]	no
09-05-04[06]	yes
09-05-04[07]	yes
09-05-05[01]	yes
09-05-05[02]	yes
09-05-05[03]	yes
09-05-05[04]	yes
09-05-06[01]	no
09-05-06[02]	no
09-05-06[03]	yes
09-05-06[04]	yes
09-05-06[05]	yes
09-05-06[06]	yes
09-05-07[01]	no
09-05-07[02]	yes
09-05-07[03]	no
09-05-07[04]	yes
09-05-07[05]	yes
09-05-07[06]	yes
09-05-07[07]	yes
09-05-08[01]	yes
09-05-08[02]	yes
09-05-09[01]	no
09-05-09[02]	yes
09-05-10[01]	no
09-05-10[02]	no
09-05-11[01]	yes
09-05-11[02]	yes
09-05-11[03]	yes
09-05-11[04]	yes
09-05-12[01]	yes
09-05-12[02]	yes
09-05-12[03]	yes
09-05-13[01]	yes
09-05-13[02]	no
09-05-13[03]	no
09-05-14[01]	no
09-05-14[02]	no
09-05-14[03]	no
09-05-14[04]	yes
09-05-14[05]	no
09-05-14[06]	no
09-05-14[07]	no
09-05-14[08]	yes
09-05-15[01]	yes
09-05-15[02]	yes
09-05-16[01]	no
09-05-16[02]	no
09-05-16[03]	no
09-05-16[04]	no
09-05-17[01]	no
09-05-17[02]	yes
09-05-17[03]	no
09-05-18[01]	yes
09-05-18[02]	yes
09-05-18[03]	no
09-05-18[04]	yes
09-05-19[01]	no
09-05-19[02]	yes
09-05-19[03]	no
09-05-19[04]	yes
09-05-19[05]	no
09-05-19[06]	yes
09-05-19[07]	no
09-05-19[08]	yes
09-05-20[01]	no
09-05-20[02]	yes
09-05-20[03]	no
09-05-20[04]	yes
09-05-21[01]	yes
09-05-21[02]	no
09-05-21[03]	yes
09-05-21[04]	yes
09-05-21[05]	yes
09-05-21[06]	yes
09-05-22[01]	yes
09-05-22[02]	yes
09-05-22[03]	no
09-05-22[04]	yes
09-05-23[01]	no
09-05-23[02]	yes
09-05-24[01]	yes
09-05-25[01]	no
09-05-25[02]	no
09-05-25[03]	yes
09-05-26[01]	no
09-05-26[02]	no
09-05-26[03]	yes
09-05-26[04]	yes
09-05-26[05]	yes
09-05-27[01]	yes
09-05-27[02]	yes
09-05-28[01]	no
09-05-28[02]	yes
09-05-29[01]	yes
09-05-29[02]	yes
09-05-29[03]	yes
09-05-30[01]	yes
09-05-30[02]	yes
09-06-01[01]	yes
09-06-01[02]	yes
09-06-02[01]	yes
09-06-02[02]	yes
09-06-02[03]	yes
09-06-02[04]	yes
09-06-02[05]	yes
09-06-02[06]	yes
09-06-03[01]	no
09-06-03[02]	no
09-06-04[01]	no
09-06-04[02]	no
09-06-04[03]	yes
09-06-04[04]	yes
09-06-05[01]	yes
09-06-05[02]	no
09-06-05[03]	no
09-06-06[01]	yes
09-06-06[02]	yes
09-06-06[03]	yes
09-06-08[01]	no
09-06-08[02]	yes
09-06-08[03]	yes
09-06-08[04]	yes
09-06-09[01]	no
09-06-09[02]	yes
09-06-09[03]	yes
09-06-10[01]	yes
09-06-10[02]	yes
09-06-10[03]	yes
09-06-11[01]	yes
09-06-11[02]	yes
09-06-11[03]	yes
09-06-11[04]	no
09-06-11[05]	no
09-06-12[01]	no
09-06-12[02]	no
09-06-12[03]	yes
09-06-12[04]	yes
09-06-13[01]	yes
09-06-13[02]	yes
09-06-14[01]	yes
09-06-14[02]	no
09-06-14[03]	no
09-06-14[04]	yes
09-06-14[05]	yes
09-06-14[06]	no
09-06-14[07]	no
09-06-15[01]	yes
09-06-16[01]	no
09-06-16[02]	yes
09-06-16[03]	no
09-06-16[04]	yes
09-06-17[01]	yes
09-06-17[02]	yes
09-06-17[03]	yes
09-06-17[04]	yes
09-06-17[05]	yes
09-06-17[06]	no
09-06-18[01]	no
09-06-18[02]	yes
09-06-18[03]	yes
09-06-19[01]	yes
09-06-20[01]	yes
09-06-21[01]	yes
09-06-21[02]	no
09-06-21[03]	yes
09-06-22[01]	yes
09-06-22[02]	no
09-06-22[03]	yes
09-06-23[01]	yes
09-06-23[02]	yes
09-06-23[03]	no
09-06-23[04]	no
09-06-23[05]	yes
09-06-23[06]	yes
09-06-23[07]	no
09-06-24[01]	no
09-06-24[02]	no
09-06-24[03]	no
09-06-25[01]	yes
09-06-26[01]	no
09-06-26[02]	yes
09-06-26[03]	yes
09-06-26[04]	no
09-06-26[05]	no
09-06-28[01]	no
09-06-28[02]	yes
09-06-29[01]	no
09-06-29[02]	no
09-07-01[01]	no
09-07-01[02]	no
09-07-01[03]	yes
09-07-01[04]	yes
09-07-03[01]	yes
09-07-03[02]	yes
09-07-04[01]	no
09-07-04[02]	yes
09-07-04[03]	no
09-07-04[04]	yes
09-07-05[01]	no
09-07-05[02]	no
09-07-06[01]	no
09-07-06[02]	yes
09-07-07[01]	no
09-07-07[02]	yes
09-07-07[03]	no
09-07-07[04]	no
09-07-08[01]	no
09-07-08[02]	no
09-07-08[03]	no
09-07-08[04]	no
09-07-08[05]	yes
09-07-08[06]	yes
09-07-08[07]	yes
09-07-09[01]	yes
09-07-09[02]	no
09-07-09[03]	yes
09-07-10[01]	no
09-07-10[02]	yes
09-07-11[01]	no
09-07-11[02]	no
09-07-11[03]	no
09-07-11[04]	yes
09-07-11[05]	yes
09-07-11[06]	yes
09-07-11[07]	no
09-07-11[08]	no
09-07-13[01]	yes
09-07-13[02]	yes
09-07-13[03]	no
09-07-13[04]	yes
09-07-13[05]	yes
09-07-13[06]	no
09-07-14[01]	yes
09-07-14[02]	no
09-07-14[03]	yes
09-07-14[04]	no
09-07-14[05]	no
09-07-14[06]	no
09-07-15[01]	no
09-07-15[02]	yes
09-07-15[03]	no
09-07-15[04]	yes
09-07-15[05]	no
09-07-15[06]	yes
09-07-15[07]	no
09-07-15[08]	no
09-07-16[01]	no
09-07-16[02]	no
09-07-16[03]	yes
09-07-16[04]	no
09-07-16[05]	yes
09-07-17[01]	yes
09-07-18[01]	no
09-07-18[02]	yes
09-07-18[03]	yes
09-07-18[04]	yes
09-07-18[05]	no
09-07-19[01]	yes
09-07-19[02]	no
09-07-19[03]	yes
09-07-19[04]	yes
09-07-19[05]	yes
09-07-19[06]	no
09-07-20[01]	yes
09-07-20[02]	yes
09-07-20[03]	no
09-07-20[04]	yes
09-07-21[01]	no
09-07-21[02]	yes
09-07-21[03]	yes
09-07-21[04]	no
09-07-21[05]	yes
09-07-21[06]	yes
09-07-21[07]	yes
09-07-22[01]	no
09-07-22[02]	yes
09-07-22[03]	yes
09-07-22[04]	no
09-07-22[05]	yes
09-07-23[01]	yes
09-07-25[01]	yes
09-07-26[01]	no
09-07-26[02]	yes
09-07-26[03]	yes
09-07-26[04]	no
09-07-27[01]	no
09-07-27[02]	yes
09-07-27[03]	yes
09-07-27[04]	yes
09-07-28[01]	no
09-07-28[02]	yes
09-07-28[03]	yes
09-07-29[01]	no
09-07-29[02]	no
09-07-29[03]	no
09-07-29[04]	no
09-07-29[05]	no
09-07-29[06]	yes
09-07-29[07]	yes
09-07-29[08]	yes
09-07-29[09]	yes
09-07-29[10]	no
09-08-01[01]	yes
09-08-01[02]	no
09-08-01[03]	yes
09-08-01[04]	no
09-08-02[01]	no
09-08-02[02]	no
09-08-02[03]	no
09-08-03[01]	yes
09-08-03[02]	yes
09-08-03[03]	yes
09-08-03[04]	no
09-08-04[01]	no
09-08-04[02]	yes
09-08-04[03]	no
09-08-04[04]	no
09-08-04[05]	no
09-08-05[01]	no
09-08-06[01]	yes
09-08-06[02]	yes
09-08-07[01]	yes
09-08-07[02]	yes
09-08-08[01]	yes
09-08-08[02]	yes
09-08-09[01]	no
09-08-09[02]	no
09-08-09[03]	no
09-08-09[04]	no
09-08-10[01]	yes
09-08-10[02]	yes
09-08-10[03]	yes
09-08-10[04]	no
09-08-10[05]	no
09-08-11[01]	yes
09-08-11[02]	no
09-08-11[03]	no
09-08-12[01]	no
09-08-12[02]	yes
09-08-12[03]	yes
09-08-12[04]	yes
09-08-12[05]	yes
09-08-13[01]	no
09-08-13[02]	no
09-08-13[03]	yes
09-08-13[04]	yes
09-08-14[01]	no
09-08-14[02]	yes
09-08-15[01]	no
09-08-15[02]	no
09-08-15[03]	yes
09-08-16[01]	no
09-08-16[02]	yes
09-08-16[03]	yes
09-08-17[01]	yes
09-08-17[02]	yes
09-08-17[03]	no
09-08-17[04]	no
09-08-18[01]	yes
09-08-18[02]	no
09-08-18[03]	yes
09-08-18[04]	yes
09-08-19[01]	no
09-08-19[02]	no
09-08-19[03]	yes
09-08-20[01]	no
09-08-20[02]	no
09-08-20[03]	yes
09-08-20[04]	yes
09-08-20[05]	yes
09-08-20[06]	yes
09-08-20[07]	no
09-08-20[08]	no
09-08-21[01]	no
09-08-21[02]	no
09-08-21[03]	yes
09-08-22[01]	no
09-08-22[02]	no
09-08-23[01]	yes
09-08-23[02]	no
09-08-24[01]	no
09-08-24[02]	yes
09-08-24[03]	yes
09-08-24[04]	yes
09-08-25[01]	no
09-08-25[02]	no
09-08-26[01]	no
09-08-26[02]	yes
09-08-26[03]	yes
09-08-26[04]	yes
09-08-26[05]	yes
09-08-27[01]	no
09-08-27[02]	yes
09-08-27[03]	yes
09-08-28[01]	no
09-08-28[02]	yes
09-08-28[03]	yes
09-08-29[01]	no
09-08-29[02]	yes
09-08-29[03]	yes
09-08-29[04]	yes
09-08-30[01]	no
09-08-30[02]	no
09-08-30[03]	yes
09-08-30[04]	yes
09-08-○○[01]	yes
09-09-01[01]	no
09-09-01[02]	yes
09-09-01[03]	no
09-09-01[04]	no
09-09-01[05]	yes
09-09-02[01]	no
09-09-02[02]	yes
09-09-02[03]	no
09-09-02[04]	yes
09-09-03[01]	no
09-09-03[02]	yes
09-09-03[03]	yes
09-09-04[01]	no
09-09-04[02]	yes
09-09-04[03]	yes
09-09-04[04]	yes
09-09-04[05]	yes
09-09-04[06]	yes
09-09-04[07]	yes
09-09-04[08]	yes
09-09-05[01]	no
09-09-05[02]	yes
09-09-06[01]	no
09-09-06[02]	yes
09-09-06[03]	no
09-09-07[01]	no
09-09-07[02]	no
09-09-07[03]	yes
09-09-08[01]	no
09-09-08[02]	yes
09-09-08[03]	yes
09-09-09[01]	no
09-09-11[01]	no
09-09-11[02]	no
09-09-11[03]	yes
09-09-11[04]	yes
09-09-11[05]	yes
09-09-12[01]	no
09-09-12[02]	yes
09-09-12[03]	yes
09-09-14[01]	yes
09-09-14[02]	no
09-09-15[01]	no
09-09-15[02]	yes
09-09-15[03]	yes
09-09-16[01]	yes
09-09-16[02]	yes
09-09-16[03]	yes
09-09-16[04]	no
09-09-17[01]	yes
09-09-18[01]	yes
09-09-18[02]	no
09-09-18[03]	no
09-09-19[01]	no
09-09-19[02]	yes
09-09-21[01]	no
09-09-21[02]	yes
09-09-21[03]	yes
09-09-22[01]	no
09-09-22[02]	no
09-09-22[03]	yes
09-09-22[04]	yes
09-09-24[01]	yes
09-09-24[02]	yes
09-09-24[03]	no
09-09-25[01]	no
09-09-25[02]	yes
09-09-25[03]	no
09-09-27[01]	no
09-09-27[02]	yes
09-09-27[03]	yes
09-09-27[04]	yes
09-09-27[05]	yes
09-09-28[01]	no
09-09-28[02]	yes
09-09-29[01]	no
09-09-29[02]	yes
09-09-29[03]	yes
09-09-29[04]	yes
09-10-01[01]	yes
09-10-01[02]	no
09-10-02[01]	yes
09-10-02[02]	no
09-10-02[03]	yes
09-10-03[01]	no
09-10-03[02]	yes
09-10-03[03]	no
09-10-04[01]	yes
09-10-05[01]	yes
09-10-06[01]	no
09-10-06[02]	no
09-10-07[01]	yes
09-10-07[02]	no
09-10-08[01]	no
09-10-08[02]	yes
09-10-08[03]	yes
09-10-08[04]	yes
09-10-08[05]	yes
09-10-09[01]	no
09-10-09[02]	no
09-10-10[01]	no
09-10-10[02]	yes
09-10-11[01]	yes
09-10-12[01]	no
09-10-12[02]	yes
09-10-12[03]	yes
09-10-12[04]	yes
09-10-13[01]	no
09-10-13[02]	yes
09-10-13[03]	yes
09-10-13[04]	no
09-10-14[01]	no
09-10-14[02]	yes
09-10-14[03]	yes
09-10-14[04]	yes
09-10-14[05]	no
09-10-15[01]	no
09-10-15[02]	yes
09-10-15[03]	yes
09-10-16[01]	yes
09-10-16[02]	no
09-10-16[03]	yes
09-10-16[04]	no
09-10-16[05]	yes
09-10-16[06]	yes
09-10-16[07]	yes
09-10-17[01]	no
09-10-17[02]	yes
09-10-17[03]	yes
09-10-17[04]	yes
09-10-18[01]	no
09-10-18[02]	yes
09-10-18[03]	yes
09-10-18[04]	yes
09-10-19[01]	yes
09-10-19[02]	yes
09-10-19[03]	no
09-10-19[04]	no
09-10-20[01]	no
09-10-21[01]	no
09-10-21[02]	yes
09-10-22[01]	no
09-10-23[01]	no
09-10-24[01]	yes
09-10-24[02]	no
09-10-24[03]	no
09-10-24[04]	no
09-10-25[01]	yes
09-10-25[02]	no
09-10-26[01]	no
09-10-26[02]	yes
09-10-26[03]	no
09-10-26[04]	yes
09-10-26[05]	yes
09-10-27[01]	no
09-10-27[02]	yes
09-10-27[03]	no
09-10-27[04]	yes
09-10-27[05]	yes
09-10-27[06]	no
09-10-28[01]	yes
09-10-28[02]	no
09-10-28[03]	no
09-10-28[04]	yes
09-10-28[05]	yes
09-10-29[01]	no
09-10-29[02]	no
09-10-29[03]	no
09-10-29[04]	no
09-10-29[05]	no
09-10-30[01]	yes
09-10-30[02]	yes
09-10-30[03]	yes
09-10-30[04]	no
09-10-30[05]	no
09-10-30[06]	yes
09-11-01[01]	no
09-11-01[02]	no
09-11-01[03]	yes
09-11-02[01]	no
09-11-02[02]	no
09-11-02[03]	yes
09-11-02[04]	yes
09-11-02[05]	no
09-11-02[06]	yes
09-11-02[07]	yes
09-11-03[01]	yes
09-11-03[02]	yes
09-11-04[01]	no
09-11-04[02]	no
09-11-05[01]	no
09-11-05[02]	yes
09-11-05[03]	no
09-11-05[04]	yes
09-11-07[01]	yes
09-11-07[02]	yes
09-11-08[01]	yes
09-11-08[02]	yes
09-11-08[03]	no
09-11-08[04]	yes
09-11-08[05]	yes
09-11-09[01]	no
09-11-09[02]	yes
09-11-09[03]	no
09-11-09[04]	yes
09-11-09[05]	no
09-11-10[01]	yes
09-11-10[02]	yes
09-11-10[03]	yes
09-11-10[04]	no
09-11-11[01]	no
09-11-11[02]	yes
09-11-11[03]	yes
09-11-12[01]	no
09-11-12[02]	yes
09-11-12[03]	yes
09-11-12[04]	yes
09-11-13[01]	no
09-11-13[02]	yes
09-11-13[03]	yes
09-11-13[04]	yes
09-11-14[01]	no
09-11-16[01]	no
09-11-16[02]	no
09-11-17[01]	no
09-11-17[02]	no
09-11-17[03]	no
09-11-17[04]	yes
09-11-18[01]	yes
09-11-18[02]	no
09-11-18[03]	yes
09-11-20[01]	yes
09-11-21[01]	no
09-11-21[02]	yes
09-11-22[01]	yes
09-11-23[01]	yes
09-11-24[01]	no
09-11-24[02]	yes
09-11-24[03]	no
09-11-24[04]	no
09-11-25[01]	no
09-11-25[02]	no
09-11-25[03]	no
09-11-26[01]	no
09-11-27[01]	yes
09-11-27[02]	yes
09-11-27[03]	no
09-11-29[01]	no
09-11-29[02]	no
09-12-01[01]	no
09-12-01[02]	yes
09-12-02[01]	no
09-12-02[02]	no
09-12-03[01]	no
09-12-03[02]	yes
09-12-04[01]	no
09-12-05[01]	no
09-12-05[02]	yes
09-12-06[01]	no
09-12-06[02]	yes
09-12-06[03]	yes
09-12-06[04]	yes
09-12-06[05]	yes
09-12-06[06]	yes
09-12-07[01]	no
09-12-08[01]	no
09-12-08[02]	yes
09-12-09[01]	no
09-12-10[01]	yes
09-12-11[01]	no
09-12-11[02]	yes
09-12-12[01]	yes
09-12-13[01]	no
09-12-13[02]	yes
09-12-13[03]	yes
09-12-13[04]	yes
09-12-13[05]	yes
09-12-13[06]	yes
09-12-14[01]	no
09-12-14[02]	yes
09-12-14[03]	yes
09-12-14[04]	no
09-12-14[05]	yes
09-12-14[06]	yes
09-12-14[07]	yes
09-12-15[01]	no
09-12-15[02]	no
09-12-16[01]	no
09-12-16[02]	yes
09-12-19[01]	no
09-12-19[02]	yes
09-12-19[03]	yes
09-12-20[01]	yes
09-12-20[02]	yes
09-12-21[01]	yes
09-12-21[02]	no
09-12-21[03]	yes
09-12-21[04]	yes
09-12-21[05]	yes
09-12-21[06]	yes
09-12-21[07]	yes
09-12-21[08]	yes
09-12-21[09]	yes
09-12-22[01]	no
09-12-24[01]	no
09-12-24[02]	yes
09-12-24[03]	yes
09-12-25[01]	no
09-12-25[02]	no
09-12-26[01]	no
09-12-27[01]	no
09-12-27[02]	yes
09-12-27[03]	yes
09-12-27[04]	yes
09-12-28[01]	no
09-12-29[01]	no
09-12-29[02]	yes
09-12-29[03]	yes
09-12-30[01]	no
09-12-30[02]	yes
